event_id,customer_id,session_id,event_type,event_ts,device_type,browser,os,referrer,country,state,ab_variant,is_logged_in,page_depth,latency_ms,dwell_seconds,cart_value_usd,discount_rate,fraud_score,payment_outcome,sequence_num,product_id,category,promo_code
EVT200000,C47857,S7645111197,page_view,2024-11-14 00:17:09,desktop,Firefox,Linux,organic_search,IN,,A,True,4,331,35,18.12,0.165,0.0,,3,,,NONE
EVT200001,C83195,S1423573902,page_view,2024-08-15 10:42:18,mobile,Chrome,Linux,social,DE,,A,True,1,432,26,33.62,0.083,0.262,,2,,,NONE
EVT200002,C27664,S2829853742,product_view,2024-05-03 23:28:24,mobile,Chrome,Android,email,BR,,B,False,7,360,6,12.26,0.237,0.162,,5,P5735,Home,FREESHIP
EVT200003,C55911,S2500554740,add_to_cart,2024-10-28 18:44:50,desktop,Firefox,Linux,direct,US,AK,B,True,5,414,22,86.55,0.197,0.067,,1,P1730,Pets,FREESHIP
EVT200004,C27347,S3072616664,add_to_cart,2024-07-22 07:43:54,mobile,Chrome,Linux,direct,CA,,B,True,4,381,32,87.78,0.058,0.0,,8,P6252,Pets,WELCOME10
EVT200005,C23328,S4604708841,page_view,2024-06-19 23:03:32,mobile,Safari,iOS,organic_search,CA,,B,True,2,393,23,4.81,0.143,0.445,,10,,,NONE
EVT200006,C34888,S1616710737,page_view,2025-04-25 07:31:44,mobile,Edge,iOS,social,GB,,B,True,5,469,62,0.36,0.064,0.236,,10,,,NONE
EVT200007,C65360,S6384648153,product_view,2025-04-14 00:19:35,mobile,Opera,iOS,social,US,GA,B,False,3,344,75,19.16,0.043,0.222,,8,P4963,Toys,WELCOME10
EVT200008,C15606,S2552279404,product_view,2025-03-31 01:04:28,mobile,Chrome,Android,organic_search,IN,,B,True,4,445,37,20.73,0.241,0.197,,5,P4233,Automotive,NONE
EVT200009,C79747,S3222746611,add_to_cart,2024-01-26 06:26:40,desktop,Firefox,Linux,direct,BR,,A,False,2,663,40,96.74,0.2,0.399,,1,P3077,Apparel,NONE
EVT200010,C81100,S4369229620,product_view,2024-11-19 23:37:30,mobile,Firefox,Android,direct,BR,,B,True,4,342,69,26.02,0.131,0.0,,8,P4662,Grocery,NONE
EVT200011,C17208,S8535000919,add_to_cart,2024-05-28 08:05:37,mobile,Safari,Android,direct,FR,,B,True,6,408,27,161.34,0.219,0.023,,5,P4293,Apparel,WELCOME10
EVT200012,C91660,S5841461999,product_view,2025-01-25 20:43:59,tablet,Edge,iOS,social,AU,,A,False,5,570,26,18.38,0.063,0.0,,10,P9853,Beauty,NONE
EVT200013,C84370,S9560971367,page_view,2024-01-03 11:07:01,mobile,Safari,iOS,paid_search,IN,,A,True,1,392,19,7.69,0.188,0.264,,3,,,NONE
EVT200014,C12686,S8353556615,add_to_cart,2025-02-02 05:59:38,desktop,Opera,macOS,affiliate,GB,,A,True,6,442,43,169.33,0.188,0.108,,2,P9380,Beauty,NONE
EVT200015,C14793,S4862499355,page_view,2024-10-02 05:19:50,mobile,Opera,Windows,direct,GB,,B,False,2,282,35,27.75,0.2,0.081,,9,,,NONE
EVT200016,C85984,S3055275406,product_view,2024-07-03 05:37:30,desktop,Edge,Windows,direct,MX,,B,False,3,324,52,4.22,0.108,0.0,,7,P1678,Pets,NONE
EVT200017,C34317,S1903253902,product_view,2024-06-16 03:23:16,desktop,Firefox,macOS,email,CA,,B,False,3,426,30,34.39,0.049,0.0,,10,P3224,Toys,FREESHIP
EVT200018,C82848,S2698210380,page_view,2024-08-30 06:47:18,desktop,Safari,Windows,paid_search,GB,,A,False,4,276,41,36.56,0.107,0.0,,6,,,NONE
EVT200019,C84259,S2859211092,page_view,2025-06-15 06:05:53,desktop,Firefox,Android,direct,CA,,A,False,6,215,25,39.2,0.094,0.167,,9,,,NONE
EVT200020,C86929,S2658071633,product_view,2024-05-08 00:07:49,mobile,Chrome,Android,direct,AU,,B,True,3,442,11,46.05,0.0,0.094,,5,P6764,Pets,NONE
EVT200021,C24070,S5740497138,product_view,2024-10-11 11:56:26,desktop,Safari,Android,direct,FR,,A,False,4,225,51,11.72,0.135,0.251,,9,P5153,Beauty,WELCOME10
EVT200022,C57519,S2932937516,add_to_cart,2024-08-18 12:52:12,desktop,Safari,macOS,direct,MX,,A,False,4,332,35,70.91,0.238,0.335,,7,P9161,Electronics,FREESHIP
EVT200023,C23342,S6826264038,add_to_cart,2024-02-06 14:47:18,mobile,Safari,Linux,email,US,RI,B,False,3,406,5,131.32,0.122,0.362,,3,P8957,Electronics,NONE
EVT200024,C12219,S5333664528,checkout_start,2024-08-18 02:02:28,desktop,Chrome,Linux,affiliate,GB,,A,True,5,487,35,52.2,0.078,0.0,,5,,,VIP25
EVT200025,C13025,S4267851179,product_view,2024-11-04 23:33:37,desktop,Firefox,Linux,organic_search,MX,,A,False,6,171,38,24.59,0.212,0.03,,5,P8039,Grocery,NONE
EVT200026,C68832,S3232945815,product_view,2024-03-30 20:19:55,mobile,Edge,Windows,email,CA,,B,True,3,541,33,30.96,0.112,0.331,,6,P5033,Grocery,NONE
EVT200027,C61899,S4106354777,page_view,2025-02-10 22:58:42,desktop,Safari,Windows,affiliate,DE,,B,True,7,313,36,32.89,0.147,0.059,,2,,,NONE
EVT200028,C34638,S7719573940,product_view,2024-01-11 19:53:14,tablet,Chrome,iOS,direct,DE,,A,True,2,274,48,35.2,0.119,0.091,,1,P7621,Beauty,NONE
EVT200029,C78144,S5742385367,add_to_cart,2024-11-01 19:02:28,tablet,Chrome,Linux,paid_search,AU,,A,False,2,426,48,187.78,0.0,0.0,,9,P8029,Toys,FREESHIP
EVT200030,C95281,S6400374714,product_view,2024-08-02 18:41:38,mobile,Safari,Windows,organic_search,FR,,B,True,4,225,60,39.36,0.189,0.0,,1,P2505,Electronics,FREESHIP
EVT200031,C21609,S9637068254,page_view,2025-02-02 23:00:07,desktop,Opera,macOS,organic_search,FR,,B,True,3,222,13,28.49,0.118,0.012,,10,,,NONE
EVT200032,C75230,S9945165327,page_view,2024-01-14 03:34:35,desktop,Opera,Windows,organic_search,FR,,A,False,3,583,47,11.22,0.119,0.231,,10,,,NONE
EVT200033,C12667,S4580391061,add_to_cart,2024-05-21 15:37:22,mobile,Edge,Android,paid_search,BR,,B,True,4,507,51,181.8,0.114,0.184,,7,P1766,Electronics,WELCOME10
EVT200034,C13497,S4597223360,page_view,2024-10-23 03:05:04,mobile,Chrome,macOS,email,MX,,A,True,4,454,50,12.3,0.252,0.0,,2,,,NONE
EVT200035,C78114,S8741627194,product_view,2024-01-24 12:41:16,desktop,Edge,iOS,social,CA,,A,True,6,448,45,36.4,0.112,0.04,,7,P8190,Pets,NONE
EVT200036,C96995,S1362474672,checkout_start,2025-01-08 10:01:49,desktop,Firefox,macOS,direct,DE,,B,False,4,450,31,152.45,0.287,0.046,,5,,,HOLIDAY20
EVT200037,C66904,S9416300575,add_to_cart,2025-03-25 08:58:17,desktop,Edge,Android,paid_search,FR,,B,False,1,559,12,130.63,0.215,0.0,,3,P3336,Automotive,FREESHIP
EVT200038,C83922,S3740350372,checkout_start,2024-04-13 03:44:27,mobile,Firefox,Android,email,MX,,B,False,5,236,33,128.25,0.161,0.032,,7,,,NONE
EVT200039,C27051,S4951762950,payment_attempt,2024-05-19 20:41:27,desktop,Safari,iOS,affiliate,MX,,A,False,6,354,17,144.47,0.284,0.07,approved,1,,,FREESHIP
EVT200040,C31997,S4591089179,purchase,2024-08-26 03:42:48,mobile,Chrome,Linux,direct,BR,,B,True,6,426,32,163.73,0.236,0.165,approved,3,P8624,Apparel,FREESHIP
EVT200041,C79997,S1472789052,return_initiated,2025-04-26 11:45:45,mobile,Opera,macOS,direct,MX,,A,True,4,513,28,66.48,0.15,0.357,,5,P3162,Grocery,WELCOME10
EVT200042,C59666,S4834500003,page_view,2024-09-17 23:36:19,mobile,Opera,Android,affiliate,AU,,A,True,1,313,33,4.13,0.089,0.306,,8,,,NONE
EVT200043,C50077,S9836260926,add_to_cart,2024-07-08 23:42:03,desktop,Firefox,iOS,organic_search,AU,,B,True,3,307,26,193.31,0.09,0.022,,9,P7438,Books,NONE
EVT200044,C62766,S8970603082,product_view,2024-09-03 03:45:37,mobile,Opera,Android,direct,AU,,B,True,5,329,60,23.06,0.15,0.032,,3,P7805,Pets,WELCOME10
EVT200045,C63809,S4523327445,add_to_cart,2025-01-27 16:11:37,desktop,Opera,Android,affiliate,BR,,B,False,3,327,59,124.79,0.202,0.199,,3,P7308,Home,WELCOME10
EVT200046,C92238,S8621251501,return_initiated,2024-06-01 23:11:02,desktop,Opera,Linux,direct,AU,,A,True,2,392,59,179.53,0.181,0.007,,8,P9298,Sports,NONE
EVT200047,C19892,S7779533599,product_view,2024-10-01 03:42:25,mobile,Opera,Linux,direct,CA,,A,False,2,485,20,8.72,0.073,0.0,,7,P2902,Electronics,HOLIDAY20
EVT200048,C95580,S5915097710,page_view,2024-06-01 23:34:09,tablet,Safari,macOS,direct,BR,,A,True,4,383,54,33.48,0.108,0.0,,9,,,WELCOME10
EVT200049,C53341,S4464787094,add_to_cart,2025-02-03 22:53:37,desktop,Opera,macOS,paid_search,MX,,B,True,5,368,21,31.21,0.173,0.0,,10,P2477,Toys,NONE
EVT200050,C39349,S7661580048,add_to_cart,2024-05-23 23:28:44,mobile,Chrome,iOS,direct,CA,,A,False,6,211,40,155.44,0.108,0.159,,5,P2420,Apparel,WELCOME10
EVT200051,C99180,S6392143827,product_view,2024-03-30 23:21:45,mobile,Chrome,Android,organic_search,CA,,A,False,2,264,69,2.6,0.243,0.114,,1,P8790,Sports,NONE
EVT200052,C70376,S8609409546,product_view,2024-10-25 00:38:53,mobile,Opera,iOS,direct,CA,,A,True,4,330,53,25.82,0.155,0.404,,6,P9483,Books,WELCOME10
EVT200053,C34780,S3130333442,checkout_start,2024-10-05 10:45:52,mobile,Edge,macOS,email,CA,,B,False,7,257,40,37.65,0.117,0.0,,6,,,WELCOME10
EVT200054,C15927,S2397053057,checkout_start,2024-03-09 13:28:15,desktop,Safari,macOS,direct,IN,,A,True,4,530,57,136.53,0.139,0.142,,10,,,WELCOME10
EVT200055,C79307,S9294093839,product_view,2025-02-03 07:08:26,desktop,Edge,macOS,affiliate,IN,,B,True,4,575,30,16.11,0.163,0.177,,8,P8152,Sports,NONE
EVT200056,C25764,S1144246465,product_view,2025-03-20 03:40:48,mobile,Chrome,Android,paid_search,US,KS,A,True,5,270,65,21.77,0.168,0.048,,10,P4422,Beauty,FREESHIP
EVT200057,C98016,S9717243443,add_to_cart,2024-03-15 22:36:20,mobile,Opera,Android,direct,BR,,B,True,4,396,22,17.5,0.167,0.096,,5,P1552,Sports,NONE
EVT200058,C90090,S9571466531,product_view,2024-08-03 17:03:30,desktop,Firefox,Android,direct,CA,,A,True,4,509,42,5.47,0.076,0.294,,3,P7467,Automotive,NONE
EVT200059,C26971,S6840717477,page_view,2024-07-21 12:04:23,desktop,Edge,Android,email,AU,,A,True,2,252,30,1.15,0.14,0.441,,1,,,WELCOME10
EVT200060,C87661,S6724913641,purchase,2024-07-16 21:27:59,desktop,Safari,Windows,direct,FR,,A,False,6,205,53,169.95,0.158,0.258,approved,2,P6630,Home,FREESHIP
EVT200061,C97967,S4570099480,checkout_start,2024-07-14 23:37:40,mobile,Firefox,Windows,email,IN,,A,True,4,211,49,130.74,0.139,0.0,,9,,,HOLIDAY20
EVT200062,C44685,S9305128524,product_view,2024-08-06 06:00:10,mobile,Firefox,Linux,organic_search,AU,,A,False,4,217,52,12.13,0.254,0.0,,2,P4596,Beauty,NONE
EVT200063,C28647,S3999802391,add_to_cart,2024-07-11 19:01:05,desktop,Safari,Android,direct,GB,,A,True,7,238,59,77.24,0.271,0.171,,8,P2851,Apparel,NONE
EVT200064,C29948,S6316084063,page_view,2024-09-05 14:14:34,mobile,Firefox,Linux,affiliate,MX,,B,False,2,312,39,32.13,0.115,0.345,,1,,,NONE
EVT200065,C63290,S3357758674,purchase,2024-04-30 18:16:51,desktop,Opera,macOS,affiliate,MX,,B,False,6,339,55,59.79,0.1,0.177,approved,8,P1757,Automotive,NONE
EVT200066,C41664,S2903407835,page_view,2024-12-28 14:48:33,desktop,Edge,Android,organic_search,MX,,A,True,3,158,33,19.03,0.123,0.132,,2,,,WELCOME10
EVT200067,C45825,S6702989525,product_view,2025-03-30 02:39:50,mobile,Safari,Linux,organic_search,MX,,A,True,3,435,23,11.86,0.133,0.0,,3,P4304,Toys,WELCOME10
EVT200068,C37799,S6842384487,add_to_cart,2024-12-04 09:11:34,mobile,Firefox,Android,direct,AU,,B,True,2,449,49,100.63,0.223,0.255,,2,P5740,Apparel,WELCOME10
EVT200069,C86880,S8061026123,page_view,2025-04-25 17:40:02,mobile,Opera,Windows,organic_search,DE,,B,False,2,322,60,11.2,0.11,0.0,,7,,,NONE
EVT200070,C47689,S7009304687,page_view,2024-09-16 19:36:29,desktop,Safari,Linux,organic_search,GB,,A,True,4,358,41,35.06,0.157,0.315,,7,,,NONE
EVT200071,C75095,S5735638766,add_to_cart,2024-05-01 17:34:32,desktop,Opera,Android,organic_search,AU,,B,True,5,216,52,53.53,0.146,0.015,,1,P5558,Beauty,FREESHIP
EVT200072,C62741,S6718984823,checkout_start,2025-04-22 01:05:12,desktop,Chrome,iOS,direct,DE,,B,True,4,383,41,113.75,0.114,0.07,,2,,,NONE
EVT200073,C45577,S2178742637,add_to_cart,2024-10-29 04:26:47,mobile,Chrome,Android,organic_search,GB,,A,True,5,429,21,143.46,0.15,0.0,,7,P4358,Sports,WELCOME10
EVT200074,C70892,S3429735478,purchase,2025-03-31 07:19:10,mobile,Opera,Android,paid_search,CA,,A,False,5,478,63,164.93,0.176,0.0,approved,5,P9984,Beauty,NONE
EVT200075,C85239,S4801694114,page_view,2024-03-03 22:14:57,mobile,Edge,Windows,organic_search,FR,,B,True,3,461,70,35.53,0.022,0.0,,2,,,FREESHIP
EVT200076,C28753,S5395621045,page_view,2024-09-07 22:25:15,mobile,Chrome,Windows,paid_search,MX,,B,True,4,438,26,25.0,0.056,0.197,,2,,,NONE
EVT200077,C11527,S9818984744,payment_attempt,2025-03-11 03:23:02,desktop,Chrome,Windows,direct,GB,,B,False,5,414,10,101.57,0.244,0.155,approved,2,,,FREESHIP
EVT200078,C23338,S8082539420,add_to_cart,2024-07-04 19:07:46,desktop,Opera,Linux,paid_search,DE,,B,False,3,413,47,30.64,0.07,0.0,,3,P5249,Electronics,NONE
EVT200079,C52594,S2751683744,page_view,2024-05-17 11:26:49,mobile,Firefox,Linux,email,FR,,A,True,3,437,60,7.97,0.17,0.039,,7,,,WELCOME10
EVT200080,C70244,S5340153384,add_to_cart,2024-04-18 03:45:41,desktop,Opera,iOS,organic_search,IN,,A,True,5,335,44,46.08,0.114,0.066,,1,P6054,Sports,NONE
EVT200081,C17330,S3773961924,checkout_start,2025-05-07 09:05:38,desktop,Chrome,macOS,email,DE,,B,True,5,542,47,172.22,0.211,0.0,,7,,,NONE
EVT200082,C64362,S3396777347,payment_attempt,2024-02-02 01:36:33,mobile,Chrome,Windows,direct,IN,,A,False,5,239,50,50.68,0.112,0.281,approved,7,,,NONE
EVT200083,C89810,S9466776434,page_view,2024-10-17 15:42:46,mobile,Safari,Linux,organic_search,CA,,B,False,4,171,38,6.7,0.147,0.077,,5,,,WELCOME10
EVT200084,C23914,S2931421021,checkout_start,2024-05-08 10:00:19,mobile,Chrome,macOS,organic_search,AU,,A,False,4,306,63,94.51,0.196,0.082,,10,,,NONE
EVT200085,C30183,S5565590177,product_view,2025-05-06 19:38:54,mobile,Opera,iOS,affiliate,AU,,B,True,6,241,46,17.74,0.14,0.228,,9,P9090,Pets,NONE
EVT200086,C68378,S2056728677,product_view,2025-01-20 04:33:33,mobile,Safari,Windows,direct,MX,,B,False,4,367,34,23.99,0.133,0.198,,10,P1215,Apparel,NONE
EVT200087,C77551,S2428365111,checkout_start,2024-03-11 22:58:30,desktop,Safari,Linux,social,FR,,A,True,3,455,39,72.81,0.064,0.233,,4,,,FREESHIP
EVT200088,C48037,S8166827395,checkout_start,2024-11-05 17:27:13,mobile,Edge,Linux,organic_search,DE,,A,True,8,410,5,63.17,0.032,0.382,,6,,,NONE
EVT200089,C22779,S8802006226,page_view,2024-12-24 10:33:40,desktop,Edge,Windows,organic_search,AU,,B,True,1,402,55,34.25,0.075,0.006,,8,,,FREESHIP
EVT200090,C92574,S4312625015,checkout_start,2024-01-08 16:48:19,tablet,Chrome,Windows,organic_search,MX,,B,True,5,477,28,147.51,0.159,0.446,,6,,,NONE
EVT200091,C77756,S5021572689,purchase,2024-05-30 12:19:12,desktop,Opera,iOS,organic_search,IN,,A,True,3,499,44,183.45,0.156,0.049,approved,2,P6327,Pets,NONE
EVT200092,C70536,S1297403561,page_view,2024-08-27 09:14:40,mobile,Chrome,Android,organic_search,AU,,A,False,3,419,76,14.76,0.007,0.0,,5,,,NONE
EVT200093,C95890,S9361014183,checkout_start,2024-09-25 20:04:19,mobile,Edge,Windows,paid_search,US,MD,B,True,5,514,60,81.24,0.121,0.331,,6,,,WELCOME10
EVT200094,C82688,S5489398468,product_view,2024-07-03 00:36:15,mobile,Firefox,iOS,direct,FR,,A,True,3,342,37,4.04,0.158,0.0,,5,P2290,Home,NONE
EVT200095,C95357,S9940085485,page_view,2025-05-03 08:54:26,mobile,Edge,macOS,direct,AU,,B,True,6,511,28,33.16,0.141,0.0,,10,,,NONE
EVT200096,C71405,S8125149745,add_to_cart,2024-05-11 17:35:50,mobile,Opera,Android,direct,FR,,A,True,3,316,11,128.11,0.156,0.156,,4,P8725,Books,WELCOME10
EVT200097,C52050,S8539234402,page_view,2024-05-17 06:44:51,mobile,Firefox,Android,paid_search,IN,,B,True,6,401,71,33.02,0.262,0.202,,4,,,NONE
EVT200098,C97052,S9289769356,purchase,2025-06-15 12:13:29,mobile,Safari,Windows,social,MX,,B,False,4,269,32,149.46,0.253,0.134,approved,3,P6107,Apparel,NONE
EVT200099,C32631,S5893155004,add_to_cart,2024-09-11 20:03:06,mobile,Firefox,macOS,direct,AU,,A,False,1,398,66,120.14,0.175,0.005,,7,P9020,Apparel,NONE
EVT200100,C58507,S6208460445,page_view,2024-11-15 00:43:41,mobile,Firefox,Linux,organic_search,DE,,B,True,5,297,17,16.01,0.21,0.14,,9,,,NONE
EVT200101,C15373,S4468964225,page_view,2025-03-29 17:10:52,desktop,Safari,iOS,social,DE,,A,True,1,278,68,43.34,0.119,0.06,,7,,,NONE
EVT200102,C84339,S4528384851,add_to_cart,2024-11-13 10:36:16,desktop,Chrome,iOS,direct,MX,,B,False,1,190,40,122.67,0.259,0.224,,7,P9217,Electronics,NONE
EVT200103,C82300,S9716050258,payment_attempt,2024-08-26 21:17:53,mobile,Chrome,Linux,direct,AU,,A,True,3,139,14,232.94,0.062,0.0,approved,7,,,WELCOME10
EVT200104,C69057,S9288612323,page_view,2024-05-17 18:02:14,mobile,Firefox,Windows,paid_search,IN,,B,True,2,327,58,27.99,0.205,0.132,,1,,,NONE
EVT200105,C32503,S9585285193,payment_attempt,2025-04-17 21:22:14,mobile,Chrome,iOS,organic_search,GB,,A,False,2,537,48,54.8,0.116,0.0,approved,8,,,WELCOME10
EVT200106,C63020,S2138965827,page_view,2024-03-23 21:31:27,desktop,Firefox,Android,direct,GB,,B,False,5,80,17,31.52,0.084,0.308,,2,,,NONE
EVT200107,C55504,S6764598279,add_to_cart,2024-08-19 15:26:21,mobile,Chrome,Linux,paid_search,AU,,A,False,5,297,50,35.79,0.152,0.057,,10,P5858,Automotive,HOLIDAY20
EVT200108,C16327,S5925958265,payment_attempt,2025-01-01 05:56:28,desktop,Edge,iOS,social,IN,,A,False,4,382,61,25.21,0.168,0.271,declined,10,,,WELCOME10
EVT200109,C67716,S6246032711,add_to_cart,2024-07-19 07:11:31,mobile,Edge,Linux,direct,BR,,B,True,3,232,35,170.42,0.16,0.141,,1,P2505,Sports,NONE
EVT200110,C48097,S5317838889,page_view,2024-08-31 11:55:32,desktop,Opera,Windows,direct,FR,,A,False,5,442,40,34.61,0.052,0.197,,2,,,NONE
EVT200111,C38121,S2519023604,page_view,2025-03-27 01:38:44,desktop,Opera,Windows,direct,GB,,B,True,11,120,40,8.31,0.113,0.101,,10,,,WELCOME10
EVT200112,C80722,S3877330565,page_view,2025-05-11 16:23:41,desktop,Opera,Android,paid_search,IN,,B,True,1,587,48,27.59,0.101,0.0,,1,,,NONE
EVT200113,C20754,S3823628347,add_to_cart,2024-07-22 14:17:29,desktop,Edge,Linux,paid_search,FR,,B,False,5,530,44,53.4,0.135,0.289,,3,P7304,Grocery,NONE
EVT200114,C65852,S6755670290,page_view,2024-11-20 10:09:39,desktop,Safari,Windows,paid_search,IN,,A,True,4,358,40,45.69,0.037,0.207,,4,,,NONE
EVT200115,C10122,S1815582803,page_view,2024-09-21 15:57:26,mobile,Edge,Linux,organic_search,BR,,A,True,1,483,14,35.75,0.095,0.0,,4,,,NONE
EVT200116,C47846,S7306854954,payment_attempt,2025-03-12 18:08:06,desktop,Chrome,Android,organic_search,DE,,B,False,3,341,63,38.94,0.173,0.0,approved,4,,,NONE
EVT200117,C51599,S4888421043,checkout_start,2024-04-10 02:53:54,tablet,Opera,iOS,paid_search,GB,,B,True,2,161,36,75.9,0.193,0.095,,7,,,FREESHIP
EVT200118,C28415,S5129182127,checkout_start,2025-04-26 23:14:18,mobile,Safari,Windows,direct,MX,,B,True,2,149,24,133.06,0.197,0.091,,3,,,NONE
EVT200119,C72606,S3291940544,product_view,2024-03-04 17:16:51,desktop,Safari,iOS,organic_search,FR,,A,False,3,276,32,9.58,0.317,0.132,,1,P8822,Home,FREESHIP
EVT200120,C15434,S5816296116,add_to_cart,2024-04-13 12:45:37,desktop,Chrome,iOS,paid_search,IN,,A,False,3,423,48,131.48,0.128,0.131,,8,P1489,Sports,NONE
EVT200121,C20318,S1412643938,return_initiated,2025-04-16 20:08:55,mobile,Opera,iOS,social,CA,,B,False,5,80,14,32.66,0.081,0.199,,4,P9002,Toys,NONE
EVT200122,C49802,S4150077088,add_to_cart,2024-01-22 12:06:23,desktop,Firefox,Windows,direct,GB,,A,True,3,293,16,81.17,0.159,0.067,,2,P2309,Apparel,NONE
EVT200123,C61617,S3056243881,page_view,2025-03-12 23:06:25,mobile,Chrome,Android,direct,DE,,B,False,3,469,14,37.16,0.035,0.0,,2,,,NONE
EVT200124,C96033,S4056447887,product_view,2025-02-12 05:24:14,mobile,Firefox,macOS,organic_search,US,OK,B,True,3,259,31,24.61,0.171,0.344,,1,P6923,Electronics,NONE
EVT200125,C66395,S2786924623,page_view,2024-01-06 15:39:34,mobile,Edge,Windows,paid_search,GB,,A,False,3,531,34,5.31,0.191,0.186,,7,,,NONE
EVT200126,C97848,S8457707822,payment_attempt,2025-05-17 08:25:42,mobile,Opera,iOS,direct,FR,,A,True,2,154,44,206.87,0.164,0.0,approved,9,,,NONE
EVT200127,C32021,S1947639181,add_to_cart,2025-02-22 11:37:50,mobile,Firefox,Linux,direct,GB,,B,True,3,472,43,166.67,0.221,0.0,,3,P9035,Sports,HOLIDAY20
EVT200128,C33244,S6421322530,add_to_cart,2024-04-23 09:25:38,mobile,Firefox,Android,email,CA,,B,True,2,323,24,129.57,0.021,0.452,,9,P8915,Beauty,NONE
EVT200129,C35754,S1858618277,page_view,2024-07-25 23:10:16,mobile,Opera,Linux,organic_search,FR,,A,True,3,215,37,36.29,0.01,0.176,,2,,,NONE
EVT200130,C76501,S1146077041,page_view,2024-07-13 17:57:46,mobile,Firefox,iOS,organic_search,CA,,B,True,4,428,47,0.21,0.21,0.224,,8,,,NONE
EVT200131,C74427,S8021521948,purchase,2025-06-01 00:36:12,mobile,Safari,iOS,affiliate,FR,,A,False,6,395,63,76.29,0.217,0.396,approved,1,P2242,Beauty,FREESHIP
EVT200132,C60971,S3496311336,add_to_cart,2024-11-16 01:18:39,mobile,Opera,Linux,direct,US,SD,B,True,4,271,42,84.93,0.187,0.108,,7,P3019,Electronics,NONE
EVT200133,C72656,S4628023932,purchase,2024-09-29 03:28:21,desktop,Edge,Android,paid_search,IN,,B,True,4,376,20,126.73,0.145,0.176,approved,7,P5732,Sports,WELCOME10
EVT200134,C90964,S7256827574,add_to_cart,2024-11-06 09:37:00,desktop,Firefox,macOS,social,BR,,A,True,5,664,53,105.4,0.109,0.199,,3,P1808,Sports,FREESHIP
EVT200135,C74347,S4897801874,page_view,2024-12-08 07:18:25,mobile,Edge,macOS,social,CA,,A,True,5,269,35,4.95,0.232,0.0,,10,,,NONE
EVT200136,C94003,S6373238659,checkout_start,2025-05-15 09:40:35,mobile,Opera,Android,social,DE,,B,False,5,293,6,75.1,0.208,0.049,,2,,,WELCOME10
EVT200137,C70877,S8300815717,product_view,2024-10-01 13:35:22,desktop,Chrome,Windows,organic_search,DE,,B,False,4,288,39,39.78,0.109,0.173,,10,P1800,Electronics,WELCOME10
EVT200138,C98207,S4434337668,product_view,2025-03-15 01:10:35,mobile,Chrome,iOS,social,MX,,A,True,3,210,49,44.99,0.086,0.0,,1,P8421,Books,NONE
EVT200139,C16948,S3834933303,product_view,2024-07-25 07:39:55,desktop,Firefox,Linux,direct,GB,,A,True,2,382,39,11.21,0.087,0.066,,5,P4906,Apparel,FREESHIP
EVT200140,C71189,S7716983056,page_view,2024-08-06 02:04:06,mobile,Edge,macOS,paid_search,US,MS,A,True,4,454,49,23.35,0.021,0.258,,7,,,VIP25
EVT200141,C23549,S7126586879,add_to_cart,2025-01-11 07:39:57,mobile,Safari,Android,paid_search,BR,,B,True,4,420,9,176.96,0.089,0.0,,10,P6243,Grocery,NONE
EVT200142,C89061,S3246030580,page_view,2024-06-23 10:55:59,desktop,Firefox,iOS,direct,BR,,B,True,4,376,14,33.52,0.218,0.409,,5,,,NONE
EVT200143,C84293,S1828987773,add_to_cart,2025-01-05 11:37:52,mobile,Opera,Linux,email,AU,,A,True,8,621,41,78.6,0.118,0.091,,6,P6951,Toys,WELCOME10
EVT200144,C77380,S6829499829,checkout_start,2024-10-29 14:24:05,desktop,Safari,iOS,paid_search,AU,,B,False,5,256,70,125.22,0.142,0.198,,9,,,NONE
EVT200145,C77278,S7491430524,add_to_cart,2024-09-25 00:19:26,desktop,Chrome,Linux,direct,US,TX,A,False,5,413,35,24.3,0.177,0.062,,4,P8536,Home,NONE
EVT200146,C63406,S5462215051,product_view,2025-04-20 22:32:43,mobile,Edge,macOS,paid_search,FR,,B,False,3,311,72,32.06,0.176,0.062,,5,P7818,Books,NONE
EVT200147,C30315,S2938910112,payment_attempt,2024-12-30 12:19:21,desktop,Chrome,Windows,direct,GB,,B,True,4,353,74,46.54,0.139,0.051,approved,3,,,NONE
EVT200148,C76783,S1364004215,purchase,2025-05-14 04:59:02,desktop,Chrome,iOS,direct,CA,,B,False,6,504,56,198.89,0.194,0.377,approved,5,P7044,Beauty,HOLIDAY20
EVT200149,C83011,S9617739150,page_view,2024-02-12 23:17:32,desktop,Safari,Windows,paid_search,US,AZ,B,False,4,254,12,30.28,0.066,0.0,,4,,,FREESHIP
EVT200150,C93736,S9977135245,purchase,2024-05-21 18:17:58,desktop,Opera,Linux,direct,IN,,A,False,4,363,23,72.03,0.144,0.209,approved,7,P3517,Apparel,FREESHIP
EVT200151,C53333,S5759975781,add_to_cart,2025-05-27 10:36:57,desktop,Safari,Windows,paid_search,US,KY,A,True,5,385,41,203.22,0.119,0.17,,8,P9062,Grocery,NONE
EVT200152,C53535,S7370647169,product_view,2024-03-08 08:52:54,desktop,Edge,macOS,organic_search,FR,,B,True,6,313,36,41.03,0.0,0.104,,3,P5452,Toys,FREESHIP
EVT200153,C98874,S2281683015,return_initiated,2024-07-06 11:06:41,mobile,Edge,Android,direct,AU,,A,True,5,413,12,75.53,0.144,0.002,,4,P9278,Home,NONE
EVT200154,C13877,S2072222725,checkout_start,2025-01-04 13:06:34,desktop,Opera,iOS,organic_search,AU,,A,True,4,149,37,208.05,0.086,0.078,,7,,,NONE
EVT200155,C88154,S9221380858,page_view,2025-04-14 10:33:44,mobile,Edge,iOS,direct,CA,,B,True,5,413,5,13.77,0.206,0.018,,7,,,NONE
EVT200156,C98717,S2044553814,purchase,2024-09-25 00:09:46,desktop,Edge,Windows,organic_search,CA,,A,False,3,553,6,46.19,0.217,0.428,declined,2,P3101,Sports,WELCOME10
EVT200157,C87211,S8135300820,add_to_cart,2024-05-18 19:04:38,desktop,Chrome,Linux,organic_search,BR,,B,True,2,385,52,117.55,0.267,0.0,,5,P5707,Home,WELCOME10
EVT200158,C13489,S7485056254,page_view,2025-01-05 21:39:59,desktop,Safari,Windows,organic_search,FR,,A,False,3,401,28,3.11,0.109,0.348,,4,,,FREESHIP
EVT200159,C86709,S8954418467,page_view,2025-05-12 08:17:26,mobile,Edge,macOS,direct,MX,,A,False,3,320,47,24.31,0.029,0.161,,5,,,WELCOME10
EVT200160,C81669,S6286363775,page_view,2024-02-12 07:17:55,desktop,Opera,Windows,organic_search,US,AK,A,True,8,626,23,12.48,0.104,0.13,,1,,,WELCOME10
EVT200161,C13307,S7493668521,product_view,2024-03-26 13:00:27,desktop,Chrome,iOS,paid_search,BR,,A,True,2,621,52,31.23,0.191,0.0,,2,P9057,Automotive,WELCOME10
EVT200162,C89326,S6661305295,page_view,2025-01-04 02:31:19,desktop,Edge,Android,direct,IN,,B,True,3,288,38,20.99,0.131,0.0,,7,,,VIP25
EVT200163,C57139,S3014622270,page_view,2025-02-18 08:55:42,desktop,Safari,Windows,organic_search,MX,,B,True,7,204,47,33.05,0.128,0.0,,8,,,NONE
EVT200164,C15754,S6656814387,payment_attempt,2024-10-27 12:37:33,mobile,Safari,macOS,paid_search,FR,,A,True,4,187,32,54.96,0.162,0.211,approved,1,,,WELCOME10
EVT200165,C71256,S8443755428,product_view,2025-06-12 11:00:09,desktop,Opera,Windows,paid_search,DE,,A,False,5,363,9,15.55,0.208,0.0,,7,P3087,Automotive,FREESHIP
EVT200166,C14954,S2042011579,product_view,2025-05-20 12:16:03,desktop,Firefox,iOS,direct,GB,,A,True,4,432,32,8.04,0.178,0.0,,7,P4704,Books,HOLIDAY20
EVT200167,C42734,S5152871433,add_to_cart,2024-06-28 08:39:52,mobile,Safari,macOS,organic_search,GB,,A,True,7,270,45,38.78,0.07,0.22,,6,P6626,Pets,NONE
EVT200168,C68862,S6798979935,product_view,2024-12-15 11:48:29,mobile,Firefox,macOS,affiliate,GB,,A,True,4,477,8,24.93,0.261,0.375,,5,P8286,Toys,NONE
EVT200169,C79057,S5362106714,page_view,2024-07-06 06:58:56,mobile,Safari,Windows,direct,US,MT,A,True,6,337,33,28.77,0.232,0.167,,4,,,NONE
EVT200170,C30018,S6477619584,page_view,2024-03-06 09:29:37,mobile,Opera,Windows,organic_search,MX,,B,True,4,425,37,20.76,0.0,0.3,,9,,,HOLIDAY20
EVT200171,C34539,S4445691245,add_to_cart,2025-02-10 13:24:17,desktop,Safari,macOS,organic_search,IN,,A,False,5,183,58,179.1,0.066,0.046,,10,P6918,Toys,WELCOME10
EVT200172,C98845,S2903157519,product_view,2024-04-03 23:22:59,desktop,Opera,Windows,paid_search,GB,,A,False,5,460,43,12.14,0.167,0.0,,6,P2168,Books,FREESHIP
EVT200173,C54276,S9499721655,add_to_cart,2024-07-23 01:43:03,desktop,Opera,macOS,email,MX,,A,False,4,505,40,116.95,0.2,0.0,,4,P6604,Grocery,NONE
EVT200174,C45751,S1384571430,page_view,2024-03-25 11:03:37,desktop,Firefox,Windows,paid_search,GB,,A,True,2,264,32,13.03,0.148,0.425,,9,,,NONE
EVT200175,C52303,S2405432934,page_view,2025-01-26 02:34:09,desktop,Safari,Linux,direct,CA,,A,False,3,449,62,40.28,0.139,0.15,,8,,,NONE
EVT200176,C23863,S9484811840,add_to_cart,2024-04-01 11:44:58,desktop,Firefox,Android,organic_search,BR,,A,False,5,415,41,192.66,0.171,0.283,,1,P1113,Grocery,NONE
EVT200177,C51561,S4598703759,page_view,2025-01-02 14:12:45,mobile,Firefox,macOS,direct,GB,,B,False,5,105,33,6.44,0.126,0.057,,6,,,NONE
EVT200178,C93360,S1176924737,purchase,2025-03-15 21:04:51,mobile,Safari,Linux,social,FR,,A,False,4,371,45,133.46,0.137,0.265,approved,3,P8202,Toys,WELCOME10
EVT200179,C65346,S5278845089,page_view,2024-11-06 02:45:48,mobile,Edge,macOS,direct,GB,,A,True,4,226,30,35.65,0.267,0.0,,3,,,WELCOME10
EVT200180,C48510,S8295716867,checkout_start,2024-07-15 14:12:11,desktop,Opera,Linux,paid_search,DE,,A,True,5,488,5,165.88,0.179,0.142,,3,,,FREESHIP
EVT200181,C79921,S6429562449,product_view,2024-05-16 21:44:58,desktop,Edge,Windows,organic_search,MX,,A,True,3,338,43,33.61,0.051,0.468,,4,P7954,Grocery,NONE
EVT200182,C61345,S1608058462,product_view,2025-06-19 03:55:04,desktop,Edge,Linux,direct,GB,,A,True,3,216,12,45.59,0.087,0.304,,4,P5233,Electronics,FREESHIP
EVT200183,C82910,S7800117595,page_view,2024-02-07 22:01:11,mobile,Chrome,iOS,email,FR,,B,False,2,250,56,32.13,0.192,0.015,,7,,,HOLIDAY20
EVT200184,C76326,S3273594076,page_view,2024-08-25 09:42:44,tablet,Safari,macOS,direct,IN,,B,False,2,358,22,43.37,0.102,0.213,,4,,,NONE
EVT200185,C81507,S8038922961,add_to_cart,2024-06-13 14:28:50,mobile,Chrome,Windows,email,GB,,A,False,7,138,65,151.37,0.187,0.011,,2,P3638,Toys,FREESHIP
EVT200186,C77091,S7304686664,add_to_cart,2025-01-16 22:50:32,desktop,Firefox,Android,social,CA,,A,True,5,571,39,88.56,0.283,0.277,,8,P7966,Pets,NONE
EVT200187,C90494,S2637921626,purchase,2025-02-04 12:43:02,mobile,Firefox,iOS,organic_search,DE,,A,True,3,365,47,191.46,0.22,0.129,approved,7,P8146,Pets,FREESHIP
EVT200188,C31405,S7809359671,payment_attempt,2025-02-11 04:25:33,desktop,Edge,macOS,direct,US,NH,A,True,9,472,30,31.29,0.116,0.144,declined,2,,,NONE
EVT200189,C20086,S5221540591,checkout_start,2024-09-10 03:12:28,desktop,Edge,iOS,direct,BR,,A,True,7,302,33,176.22,0.134,0.0,,5,,,WELCOME10
EVT200190,C20184,S1487472193,product_view,2024-12-21 14:44:58,desktop,Edge,Windows,organic_search,BR,,B,False,3,506,34,21.46,0.318,0.376,,10,P2468,Electronics,NONE
EVT200191,C66058,S4472870479,product_view,2025-02-10 15:20:17,tablet,Safari,Android,paid_search,US,MN,A,True,2,252,35,43.23,0.051,0.142,,2,P8709,Toys,NONE
EVT200192,C48917,S6583171255,page_view,2025-06-06 08:18:46,desktop,Firefox,macOS,email,AU,,A,True,4,283,5,42.74,0.023,0.265,,8,,,NONE
EVT200193,C13634,S1218551555,purchase,2024-09-23 18:32:52,desktop,Opera,macOS,direct,US,HI,B,True,2,206,5,65.65,0.215,0.253,approved,3,P6279,Beauty,NONE
EVT200194,C11355,S8378666736,payment_attempt,2024-08-13 18:12:44,desktop,Chrome,macOS,paid_search,MX,,B,False,5,353,38,59.36,0.154,0.124,approved,4,,,NONE
EVT200195,C18188,S7867912611,product_view,2024-08-12 21:42:50,tablet,Edge,Linux,organic_search,AU,,A,False,3,349,35,12.87,0.071,0.038,,10,P6092,Electronics,NONE
EVT200196,C59930,S5847169057,page_view,2025-05-05 13:11:06,desktop,Safari,Android,direct,GB,,B,False,3,217,27,37.9,0.192,0.224,,2,,,NONE
EVT200197,C12511,S4557880013,add_to_cart,2024-08-12 08:04:29,desktop,Chrome,Android,organic_search,MX,,A,False,5,256,52,151.7,0.028,0.011,,4,P5446,Electronics,NONE
EVT200198,C34132,S5082979663,page_view,2024-01-01 17:01:03,desktop,Chrome,macOS,direct,DE,,A,True,3,193,37,25.03,0.086,0.113,,8,,,WELCOME10
EVT200199,C43250,S4131666466,purchase,2025-05-01 18:33:15,desktop,Edge,iOS,paid_search,IN,,B,True,5,594,26,151.33,0.112,0.117,approved,4,P3827,Sports,NONE
EVT200200,C31200,S7887438112,purchase,2024-06-28 14:13:47,mobile,Edge,iOS,affiliate,IN,,A,True,4,443,58,205.9,0.05,0.227,approved,8,P5913,Sports,NONE
EVT200201,C40841,S4506795508,page_view,2024-09-24 02:15:21,desktop,Safari,macOS,direct,IN,,A,False,2,469,15,0.59,0.017,0.091,,9,,,NONE
EVT200202,C42373,S6106731855,add_to_cart,2024-12-02 13:57:05,desktop,Chrome,macOS,email,BR,,A,True,6,231,70,38.02,0.286,0.101,,9,P2448,Pets,NONE
EVT200203,C97721,S9017329685,product_view,2025-02-19 20:49:42,mobile,Firefox,macOS,direct,GB,,A,True,5,228,55,38.45,0.087,0.206,,9,P1635,Toys,FREESHIP
EVT200204,C47402,S6320015994,checkout_start,2024-05-29 03:59:16,desktop,Firefox,macOS,social,AU,,A,True,5,528,58,43.25,0.082,0.224,,3,,,NONE
EVT200205,C91637,S5614368167,add_to_cart,2025-06-20 09:45:00,desktop,Firefox,Android,direct,GB,,A,True,4,318,41,206.59,0.128,0.22,,6,P6835,Electronics,NONE
EVT200206,C97784,S7078069826,payment_attempt,2024-11-18 01:59:41,mobile,Chrome,Android,email,GB,,A,True,8,645,54,117.7,0.142,0.122,declined,2,,,WELCOME10
EVT200207,C11464,S1872658084,page_view,2025-01-18 22:18:43,mobile,Chrome,iOS,paid_search,DE,,A,True,3,232,44,21.67,0.0,0.34,,7,,,NONE
EVT200208,C90600,S3574688979,page_view,2024-04-15 12:06:57,desktop,Safari,iOS,direct,US,OH,B,True,5,126,27,25.9,0.001,0.181,,9,,,NONE
EVT200209,C45484,S6673201853,page_view,2024-02-25 04:40:49,mobile,Edge,macOS,direct,MX,,A,True,6,377,5,13.23,0.16,0.039,,2,,,NONE
EVT200210,C56708,S6059904592,payment_attempt,2025-06-14 02:30:31,desktop,Safari,Linux,direct,GB,,B,True,3,396,38,160.23,0.236,0.172,approved,3,,,FREESHIP
EVT200211,C86484,S2771683827,page_view,2024-02-03 02:08:37,mobile,Chrome,Android,organic_search,US,DE,B,True,5,146,97,1.53,0.071,0.183,,2,,,NONE
EVT200212,C57450,S4191578138,page_view,2024-01-16 16:30:08,mobile,Safari,Android,direct,FR,,B,True,4,336,43,46.56,0.0,0.344,,5,,,NONE
EVT200213,C26198,S9096924518,add_to_cart,2025-04-03 00:00:33,desktop,Firefox,macOS,direct,DE,,A,False,3,368,54,23.2,0.137,0.033,,8,P5653,Beauty,NONE
EVT200214,C48085,S1133213133,payment_attempt,2025-05-31 23:51:56,mobile,Opera,macOS,affiliate,MX,,A,False,2,326,64,75.22,0.123,0.104,approved,3,,,HOLIDAY20
EVT200215,C83320,S9727908701,add_to_cart,2025-06-02 10:42:17,tablet,Edge,Windows,affiliate,GB,,B,True,5,451,24,53.89,0.232,0.204,,3,P7689,Pets,NONE
EVT200216,C50549,S4882203954,add_to_cart,2025-05-14 00:11:04,mobile,Edge,Android,social,DE,,A,False,5,447,34,209.4,0.151,0.035,,8,P2259,Pets,FREESHIP
EVT200217,C46108,S1801499182,page_view,2025-04-12 10:06:55,desktop,Opera,Windows,email,CA,,B,True,6,261,38,21.48,0.041,0.271,,5,,,NONE
EVT200218,C96952,S6918421439,payment_attempt,2024-05-19 02:01:36,desktop,Chrome,Linux,direct,BR,,B,True,2,201,80,130.06,0.195,0.008,approved,1,,,NONE
EVT200219,C65813,S6273827703,add_to_cart,2025-02-28 02:58:06,mobile,Opera,Windows,paid_search,US,OH,B,False,2,486,77,162.38,0.018,0.292,,8,P2282,Toys,HOLIDAY20
EVT200220,C38803,S7707770079,product_view,2024-03-18 12:49:55,mobile,Firefox,Android,social,GB,,B,True,2,280,54,28.48,0.031,0.0,,2,P8568,Beauty,NONE
EVT200221,C95478,S6545936797,page_view,2024-08-25 19:48:59,mobile,Safari,macOS,paid_search,DE,,B,True,3,242,19,11.17,0.084,0.229,,2,,,NONE
EVT200222,C76470,S4513739105,checkout_start,2024-09-12 23:26:17,desktop,Edge,Windows,social,GB,,B,True,2,330,37,24.39,0.147,0.181,,8,,,FREESHIP
EVT200223,C95448,S4959768126,add_to_cart,2025-03-04 02:57:19,mobile,Safari,macOS,direct,US,NC,A,True,4,502,54,74.4,0.141,0.093,,8,P4513,Beauty,NONE
EVT200224,C95620,S2940429267,product_view,2025-06-26 05:46:56,mobile,Safari,iOS,social,CA,,A,False,5,324,62,24.0,0.15,0.391,,10,P7392,Books,NONE
EVT200225,C12693,S3970250382,add_to_cart,2024-12-12 19:11:24,mobile,Firefox,iOS,email,MX,,B,True,7,366,53,115.18,0.15,0.185,,7,P5705,Home,FREESHIP
EVT200226,C47096,S1843359423,add_to_cart,2025-01-20 07:36:00,mobile,Chrome,Linux,social,MX,,A,True,4,432,55,141.31,0.17,0.206,,9,P5629,Electronics,NONE
EVT200227,C58714,S7464047802,product_view,2024-07-06 06:07:16,mobile,Edge,Linux,direct,CA,,A,False,3,283,31,26.74,0.08,0.0,,1,P3342,Sports,NONE
EVT200228,C50134,S9283825486,product_view,2025-01-23 12:08:05,desktop,Chrome,iOS,email,DE,,B,False,1,566,68,11.91,0.137,0.0,,1,P9986,Grocery,NONE
EVT200229,C66283,S1767675087,purchase,2024-11-14 02:24:57,mobile,Edge,iOS,direct,BR,,B,True,2,463,52,67.98,0.153,0.054,approved,10,P4417,Pets,NONE
EVT200230,C97442,S9736363826,page_view,2025-05-27 21:11:23,mobile,Chrome,iOS,social,IN,,B,True,3,80,38,9.28,0.068,0.463,,3,,,NONE
EVT200231,C98043,S1258614770,purchase,2025-03-21 22:50:59,desktop,Firefox,iOS,organic_search,MX,,A,False,5,215,41,131.64,0.173,0.203,approved,1,P8851,Automotive,NONE
EVT200232,C97072,S5947152684,checkout_start,2024-07-25 05:06:13,desktop,Firefox,Windows,paid_search,FR,,B,True,8,223,75,105.4,0.038,0.019,,6,,,NONE
EVT200233,C61672,S1533983903,page_view,2024-01-20 03:48:34,desktop,Edge,macOS,direct,MX,,B,True,3,274,33,40.69,0.133,0.0,,6,,,NONE
EVT200234,C12924,S5929020681,product_view,2024-11-17 10:59:27,tablet,Opera,Linux,organic_search,US,MO,A,True,4,274,33,20.67,0.109,0.112,,6,P9951,Beauty,NONE
EVT200235,C48961,S9718603951,add_to_cart,2024-02-20 11:00:06,mobile,Safari,Linux,direct,MX,,A,False,3,333,46,75.11,0.0,0.0,,4,P7562,Books,FREESHIP
EVT200236,C79155,S5950823595,payment_attempt,2025-01-02 13:36:56,mobile,Chrome,iOS,direct,GB,,A,False,3,303,68,19.21,0.127,0.142,approved,2,,,NONE
EVT200237,C49959,S9397186352,product_view,2024-11-24 21:06:40,desktop,Opera,Linux,email,AU,,A,False,3,262,22,6.58,0.091,0.254,,9,P2882,Sports,NONE
EVT200238,C82445,S6529804066,product_view,2024-11-07 17:14:13,desktop,Opera,Linux,organic_search,GB,,B,False,2,205,11,26.44,0.134,0.108,,10,P2388,Pets,NONE
EVT200239,C66897,S4493499499,page_view,2024-11-16 21:57:14,mobile,Edge,Windows,paid_search,GB,,A,True,6,641,24,22.76,0.094,0.059,,9,,,NONE
EVT200240,C69642,S4533145064,product_view,2025-02-04 11:28:14,desktop,Opera,macOS,affiliate,CA,,A,False,2,496,35,2.71,0.141,0.181,,4,P1123,Toys,NONE
EVT200241,C11187,S6068126302,checkout_start,2025-02-26 07:41:35,desktop,Firefox,macOS,email,GB,,A,True,2,327,44,111.84,0.091,0.288,,2,,,VIP25
EVT200242,C42382,S2971766844,product_view,2024-07-10 01:35:06,mobile,Chrome,iOS,organic_search,GB,,A,True,4,325,26,20.2,0.082,0.113,,9,P7188,Automotive,NONE
EVT200243,C89251,S5200226652,add_to_cart,2024-10-21 23:33:31,mobile,Safari,macOS,direct,AU,,B,True,5,404,10,36.34,0.06,0.365,,7,P9083,Grocery,VIP25
EVT200244,C97037,S1175685055,add_to_cart,2024-11-28 15:34:32,desktop,Edge,Windows,social,DE,,B,False,4,418,46,174.7,0.19,0.133,,2,P8428,Sports,NONE
EVT200245,C20909,S9297143666,add_to_cart,2024-09-23 11:24:29,mobile,Edge,iOS,direct,DE,,B,False,4,279,36,134.05,0.203,0.017,,9,P3679,Automotive,NONE
EVT200246,C57465,S8036392092,return_initiated,2024-06-19 20:54:22,mobile,Firefox,macOS,direct,BR,,A,False,3,391,56,104.05,0.146,0.0,,5,P5309,Apparel,HOLIDAY20
EVT200247,C49263,S1419168984,product_view,2025-03-22 16:50:34,desktop,Edge,Android,direct,IN,,B,True,2,238,33,16.28,0.054,0.155,,3,P6898,Automotive,WELCOME10
EVT200248,C53634,S2369719388,product_view,2025-03-19 14:44:10,mobile,Chrome,iOS,paid_search,DE,,A,True,4,328,40,35.3,0.195,0.0,,5,P5993,Automotive,FREESHIP
EVT200249,C55046,S7693467187,add_to_cart,2024-06-25 14:41:48,desktop,Edge,Linux,organic_search,CA,,A,True,2,301,48,244.25,0.0,0.213,,4,P1608,Automotive,WELCOME10
EVT200250,C54248,S6330863127,product_view,2024-11-29 12:22:57,desktop,Opera,iOS,organic_search,AU,,B,True,2,481,48,18.59,0.0,0.427,,5,P6130,Electronics,NONE
EVT200251,C90156,S5001980497,product_view,2024-04-08 10:32:40,desktop,Firefox,Windows,affiliate,DE,,A,True,1,379,47,24.41,0.132,0.114,,3,P6932,Pets,NONE
EVT200252,C33840,S5668351768,page_view,2024-04-03 03:07:39,desktop,Firefox,Linux,organic_search,US,WV,B,True,5,387,73,21.3,0.086,0.041,,7,,,NONE
EVT200253,C83675,S2010550211,product_view,2024-03-23 22:00:46,desktop,Firefox,Windows,direct,FR,,B,False,2,379,27,10.27,0.064,0.0,,7,P4638,Grocery,VIP25
EVT200254,C45184,S7118141432,page_view,2025-04-01 20:21:23,desktop,Safari,Linux,direct,AU,,A,True,5,185,57,1.54,0.219,0.056,,10,,,NONE
EVT200255,C86127,S2316633224,add_to_cart,2024-05-25 16:20:31,desktop,Edge,Windows,organic_search,US,CO,A,True,2,196,56,154.87,0.082,0.0,,2,P5365,Home,NONE
EVT200256,C54880,S7366577585,page_view,2025-01-26 10:06:24,mobile,Safari,Windows,organic_search,GB,,A,True,4,215,34,35.81,0.119,0.146,,6,,,NONE
EVT200257,C27274,S5333881622,product_view,2024-03-27 14:34:11,mobile,Firefox,iOS,social,AU,,B,False,5,242,31,20.79,0.136,0.347,,1,P6588,Toys,WELCOME10
EVT200258,C19070,S7143756459,product_view,2024-12-15 20:25:41,desktop,Firefox,macOS,email,MX,,B,True,12,222,27,21.19,0.227,0.102,,9,P8930,Home,HOLIDAY20
EVT200259,C69555,S3495236305,payment_attempt,2025-01-18 03:00:54,mobile,Chrome,iOS,organic_search,MX,,A,False,3,178,29,63.18,0.189,0.037,approved,6,,,NONE
EVT200260,C66600,S8939189728,product_view,2024-01-06 18:41:03,tablet,Firefox,Windows,paid_search,FR,,B,True,5,360,5,2.33,0.224,0.124,,5,P7759,Apparel,FREESHIP
EVT200261,C31883,S2827221283,add_to_cart,2025-05-25 16:09:48,desktop,Chrome,Linux,direct,MX,,A,True,5,253,29,187.41,0.177,0.134,,3,P6943,Books,NONE
EVT200262,C91328,S8445448278,page_view,2024-03-20 05:06:16,mobile,Opera,macOS,organic_search,MX,,B,True,4,351,52,38.52,0.226,0.0,,5,,,NONE
EVT200263,C65914,S4737502103,payment_attempt,2024-07-02 17:07:02,mobile,Firefox,Windows,social,IN,,B,True,9,403,27,96.44,0.063,0.059,approved,8,,,NONE
EVT200264,C40536,S9909036007,return_initiated,2025-05-21 19:00:44,desktop,Chrome,Windows,social,MX,,B,True,6,90,35,37.11,0.125,0.351,,2,P3076,Beauty,NONE
EVT200265,C55880,S7933136855,page_view,2025-02-18 20:31:29,mobile,Firefox,Android,paid_search,US,AK,A,True,4,204,10,24.16,0.068,0.341,,2,,,NONE
EVT200266,C63048,S8089914121,page_view,2024-07-27 08:16:26,mobile,Opera,Windows,email,GB,,B,False,6,263,63,5.87,0.207,0.073,,4,,,NONE
EVT200267,C88379,S8996762258,payment_attempt,2024-05-30 04:15:35,desktop,Firefox,Windows,direct,DE,,B,False,3,514,6,187.09,0.117,0.228,declined,5,,,WELCOME10
EVT200268,C29329,S1638995764,checkout_start,2024-06-18 08:50:41,mobile,Edge,iOS,direct,BR,,B,True,5,440,62,70.75,0.021,0.234,,7,,,FREESHIP
EVT200269,C14379,S1184650311,product_view,2025-02-15 23:24:35,tablet,Safari,iOS,direct,CA,,A,False,4,524,12,22.72,0.062,0.209,,10,P6056,Home,NONE
EVT200270,C74702,S1795375018,add_to_cart,2025-01-29 07:56:24,desktop,Chrome,macOS,affiliate,DE,,A,True,2,225,35,31.32,0.23,0.201,,2,P8698,Automotive,NONE
EVT200271,C90845,S4261161704,add_to_cart,2025-06-08 23:01:11,desktop,Edge,Linux,social,CA,,A,True,6,226,41,82.27,0.133,0.0,,4,P4351,Grocery,NONE
EVT200272,C23017,S3012415685,product_view,2024-01-27 04:39:08,mobile,Edge,Windows,organic_search,US,DE,A,True,6,147,72,37.49,0.115,0.244,,10,P8990,Electronics,WELCOME10
EVT200273,C54154,S5332785594,product_view,2024-11-19 15:44:48,mobile,Firefox,Windows,direct,DE,,B,False,5,386,9,1.32,0.147,0.117,,7,P6274,Beauty,NONE
EVT200274,C67852,S4906633712,add_to_cart,2024-08-09 14:19:03,desktop,Opera,macOS,direct,IN,,B,False,3,520,32,169.55,0.0,0.09,,8,P6934,Sports,FREESHIP
EVT200275,C28474,S7326813976,page_view,2024-07-06 03:30:45,desktop,Opera,macOS,paid_search,IN,,B,True,5,233,25,23.62,0.098,0.0,,9,,,WELCOME10
EVT200276,C18806,S7770947339,page_view,2024-02-22 18:11:41,desktop,Opera,Windows,paid_search,FR,,A,True,1,211,79,18.72,0.022,0.028,,8,,,HOLIDAY20
EVT200277,C30557,S9311209944,add_to_cart,2025-04-23 22:48:06,desktop,Firefox,iOS,direct,DE,,A,False,5,359,18,192.34,0.218,0.373,,8,P8379,Toys,NONE
EVT200278,C34293,S8632687427,return_initiated,2025-03-25 02:56:11,desktop,Firefox,iOS,email,IN,,A,False,3,386,19,163.15,0.062,0.0,,2,P3690,Electronics,WELCOME10
EVT200279,C77514,S2377484261,product_view,2024-12-28 13:23:17,mobile,Firefox,macOS,direct,US,IA,B,True,6,273,42,35.95,0.156,0.297,,6,P7301,Home,NONE
EVT200280,C61087,S7238952846,purchase,2024-07-16 02:16:59,desktop,Edge,iOS,social,DE,,B,True,3,373,44,165.12,0.033,0.0,declined,2,P4402,Beauty,NONE
EVT200281,C93974,S5933291108,checkout_start,2024-02-27 20:35:12,tablet,Safari,Android,direct,FR,,B,True,1,297,59,84.75,0.079,0.284,,10,,,FREESHIP
EVT200282,C71933,S9529326055,product_view,2025-01-31 20:16:22,mobile,Edge,macOS,direct,BR,,A,True,3,277,51,3.1,0.193,0.131,,1,P7922,Pets,WELCOME10
EVT200283,C19291,S3888704350,product_view,2025-05-31 23:27:25,desktop,Chrome,macOS,organic_search,AU,,B,False,2,317,23,7.76,0.189,0.0,,8,P5976,Sports,HOLIDAY20
EVT200284,C66888,S3065434238,product_view,2024-05-19 23:32:05,desktop,Opera,macOS,paid_search,AU,,B,False,7,356,17,14.85,0.073,0.025,,4,P2329,Grocery,HOLIDAY20
EVT200285,C87653,S9660717830,page_view,2024-01-11 08:10:26,desktop,Opera,iOS,paid_search,US,ND,A,True,2,449,34,37.79,0.131,0.0,,9,,,NONE
EVT200286,C86580,S9022900576,product_view,2024-11-11 13:40:19,mobile,Chrome,Windows,organic_search,FR,,A,False,3,309,37,5.97,0.088,0.283,,7,P4673,Toys,WELCOME10
EVT200287,C15461,S5563935195,payment_attempt,2025-01-27 23:19:50,desktop,Chrome,Android,email,MX,,B,True,5,454,21,208.76,0.16,0.04,approved,8,,,FREESHIP
EVT200288,C34736,S3254428845,checkout_start,2025-06-01 16:02:20,mobile,Safari,macOS,organic_search,FR,,B,False,7,324,19,197.08,0.041,0.0,,3,,,WELCOME10
EVT200289,C96911,S2485762531,page_view,2024-06-04 14:12:41,desktop,Opera,Windows,email,DE,,A,True,1,184,5,3.06,0.285,0.0,,9,,,VIP25
EVT200290,C14428,S2927827423,product_view,2025-04-06 17:52:10,desktop,Opera,iOS,paid_search,BR,,B,True,6,223,5,3.37,0.015,0.41,,8,P5785,Toys,NONE
EVT200291,C97180,S9133897311,product_view,2025-04-01 22:35:40,mobile,Edge,iOS,email,DE,,B,True,3,330,21,16.31,0.058,0.42,,8,P8014,Beauty,NONE
EVT200292,C69363,S1805604010,product_view,2025-05-16 11:56:24,mobile,Opera,Linux,social,US,OH,A,True,6,458,40,25.54,0.113,0.02,,5,P6882,Pets,WELCOME10
EVT200293,C31773,S6585412801,product_view,2024-01-18 06:59:45,mobile,Firefox,iOS,direct,FR,,B,True,3,112,19,39.26,0.055,0.015,,7,P5606,Electronics,FREESHIP
EVT200294,C31361,S5690041273,purchase,2024-12-10 23:23:00,tablet,Opera,iOS,direct,FR,,A,True,5,404,5,116.27,0.138,0.433,approved,10,P7019,Automotive,NONE
EVT200295,C45776,S5962684871,page_view,2024-09-02 11:35:16,mobile,Edge,macOS,direct,IN,,A,False,2,114,38,5.77,0.019,0.361,,6,,,NONE
EVT200296,C25926,S1835463357,payment_attempt,2025-02-20 21:51:46,mobile,Edge,Android,direct,GB,,A,True,4,304,25,158.87,0.305,0.317,approved,3,,,WELCOME10
EVT200297,C42323,S5262435891,purchase,2024-03-27 21:09:03,mobile,Edge,Android,direct,FR,,B,True,3,263,5,126.0,0.166,0.138,approved,4,P7857,Toys,NONE
EVT200298,C87356,S8778304531,purchase,2024-06-15 22:22:25,mobile,Firefox,macOS,organic_search,MX,,A,True,3,268,28,60.41,0.165,0.0,approved,10,P3155,Pets,WELCOME10
EVT200299,C77715,S8769772903,product_view,2025-06-29 07:49:14,mobile,Firefox,macOS,social,BR,,A,True,6,323,39,4.57,0.166,0.317,,8,P4700,Home,NONE
EVT200300,C13607,S9308701688,checkout_start,2024-05-16 04:24:32,mobile,Safari,macOS,social,BR,,B,True,4,463,16,79.51,0.164,0.169,,7,,,WELCOME10
EVT200301,C70264,S6355378886,product_view,2024-06-04 16:52:35,mobile,Firefox,Android,direct,GB,,A,False,10,417,42,1.45,0.183,0.305,,7,P3503,Sports,NONE
EVT200302,C65943,S7512080488,page_view,2024-04-20 13:39:58,desktop,Firefox,iOS,paid_search,IN,,A,False,3,445,47,31.45,0.213,0.174,,6,,,HOLIDAY20
EVT200303,C51133,S5146463508,product_view,2024-07-01 12:50:26,desktop,Safari,iOS,direct,MX,,B,True,4,279,72,11.08,0.153,0.359,,6,P5114,Electronics,NONE
EVT200304,C81558,S6687456045,page_view,2024-04-14 23:45:02,desktop,Edge,Android,paid_search,MX,,B,False,2,292,23,15.21,0.075,0.641,,5,,,NONE
EVT200305,C42839,S5796784531,page_view,2024-06-20 01:20:41,mobile,Edge,Android,direct,CA,,B,True,4,479,41,0.01,0.197,0.199,,8,,,NONE
EVT200306,C45322,S6598993219,product_view,2025-02-01 17:47:13,desktop,Chrome,iOS,affiliate,BR,,B,False,2,359,41,35.49,0.136,0.284,,9,P5367,Toys,NONE
EVT200307,C35597,S2807812316,add_to_cart,2024-11-27 19:55:56,desktop,Opera,macOS,organic_search,GB,,A,True,4,109,29,124.23,0.15,0.0,,3,P9385,Toys,FREESHIP
EVT200308,C71256,S5581645385,payment_attempt,2024-06-29 19:06:45,desktop,Firefox,Windows,direct,AU,,B,True,5,568,51,53.31,0.023,0.204,approved,3,,,VIP25
EVT200309,C47218,S1829441139,product_view,2024-04-10 03:19:43,mobile,Edge,macOS,email,FR,,A,True,6,202,45,35.5,0.181,0.052,,3,P1163,Pets,NONE
EVT200310,C48008,S4921365413,page_view,2024-03-29 02:32:32,desktop,Chrome,Android,affiliate,BR,,A,True,4,349,30,38.67,0.058,0.164,,10,,,NONE
EVT200311,C83319,S3900010991,page_view,2025-04-07 16:16:02,mobile,Safari,Linux,direct,FR,,B,True,7,392,36,10.12,0.049,0.281,,2,,,NONE
EVT200312,C67414,S8640480375,checkout_start,2024-12-11 17:10:42,mobile,Opera,Linux,direct,US,WY,B,False,2,498,48,96.68,0.248,0.243,,6,,,NONE
EVT200313,C97956,S1810130564,product_view,2024-07-19 18:58:16,mobile,Opera,Android,paid_search,US,LA,A,True,2,193,33,23.02,0.052,0.39,,5,P7942,Books,NONE
EVT200314,C56091,S7914346333,page_view,2025-03-02 09:30:56,mobile,Chrome,Windows,organic_search,CA,,A,False,4,330,31,1.19,0.104,0.131,,8,,,NONE
EVT200315,C50709,S6113233146,product_view,2024-05-09 08:42:48,desktop,Firefox,Linux,email,CA,,A,False,1,186,75,42.16,0.108,0.076,,9,P1933,Books,HOLIDAY20
EVT200316,C76762,S9923699983,product_view,2024-10-18 22:51:12,tablet,Safari,iOS,organic_search,DE,,A,True,4,313,26,26.05,0.172,0.19,,5,P1607,Grocery,VIP25
EVT200317,C21625,S8193891546,purchase,2025-05-05 07:46:49,mobile,Firefox,Linux,organic_search,AU,,B,False,3,289,56,100.83,0.105,0.08,approved,9,P5454,Home,NONE
EVT200318,C56248,S1776462822,checkout_start,2024-02-13 17:08:37,desktop,Firefox,Android,direct,AU,,B,True,5,225,42,47.91,0.109,0.118,,2,,,FREESHIP
EVT200319,C78217,S7525162346,add_to_cart,2025-04-03 00:08:08,desktop,Opera,iOS,organic_search,FR,,B,False,1,441,8,67.65,0.101,0.0,,9,P5115,Books,NONE
EVT200320,C50530,S3452426016,add_to_cart,2024-06-14 04:08:13,mobile,Firefox,Windows,organic_search,GB,,B,True,7,336,79,150.46,0.014,0.0,,3,P6688,Beauty,NONE
EVT200321,C36373,S7193514832,add_to_cart,2024-09-13 14:53:18,desktop,Chrome,Android,direct,FR,,B,True,3,153,57,67.54,0.054,0.449,,8,P4449,Beauty,NONE
EVT200322,C73031,S3206786315,product_view,2024-11-15 20:02:15,mobile,Chrome,macOS,organic_search,GB,,A,True,3,80,39,40.06,0.026,0.285,,6,P7736,Home,NONE
EVT200323,C99076,S8069260473,page_view,2025-05-17 07:04:18,mobile,Chrome,Linux,paid_search,US,IN,B,True,6,280,29,40.46,0.025,0.088,,7,,,NONE
EVT200324,C62507,S2696742816,page_view,2024-09-18 18:57:19,desktop,Opera,iOS,email,US,NE,A,False,1,269,55,5.0,0.135,0.0,,10,,,NONE
EVT200325,C61122,S3371847368,checkout_start,2024-06-30 19:13:42,mobile,Chrome,Android,direct,BR,,A,False,5,566,30,43.32,0.146,0.228,,3,,,NONE
EVT200326,C29052,S2355250707,payment_attempt,2024-07-10 17:02:05,desktop,Edge,Android,affiliate,IN,,A,True,4,374,52,151.1,0.028,0.061,approved,10,,,FREESHIP
EVT200327,C96412,S4116848853,page_view,2024-01-31 11:23:46,tablet,Edge,macOS,organic_search,AU,,B,True,2,425,39,20.58,0.176,0.0,,4,,,NONE
EVT200328,C74936,S5444215863,page_view,2024-03-21 15:17:58,mobile,Opera,Windows,direct,DE,,B,False,2,302,22,14.53,0.051,0.304,,1,,,NONE
EVT200329,C31875,S7951112009,payment_attempt,2025-05-26 16:30:53,desktop,Opera,Linux,direct,FR,,B,True,4,178,48,65.42,0.078,0.098,approved,9,,,NONE
EVT200330,C32921,S4922978636,purchase,2024-11-21 14:45:46,desktop,Opera,Android,organic_search,CA,,B,True,2,231,44,208.8,0.161,0.276,approved,2,P2262,Sports,FREESHIP
EVT200331,C42542,S7051576363,checkout_start,2024-02-13 19:29:16,mobile,Firefox,Windows,affiliate,BR,,B,False,6,395,43,56.08,0.124,0.002,,5,,,WELCOME10
EVT200332,C76534,S3705792480,page_view,2024-12-30 19:20:26,mobile,Opera,Windows,direct,MX,,B,True,4,437,43,29.0,0.128,0.0,,5,,,WELCOME10
EVT200333,C74422,S3739072371,add_to_cart,2024-04-01 14:32:01,desktop,Edge,Linux,email,BR,,B,True,4,436,38,33.98,0.135,0.0,,5,P7741,Pets,NONE
EVT200334,C49865,S3419539079,product_view,2024-05-04 15:39:58,mobile,Edge,macOS,email,MX,,A,False,6,184,33,18.68,0.178,0.17,,2,P8226,Beauty,NONE
EVT200335,C25739,S7255920830,page_view,2024-06-20 05:03:34,mobile,Firefox,macOS,direct,AU,,A,True,2,533,32,42.99,0.0,0.0,,8,,,FREESHIP
EVT200336,C28189,S5809053625,page_view,2024-04-26 21:53:30,mobile,Edge,Linux,email,CA,,B,True,2,267,26,18.54,0.131,0.0,,5,,,FREESHIP
EVT200337,C47608,S9473333948,add_to_cart,2025-05-28 13:01:30,mobile,Safari,Android,organic_search,MX,,B,False,4,379,62,23.87,0.1,0.049,,2,P4502,Sports,NONE
EVT200338,C50822,S9031947615,checkout_start,2024-10-09 10:03:24,mobile,Opera,Windows,paid_search,MX,,A,False,3,442,62,83.36,0.095,0.051,,8,,,NONE
EVT200339,C78870,S9502223635,product_view,2024-09-20 21:02:19,desktop,Chrome,Android,organic_search,FR,,A,False,6,453,18,2.0,0.21,0.211,,10,P6273,Books,NONE
EVT200340,C90392,S5330870282,product_view,2025-01-07 15:46:37,mobile,Firefox,macOS,organic_search,GB,,A,False,6,213,48,44.83,0.096,0.0,,6,P9548,Automotive,NONE
EVT200341,C91650,S5940425272,add_to_cart,2025-05-23 00:01:10,mobile,Firefox,Linux,direct,US,SD,B,False,4,557,19,49.68,0.157,0.067,,4,P8262,Home,HOLIDAY20
EVT200342,C48645,S8093875702,page_view,2025-01-12 23:41:18,desktop,Firefox,macOS,direct,FR,,A,False,4,373,60,19.77,0.294,0.0,,9,,,NONE
EVT200343,C31264,S4657498904,page_view,2024-10-27 10:13:59,mobile,Firefox,Windows,paid_search,IN,,A,True,1,374,21,14.48,0.13,0.177,,6,,,WELCOME10
EVT200344,C28863,S8830678662,product_view,2024-05-14 22:41:55,desktop,Chrome,Windows,organic_search,DE,,B,False,2,257,28,27.99,0.28,0.159,,7,P9099,Books,NONE
EVT200345,C11099,S9989088028,page_view,2024-03-30 19:21:09,desktop,Safari,iOS,social,MX,,B,True,5,250,53,37.89,0.092,0.032,,5,,,NONE
EVT200346,C72774,S4342808173,product_view,2024-10-22 14:31:22,desktop,Firefox,Linux,paid_search,US,NJ,A,False,4,350,49,23.56,0.146,0.304,,1,P9390,Pets,NONE
EVT200347,C61521,S2189243584,add_to_cart,2025-04-30 04:47:18,mobile,Safari,iOS,direct,US,MD,A,False,3,482,9,96.84,0.146,0.046,,1,P9585,Apparel,WELCOME10
EVT200348,C34310,S5435223651,add_to_cart,2025-05-09 05:14:21,mobile,Safari,Windows,affiliate,US,SD,B,False,5,131,64,72.0,0.0,0.064,,3,P1671,Beauty,VIP25
EVT200349,C82539,S5736432124,checkout_start,2024-08-31 20:21:42,mobile,Firefox,Android,email,AU,,B,True,5,391,38,153.41,0.094,0.141,,6,,,NONE
EVT200350,C51879,S1793510840,product_view,2024-01-21 02:13:14,mobile,Opera,Linux,organic_search,DE,,A,False,5,533,33,34.95,0.207,0.0,,6,P6077,Pets,FREESHIP
EVT200351,C16207,S5422235112,payment_attempt,2024-02-25 18:11:01,mobile,Safari,iOS,affiliate,BR,,A,True,2,344,38,83.6,0.282,0.0,approved,5,,,WELCOME10
EVT200352,C25305,S1135059467,payment_attempt,2025-03-06 14:11:30,desktop,Firefox,Android,direct,FR,,B,False,2,488,33,173.66,0.143,0.199,approved,7,,,NONE
EVT200353,C20530,S5459305598,payment_attempt,2025-01-28 20:50:43,tablet,Opera,Windows,direct,IN,,A,False,4,433,71,49.72,0.086,0.321,approved,2,,,NONE
EVT200354,C79717,S6167261375,page_view,2024-05-01 16:04:56,desktop,Firefox,Linux,paid_search,AU,,B,True,1,330,44,20.22,0.241,0.0,,1,,,NONE
EVT200355,C36005,S4674614971,product_view,2024-05-06 21:47:52,mobile,Safari,iOS,social,DE,,B,True,4,460,40,40.16,0.171,0.118,,6,P6143,Automotive,NONE
EVT200356,C19540,S2323472931,payment_attempt,2024-08-09 03:36:57,mobile,Opera,macOS,organic_search,GB,,A,False,5,419,61,171.74,0.138,0.33,approved,9,,,NONE
EVT200357,C22746,S8563016756,add_to_cart,2024-08-17 05:45:12,desktop,Chrome,macOS,paid_search,US,MN,B,True,3,427,30,165.73,0.201,0.284,,3,P1103,Pets,NONE
EVT200358,C65498,S3500473299,page_view,2024-10-02 18:40:22,desktop,Chrome,macOS,direct,US,MI,B,True,1,532,45,5.33,0.059,0.0,,8,,,NONE
EVT200359,C56475,S4488651401,product_view,2024-02-13 18:05:31,mobile,Edge,macOS,social,US,AK,A,True,5,304,25,22.93,0.216,0.215,,7,P8056,Home,NONE
EVT200360,C19971,S1967436952,product_view,2024-06-23 01:24:13,mobile,Safari,Linux,organic_search,MX,,B,True,4,280,18,28.89,0.324,0.041,,4,P2712,Sports,WELCOME10
EVT200361,C99233,S7681351297,page_view,2024-10-10 00:38:54,mobile,Safari,Linux,direct,IN,,A,True,6,257,38,40.04,0.16,0.049,,2,,,HOLIDAY20
EVT200362,C95623,S4324511473,add_to_cart,2024-01-29 16:49:42,desktop,Opera,macOS,organic_search,IN,,A,False,5,613,9,184.22,0.18,0.171,,2,P7856,Toys,NONE
EVT200363,C16169,S6150399579,checkout_start,2025-06-20 03:31:30,mobile,Edge,Android,direct,GB,,B,False,3,438,18,151.59,0.154,0.293,,5,,,NONE
EVT200364,C57801,S2481189028,page_view,2025-01-08 03:16:03,tablet,Firefox,Windows,paid_search,US,ME,B,True,3,227,52,22.37,0.066,0.0,,5,,,HOLIDAY20
EVT200365,C64715,S5987542134,checkout_start,2024-04-13 10:06:00,mobile,Opera,Linux,organic_search,IN,,B,True,2,252,89,95.05,0.092,0.042,,3,,,VIP25
EVT200366,C25057,S1781675860,return_initiated,2024-04-20 11:13:31,desktop,Chrome,Linux,direct,BR,,A,True,4,441,56,210.1,0.069,0.099,,3,P9580,Electronics,NONE
EVT200367,C89855,S5096077025,page_view,2025-01-23 12:33:12,desktop,Firefox,Android,direct,IN,,A,False,2,341,5,32.61,0.334,0.437,,2,,,NONE
EVT200368,C67944,S4985405829,add_to_cart,2025-03-03 01:29:07,mobile,Opera,Linux,paid_search,CA,,A,True,4,348,25,42.36,0.166,0.065,,7,P5301,Electronics,NONE
EVT200369,C35344,S2769655231,checkout_start,2024-02-12 21:28:33,desktop,Safari,iOS,organic_search,IN,,A,False,4,112,35,77.01,0.231,0.026,,9,,,NONE
EVT200370,C54911,S4842833889,payment_attempt,2024-08-18 13:00:55,desktop,Chrome,macOS,direct,US,NC,A,False,7,137,5,90.78,0.214,0.019,declined,9,,,WELCOME10
EVT200371,C27927,S8990849117,page_view,2024-08-25 08:08:11,mobile,Firefox,iOS,paid_search,US,CA,B,True,3,435,50,1.75,0.19,0.145,,6,,,NONE
EVT200372,C43718,S6607891789,page_view,2025-06-28 10:29:44,desktop,Opera,Windows,organic_search,IN,,A,False,1,421,55,34.89,0.0,0.048,,10,,,HOLIDAY20
EVT200373,C72361,S3988105908,page_view,2024-03-31 14:29:35,desktop,Chrome,Linux,email,DE,,B,False,4,113,24,17.26,0.152,0.202,,1,,,NONE
EVT200374,C67933,S4252773711,product_view,2024-07-23 05:48:16,desktop,Edge,Android,direct,BR,,A,True,3,261,15,39.3,0.121,0.0,,4,P9622,Electronics,NONE
EVT200375,C18029,S8680935486,checkout_start,2024-01-02 14:15:53,desktop,Edge,Android,direct,AU,,A,False,1,142,36,22.65,0.208,0.125,,5,,,NONE
EVT200376,C87597,S6612170989,page_view,2024-07-29 03:51:08,mobile,Chrome,Windows,direct,BR,,A,False,5,409,40,9.78,0.172,0.149,,1,,,HOLIDAY20
EVT200377,C12050,S6568696168,payment_attempt,2024-10-04 20:48:28,mobile,Chrome,Windows,social,AU,,B,True,7,185,66,141.78,0.184,0.06,approved,1,,,HOLIDAY20
EVT200378,C84609,S7729345503,add_to_cart,2024-05-05 05:25:55,desktop,Edge,macOS,organic_search,CA,,A,False,3,447,45,30.4,0.0,0.492,,2,P9665,Pets,NONE
EVT200379,C11751,S8921028636,checkout_start,2024-12-22 18:58:38,desktop,Chrome,macOS,social,MX,,A,True,2,456,38,83.94,0.181,0.182,,9,,,NONE
EVT200380,C90936,S3029579254,add_to_cart,2024-04-29 15:45:44,desktop,Firefox,Linux,direct,IN,,B,True,3,302,63,30.16,0.133,0.131,,10,P5471,Pets,FREESHIP
EVT200381,C93048,S9182063902,product_view,2025-01-10 05:31:32,mobile,Firefox,Android,paid_search,CA,,A,False,2,222,47,15.37,0.14,0.0,,4,P7146,Pets,NONE
EVT200382,C40782,S1556491861,purchase,2025-05-05 17:05:54,desktop,Chrome,iOS,direct,BR,,B,True,6,430,70,139.19,0.102,0.262,approved,7,P3137,Pets,WELCOME10
EVT200383,C64074,S3351022111,purchase,2024-02-04 23:45:14,desktop,Safari,Linux,direct,AU,,B,True,3,411,44,141.92,0.23,0.0,approved,5,P6050,Sports,NONE
EVT200384,C27277,S7276447150,product_view,2024-04-26 01:43:28,desktop,Firefox,iOS,direct,DE,,A,False,5,276,30,36.89,0.164,0.114,,6,P1551,Pets,NONE
EVT200385,C47008,S6274494607,add_to_cart,2024-09-03 04:07:39,mobile,Safari,macOS,direct,BR,,B,True,5,322,18,50.39,0.083,0.0,,10,P7702,Automotive,NONE
EVT200386,C90249,S2539964581,product_view,2025-05-24 05:24:43,desktop,Edge,Android,paid_search,MX,,A,True,4,80,5,13.98,0.072,0.406,,10,P7735,Toys,NONE
EVT200387,C13880,S4647502154,product_view,2025-03-10 22:47:32,mobile,Firefox,Android,organic_search,AU,,B,True,6,367,42,18.38,0.073,0.052,,6,P9659,Sports,NONE
EVT200388,C64494,S6861217538,add_to_cart,2024-12-16 02:33:35,mobile,Safari,iOS,direct,FR,,B,True,3,378,55,203.03,0.126,0.361,,1,P6274,Toys,NONE
EVT200389,C78767,S6638042826,checkout_start,2024-01-18 08:59:39,mobile,Safari,Android,social,MX,,A,False,5,255,56,84.3,0.105,0.055,,1,,,WELCOME10
EVT200390,C73381,S7242302100,page_view,2024-06-03 00:21:46,desktop,Opera,Windows,direct,IN,,B,False,3,261,13,15.52,0.137,0.273,,2,,,FREESHIP
EVT200391,C32580,S1138936998,product_view,2024-04-23 22:38:06,mobile,Chrome,Windows,direct,BR,,B,True,5,177,15,26.15,0.091,0.204,,10,P3098,Books,HOLIDAY20
EVT200392,C42787,S4673605095,product_view,2024-01-06 04:38:10,mobile,Opera,Android,organic_search,FR,,A,False,1,357,49,44.3,0.105,0.018,,4,P7136,Beauty,FREESHIP
EVT200393,C93914,S9743449898,page_view,2024-07-22 07:25:59,desktop,Safari,Windows,social,US,DC,A,True,4,390,61,8.59,0.081,0.0,,10,,,NONE
EVT200394,C93859,S8174605297,page_view,2024-03-12 07:26:46,desktop,Chrome,Windows,email,BR,,B,True,3,280,47,13.6,0.223,0.108,,3,,,NONE
EVT200395,C93289,S8462021336,product_view,2025-03-04 07:57:28,desktop,Edge,Android,email,US,MO,A,True,1,559,66,25.6,0.249,0.241,,6,P2515,Sports,NONE
EVT200396,C21188,S5233838503,product_view,2024-09-22 02:55:42,mobile,Safari,Android,affiliate,MX,,B,False,6,90,5,32.3,0.092,0.0,,4,P6043,Beauty,NONE
EVT200397,C63246,S8025539845,purchase,2025-02-09 16:54:22,mobile,Safari,Linux,email,MX,,B,True,2,209,40,176.39,0.127,0.237,approved,4,P6971,Grocery,WELCOME10
EVT200398,C32126,S1095749337,product_view,2025-04-28 12:46:12,desktop,Safari,Android,paid_search,BR,,A,True,4,512,16,8.34,0.07,0.196,,3,P4794,Sports,NONE
EVT200399,C13361,S4239046244,purchase,2025-03-19 12:31:31,mobile,Edge,macOS,organic_search,GB,,A,True,5,167,24,219.94,0.065,0.158,approved,6,P5574,Pets,FREESHIP
EVT200400,C47104,S9171301693,purchase,2025-06-20 17:36:53,desktop,Firefox,Windows,organic_search,IN,,B,True,6,303,31,76.3,0.28,0.0,approved,6,P7835,Beauty,HOLIDAY20
EVT200401,C37723,S4859580076,page_view,2024-03-01 14:15:11,mobile,Chrome,Linux,direct,FR,,B,False,5,321,47,19.44,0.015,0.0,,1,,,NONE
EVT200402,C17125,S2367935318,add_to_cart,2024-04-26 20:16:21,mobile,Edge,Windows,organic_search,US,MS,B,False,7,392,29,224.84,0.06,0.167,,3,P5760,Beauty,FREESHIP
EVT200403,C33438,S5499400759,page_view,2025-04-14 15:39:43,mobile,Opera,iOS,social,DE,,B,False,2,341,32,35.29,0.19,0.121,,10,,,WELCOME10
EVT200404,C10327,S1982755723,page_view,2025-02-05 09:24:14,mobile,Edge,Android,direct,FR,,B,False,5,130,58,34.49,0.0,0.046,,10,,,NONE
EVT200405,C79554,S2602583447,product_view,2024-02-21 12:52:06,desktop,Safari,iOS,direct,IN,,B,True,4,368,48,30.68,0.16,0.0,,4,P7988,Books,NONE
EVT200406,C32997,S4709899367,page_view,2025-06-16 19:47:56,desktop,Edge,Android,direct,AU,,A,True,2,408,5,2.67,0.047,0.0,,7,,,HOLIDAY20
EVT200407,C22224,S1833924325,product_view,2024-01-24 13:31:52,mobile,Opera,macOS,organic_search,AU,,B,True,7,220,69,19.89,0.121,0.121,,9,P3018,Pets,NONE
EVT200408,C58011,S8320543996,product_view,2024-08-10 14:31:46,mobile,Opera,macOS,paid_search,CA,,A,False,3,470,32,28.19,0.0,0.265,,5,P1474,Home,HOLIDAY20
EVT200409,C15589,S1806524683,page_view,2024-12-20 10:01:07,mobile,Firefox,Linux,direct,MX,,A,False,4,458,39,6.88,0.152,0.182,,1,,,NONE
EVT200410,C76929,S2811300544,payment_attempt,2024-12-15 10:13:58,mobile,Safari,iOS,email,FR,,A,False,6,483,65,61.96,0.095,0.15,approved,3,,,WELCOME10
EVT200411,C75475,S8777005474,add_to_cart,2025-01-05 08:30:20,desktop,Firefox,Linux,direct,AU,,A,False,1,273,72,210.11,0.099,0.152,,5,P1626,Pets,FREESHIP
EVT200412,C67704,S9156064728,page_view,2024-07-09 12:45:50,mobile,Safari,Linux,direct,CA,,B,True,5,400,67,0.15,0.21,0.052,,7,,,NONE
EVT200413,C28052,S2091094978,add_to_cart,2024-02-04 10:24:55,mobile,Chrome,Linux,direct,MX,,B,True,2,430,45,165.24,0.066,0.215,,4,P9499,Books,FREESHIP
EVT200414,C13769,S1774053081,product_view,2024-01-21 15:33:01,desktop,Opera,macOS,organic_search,FR,,B,True,1,418,37,22.26,0.106,0.009,,7,P9569,Apparel,NONE
EVT200415,C61968,S1288165185,payment_attempt,2024-12-16 08:57:11,mobile,Chrome,Linux,paid_search,IN,,B,True,1,376,27,200.79,0.104,0.212,approved,2,,,NONE
EVT200416,C93434,S4925421424,checkout_start,2024-09-09 16:31:14,mobile,Safari,Windows,email,CA,,A,True,4,136,47,224.69,0.068,0.13,,4,,,WELCOME10
EVT200417,C18021,S9436109636,add_to_cart,2025-03-23 18:15:23,mobile,Chrome,Android,direct,DE,,B,False,3,329,41,78.94,0.146,0.0,,7,P2603,Electronics,HOLIDAY20
EVT200418,C97759,S1687573303,product_view,2024-01-31 03:34:41,mobile,Opera,macOS,email,MX,,B,True,3,263,22,6.87,0.029,0.264,,4,P7715,Pets,NONE
EVT200419,C62412,S8058388298,page_view,2024-08-19 05:29:34,desktop,Edge,Android,paid_search,BR,,B,True,4,387,31,11.62,0.075,0.372,,1,,,NONE
EVT200420,C21164,S4667110460,page_view,2024-07-29 17:58:31,mobile,Opera,iOS,affiliate,GB,,B,True,5,340,19,6.13,0.189,0.012,,4,,,NONE
EVT200421,C30241,S1804089890,page_view,2024-08-02 23:17:29,mobile,Opera,iOS,direct,AU,,B,False,8,80,49,22.64,0.161,0.198,,5,,,NONE
EVT200422,C83032,S6758441230,product_view,2025-02-08 19:16:33,desktop,Chrome,iOS,direct,AU,,B,True,3,536,66,18.06,0.177,0.3,,4,P6136,Home,NONE
EVT200423,C39111,S2142580519,purchase,2024-07-08 13:01:11,mobile,Opera,Android,organic_search,US,SD,B,True,5,309,27,83.33,0.071,0.162,approved,2,P7721,Toys,NONE
EVT200424,C63082,S7380843738,page_view,2024-08-14 09:00:32,mobile,Firefox,iOS,affiliate,MX,,B,True,5,315,47,1.78,0.197,0.119,,1,,,NONE
EVT200425,C14844,S8161725646,checkout_start,2025-01-31 10:31:08,mobile,Firefox,iOS,direct,FR,,A,True,5,276,57,79.01,0.063,0.084,,2,,,FREESHIP
EVT200426,C70387,S7293376031,page_view,2025-06-03 09:08:00,mobile,Chrome,Linux,direct,CA,,A,False,2,300,55,31.25,0.147,0.074,,3,,,FREESHIP
EVT200427,C15722,S6779018438,product_view,2024-10-13 06:47:22,mobile,Edge,macOS,direct,DE,,B,True,4,346,7,22.29,0.159,0.0,,7,P3736,Electronics,NONE
EVT200428,C76154,S3163555773,product_view,2025-02-08 15:43:21,desktop,Firefox,Android,email,AU,,B,False,2,596,37,24.65,0.174,0.232,,5,P2274,Apparel,NONE
EVT200429,C19593,S5132793683,product_view,2025-02-20 13:21:11,tablet,Edge,Android,direct,IN,,A,True,3,413,57,35.43,0.165,0.285,,3,P2217,Beauty,NONE
EVT200430,C61805,S5937812296,purchase,2024-04-06 08:23:50,desktop,Opera,Linux,direct,GB,,B,True,6,244,5,142.28,0.031,0.094,approved,7,P9626,Beauty,NONE
EVT200431,C19170,S1037377762,return_initiated,2025-02-11 20:22:42,desktop,Opera,Windows,direct,CA,,A,True,3,423,25,57.82,0.124,0.105,,3,P1058,Pets,WELCOME10
EVT200432,C87485,S4541356327,product_view,2024-02-07 07:45:03,mobile,Firefox,macOS,paid_search,DE,,A,True,2,288,46,42.03,0.084,0.092,,5,P3035,Sports,NONE
EVT200433,C50875,S7095753290,page_view,2024-02-24 03:26:11,desktop,Opera,iOS,social,IN,,A,True,4,311,19,26.0,0.192,0.149,,4,,,WELCOME10
EVT200434,C66431,S1815692683,product_view,2025-05-02 22:59:33,desktop,Safari,macOS,direct,AU,,B,False,7,244,59,9.61,0.051,0.278,,8,P9800,Home,NONE
EVT200435,C97473,S5643508536,add_to_cart,2024-06-02 02:01:26,tablet,Opera,Windows,organic_search,CA,,A,False,2,349,34,167.02,0.072,0.03,,9,P2376,Apparel,WELCOME10
EVT200436,C27190,S3412334455,product_view,2024-01-31 05:16:01,desktop,Edge,Android,social,FR,,A,True,2,488,82,32.49,0.094,0.0,,9,P3224,Books,NONE
EVT200437,C22624,S2180177314,product_view,2024-03-23 02:12:40,mobile,Edge,Linux,direct,FR,,B,False,5,510,57,7.57,0.127,0.29,,10,P7145,Electronics,HOLIDAY20
EVT200438,C75121,S8478364286,product_view,2025-03-18 16:27:53,desktop,Opera,Android,email,CA,,A,False,4,696,34,38.64,0.11,0.095,,10,P3168,Home,NONE
EVT200439,C30650,S5149980533,page_view,2024-06-12 01:42:11,desktop,Firefox,Android,direct,MX,,A,False,2,170,63,35.03,0.037,0.084,,4,,,NONE
EVT200440,C98611,S6964957471,page_view,2024-08-25 15:47:27,desktop,Opera,iOS,direct,MX,,B,True,7,358,26,6.41,0.207,0.188,,1,,,VIP25
EVT200441,C79712,S3811675788,add_to_cart,2024-05-06 05:37:32,mobile,Opera,iOS,organic_search,GB,,B,True,2,482,42,33.61,0.042,0.0,,8,P1416,Beauty,NONE
EVT200442,C94447,S6447059266,payment_attempt,2024-10-28 12:29:26,desktop,Chrome,iOS,social,AU,,B,False,6,340,67,20.92,0.168,0.082,approved,1,,,NONE
EVT200443,C75259,S4218909937,add_to_cart,2025-01-20 05:16:36,desktop,Safari,iOS,email,BR,,B,True,4,463,75,53.78,0.193,0.067,,7,P5607,Home,NONE
EVT200444,C29195,S8408496744,payment_attempt,2024-04-05 03:02:26,desktop,Edge,Android,direct,FR,,B,False,7,335,55,184.92,0.251,0.0,approved,9,,,FREESHIP
EVT200445,C36078,S9779474213,payment_attempt,2025-03-23 17:10:51,mobile,Firefox,macOS,organic_search,US,VA,A,True,5,370,35,182.08,0.208,0.29,approved,7,,,NONE
EVT200446,C27800,S6367994206,product_view,2024-02-15 02:00:25,desktop,Chrome,Linux,direct,BR,,A,False,3,467,46,1.07,0.06,0.265,,5,P9842,Beauty,VIP25
EVT200447,C77442,S9784723467,page_view,2024-12-30 18:25:31,mobile,Chrome,Android,organic_search,AU,,A,True,5,237,65,25.65,0.094,0.0,,5,,,NONE
EVT200448,C64043,S4101901485,page_view,2024-08-04 23:14:31,mobile,Opera,Android,organic_search,AU,,A,False,3,385,58,37.88,0.152,0.054,,4,,,NONE
EVT200449,C53210,S4349901644,product_view,2025-05-28 16:11:34,mobile,Safari,Android,paid_search,CA,,B,False,2,251,40,5.21,0.0,0.0,,10,P9784,Home,HOLIDAY20
EVT200450,C62412,S9412558835,add_to_cart,2025-06-10 21:50:30,mobile,Safari,Windows,organic_search,FR,,B,True,3,258,59,139.05,0.164,0.0,,1,P2338,Electronics,HOLIDAY20
EVT200451,C98808,S6925499692,payment_attempt,2024-05-09 18:30:08,mobile,Firefox,Windows,paid_search,DE,,A,True,7,168,59,178.36,0.117,0.02,approved,10,,,NONE
EVT200452,C36407,S6435633384,add_to_cart,2024-11-10 06:41:59,desktop,Safari,Linux,social,DE,,B,False,5,343,81,78.78,0.085,0.109,,5,P7694,Books,NONE
EVT200453,C84527,S2621034112,product_view,2025-02-02 20:36:33,desktop,Firefox,iOS,direct,FR,,A,True,2,290,60,4.28,0.0,0.286,,7,P1226,Electronics,NONE
EVT200454,C73927,S4018181926,page_view,2024-07-04 03:48:57,mobile,Opera,macOS,email,FR,,B,False,5,466,37,23.27,0.216,0.112,,3,,,NONE
EVT200455,C48189,S8374566946,product_view,2024-11-11 12:13:21,mobile,Firefox,Linux,organic_search,BR,,A,True,2,444,52,21.42,0.104,0.082,,1,P9513,Electronics,FREESHIP
EVT200456,C25292,S7042886966,add_to_cart,2025-05-15 15:08:37,mobile,Chrome,Android,direct,MX,,A,False,5,527,7,88.01,0.191,0.149,,5,P1384,Sports,WELCOME10
EVT200457,C39179,S7739924171,add_to_cart,2025-03-22 04:05:08,mobile,Chrome,Android,direct,MX,,B,True,3,378,64,112.29,0.14,0.15,,6,P8473,Grocery,FREESHIP
EVT200458,C12070,S4615982553,checkout_start,2025-06-29 16:33:37,mobile,Opera,iOS,email,DE,,B,True,4,537,43,160.8,0.158,0.204,,1,,,NONE
EVT200459,C90102,S8254721660,checkout_start,2024-10-22 17:16:05,desktop,Firefox,Android,organic_search,BR,,A,True,4,202,36,84.93,0.199,0.166,,4,,,WELCOME10
EVT200460,C19230,S8758144761,add_to_cart,2025-02-18 09:19:41,desktop,Edge,macOS,organic_search,GB,,B,True,4,365,26,182.55,0.113,0.267,,1,P4974,Pets,NONE
EVT200461,C99964,S3109144489,checkout_start,2024-01-15 14:51:17,mobile,Edge,Linux,direct,MX,,B,False,2,406,37,119.35,0.158,0.054,,8,,,NONE
EVT200462,C88882,S3610522201,add_to_cart,2024-01-21 14:43:24,mobile,Safari,Linux,affiliate,DE,,B,True,6,252,50,155.04,0.109,0.145,,2,P1451,Apparel,WELCOME10
EVT200463,C80653,S8323056130,page_view,2025-03-09 09:26:57,desktop,Firefox,Android,direct,IN,,B,False,1,297,62,4.62,0.081,0.202,,9,,,WELCOME10
EVT200464,C59772,S6938021222,payment_attempt,2024-08-03 08:19:44,desktop,Safari,Linux,social,GB,,B,True,4,333,57,131.39,0.269,0.208,approved,5,,,NONE
EVT200465,C62697,S2806738034,page_view,2025-05-01 08:46:39,mobile,Chrome,macOS,direct,IN,,B,False,3,430,42,16.91,0.185,0.0,,8,,,NONE
EVT200466,C92767,S6379006122,purchase,2024-03-14 02:23:57,tablet,Opera,iOS,social,GB,,A,True,5,468,43,113.29,0.156,0.304,approved,5,P3894,Electronics,NONE
EVT200467,C76259,S6314764109,purchase,2024-12-27 20:21:54,mobile,Safari,Linux,direct,DE,,B,False,4,285,40,143.92,0.15,0.299,approved,1,P1686,Home,NONE
EVT200468,C57213,S5387921493,product_view,2024-08-22 00:22:56,mobile,Chrome,Android,organic_search,FR,,A,True,6,382,80,40.65,0.094,0.115,,5,P1762,Sports,NONE
EVT200469,C12954,S6861167355,page_view,2025-03-18 13:12:11,tablet,Chrome,macOS,direct,CA,,A,False,2,431,18,3.02,0.181,0.155,,7,,,FREESHIP
EVT200470,C87405,S5010140574,checkout_start,2024-02-12 05:23:13,mobile,Chrome,Linux,direct,BR,,A,False,3,80,41,165.62,0.187,0.299,,2,,,NONE
EVT200471,C68834,S9356298477,product_view,2025-03-19 04:32:27,mobile,Chrome,Android,organic_search,MX,,B,False,6,205,39,36.74,0.073,0.0,,10,P6089,Books,NONE
EVT200472,C79380,S6889555340,add_to_cart,2024-12-16 07:43:54,mobile,Opera,iOS,direct,IN,,B,False,1,463,10,157.49,0.155,0.102,,10,P3147,Pets,NONE
EVT200473,C13263,S4505825603,checkout_start,2024-11-27 12:01:01,mobile,Opera,Linux,social,AU,,A,False,3,541,36,153.66,0.104,0.047,,10,,,NONE
EVT200474,C98621,S6843596461,product_view,2025-02-22 01:34:42,desktop,Safari,Windows,affiliate,CA,,B,False,3,217,18,19.51,0.203,0.192,,9,P4140,Automotive,HOLIDAY20
EVT200475,C34835,S9202483300,product_view,2024-03-24 08:06:28,desktop,Safari,iOS,organic_search,IN,,B,True,3,380,48,1.52,0.259,0.247,,5,P3456,Toys,NONE
EVT200476,C40544,S4067151953,checkout_start,2025-03-02 23:25:36,desktop,Chrome,Linux,organic_search,DE,,B,True,6,430,58,30.93,0.182,0.01,,8,,,NONE
EVT200477,C90136,S2859938531,checkout_start,2024-11-19 22:37:46,mobile,Opera,iOS,direct,BR,,A,False,5,151,23,29.65,0.16,0.197,,3,,,NONE
EVT200478,C87730,S5859141970,return_initiated,2024-12-25 07:24:24,tablet,Safari,Linux,affiliate,AU,,B,False,2,345,56,105.23,0.147,0.306,,3,P2484,Sports,FREESHIP
EVT200479,C40426,S6584428706,product_view,2024-05-12 07:17:33,desktop,Chrome,iOS,paid_search,DE,,B,True,2,385,66,24.97,0.039,0.259,,9,P4820,Apparel,NONE
EVT200480,C53142,S4262227389,payment_attempt,2024-05-29 23:52:10,desktop,Firefox,Linux,paid_search,US,WA,B,True,3,167,28,92.66,0.249,0.061,approved,6,,,NONE
EVT200481,C72151,S9586429764,checkout_start,2024-01-22 07:38:26,mobile,Firefox,Android,paid_search,MX,,A,True,6,196,22,116.51,0.226,0.221,,2,,,NONE
EVT200482,C29812,S4259841971,page_view,2024-07-14 13:39:12,desktop,Safari,macOS,social,IN,,A,False,3,307,43,32.48,0.255,0.0,,1,,,FREESHIP
EVT200483,C14332,S1583185064,page_view,2025-02-20 12:51:46,mobile,Firefox,Linux,organic_search,MX,,A,False,4,471,32,10.45,0.282,0.367,,6,,,NONE
EVT200484,C51695,S1136760417,add_to_cart,2024-05-12 03:05:44,mobile,Safari,macOS,direct,AU,,B,False,6,280,28,43.1,0.245,0.163,,8,P2450,Pets,FREESHIP
EVT200485,C80555,S9754759995,product_view,2024-06-30 17:23:47,desktop,Edge,iOS,organic_search,MX,,A,False,3,361,68,48.29,0.0,0.095,,8,P7708,Pets,WELCOME10
EVT200486,C72351,S8036984392,add_to_cart,2024-10-30 02:27:18,mobile,Opera,macOS,paid_search,DE,,B,False,1,180,44,151.64,0.058,0.004,,2,P8448,Books,NONE
EVT200487,C14642,S1214974719,payment_attempt,2025-02-23 01:33:17,mobile,Edge,macOS,social,MX,,A,False,3,96,56,200.5,0.196,0.374,approved,2,,,NONE
EVT200488,C33103,S5620247814,product_view,2024-08-01 19:28:18,mobile,Safari,macOS,direct,AU,,A,True,5,327,62,2.25,0.132,0.225,,6,P7468,Automotive,WELCOME10
EVT200489,C37403,S3908333454,add_to_cart,2024-02-25 14:51:32,mobile,Edge,iOS,paid_search,US,MN,A,True,6,446,21,133.6,0.088,0.03,,9,P7972,Apparel,NONE
EVT200490,C52427,S1904245501,product_view,2024-04-17 01:18:34,desktop,Edge,macOS,email,CA,,B,True,5,295,47,42.23,0.02,0.105,,8,P5803,Books,WELCOME10
EVT200491,C23626,S4298226173,product_view,2024-02-11 13:11:39,tablet,Chrome,Android,paid_search,IN,,A,False,5,430,18,13.42,0.098,0.152,,7,P6651,Automotive,NONE
EVT200492,C76169,S1205066646,product_view,2024-10-04 08:17:56,desktop,Opera,Android,email,GB,,A,False,2,367,30,43.1,0.073,0.151,,8,P8501,Sports,NONE
EVT200493,C77021,S6020179303,page_view,2025-06-06 16:00:21,mobile,Firefox,Windows,direct,FR,,B,True,4,231,41,4.3,0.198,0.329,,9,,,NONE
EVT200494,C27798,S4442130794,product_view,2024-01-14 00:14:04,desktop,Opera,Linux,organic_search,BR,,B,False,3,229,11,27.59,0.042,0.0,,8,P7633,Home,NONE
EVT200495,C90289,S1959763718,product_view,2025-01-18 12:03:05,desktop,Firefox,iOS,organic_search,BR,,B,False,2,279,62,16.7,0.059,0.044,,7,P3362,Sports,NONE
EVT200496,C84045,S2267912042,product_view,2024-05-21 02:12:29,mobile,Chrome,Linux,direct,US,WI,B,False,4,190,48,36.63,0.169,0.057,,1,P8762,Books,NONE
EVT200497,C89856,S4526136190,page_view,2024-11-12 03:55:55,mobile,Chrome,Windows,social,CA,,B,True,5,240,46,4.87,0.237,0.074,,4,,,HOLIDAY20
EVT200498,C52153,S1854566982,page_view,2024-04-10 14:06:44,desktop,Opera,Windows,direct,BR,,B,True,2,177,5,1.91,0.088,0.23,,9,,,NONE
EVT200499,C98429,S4972010656,purchase,2024-01-14 12:02:46,desktop,Firefox,iOS,email,DE,,A,True,6,463,49,134.88,0.102,0.074,approved,5,P3902,Sports,NONE
EVT200500,C65265,S3906518218,product_view,2025-04-20 20:17:17,desktop,Firefox,Linux,organic_search,MX,,A,False,1,373,35,18.83,0.142,0.294,,2,P5449,Books,NONE
EVT200501,C60128,S7181896528,product_view,2024-08-01 11:59:53,mobile,Firefox,Linux,social,US,WA,A,True,3,402,45,14.78,0.069,0.087,,6,P6890,Grocery,NONE
EVT200502,C69103,S8335093731,payment_attempt,2024-10-22 18:28:55,mobile,Safari,macOS,direct,AU,,B,True,1,574,23,212.67,0.136,0.192,approved,3,,,FREESHIP
EVT200503,C43669,S2336987849,purchase,2025-06-07 00:16:48,mobile,Edge,Linux,direct,MX,,B,True,5,230,76,160.83,0.095,0.028,approved,4,P6199,Automotive,FREESHIP
EVT200504,C74002,S9751455266,add_to_cart,2024-05-30 02:01:27,desktop,Firefox,iOS,paid_search,CA,,A,False,7,257,73,110.58,0.134,0.058,,8,P9406,Grocery,FREESHIP
EVT200505,C32789,S9245855757,product_view,2024-09-15 12:17:07,desktop,Opera,iOS,direct,DE,,A,True,2,265,9,36.09,0.098,0.335,,5,P5410,Beauty,FREESHIP
EVT200506,C30793,S2133108361,payment_attempt,2024-08-31 14:08:52,mobile,Chrome,iOS,organic_search,IN,,B,False,7,410,12,140.75,0.148,0.0,declined,8,,,HOLIDAY20
EVT200507,C66534,S4968467297,add_to_cart,2024-03-09 23:28:20,desktop,Opera,Android,paid_search,DE,,B,False,3,106,59,144.18,0.143,0.179,,2,P4835,Automotive,NONE
EVT200508,C90502,S9818291310,page_view,2025-06-01 05:44:23,desktop,Edge,iOS,direct,CA,,A,True,4,481,56,3.63,0.068,0.113,,9,,,NONE
EVT200509,C71601,S5337817821,page_view,2024-09-06 09:20:33,desktop,Firefox,Android,direct,BR,,A,True,5,185,41,37.3,0.078,0.0,,3,,,WELCOME10
EVT200510,C76112,S1685768903,purchase,2024-04-22 15:18:00,desktop,Firefox,iOS,organic_search,US,OH,B,True,4,478,33,143.39,0.04,0.427,approved,2,P9721,Home,HOLIDAY20
EVT200511,C94049,S9943915800,add_to_cart,2024-05-08 17:13:28,mobile,Firefox,macOS,paid_search,BR,,B,True,5,620,15,160.91,0.243,0.0,,5,P9923,Beauty,NONE
EVT200512,C47535,S4604099044,page_view,2024-02-26 01:38:08,desktop,Chrome,Linux,email,MX,,B,False,5,107,46,9.06,0.177,0.233,,10,,,WELCOME10
EVT200513,C57716,S2057586259,product_view,2024-02-28 13:37:19,desktop,Edge,Linux,organic_search,GB,,B,True,2,371,48,44.98,0.074,0.252,,2,P1570,Pets,NONE
EVT200514,C95969,S5362182739,product_view,2024-12-22 11:41:49,mobile,Chrome,Windows,direct,BR,,B,True,3,378,33,30.24,0.165,0.051,,5,P4954,Grocery,NONE
EVT200515,C27853,S9177607832,add_to_cart,2024-02-01 14:20:36,mobile,Edge,macOS,paid_search,US,MD,B,False,3,285,69,212.3,0.145,0.0,,9,P9691,Beauty,HOLIDAY20
EVT200516,C68429,S1839271807,payment_attempt,2025-02-13 18:18:59,mobile,Opera,Windows,paid_search,MX,,B,False,2,436,58,135.3,0.091,0.078,approved,1,,,FREESHIP
EVT200517,C70561,S8471391792,page_view,2025-06-23 06:51:01,desktop,Chrome,macOS,direct,DE,,B,True,4,382,49,38.62,0.099,0.195,,7,,,WELCOME10
EVT200518,C77637,S6371988193,product_view,2024-01-15 22:01:10,desktop,Opera,Android,organic_search,US,AK,B,False,6,256,14,35.06,0.192,0.0,,5,P7672,Electronics,NONE
EVT200519,C82258,S5294392035,checkout_start,2024-04-25 14:28:52,tablet,Edge,macOS,direct,MX,,B,True,1,256,52,71.95,0.164,0.199,,2,,,NONE
EVT200520,C12094,S3042379392,return_initiated,2025-06-12 05:51:50,tablet,Chrome,macOS,direct,AU,,B,True,8,175,51,76.15,0.148,0.0,,7,P8978,Automotive,WELCOME10
EVT200521,C85194,S8429999719,purchase,2024-02-07 02:13:50,mobile,Edge,Android,email,BR,,B,True,3,325,83,105.62,0.162,0.13,approved,5,P3149,Toys,WELCOME10
EVT200522,C87809,S6191738971,add_to_cart,2024-08-05 20:32:01,mobile,Safari,Linux,paid_search,CA,,B,False,1,409,18,208.0,0.156,0.091,,3,P2695,Automotive,FREESHIP
EVT200523,C82061,S8544738756,page_view,2024-09-25 05:25:05,mobile,Firefox,Linux,organic_search,MX,,B,True,3,376,29,21.39,0.126,0.133,,10,,,NONE
EVT200524,C16666,S4271581576,purchase,2025-03-09 11:21:31,desktop,Opera,Android,direct,US,WA,A,True,4,153,50,24.37,0.107,0.131,approved,3,P7313,Books,FREESHIP
EVT200525,C25556,S2814350393,checkout_start,2025-04-03 23:49:44,desktop,Firefox,Linux,organic_search,DE,,A,True,1,283,70,86.09,0.169,0.078,,9,,,WELCOME10
EVT200526,C90215,S8542937582,product_view,2024-12-22 06:17:51,desktop,Edge,iOS,direct,BR,,A,False,2,408,63,25.95,0.226,0.262,,5,P3354,Beauty,WELCOME10
EVT200527,C23892,S7160647195,product_view,2024-09-30 18:01:18,desktop,Safari,Android,email,DE,,A,False,3,295,41,20.02,0.163,0.198,,3,P4286,Automotive,NONE
EVT200528,C15160,S1340483508,checkout_start,2025-05-05 22:22:15,desktop,Chrome,iOS,affiliate,FR,,A,False,5,158,76,164.04,0.172,0.0,,8,,,NONE
EVT200529,C85257,S2526989386,checkout_start,2024-03-04 03:03:57,mobile,Opera,Windows,direct,BR,,A,True,5,255,41,90.37,0.211,0.251,,6,,,NONE
EVT200530,C49199,S6539652165,purchase,2024-06-16 13:02:13,mobile,Opera,macOS,email,BR,,B,True,3,522,39,122.1,0.193,0.013,approved,10,P4247,Beauty,WELCOME10
EVT200531,C36997,S7764210968,product_view,2025-02-13 02:03:11,mobile,Chrome,Android,organic_search,IN,,A,True,3,319,39,2.63,0.127,0.0,,10,P8269,Beauty,FREESHIP
EVT200532,C92107,S4735061309,add_to_cart,2025-01-24 16:51:38,desktop,Chrome,macOS,organic_search,IN,,A,True,3,437,30,106.76,0.24,0.206,,10,P5715,Beauty,NONE
EVT200533,C35772,S7849039030,product_view,2024-04-14 06:31:47,mobile,Chrome,Android,social,BR,,A,False,2,452,48,2.94,0.073,0.294,,4,P6516,Sports,FREESHIP
EVT200534,C46192,S1553056395,purchase,2025-01-23 18:20:10,desktop,Chrome,Windows,organic_search,US,ND,B,False,4,140,62,198.69,0.152,0.099,declined,9,P5770,Beauty,NONE
EVT200535,C66015,S2848983906,product_view,2024-12-10 19:44:30,tablet,Firefox,macOS,direct,BR,,B,False,5,374,23,42.34,0.071,0.104,,10,P1370,Beauty,VIP25
EVT200536,C68920,S9591588818,page_view,2024-11-29 19:47:54,desktop,Safari,iOS,direct,GB,,A,True,3,471,57,13.17,0.178,0.34,,8,,,HOLIDAY20
EVT200537,C32191,S3982260579,page_view,2024-06-22 11:30:46,tablet,Edge,iOS,paid_search,AU,,A,True,5,450,75,3.72,0.013,0.072,,2,,,HOLIDAY20
EVT200538,C26958,S9417366609,product_view,2024-08-17 15:12:40,desktop,Opera,Linux,social,IN,,A,True,1,206,74,27.33,0.156,0.0,,4,P2322,Automotive,NONE
EVT200539,C27383,S1875976671,product_view,2025-01-17 04:17:35,mobile,Safari,Linux,paid_search,DE,,B,True,3,222,28,37.03,0.069,0.0,,5,P2022,Electronics,NONE
EVT200540,C43324,S6402915690,add_to_cart,2024-01-28 15:02:00,mobile,Safari,Windows,organic_search,IN,,B,True,6,307,16,170.93,0.107,0.071,,4,P9941,Books,VIP25
EVT200541,C80153,S6542114701,page_view,2025-05-13 13:51:29,mobile,Chrome,Linux,organic_search,AU,,B,True,3,288,23,39.51,0.098,0.095,,4,,,NONE
EVT200542,C80744,S3345006618,page_view,2024-10-06 22:00:06,mobile,Firefox,Windows,affiliate,GB,,A,False,7,294,56,13.03,0.101,0.081,,6,,,FREESHIP
EVT200543,C42739,S5888407135,payment_attempt,2024-04-07 14:11:51,mobile,Edge,Windows,organic_search,IN,,B,True,4,391,37,19.37,0.268,0.118,approved,3,,,NONE
EVT200544,C28532,S5978490521,purchase,2025-01-29 05:51:32,desktop,Firefox,Android,affiliate,BR,,A,True,3,463,27,86.18,0.162,0.354,approved,10,P9161,Sports,NONE
EVT200545,C27861,S2398260269,page_view,2025-05-11 18:17:35,desktop,Opera,Windows,direct,FR,,B,True,3,224,30,19.78,0.091,0.167,,10,,,NONE
EVT200546,C56108,S5598595945,product_view,2025-04-06 10:57:22,mobile,Chrome,macOS,affiliate,BR,,A,False,3,363,87,37.08,0.172,0.07,,9,P3233,Toys,NONE
EVT200547,C23301,S5562279482,return_initiated,2025-06-02 16:06:06,mobile,Opera,Linux,direct,IN,,B,True,5,298,38,139.93,0.116,0.42,,5,P5908,Toys,HOLIDAY20
EVT200548,C94752,S7420227106,checkout_start,2025-05-02 00:27:00,mobile,Firefox,iOS,organic_search,MX,,A,False,5,236,16,183.66,0.176,0.0,,8,,,WELCOME10
EVT200549,C67887,S6711482844,return_initiated,2025-02-20 02:51:17,desktop,Safari,Windows,organic_search,BR,,A,True,5,401,5,46.96,0.094,0.065,,6,P5753,Electronics,FREESHIP
EVT200550,C55834,S9528916760,product_view,2024-05-31 21:47:37,mobile,Opera,iOS,direct,FR,,B,False,4,341,66,40.72,0.131,0.266,,4,P8474,Automotive,NONE
EVT200551,C68625,S4745845538,page_view,2024-06-07 16:02:57,tablet,Opera,Windows,organic_search,MX,,B,True,3,601,67,40.38,0.17,0.252,,3,,,NONE
EVT200552,C79519,S7655405812,add_to_cart,2024-12-01 18:37:06,mobile,Edge,macOS,social,BR,,B,True,2,306,33,27.4,0.087,0.174,,10,P3805,Books,FREESHIP
EVT200553,C72912,S6860215163,page_view,2024-11-30 17:49:14,mobile,Opera,macOS,direct,FR,,A,False,2,465,18,12.41,0.108,0.432,,2,,,NONE
EVT200554,C53010,S4414310757,page_view,2025-01-16 16:56:43,mobile,Opera,iOS,organic_search,CA,,B,True,5,212,30,0.8,0.209,0.268,,10,,,WELCOME10
EVT200555,C29053,S3357489863,payment_attempt,2025-02-11 05:55:26,mobile,Opera,macOS,direct,MX,,A,False,4,366,14,122.16,0.154,0.0,approved,3,,,NONE
EVT200556,C24329,S4610956287,page_view,2024-11-26 08:18:30,desktop,Safari,Android,email,BR,,B,False,2,433,18,46.9,0.0,0.094,,2,,,NONE
EVT200557,C61347,S5569108114,add_to_cart,2024-11-25 23:01:44,desktop,Edge,iOS,organic_search,US,KS,A,True,1,344,72,101.03,0.015,0.015,,4,P8608,Apparel,NONE
EVT200558,C95526,S6654384435,add_to_cart,2024-03-13 03:44:09,mobile,Edge,Linux,direct,FR,,A,True,3,486,11,41.98,0.083,0.512,,8,P3432,Beauty,NONE
EVT200559,C55340,S5162156796,product_view,2024-03-29 07:14:25,desktop,Safari,Linux,direct,DE,,A,True,7,431,46,4.05,0.143,0.012,,2,P5294,Sports,NONE
EVT200560,C11677,S3740761866,page_view,2025-01-23 03:18:14,desktop,Firefox,Windows,direct,DE,,A,True,2,233,34,31.71,0.045,0.225,,9,,,WELCOME10
EVT200561,C90828,S6208942213,checkout_start,2024-12-25 01:25:47,mobile,Opera,Windows,direct,BR,,A,True,5,499,60,191.38,0.061,0.431,,6,,,WELCOME10
EVT200562,C92502,S8033396936,page_view,2024-04-06 01:27:55,mobile,Chrome,Windows,social,MX,,A,False,1,352,61,38.69,0.096,0.106,,10,,,NONE
EVT200563,C57308,S1823704860,product_view,2024-10-06 20:17:10,mobile,Firefox,Windows,affiliate,DE,,A,True,2,294,29,39.28,0.108,0.096,,5,P7536,Home,WELCOME10
EVT200564,C41293,S1005924215,add_to_cart,2025-06-05 16:18:38,mobile,Edge,Windows,direct,DE,,A,True,4,254,17,128.2,0.255,0.069,,7,P2215,Electronics,VIP25
EVT200565,C55548,S1307301153,page_view,2025-05-26 01:06:40,mobile,Firefox,Windows,organic_search,GB,,A,True,5,405,57,36.26,0.078,0.017,,9,,,HOLIDAY20
EVT200566,C26139,S5367412314,product_view,2025-05-29 12:01:58,desktop,Chrome,Linux,direct,MX,,A,True,6,162,5,26.68,0.09,0.19,,7,P5984,Automotive,NONE
EVT200567,C78089,S3597655013,checkout_start,2024-01-04 06:04:46,mobile,Chrome,Windows,direct,DE,,A,True,5,324,71,100.03,0.26,0.345,,7,,,HOLIDAY20
EVT200568,C94718,S7421002127,purchase,2024-01-09 18:36:52,desktop,Opera,iOS,email,FR,,A,True,6,397,52,185.89,0.229,0.13,declined,5,P1658,Home,VIP25
EVT200569,C65695,S6070899078,purchase,2024-10-29 05:59:49,desktop,Firefox,iOS,direct,GB,,B,True,5,118,44,187.8,0.075,0.153,approved,7,P8621,Beauty,HOLIDAY20
EVT200570,C71604,S6021248124,page_view,2024-03-24 21:55:36,mobile,Chrome,Linux,direct,BR,,B,False,5,491,23,14.09,0.195,0.22,,8,,,NONE
EVT200571,C45440,S5754079220,product_view,2024-02-27 05:06:49,mobile,Safari,Android,direct,US,AZ,B,False,5,294,31,8.34,0.249,0.025,,7,P9328,Pets,FREESHIP
EVT200572,C94895,S3239780985,product_view,2025-05-18 11:29:10,mobile,Safari,Windows,direct,AU,,B,True,5,187,33,1.65,0.089,0.582,,3,P3338,Home,WELCOME10
EVT200573,C87119,S3368805375,page_view,2025-05-01 15:38:51,desktop,Opera,Android,direct,DE,,B,True,2,136,63,0.41,0.156,0.351,,2,,,WELCOME10
EVT200574,C38968,S6474553260,product_view,2025-05-22 10:55:19,tablet,Edge,iOS,organic_search,DE,,A,True,2,450,26,1.15,0.183,0.593,,3,P1485,Beauty,NONE
EVT200575,C15184,S4371140219,add_to_cart,2024-12-15 13:36:40,mobile,Opera,Windows,email,AU,,A,False,6,202,73,42.31,0.112,0.219,,6,P1417,Pets,NONE
EVT200576,C90163,S2625696333,page_view,2024-06-29 11:38:57,mobile,Safari,iOS,organic_search,GB,,A,True,4,557,12,19.36,0.055,0.114,,9,,,NONE
EVT200577,C78042,S4276061889,page_view,2024-10-06 10:26:06,mobile,Safari,iOS,paid_search,MX,,A,True,3,184,68,36.02,0.142,0.172,,4,,,NONE
EVT200578,C96124,S9831846341,page_view,2025-06-05 01:34:39,desktop,Firefox,Android,direct,MX,,A,False,3,442,7,18.9,0.112,0.012,,5,,,NONE
EVT200579,C68909,S6608256202,payment_attempt,2025-06-02 07:55:59,desktop,Opera,Windows,email,BR,,B,False,4,388,33,230.5,0.029,0.393,approved,3,,,FREESHIP
EVT200580,C79879,S3585865492,product_view,2024-06-19 11:14:00,desktop,Chrome,macOS,social,FR,,B,True,2,340,45,16.69,0.164,0.432,,6,P8655,Toys,WELCOME10
EVT200581,C68294,S5298528210,checkout_start,2024-04-23 06:21:05,desktop,Chrome,Linux,organic_search,AU,,A,True,5,81,29,180.82,0.012,0.234,,6,,,WELCOME10
EVT200582,C31966,S3709762951,product_view,2024-08-16 08:05:13,desktop,Safari,iOS,direct,FR,,B,True,1,249,29,46.1,0.04,0.207,,10,P4893,Pets,HOLIDAY20
EVT200583,C77587,S9830867081,page_view,2024-05-21 17:18:08,mobile,Chrome,Linux,organic_search,FR,,A,False,2,497,41,22.67,0.155,0.18,,7,,,NONE
EVT200584,C39340,S9134051643,product_view,2024-09-03 04:02:18,mobile,Opera,iOS,organic_search,IN,,B,True,5,322,29,0.39,0.179,0.034,,3,P2050,Apparel,HOLIDAY20
EVT200585,C35143,S2825997427,product_view,2024-10-17 19:34:09,desktop,Chrome,macOS,social,DE,,B,True,3,335,30,2.33,0.103,0.102,,3,P1622,Books,WELCOME10
EVT200586,C91155,S5257317251,purchase,2024-05-07 19:54:30,mobile,Chrome,Linux,organic_search,CA,,A,True,5,302,36,61.37,0.139,0.0,declined,3,P2318,Sports,NONE
EVT200587,C49745,S4458260466,payment_attempt,2025-04-15 01:53:32,mobile,Edge,Windows,social,IN,,A,False,5,136,40,144.84,0.137,0.058,approved,8,,,NONE
EVT200588,C30313,S7377350900,payment_attempt,2025-03-06 03:37:36,desktop,Edge,Windows,direct,FR,,B,True,2,259,31,82.62,0.077,0.0,approved,2,,,NONE
EVT200589,C94000,S1901970439,page_view,2025-05-12 20:19:54,mobile,Safari,Linux,social,MX,,B,True,5,480,27,21.68,0.134,0.171,,1,,,HOLIDAY20
EVT200590,C91012,S5896582195,payment_attempt,2025-06-27 22:09:54,mobile,Chrome,Windows,email,MX,,B,True,8,531,55,125.31,0.106,0.601,approved,5,,,HOLIDAY20
EVT200591,C96804,S2954817581,product_view,2024-02-22 04:16:32,mobile,Firefox,Android,organic_search,AU,,B,True,3,549,53,16.44,0.099,0.302,,1,P7589,Toys,WELCOME10
EVT200592,C70330,S8225666930,product_view,2025-05-12 18:42:50,desktop,Chrome,iOS,paid_search,BR,,A,True,3,546,62,23.68,0.13,0.209,,5,P6774,Automotive,NONE
EVT200593,C37212,S9873676810,add_to_cart,2025-06-05 07:35:14,mobile,Chrome,Linux,direct,GB,,B,True,5,365,29,42.24,0.117,0.102,,10,P5099,Home,WELCOME10
EVT200594,C76001,S9087933501,payment_attempt,2024-08-26 16:24:11,desktop,Firefox,Android,email,DE,,B,True,2,466,35,49.22,0.065,0.0,approved,2,,,NONE
EVT200595,C41203,S1240912001,page_view,2025-05-16 01:41:21,mobile,Edge,macOS,email,BR,,B,True,4,480,36,25.44,0.251,0.25,,6,,,VIP25
EVT200596,C60717,S5076546762,product_view,2024-01-18 12:57:24,desktop,Chrome,Windows,direct,CA,,B,False,2,227,43,33.35,0.203,0.093,,10,P7229,Beauty,WELCOME10
EVT200597,C35494,S6944247018,add_to_cart,2025-01-05 03:22:35,mobile,Edge,Android,social,BR,,B,False,5,426,32,165.68,0.083,0.0,,5,P3770,Books,NONE
EVT200598,C16162,S4949994941,payment_attempt,2024-08-23 04:03:04,desktop,Safari,Windows,organic_search,AU,,A,False,5,103,43,112.88,0.107,0.106,approved,5,,,HOLIDAY20
EVT200599,C64486,S8467995323,product_view,2024-05-27 01:53:21,mobile,Chrome,macOS,email,MX,,A,True,2,181,67,28.38,0.129,0.163,,5,P9530,Toys,NONE
EVT200600,C86978,S8620245207,product_view,2024-10-03 13:15:29,desktop,Safari,Windows,email,MX,,B,True,4,661,65,32.37,0.15,0.276,,3,P9627,Automotive,NONE
EVT200601,C85846,S1027099555,product_view,2024-09-19 21:28:48,desktop,Chrome,iOS,social,MX,,B,False,5,341,13,9.5,0.219,0.0,,7,P2643,Beauty,WELCOME10
EVT200602,C27624,S1919041723,page_view,2024-07-30 15:41:43,desktop,Opera,Linux,organic_search,US,WI,A,True,1,80,32,13.77,0.126,0.0,,1,,,HOLIDAY20
EVT200603,C69455,S2253890278,page_view,2025-03-31 23:52:00,desktop,Chrome,Linux,paid_search,US,OK,A,True,7,519,38,1.22,0.143,0.109,,7,,,NONE
EVT200604,C80411,S4640921160,page_view,2024-10-24 16:31:54,desktop,Edge,Windows,direct,FR,,A,True,6,393,60,27.7,0.21,0.014,,4,,,NONE
EVT200605,C89528,S2110407199,return_initiated,2024-06-13 06:04:50,mobile,Firefox,Windows,email,US,RI,A,False,6,434,5,78.46,0.066,0.284,,6,P9176,Toys,HOLIDAY20
EVT200606,C62976,S2628729097,page_view,2024-09-19 19:02:59,desktop,Opera,Linux,direct,BR,,B,False,6,403,34,39.19,0.196,0.025,,10,,,NONE
EVT200607,C77662,S3837534048,product_view,2024-01-03 15:06:14,desktop,Opera,macOS,social,AU,,B,True,3,428,36,22.01,0.139,0.129,,1,P3781,Home,NONE
EVT200608,C11946,S2272566222,product_view,2024-12-01 20:43:08,mobile,Safari,Android,social,GB,,B,True,4,360,63,37.33,0.118,0.192,,9,P2661,Automotive,NONE
EVT200609,C98650,S9869179244,product_view,2025-04-26 03:52:53,mobile,Opera,macOS,social,IN,,A,False,2,345,52,37.11,0.108,0.0,,4,P6477,Grocery,NONE
EVT200610,C79622,S3405310783,checkout_start,2024-02-03 21:55:52,mobile,Chrome,iOS,organic_search,BR,,A,True,3,225,35,209.1,0.046,0.092,,4,,,NONE
EVT200611,C22334,S6456069222,product_view,2024-09-13 02:20:37,desktop,Edge,Linux,organic_search,US,IL,B,True,4,195,47,30.39,0.109,0.226,,6,P6765,Sports,FREESHIP
EVT200612,C74663,S5661667272,page_view,2024-12-17 19:47:22,desktop,Edge,Windows,email,FR,,A,False,6,395,43,23.75,0.07,0.0,,4,,,FREESHIP
EVT200613,C51675,S7364233941,page_view,2024-12-18 02:18:46,mobile,Firefox,Linux,email,FR,,A,True,2,425,30,4.88,0.081,0.138,,2,,,FREESHIP
EVT200614,C35627,S6170508885,page_view,2024-01-01 09:05:14,tablet,Safari,Windows,direct,FR,,A,False,3,286,26,12.48,0.152,0.0,,3,,,FREESHIP
EVT200615,C65762,S7131426207,checkout_start,2025-01-23 03:35:53,mobile,Safari,iOS,paid_search,AU,,B,True,7,411,60,215.73,0.049,0.003,,5,,,WELCOME10
EVT200616,C60193,S1731236260,product_view,2025-05-09 19:45:44,mobile,Opera,Android,affiliate,IN,,A,True,4,647,43,7.8,0.06,0.084,,1,P6195,Beauty,NONE
EVT200617,C27566,S7988285313,add_to_cart,2025-06-22 12:02:45,mobile,Chrome,Android,direct,CA,,A,False,4,184,32,22.48,0.143,0.093,,5,P6427,Home,NONE
EVT200618,C58380,S4395898162,return_initiated,2024-11-18 03:54:10,mobile,Edge,iOS,direct,MX,,A,True,7,389,29,144.24,0.181,0.0,,8,P9264,Sports,NONE
EVT200619,C53221,S9604158311,checkout_start,2024-08-07 13:42:38,tablet,Safari,Linux,social,GB,,B,False,2,314,55,28.48,0.076,0.361,,4,,,NONE
EVT200620,C62094,S3354183839,add_to_cart,2025-05-25 04:43:28,mobile,Edge,iOS,direct,IN,,B,False,5,434,72,107.53,0.145,0.0,,5,P9587,Home,NONE
EVT200621,C99792,S9385245099,add_to_cart,2024-02-24 11:56:24,desktop,Opera,Linux,social,BR,,A,True,3,276,34,58.88,0.261,0.061,,2,P4581,Books,WELCOME10
EVT200622,C70630,S5943467314,page_view,2024-12-07 15:49:18,mobile,Opera,Linux,paid_search,AU,,A,False,5,313,5,12.81,0.127,0.377,,3,,,NONE
EVT200623,C15833,S9595598709,checkout_start,2025-04-08 12:37:06,desktop,Safari,Linux,paid_search,CA,,A,True,4,364,24,105.69,0.049,0.36,,1,,,NONE
EVT200624,C68710,S5000963928,page_view,2025-01-27 00:39:12,mobile,Edge,macOS,organic_search,CA,,B,False,2,325,41,17.41,0.175,0.255,,3,,,WELCOME10
EVT200625,C80632,S9099897536,checkout_start,2025-04-13 17:09:02,desktop,Opera,Linux,paid_search,CA,,B,False,4,493,5,70.27,0.187,0.052,,10,,,NONE
EVT200626,C63846,S1764313193,add_to_cart,2025-03-20 05:22:02,mobile,Edge,Android,paid_search,AU,,A,False,5,371,23,111.03,0.173,0.217,,1,P4154,Beauty,FREESHIP
EVT200627,C45429,S5604805214,product_view,2024-12-19 03:03:18,desktop,Safari,Android,organic_search,AU,,B,True,2,374,32,31.55,0.132,0.227,,7,P1718,Beauty,WELCOME10
EVT200628,C46317,S8089304091,add_to_cart,2024-04-10 16:30:31,desktop,Safari,Linux,social,DE,,A,True,5,274,35,177.82,0.132,0.083,,6,P4881,Beauty,NONE
EVT200629,C54487,S5046591402,add_to_cart,2024-12-01 02:54:42,desktop,Edge,Android,email,US,VT,A,True,5,399,48,84.53,0.216,0.401,,5,P1909,Apparel,NONE
EVT200630,C71003,S2527875235,product_view,2024-02-01 16:26:43,desktop,Firefox,macOS,direct,BR,,B,True,2,411,35,7.64,0.189,0.231,,1,P3415,Grocery,NONE
EVT200631,C33326,S4538639578,add_to_cart,2025-04-04 06:55:30,desktop,Opera,Android,organic_search,BR,,A,True,5,263,31,89.24,0.187,0.141,,4,P6084,Home,FREESHIP
EVT200632,C12516,S7061651246,product_view,2024-08-18 06:29:33,desktop,Opera,Android,organic_search,GB,,A,False,4,327,40,0.45,0.024,0.238,,3,P3177,Sports,WELCOME10
EVT200633,C70774,S8084221335,page_view,2024-06-17 13:13:40,desktop,Edge,iOS,direct,US,MN,B,True,4,287,76,21.93,0.09,0.236,,6,,,NONE
EVT200634,C87858,S1906862613,add_to_cart,2024-06-17 07:21:18,mobile,Firefox,macOS,paid_search,US,WV,B,False,2,273,8,57.49,0.131,0.346,,2,P1709,Apparel,NONE
EVT200635,C59433,S2675959410,product_view,2025-01-27 22:32:50,desktop,Opera,macOS,organic_search,US,NY,B,True,4,347,12,38.89,0.06,0.0,,10,P2281,Pets,WELCOME10
EVT200636,C96419,S5506359636,add_to_cart,2024-05-07 17:55:22,mobile,Edge,Linux,direct,FR,,A,False,3,348,63,36.34,0.117,0.063,,4,P8291,Beauty,NONE
EVT200637,C91976,S1953482777,add_to_cart,2024-05-15 21:01:08,mobile,Firefox,macOS,social,MX,,A,True,4,478,34,71.98,0.233,0.183,,7,P7411,Apparel,NONE
EVT200638,C26996,S9985123595,payment_attempt,2024-09-19 09:01:35,mobile,Firefox,macOS,direct,BR,,B,True,3,417,55,121.7,0.136,0.028,approved,4,,,NONE
EVT200639,C88271,S2823927683,return_initiated,2024-02-19 21:34:12,mobile,Chrome,Android,direct,DE,,B,True,9,375,44,80.79,0.096,0.021,,3,P6795,Automotive,WELCOME10
EVT200640,C33313,S7235034422,payment_attempt,2025-02-08 11:08:07,mobile,Firefox,Android,social,IN,,B,False,4,466,49,71.51,0.087,0.035,approved,7,,,WELCOME10
EVT200641,C28787,S5713483445,add_to_cart,2025-05-07 17:46:30,desktop,Chrome,Android,paid_search,MX,,A,True,4,479,39,92.57,0.176,0.152,,5,P8006,Automotive,NONE
EVT200642,C87038,S5503919826,page_view,2024-03-07 05:08:20,tablet,Safari,iOS,paid_search,MX,,A,True,5,368,26,36.61,0.152,0.173,,8,,,WELCOME10
EVT200643,C84079,S1673330331,add_to_cart,2025-01-13 02:24:11,desktop,Firefox,Windows,direct,BR,,A,False,5,475,42,92.47,0.019,0.055,,7,P5219,Pets,NONE
EVT200644,C65679,S6819433883,checkout_start,2024-03-08 13:43:46,mobile,Safari,macOS,paid_search,IN,,A,True,5,159,54,54.64,0.177,0.314,,9,,,NONE
EVT200645,C99811,S4464239220,add_to_cart,2024-09-06 05:08:46,mobile,Chrome,iOS,paid_search,MX,,B,True,3,347,27,113.85,0.156,0.0,,4,P9746,Pets,FREESHIP
EVT200646,C84827,S3610474256,page_view,2024-02-23 10:42:21,mobile,Safari,macOS,organic_search,FR,,A,False,3,349,49,25.23,0.168,0.346,,10,,,FREESHIP
EVT200647,C10676,S7379657500,product_view,2024-07-24 18:18:15,desktop,Firefox,iOS,direct,FR,,A,True,5,317,10,4.91,0.138,0.235,,3,P7406,Grocery,VIP25
EVT200648,C23648,S2967026800,checkout_start,2024-09-17 08:35:04,mobile,Chrome,iOS,direct,MX,,B,False,3,236,62,126.71,0.146,0.089,,7,,,NONE
EVT200649,C77836,S5235658049,page_view,2025-03-06 12:30:10,mobile,Opera,iOS,paid_search,US,NJ,A,True,1,369,31,26.29,0.166,0.023,,6,,,NONE
EVT200650,C42518,S9116061949,purchase,2025-04-06 05:10:57,mobile,Opera,macOS,organic_search,BR,,A,True,3,412,45,196.84,0.126,0.165,approved,10,P4601,Sports,NONE
EVT200651,C58751,S8718618900,product_view,2025-01-07 07:16:35,mobile,Chrome,macOS,direct,GB,,A,False,8,207,37,12.33,0.201,0.089,,9,P1104,Books,HOLIDAY20
EVT200652,C79200,S3747190102,product_view,2024-10-12 09:19:23,desktop,Safari,Android,direct,AU,,B,True,5,458,7,40.95,0.091,0.343,,10,P8971,Beauty,NONE
EVT200653,C97609,S9324364188,add_to_cart,2025-06-26 02:30:37,desktop,Safari,iOS,organic_search,MX,,B,False,3,460,34,65.33,0.132,0.047,,6,P5740,Books,NONE
EVT200654,C81263,S9460733667,payment_attempt,2025-05-24 05:29:15,tablet,Safari,Windows,direct,BR,,A,False,2,281,73,96.69,0.21,0.0,approved,4,,,FREESHIP
EVT200655,C41443,S7025323542,add_to_cart,2024-07-25 08:04:16,mobile,Firefox,iOS,paid_search,FR,,B,False,3,273,27,199.16,0.101,0.059,,3,P4757,Pets,FREESHIP
EVT200656,C29624,S1617075209,page_view,2025-04-11 17:49:37,desktop,Opera,Windows,organic_search,BR,,A,True,2,198,73,20.13,0.166,0.248,,5,,,NONE
EVT200657,C52232,S6902474901,payment_attempt,2024-12-11 18:32:11,desktop,Edge,Windows,direct,MX,,A,True,5,523,30,151.8,0.161,0.233,approved,5,,,NONE
EVT200658,C30279,S7841957283,checkout_start,2025-04-14 04:13:09,mobile,Firefox,iOS,direct,AU,,A,True,4,255,5,200.91,0.106,0.0,,10,,,NONE
EVT200659,C74663,S3305478314,purchase,2024-02-04 12:04:23,mobile,Firefox,iOS,paid_search,DE,,B,False,4,248,61,143.13,0.155,0.267,approved,4,P7944,Apparel,HOLIDAY20
EVT200660,C63368,S8596034237,purchase,2025-01-17 02:01:50,mobile,Firefox,macOS,organic_search,US,ID,A,False,1,419,40,138.75,0.07,0.081,approved,7,P7519,Beauty,NONE
EVT200661,C66666,S2958608374,page_view,2025-04-20 15:40:27,desktop,Firefox,Linux,direct,MX,,A,True,3,349,18,2.29,0.185,0.134,,5,,,NONE
EVT200662,C12171,S7462000676,checkout_start,2024-02-10 06:16:42,desktop,Firefox,macOS,organic_search,CA,,B,True,5,293,64,137.41,0.23,0.218,,8,,,NONE
EVT200663,C46217,S7431313613,page_view,2024-04-12 10:05:04,desktop,Opera,Linux,organic_search,US,MS,B,True,5,417,27,18.15,0.201,0.156,,9,,,NONE
EVT200664,C77307,S3537403316,add_to_cart,2025-03-30 23:39:25,desktop,Safari,Linux,direct,CA,,B,True,4,485,31,233.46,0.016,0.0,,8,P5945,Beauty,NONE
EVT200665,C11615,S6566605281,page_view,2024-11-17 05:19:07,mobile,Safari,macOS,paid_search,DE,,A,True,5,455,44,30.87,0.095,0.0,,3,,,WELCOME10
EVT200666,C45655,S6422300090,product_view,2024-01-10 07:36:20,desktop,Opera,macOS,organic_search,CA,,A,True,3,177,12,11.48,0.18,0.0,,10,P7877,Toys,FREESHIP
EVT200667,C12345,S7614719783,product_view,2025-03-25 21:11:49,desktop,Firefox,Android,direct,DE,,B,True,3,345,16,43.46,0.0,0.182,,8,P9784,Home,WELCOME10
EVT200668,C90730,S8967554862,add_to_cart,2025-03-10 15:38:24,tablet,Opera,macOS,direct,IN,,B,False,4,330,51,106.58,0.158,0.203,,5,P6148,Beauty,NONE
EVT200669,C97539,S7361899670,checkout_start,2024-07-31 00:50:39,mobile,Safari,macOS,direct,AU,,A,False,6,171,57,209.38,0.129,0.0,,7,,,HOLIDAY20
EVT200670,C13290,S4541106644,page_view,2024-01-03 18:35:59,desktop,Edge,Android,direct,DE,,B,True,8,275,32,37.15,0.101,0.227,,7,,,NONE
EVT200671,C62990,S7228495925,purchase,2025-04-13 20:41:45,desktop,Opera,Linux,organic_search,FR,,A,False,7,534,51,97.92,0.139,0.031,approved,5,P6430,Electronics,NONE
EVT200672,C16193,S9906158111,add_to_cart,2025-03-08 23:07:21,mobile,Safari,macOS,direct,AU,,B,True,4,282,43,154.82,0.087,0.235,,3,P9170,Sports,NONE
EVT200673,C69977,S9866587638,product_view,2024-01-09 17:13:02,desktop,Firefox,iOS,direct,CA,,A,False,3,453,65,7.95,0.137,0.043,,1,P6076,Books,FREESHIP
EVT200674,C23330,S5982982859,checkout_start,2024-03-24 19:02:16,mobile,Edge,Linux,direct,BR,,B,True,3,379,20,138.75,0.031,0.163,,8,,,WELCOME10
EVT200675,C30146,S3906895344,page_view,2024-03-27 21:13:12,mobile,Firefox,Android,social,AU,,B,True,4,490,40,10.72,0.086,0.14,,5,,,WELCOME10
EVT200676,C79826,S4074864809,checkout_start,2025-05-02 13:28:57,desktop,Opera,Windows,organic_search,GB,,A,True,4,288,59,218.03,0.06,0.096,,9,,,FREESHIP
EVT200677,C26448,S7356953110,checkout_start,2024-11-05 23:14:48,tablet,Safari,Linux,social,AU,,A,True,3,307,18,54.02,0.15,0.055,,6,,,NONE
EVT200678,C50796,S5942071930,add_to_cart,2024-08-02 18:05:16,desktop,Firefox,Windows,direct,BR,,B,False,2,381,19,163.02,0.136,0.086,,9,P1345,Pets,NONE
EVT200679,C43652,S2475964141,product_view,2024-10-28 20:58:59,mobile,Opera,macOS,direct,GB,,B,True,4,283,52,28.5,0.117,0.303,,8,P1937,Home,NONE
EVT200680,C77914,S5519049480,add_to_cart,2024-08-27 12:03:25,desktop,Safari,iOS,social,US,TN,B,True,4,256,50,158.13,0.185,0.11,,8,P1895,Toys,WELCOME10
EVT200681,C19139,S3916994630,product_view,2024-11-26 16:36:54,desktop,Firefox,macOS,direct,IN,,A,True,1,261,30,22.35,0.134,0.203,,10,P1009,Pets,NONE
EVT200682,C54060,S5241365012,purchase,2024-08-04 04:47:07,desktop,Edge,Android,organic_search,GB,,B,False,3,496,28,155.76,0.12,0.0,approved,5,P7320,Pets,HOLIDAY20
EVT200683,C22472,S2381225153,product_view,2024-02-11 18:40:10,desktop,Opera,Linux,social,FR,,A,True,2,558,79,4.27,0.195,0.078,,3,P2080,Sports,NONE
EVT200684,C22061,S9894858598,product_view,2024-05-08 16:14:32,mobile,Chrome,Android,organic_search,DE,,A,True,2,212,33,41.52,0.09,0.295,,10,P2285,Toys,WELCOME10
EVT200685,C42711,S7967849401,product_view,2024-02-02 11:57:16,mobile,Edge,Android,direct,FR,,B,True,3,390,51,19.84,0.266,0.241,,10,P6855,Toys,FREESHIP
EVT200686,C13364,S2283866297,product_view,2024-04-19 09:33:52,mobile,Opera,Android,paid_search,CA,,B,False,7,483,62,31.46,0.08,0.173,,6,P2597,Automotive,FREESHIP
EVT200687,C46584,S8169722557,page_view,2024-11-20 15:09:39,mobile,Edge,Linux,direct,IN,,B,False,4,193,37,13.63,0.146,0.118,,3,,,NONE
EVT200688,C90756,S2564726536,checkout_start,2025-06-20 09:46:58,mobile,Chrome,macOS,direct,BR,,A,False,6,426,69,75.18,0.145,0.471,,10,,,NONE
EVT200689,C54642,S6686310604,add_to_cart,2024-06-26 09:53:19,mobile,Edge,macOS,affiliate,US,WY,A,False,1,217,43,178.05,0.056,0.051,,9,P9463,Pets,WELCOME10
EVT200690,C33383,S3697130086,add_to_cart,2024-02-24 05:25:07,desktop,Firefox,Android,paid_search,CA,,B,True,1,490,46,194.49,0.174,0.0,,6,P6822,Home,WELCOME10
EVT200691,C48665,S4381494313,page_view,2024-08-26 10:31:51,desktop,Edge,iOS,social,GB,,B,True,7,418,26,29.19,0.037,0.0,,8,,,NONE
EVT200692,C62965,S7475722323,page_view,2025-06-21 21:08:28,desktop,Opera,Android,social,DE,,B,False,5,381,39,14.3,0.128,0.1,,9,,,WELCOME10
EVT200693,C61143,S5299332533,product_view,2025-05-12 12:12:16,mobile,Chrome,Linux,organic_search,DE,,A,True,4,352,52,33.72,0.21,0.149,,8,P1392,Grocery,NONE
EVT200694,C22240,S7719001989,product_view,2025-02-15 13:02:29,desktop,Opera,iOS,direct,US,NY,B,True,3,127,19,14.63,0.136,0.104,,10,P7293,Grocery,WELCOME10
EVT200695,C83187,S2443316507,page_view,2024-05-27 09:32:14,desktop,Safari,iOS,direct,FR,,A,True,3,430,30,1.35,0.115,0.202,,10,,,WELCOME10
EVT200696,C39865,S3850985218,checkout_start,2024-06-01 07:06:43,desktop,Safari,iOS,paid_search,GB,,B,True,3,234,44,120.28,0.309,0.06,,3,,,NONE
EVT200697,C82261,S1101651765,page_view,2024-11-06 15:12:34,desktop,Safari,macOS,direct,FR,,A,False,2,340,60,40.2,0.195,0.334,,8,,,WELCOME10
EVT200698,C91526,S4029281706,product_view,2024-01-15 01:10:21,mobile,Safari,Windows,paid_search,AU,,B,True,1,346,65,7.55,0.23,0.262,,5,P9541,Pets,WELCOME10
EVT200699,C13623,S4106627846,add_to_cart,2024-05-21 09:38:10,desktop,Firefox,Windows,direct,CA,,B,True,5,224,57,22.57,0.19,0.0,,4,P2395,Toys,NONE
EVT200700,C55475,S8461269171,product_view,2024-07-06 00:20:15,desktop,Chrome,Linux,organic_search,AU,,A,False,3,80,59,3.55,0.193,0.267,,6,P7511,Toys,FREESHIP
EVT200701,C47638,S9497323162,add_to_cart,2024-02-28 10:57:16,mobile,Edge,Android,organic_search,IN,,A,True,3,437,16,133.09,0.156,0.392,,8,P8990,Beauty,FREESHIP
EVT200702,C53093,S2276866881,payment_attempt,2024-12-02 14:26:52,desktop,Opera,macOS,paid_search,AU,,A,True,6,301,54,60.77,0.078,0.293,approved,4,,,NONE
EVT200703,C81535,S7306653577,add_to_cart,2024-10-10 21:47:06,desktop,Safari,Windows,organic_search,BR,,B,True,5,273,54,151.13,0.198,0.388,,7,P1459,Automotive,NONE
EVT200704,C39272,S3255438603,checkout_start,2024-08-30 23:06:25,desktop,Edge,Linux,direct,DE,,B,False,4,245,23,135.47,0.075,0.04,,9,,,NONE
EVT200705,C68626,S2200002381,page_view,2025-03-14 12:17:57,mobile,Opera,Android,organic_search,CA,,B,False,2,498,51,39.52,0.204,0.249,,3,,,WELCOME10
EVT200706,C10816,S6028918303,product_view,2025-04-10 22:12:20,mobile,Opera,Android,email,MX,,B,False,6,245,52,39.21,0.15,0.12,,6,P7317,Automotive,WELCOME10
EVT200707,C23164,S6869239975,product_view,2025-06-13 16:02:51,desktop,Opera,Linux,organic_search,DE,,B,False,3,479,30,26.84,0.026,0.058,,4,P5734,Electronics,NONE
EVT200708,C32230,S5198781368,product_view,2025-02-14 20:54:19,desktop,Safari,Android,direct,FR,,A,False,4,488,23,0.36,0.114,0.0,,9,P1021,Apparel,NONE
EVT200709,C26405,S3754174622,page_view,2024-02-04 20:00:13,desktop,Opera,iOS,direct,FR,,A,True,2,508,5,25.19,0.21,0.113,,7,,,HOLIDAY20
EVT200710,C12329,S8354417041,page_view,2025-05-28 06:36:24,mobile,Edge,Linux,direct,DE,,A,True,7,318,51,37.55,0.024,0.105,,2,,,NONE
EVT200711,C81803,S1056640665,add_to_cart,2025-06-08 17:23:46,mobile,Firefox,Linux,direct,DE,,A,True,2,393,61,134.32,0.099,0.0,,8,P7834,Toys,HOLIDAY20
EVT200712,C12575,S3592519069,product_view,2024-09-05 23:11:11,mobile,Edge,Windows,social,BR,,A,False,4,261,75,42.93,0.048,0.306,,7,P7449,Electronics,WELCOME10
EVT200713,C43842,S2532490327,checkout_start,2024-08-27 17:22:00,mobile,Chrome,Linux,direct,CA,,A,False,4,243,47,128.79,0.195,0.172,,2,,,NONE
EVT200714,C49032,S6713294216,checkout_start,2024-09-21 08:25:37,mobile,Opera,Android,paid_search,AU,,A,True,3,336,15,74.16,0.157,0.124,,7,,,NONE
EVT200715,C43848,S3434293960,product_view,2025-01-14 06:34:04,desktop,Opera,Android,organic_search,CA,,B,False,2,366,55,24.37,0.003,0.0,,3,P6505,Apparel,NONE
EVT200716,C59547,S8256894419,add_to_cart,2024-09-10 20:11:49,desktop,Edge,iOS,organic_search,DE,,A,True,5,458,62,169.02,0.203,0.105,,8,P8097,Pets,NONE
EVT200717,C94957,S3761048603,product_view,2024-10-04 21:29:19,mobile,Firefox,Android,paid_search,FR,,B,True,2,529,29,22.11,0.134,0.24,,10,P6514,Toys,FREESHIP
EVT200718,C15381,S5282229103,product_view,2025-06-07 19:00:37,mobile,Firefox,macOS,affiliate,CA,,A,True,3,325,65,6.96,0.176,0.094,,2,P3839,Home,NONE
EVT200719,C93233,S3322066080,add_to_cart,2025-04-19 07:26:24,mobile,Opera,Windows,organic_search,BR,,B,False,2,248,60,92.65,0.197,0.098,,7,P3617,Apparel,NONE
EVT200720,C49723,S6297526789,product_view,2025-01-24 08:55:36,mobile,Firefox,Android,direct,IN,,B,True,4,392,40,5.88,0.091,0.402,,7,P9006,Books,WELCOME10
EVT200721,C31411,S2856768619,page_view,2025-06-22 17:16:36,mobile,Chrome,Windows,paid_search,MX,,B,True,2,376,19,19.87,0.127,0.247,,6,,,NONE
EVT200722,C49805,S9297090512,product_view,2024-11-15 20:30:10,mobile,Safari,Linux,direct,BR,,B,True,3,252,8,18.81,0.118,0.441,,5,P1937,Beauty,NONE
EVT200723,C19169,S9658122164,page_view,2025-04-18 19:07:00,mobile,Edge,macOS,social,CA,,A,True,3,398,30,21.94,0.152,0.0,,8,,,HOLIDAY20
EVT200724,C45392,S2487471057,product_view,2025-03-22 18:57:55,mobile,Edge,macOS,paid_search,BR,,B,False,4,349,52,33.45,0.235,0.093,,5,P8817,Pets,NONE
EVT200725,C46559,S3555442349,add_to_cart,2025-06-19 06:57:27,desktop,Edge,Windows,direct,DE,,B,True,8,482,41,147.22,0.025,0.231,,4,P8655,Grocery,NONE
EVT200726,C23930,S5854290549,checkout_start,2025-06-06 15:44:14,mobile,Firefox,macOS,direct,BR,,A,True,8,184,24,28.48,0.206,0.196,,7,,,WELCOME10
EVT200727,C78019,S6555352014,add_to_cart,2025-02-17 19:13:17,mobile,Firefox,Windows,paid_search,IN,,A,False,4,482,37,123.53,0.092,0.08,,6,P9057,Toys,HOLIDAY20
EVT200728,C87319,S5472777303,return_initiated,2024-07-07 18:48:58,desktop,Safari,macOS,direct,IN,,A,False,4,399,5,130.19,0.159,0.27,,6,P4022,Books,NONE
EVT200729,C14160,S7760463086,product_view,2024-02-20 15:25:46,desktop,Edge,Windows,email,FR,,A,True,5,577,33,24.68,0.028,0.0,,8,P5027,Toys,NONE
EVT200730,C83697,S1661854942,product_view,2025-02-25 16:48:23,mobile,Edge,Windows,paid_search,DE,,A,True,6,418,41,28.64,0.235,0.126,,9,P7604,Beauty,NONE
EVT200731,C72265,S3744767530,product_view,2024-05-01 17:10:52,mobile,Chrome,Windows,direct,AU,,B,False,8,287,32,1.84,0.021,0.0,,8,P5915,Books,NONE
EVT200732,C25437,S5533530979,page_view,2025-02-09 22:28:26,desktop,Edge,Linux,direct,IN,,A,False,1,310,49,35.17,0.224,0.0,,3,,,NONE
EVT200733,C72707,S2008093729,purchase,2025-03-09 12:28:28,desktop,Chrome,iOS,affiliate,IN,,B,True,3,517,39,82.14,0.083,0.227,approved,5,P8237,Beauty,HOLIDAY20
EVT200734,C77976,S7657562726,product_view,2024-09-19 05:36:30,desktop,Edge,Windows,direct,AU,,A,True,4,349,37,1.46,0.094,0.257,,9,P2900,Automotive,NONE
EVT200735,C79368,S5574381551,page_view,2024-05-17 10:24:45,desktop,Edge,iOS,social,GB,,A,True,6,164,66,20.5,0.203,0.233,,10,,,NONE
EVT200736,C13293,S1649050307,product_view,2024-05-20 00:43:41,mobile,Firefox,Android,organic_search,IN,,A,True,2,333,38,35.72,0.229,0.328,,9,P7718,Home,FREESHIP
EVT200737,C45410,S2949563460,page_view,2025-01-31 18:21:02,desktop,Safari,Linux,organic_search,US,DC,B,True,2,364,58,11.17,0.036,0.195,,4,,,NONE
EVT200738,C20317,S3869482698,checkout_start,2024-12-14 09:35:06,desktop,Safari,iOS,direct,US,VT,B,False,7,454,103,112.03,0.007,0.165,,3,,,WELCOME10
EVT200739,C72913,S3151796707,add_to_cart,2025-02-18 13:12:20,tablet,Safari,Android,organic_search,AU,,A,True,6,397,50,20.35,0.163,0.234,,6,P5298,Toys,NONE
EVT200740,C79450,S5177311320,product_view,2024-02-06 06:38:27,mobile,Opera,Windows,direct,FR,,B,False,2,444,29,27.99,0.048,0.035,,9,P8124,Beauty,NONE
EVT200741,C15615,S6327039292,product_view,2025-06-18 12:17:19,desktop,Chrome,Windows,organic_search,DE,,A,False,6,401,85,34.39,0.064,0.019,,2,P7318,Beauty,FREESHIP
EVT200742,C88188,S6017721219,product_view,2024-06-06 12:22:30,mobile,Safari,iOS,email,BR,,B,False,2,115,42,27.23,0.1,0.145,,1,P9672,Home,NONE
EVT200743,C68950,S8330997795,page_view,2024-11-08 00:27:01,desktop,Firefox,Android,email,GB,,B,True,6,170,35,12.41,0.181,0.149,,6,,,NONE
EVT200744,C78596,S3963707820,add_to_cart,2024-06-20 11:12:03,mobile,Safari,iOS,direct,IN,,A,False,2,226,34,138.86,0.173,0.01,,4,P4211,Beauty,NONE
EVT200745,C21058,S2850491053,payment_attempt,2025-02-08 11:31:41,mobile,Chrome,iOS,direct,GB,,A,False,3,189,68,37.27,0.061,0.0,approved,5,,,FREESHIP
EVT200746,C75750,S7977701493,payment_attempt,2024-07-21 15:09:50,mobile,Firefox,Windows,organic_search,AU,,A,True,3,397,31,186.91,0.0,0.006,approved,3,,,NONE
EVT200747,C27279,S4915386861,product_view,2025-02-08 02:05:06,tablet,Opera,Windows,paid_search,MX,,B,True,5,397,30,34.08,0.173,0.0,,1,P1396,Books,NONE
EVT200748,C42651,S9194022550,add_to_cart,2024-08-06 22:11:55,desktop,Chrome,Linux,affiliate,FR,,B,True,2,217,22,108.5,0.14,0.0,,9,P3169,Automotive,HOLIDAY20
EVT200749,C73470,S6033614703,checkout_start,2025-06-25 00:45:10,desktop,Opera,macOS,email,MX,,B,True,1,234,52,33.2,0.189,0.05,,9,,,FREESHIP
EVT200750,C67180,S4330197964,product_view,2024-03-18 21:45:38,desktop,Opera,Android,organic_search,BR,,A,False,8,322,66,35.13,0.132,0.386,,6,P1690,Apparel,NONE
EVT200751,C85627,S2057820203,page_view,2024-02-26 09:32:04,mobile,Chrome,Windows,paid_search,BR,,B,False,4,332,62,32.64,0.099,0.167,,9,,,FREESHIP
EVT200752,C98778,S6684767994,product_view,2025-06-01 09:33:16,mobile,Edge,Windows,organic_search,MX,,B,True,5,235,56,44.22,0.081,0.0,,3,P6414,Books,NONE
EVT200753,C64559,S4718390870,product_view,2024-06-10 21:48:26,mobile,Chrome,Android,direct,IN,,A,True,6,337,34,8.66,0.21,0.207,,6,P9214,Automotive,WELCOME10
EVT200754,C97537,S1644856301,product_view,2025-06-05 13:02:15,desktop,Edge,Android,organic_search,US,CT,A,True,5,315,40,13.82,0.19,0.0,,2,P7083,Home,NONE
EVT200755,C14035,S2468623152,checkout_start,2024-11-10 05:46:39,mobile,Safari,Windows,email,DE,,B,True,4,308,52,130.28,0.033,0.195,,4,,,WELCOME10
EVT200756,C43607,S6640772508,product_view,2025-05-10 14:22:47,desktop,Chrome,macOS,direct,FR,,B,True,3,321,16,20.25,0.185,0.066,,6,P4377,Sports,NONE
EVT200757,C38934,S5640146978,product_view,2024-07-03 10:49:35,desktop,Firefox,Android,organic_search,MX,,B,False,8,228,39,15.29,0.062,0.261,,5,P3616,Toys,WELCOME10
EVT200758,C86966,S7916745711,page_view,2024-04-21 04:35:56,desktop,Safari,iOS,direct,DE,,A,True,5,385,28,41.23,0.059,0.035,,8,,,FREESHIP
EVT200759,C71388,S1904841322,product_view,2024-07-13 11:21:53,mobile,Safari,Linux,organic_search,FR,,A,True,6,326,42,30.29,0.099,0.0,,3,P5713,Beauty,NONE
EVT200760,C52061,S6039392358,product_view,2025-01-16 19:40:04,mobile,Opera,macOS,direct,FR,,A,True,3,406,54,22.2,0.063,0.195,,9,P2617,Books,NONE
EVT200761,C12705,S7629343311,return_initiated,2024-07-13 17:33:12,mobile,Chrome,Windows,organic_search,US,IL,B,True,2,432,66,93.53,0.154,0.0,,1,P5820,Electronics,NONE
EVT200762,C14368,S3129983512,checkout_start,2025-02-01 18:38:56,tablet,Opera,Linux,direct,CA,,B,False,2,230,36,155.13,0.065,0.0,,5,,,WELCOME10
EVT200763,C63754,S4977403194,add_to_cart,2025-03-19 14:21:53,desktop,Firefox,Windows,organic_search,CA,,B,False,2,459,31,136.8,0.104,0.052,,8,P3723,Books,FREESHIP
EVT200764,C90121,S9897604634,payment_attempt,2024-06-16 16:20:25,desktop,Edge,Windows,organic_search,US,TX,B,True,3,399,36,215.45,0.086,0.23,approved,3,,,FREESHIP
EVT200765,C13674,S1857006797,product_view,2024-11-05 13:39:14,mobile,Edge,Linux,direct,US,NY,B,True,7,279,11,14.62,0.149,0.126,,1,P2679,Pets,NONE
EVT200766,C16129,S1848502166,product_view,2025-06-05 19:07:59,desktop,Firefox,Windows,direct,DE,,B,False,3,370,78,43.82,0.083,0.144,,4,P1733,Grocery,NONE
EVT200767,C99566,S1096755661,payment_attempt,2025-03-13 11:42:53,mobile,Opera,iOS,direct,IN,,B,True,5,306,54,164.04,0.092,0.291,approved,10,,,NONE
EVT200768,C51515,S5970648711,page_view,2024-07-18 11:18:56,mobile,Chrome,iOS,paid_search,IN,,A,True,7,314,30,30.78,0.18,0.0,,9,,,WELCOME10
EVT200769,C48767,S1169066843,product_view,2024-02-26 03:35:39,mobile,Safari,iOS,social,DE,,A,True,2,332,41,6.45,0.06,0.078,,6,P4034,Books,NONE
EVT200770,C56769,S5620500956,product_view,2024-05-29 19:30:13,mobile,Opera,macOS,paid_search,CA,,A,True,4,450,100,17.2,0.089,0.073,,3,P3969,Apparel,NONE
EVT200771,C27164,S5192442990,product_view,2024-09-05 15:39:32,desktop,Edge,Linux,organic_search,US,KS,A,False,3,461,25,35.28,0.242,0.177,,1,P9794,Grocery,NONE
EVT200772,C79127,S2948015347,checkout_start,2024-11-20 02:44:02,mobile,Firefox,Linux,direct,US,KS,B,True,4,541,17,37.69,0.037,0.0,,8,,,WELCOME10
EVT200773,C20618,S3102978000,product_view,2024-08-26 13:35:17,mobile,Safari,Android,organic_search,US,NE,B,False,4,632,23,49.77,0.0,0.0,,1,P6583,Beauty,NONE
EVT200774,C76167,S4948581537,page_view,2024-03-10 16:02:21,mobile,Opera,Linux,direct,US,IN,A,True,3,134,66,14.28,0.081,0.0,,2,,,HOLIDAY20
EVT200775,C28461,S6062353622,add_to_cart,2024-07-09 06:29:15,mobile,Firefox,Windows,email,FR,,A,True,2,358,11,213.5,0.086,0.079,,7,P3478,Electronics,NONE
EVT200776,C22153,S9548970781,payment_attempt,2025-02-15 21:30:34,mobile,Edge,iOS,paid_search,CA,,A,True,3,465,26,75.56,0.099,0.263,approved,4,,,FREESHIP
EVT200777,C38112,S6574332337,checkout_start,2025-05-28 18:22:33,desktop,Chrome,macOS,paid_search,MX,,A,True,2,642,40,57.07,0.179,0.086,,9,,,NONE
EVT200778,C76224,S5674662401,product_view,2025-01-19 09:54:55,mobile,Opera,Linux,social,DE,,A,False,5,411,34,21.38,0.145,0.077,,4,P7541,Home,WELCOME10
EVT200779,C91679,S1916567357,page_view,2024-04-16 22:44:29,mobile,Opera,macOS,social,IN,,B,False,5,467,5,11.37,0.119,0.0,,10,,,NONE
EVT200780,C86592,S5459029423,add_to_cart,2024-01-30 08:53:03,desktop,Chrome,Windows,paid_search,DE,,A,False,2,279,60,119.38,0.133,0.0,,5,P3407,Beauty,WELCOME10
EVT200781,C30382,S3425694875,page_view,2024-01-16 18:17:18,mobile,Edge,Linux,social,BR,,B,False,2,323,22,32.92,0.146,0.042,,5,,,FREESHIP
EVT200782,C24654,S3939404610,add_to_cart,2025-01-30 09:04:13,mobile,Edge,macOS,organic_search,US,ND,B,False,6,409,37,116.7,0.181,0.171,,5,P4332,Books,NONE
EVT200783,C88937,S3059177686,product_view,2024-06-10 14:31:32,mobile,Opera,macOS,direct,CA,,B,True,3,96,14,9.83,0.177,0.093,,3,P7552,Grocery,NONE
EVT200784,C63404,S4631678436,page_view,2024-02-25 23:49:19,desktop,Edge,iOS,paid_search,GB,,B,True,4,200,15,38.02,0.14,0.497,,5,,,FREESHIP
EVT200785,C52123,S6170731976,product_view,2024-01-11 21:30:08,desktop,Chrome,Windows,organic_search,CA,,A,False,2,426,30,42.51,0.085,0.028,,5,P2904,Sports,NONE
EVT200786,C81223,S2076104102,add_to_cart,2025-01-25 09:18:24,tablet,Safari,Windows,affiliate,BR,,B,False,4,361,47,215.55,0.098,0.188,,10,P8674,Automotive,NONE
EVT200787,C86108,S5251422291,page_view,2025-03-03 02:07:03,mobile,Safari,macOS,direct,IN,,B,False,3,476,9,40.11,0.09,0.161,,10,,,WELCOME10
EVT200788,C11796,S1585084080,page_view,2024-03-31 16:18:26,desktop,Edge,macOS,direct,CA,,B,False,1,540,46,21.47,0.147,0.057,,3,,,HOLIDAY20
EVT200789,C40825,S6813211089,product_view,2025-03-20 13:03:14,mobile,Opera,Android,paid_search,BR,,A,True,1,349,14,7.52,0.275,0.155,,8,P3676,Home,NONE
EVT200790,C89689,S7335866546,add_to_cart,2025-05-05 11:10:24,desktop,Firefox,Linux,direct,BR,,A,False,3,304,58,111.55,0.105,0.33,,3,P7453,Books,NONE
EVT200791,C92502,S1280877225,page_view,2024-06-21 20:50:42,desktop,Firefox,macOS,email,GB,,B,False,4,317,66,40.2,0.154,0.291,,10,,,WELCOME10
EVT200792,C72505,S6005905339,product_view,2024-10-19 23:37:18,desktop,Chrome,Windows,email,US,FL,B,True,3,222,37,14.24,0.207,0.11,,6,P8719,Sports,NONE
EVT200793,C12355,S8109479653,product_view,2024-01-15 12:57:09,mobile,Edge,iOS,paid_search,GB,,B,True,6,486,58,15.02,0.026,0.313,,2,P6974,Toys,NONE
EVT200794,C79409,S4702769594,checkout_start,2025-04-29 18:28:14,mobile,Edge,Android,social,BR,,A,False,3,325,5,173.53,0.193,0.116,,5,,,NONE
EVT200795,C29129,S5183453849,payment_attempt,2024-03-13 01:29:20,mobile,Opera,iOS,organic_search,IN,,A,False,4,335,27,40.72,0.192,0.115,approved,3,,,NONE
EVT200796,C65121,S5577351202,purchase,2024-10-05 04:08:21,desktop,Firefox,Linux,direct,FR,,A,True,2,310,41,169.53,0.226,0.094,approved,10,P3837,Beauty,NONE
EVT200797,C12075,S8244655895,add_to_cart,2024-05-27 22:06:54,desktop,Opera,Android,direct,FR,,A,True,2,115,18,183.12,0.0,0.104,,3,P4175,Sports,NONE
EVT200798,C88641,S5980469871,product_view,2025-02-18 15:52:08,desktop,Firefox,Windows,direct,DE,,A,True,4,352,28,45.92,0.057,0.095,,6,P5509,Home,NONE
EVT200799,C40460,S2536566166,page_view,2024-07-26 00:18:21,desktop,Opera,macOS,organic_search,AU,,B,True,7,462,58,10.72,0.174,0.221,,5,,,NONE
EVT200800,C88173,S2370517850,page_view,2024-01-12 09:05:02,mobile,Chrome,macOS,social,US,WI,A,False,7,433,49,32.91,0.096,0.105,,3,,,NONE
EVT200801,C78591,S1455564513,checkout_start,2024-06-29 18:43:37,desktop,Firefox,Linux,organic_search,CA,,A,True,3,390,28,172.04,0.086,0.001,,1,,,NONE
EVT200802,C68253,S4761946542,page_view,2024-05-27 01:30:13,mobile,Chrome,Linux,direct,CA,,A,True,3,354,32,11.45,0.159,0.259,,10,,,FREESHIP
EVT200803,C73976,S8541202727,page_view,2024-04-30 18:32:58,mobile,Edge,macOS,direct,CA,,B,True,4,320,62,37.22,0.002,0.107,,5,,,HOLIDAY20
EVT200804,C90890,S4328620098,add_to_cart,2024-08-06 23:15:52,desktop,Chrome,iOS,direct,FR,,A,False,4,375,17,46.32,0.166,0.0,,7,P6804,Apparel,WELCOME10
EVT200805,C32637,S3129105141,product_view,2025-01-07 00:12:04,desktop,Firefox,Android,organic_search,BR,,A,True,1,368,16,9.44,0.154,0.0,,2,P5520,Toys,NONE
EVT200806,C65646,S7430942159,payment_attempt,2024-06-04 20:48:45,mobile,Safari,macOS,direct,AU,,A,True,4,364,36,222.91,0.075,0.173,approved,10,,,WELCOME10
EVT200807,C97528,S4407621319,add_to_cart,2024-11-04 06:30:02,desktop,Edge,iOS,paid_search,GB,,A,True,2,498,39,155.38,0.204,0.0,,7,P8121,Sports,NONE
EVT200808,C32389,S1556634049,page_view,2025-04-21 10:33:53,desktop,Chrome,Android,affiliate,FR,,B,False,4,301,24,10.33,0.081,0.065,,1,,,NONE
EVT200809,C74915,S6672190065,add_to_cart,2025-02-05 07:07:18,desktop,Opera,Linux,email,FR,,B,False,4,259,22,210.42,0.141,0.088,,8,P2612,Sports,WELCOME10
EVT200810,C65017,S4080521588,add_to_cart,2025-06-23 17:42:47,mobile,Firefox,Windows,direct,IN,,B,False,5,372,17,76.67,0.098,0.123,,8,P5508,Sports,FREESHIP
EVT200811,C69260,S2702600050,add_to_cart,2024-03-13 23:43:26,mobile,Chrome,macOS,direct,BR,,B,True,3,294,5,105.13,0.279,0.061,,7,P7962,Electronics,WELCOME10
EVT200812,C79772,S5748848659,payment_attempt,2024-06-25 21:38:25,mobile,Chrome,Linux,email,DE,,B,False,4,346,40,137.15,0.09,0.14,approved,8,,,NONE
EVT200813,C69163,S8231353927,page_view,2024-06-29 07:41:58,desktop,Firefox,Windows,direct,IN,,A,False,2,356,21,38.01,0.17,0.031,,5,,,WELCOME10
EVT200814,C82042,S8893696256,page_view,2024-06-16 00:53:00,desktop,Edge,Windows,affiliate,BR,,A,True,5,433,85,10.53,0.1,0.065,,4,,,NONE
EVT200815,C57972,S7791623159,product_view,2024-05-06 06:37:05,desktop,Opera,iOS,email,AU,,A,False,7,237,57,5.51,0.05,0.064,,2,P6911,Toys,FREESHIP
EVT200816,C80071,S2017672160,checkout_start,2024-08-26 08:16:34,desktop,Opera,iOS,paid_search,AU,,A,True,2,390,79,74.15,0.072,0.402,,8,,,WELCOME10
EVT200817,C97355,S9655593226,payment_attempt,2025-04-24 06:57:04,desktop,Edge,iOS,direct,IN,,B,False,7,162,5,104.89,0.15,0.339,approved,9,,,WELCOME10
EVT200818,C74041,S4044849985,checkout_start,2024-01-12 14:58:17,mobile,Edge,Android,organic_search,US,MA,A,True,6,342,63,117.92,0.012,0.0,,5,,,NONE
EVT200819,C43595,S8696380057,checkout_start,2025-03-05 13:43:37,desktop,Safari,Linux,direct,BR,,B,False,3,398,24,112.22,0.167,0.292,,8,,,NONE
EVT200820,C12510,S7673072416,product_view,2024-12-07 10:54:03,desktop,Chrome,Windows,organic_search,CA,,B,True,2,200,16,27.49,0.183,0.051,,10,P8364,Apparel,NONE
EVT200821,C24955,S4188731108,page_view,2024-11-01 07:32:31,desktop,Opera,iOS,email,US,KS,B,False,5,183,12,42.16,0.131,0.088,,3,,,WELCOME10
EVT200822,C93994,S7067142197,product_view,2024-11-04 16:43:53,mobile,Opera,Linux,direct,US,WV,B,True,2,303,56,31.08,0.121,0.07,,1,P9322,Home,NONE
EVT200823,C60357,S2817751501,add_to_cart,2025-05-11 15:00:23,desktop,Chrome,Windows,paid_search,CA,,B,True,4,456,70,140.55,0.138,0.09,,6,P5038,Home,FREESHIP
EVT200824,C66767,S7063557357,add_to_cart,2024-11-22 15:46:25,mobile,Opera,Android,email,US,OR,B,False,4,410,35,86.45,0.163,0.376,,8,P7448,Apparel,NONE
EVT200825,C87650,S7857165785,checkout_start,2024-01-12 10:27:53,mobile,Opera,iOS,email,US,NV,A,True,3,180,35,133.28,0.087,0.144,,9,,,NONE
EVT200826,C90428,S2721098325,checkout_start,2024-03-19 16:39:17,mobile,Firefox,Linux,paid_search,BR,,B,False,3,420,29,20.44,0.02,0.216,,10,,,NONE
EVT200827,C21680,S8542299892,checkout_start,2025-04-08 06:05:49,desktop,Firefox,Windows,organic_search,BR,,A,True,4,334,36,90.71,0.0,0.018,,5,,,NONE
EVT200828,C28558,S9518291270,page_view,2025-04-02 00:45:32,desktop,Chrome,Linux,social,CA,,B,False,4,468,44,20.28,0.171,0.268,,8,,,NONE
EVT200829,C17200,S3361235159,product_view,2024-01-16 19:09:18,desktop,Opera,Windows,direct,AU,,B,True,9,379,13,20.14,0.097,0.356,,8,P6061,Apparel,NONE
EVT200830,C25139,S3283146075,add_to_cart,2025-05-16 12:12:09,desktop,Firefox,Linux,organic_search,DE,,A,False,1,435,69,205.46,0.12,0.203,,4,P7449,Automotive,NONE
EVT200831,C94617,S7256427227,checkout_start,2024-11-21 20:23:03,desktop,Safari,Android,organic_search,DE,,B,True,7,506,15,89.1,0.238,0.174,,1,,,NONE
EVT200832,C66232,S5389074220,product_view,2025-06-06 05:34:43,mobile,Firefox,Android,direct,CA,,A,True,4,264,21,30.97,0.045,0.183,,8,P6530,Sports,FREESHIP
EVT200833,C97948,S8157563054,product_view,2025-02-15 03:57:58,desktop,Opera,Android,email,DE,,A,True,4,331,33,9.72,0.044,0.126,,1,P6278,Books,FREESHIP
EVT200834,C44060,S4180463047,payment_attempt,2024-07-04 20:56:10,mobile,Chrome,Android,organic_search,BR,,B,True,6,491,29,124.27,0.236,0.0,approved,9,,,FREESHIP
EVT200835,C90838,S6009028593,product_view,2024-02-24 00:46:50,desktop,Safari,Linux,email,IN,,A,True,5,194,60,3.91,0.219,0.241,,7,P2153,Books,NONE
EVT200836,C14395,S8288488144,checkout_start,2024-09-13 04:36:09,mobile,Firefox,Android,organic_search,AU,,B,True,4,331,23,57.9,0.061,0.042,,10,,,NONE
EVT200837,C45563,S6365504419,product_view,2025-04-09 14:36:21,desktop,Edge,macOS,direct,AU,,A,True,4,165,16,18.47,0.129,0.027,,5,P8966,Home,WELCOME10
EVT200838,C91451,S7287221026,product_view,2024-09-17 10:07:59,desktop,Opera,Android,direct,MX,,B,True,6,260,38,39.13,0.177,0.0,,9,P6796,Beauty,WELCOME10
EVT200839,C22472,S6937814287,product_view,2025-02-14 22:49:58,mobile,Chrome,Android,direct,CA,,B,True,3,498,32,4.16,0.128,0.0,,2,P8705,Toys,NONE
EVT200840,C58551,S1661679061,checkout_start,2025-03-01 20:08:17,mobile,Firefox,iOS,organic_search,CA,,B,True,5,211,21,34.01,0.099,0.152,,4,,,NONE
EVT200841,C54224,S8480921130,checkout_start,2024-05-15 06:57:28,desktop,Edge,Windows,direct,BR,,B,False,2,405,19,74.22,0.156,0.226,,1,,,VIP25
EVT200842,C62549,S4116320072,page_view,2024-10-04 22:31:14,desktop,Firefox,Android,direct,GB,,B,True,4,177,53,41.0,0.151,0.0,,5,,,NONE
EVT200843,C58182,S1269390738,page_view,2024-05-19 18:58:05,tablet,Opera,macOS,paid_search,FR,,B,False,1,143,47,19.97,0.137,0.223,,10,,,NONE
EVT200844,C12520,S7433095379,page_view,2025-02-07 22:56:53,desktop,Firefox,Android,email,MX,,A,True,2,582,54,9.23,0.059,0.32,,5,,,FREESHIP
EVT200845,C86334,S9859453564,checkout_start,2025-01-24 00:57:39,mobile,Edge,Windows,email,US,AK,A,True,5,359,25,214.75,0.02,0.274,,8,,,NONE
EVT200846,C58998,S9743526969,product_view,2025-03-02 21:36:49,mobile,Chrome,Windows,direct,CA,,A,False,2,430,5,11.17,0.096,0.304,,1,P8310,Books,WELCOME10
EVT200847,C99907,S9842595493,page_view,2024-10-17 03:53:19,mobile,Safari,Windows,direct,MX,,A,True,3,332,26,6.15,0.177,0.111,,2,,,NONE
EVT200848,C42983,S3857501386,checkout_start,2024-01-10 00:34:33,mobile,Safari,Linux,affiliate,US,IN,B,True,6,559,30,126.06,0.275,0.0,,10,,,WELCOME10
EVT200849,C32539,S7343373999,add_to_cart,2024-07-14 05:18:36,mobile,Firefox,iOS,organic_search,BR,,B,False,6,482,33,174.62,0.13,0.0,,7,P3354,Home,FREESHIP
EVT200850,C79835,S9244622978,product_view,2025-06-29 19:22:01,desktop,Edge,iOS,paid_search,CA,,B,True,2,474,40,35.55,0.18,0.0,,9,P9534,Pets,HOLIDAY20
EVT200851,C85232,S7459149594,purchase,2025-02-22 13:09:09,mobile,Firefox,Linux,paid_search,AU,,B,False,8,379,31,188.93,0.176,0.284,approved,6,P4256,Electronics,NONE
EVT200852,C77895,S3131203996,checkout_start,2024-01-03 14:05:52,desktop,Opera,iOS,direct,FR,,B,True,5,397,13,108.17,0.1,0.14,,5,,,NONE
EVT200853,C93167,S4881747111,page_view,2024-02-05 21:04:38,desktop,Firefox,Android,organic_search,DE,,A,True,5,264,29,18.19,0.198,0.269,,4,,,NONE
EVT200854,C54046,S2899103516,add_to_cart,2024-03-06 19:46:27,tablet,Chrome,Android,direct,MX,,B,True,4,582,60,28.84,0.072,0.124,,5,P5352,Beauty,NONE
EVT200855,C89869,S2185016792,page_view,2024-11-19 09:41:22,mobile,Opera,macOS,paid_search,MX,,B,True,3,565,67,9.76,0.053,0.074,,4,,,FREESHIP
EVT200856,C54762,S9943546670,product_view,2024-10-21 01:43:35,mobile,Safari,Windows,email,AU,,A,True,4,443,5,5.77,0.231,0.155,,9,P8786,Beauty,NONE
EVT200857,C72762,S4076131205,payment_attempt,2024-05-10 02:48:52,mobile,Safari,Linux,organic_search,AU,,A,True,4,354,48,114.87,0.189,0.341,approved,9,,,FREESHIP
EVT200858,C68658,S1732516873,page_view,2024-07-20 18:50:34,mobile,Opera,Windows,direct,MX,,B,True,4,197,71,32.07,0.154,0.0,,3,,,FREESHIP
EVT200859,C52651,S7779713010,checkout_start,2024-07-06 03:45:44,desktop,Firefox,Windows,paid_search,DE,,A,False,3,467,37,138.85,0.227,0.0,,7,,,NONE
EVT200860,C76973,S1092324435,add_to_cart,2024-01-02 06:58:12,desktop,Safari,macOS,paid_search,CA,,B,False,8,505,59,121.48,0.189,0.0,,1,P8754,Automotive,NONE
EVT200861,C68456,S7223114453,product_view,2024-02-09 03:41:14,mobile,Firefox,iOS,organic_search,CA,,B,True,7,437,7,24.4,0.053,0.147,,8,P7274,Beauty,HOLIDAY20
EVT200862,C84450,S8823073566,purchase,2025-06-06 02:45:10,desktop,Chrome,macOS,email,IN,,B,True,3,173,54,57.03,0.21,0.108,approved,6,P2846,Electronics,WELCOME10
EVT200863,C25310,S6265931126,checkout_start,2024-07-31 22:28:25,desktop,Opera,macOS,organic_search,MX,,B,True,6,297,17,139.62,0.085,0.023,,8,,,NONE
EVT200864,C25835,S6854231669,product_view,2024-04-04 07:41:17,mobile,Firefox,iOS,email,GB,,B,True,3,341,49,26.15,0.012,0.118,,6,P6406,Automotive,NONE
EVT200865,C15382,S5714932593,page_view,2024-08-18 08:33:20,mobile,Opera,Android,paid_search,CA,,B,False,3,378,10,29.86,0.161,0.292,,5,,,WELCOME10
EVT200866,C44587,S1282562700,purchase,2024-02-08 07:13:44,mobile,Chrome,Linux,direct,CA,,A,True,5,268,60,143.05,0.035,0.0,approved,3,P2908,Apparel,NONE
EVT200867,C76110,S2149437132,product_view,2024-03-17 14:44:02,mobile,Edge,Android,direct,AU,,A,True,1,333,26,27.67,0.113,0.374,,7,P8450,Sports,WELCOME10
EVT200868,C59034,S7922703721,add_to_cart,2024-05-02 01:27:30,mobile,Firefox,Android,direct,MX,,B,False,2,402,24,90.25,0.174,0.0,,6,P7462,Automotive,VIP25
EVT200869,C82394,S9067188549,product_view,2024-12-26 13:26:17,desktop,Chrome,Android,email,IN,,A,True,6,655,24,34.15,0.231,0.31,,4,P4229,Sports,WELCOME10
EVT200870,C44334,S9012073632,page_view,2024-10-06 05:48:02,mobile,Edge,macOS,paid_search,BR,,A,False,7,213,46,33.25,0.096,0.083,,10,,,NONE
EVT200871,C88248,S9758564706,add_to_cart,2025-04-29 17:12:19,mobile,Safari,Linux,direct,BR,,B,True,5,560,41,38.04,0.187,0.062,,7,P8587,Sports,NONE
EVT200872,C97992,S5988467132,page_view,2024-03-24 01:19:14,tablet,Firefox,Linux,direct,CA,,B,True,4,341,29,0.69,0.251,0.0,,8,,,NONE
EVT200873,C23990,S1172365650,checkout_start,2025-03-16 12:44:17,desktop,Chrome,Windows,affiliate,CA,,B,True,2,244,28,113.31,0.149,0.036,,1,,,NONE
EVT200874,C11335,S1876631225,add_to_cart,2024-12-15 19:09:21,mobile,Chrome,Windows,direct,IN,,A,True,2,329,41,38.19,0.161,0.178,,3,P1679,Toys,WELCOME10
EVT200875,C34545,S2297961759,product_view,2025-03-27 12:57:06,desktop,Opera,macOS,organic_search,MX,,B,False,2,370,5,23.51,0.165,0.0,,1,P2548,Toys,NONE
EVT200876,C62479,S5794227782,add_to_cart,2025-03-24 07:47:22,desktop,Opera,Windows,direct,MX,,B,True,5,230,35,50.6,0.0,0.423,,2,P6984,Automotive,HOLIDAY20
EVT200877,C15685,S8427146171,product_view,2024-08-13 20:39:31,desktop,Edge,macOS,organic_search,CA,,A,False,5,386,19,23.44,0.306,0.33,,3,P6456,Books,NONE
EVT200878,C49555,S3658320883,add_to_cart,2024-11-25 09:59:26,mobile,Opera,iOS,social,GB,,B,True,4,445,32,98.09,0.007,0.0,,10,P5178,Automotive,FREESHIP
EVT200879,C36561,S6841541497,product_view,2024-04-22 06:56:09,desktop,Firefox,Android,direct,GB,,B,False,3,351,79,41.15,0.172,0.0,,4,P1175,Electronics,NONE
EVT200880,C73495,S1818710579,product_view,2024-12-11 15:12:00,mobile,Edge,Windows,organic_search,IN,,B,False,5,342,62,40.33,0.132,0.216,,7,P5371,Books,NONE
EVT200881,C14743,S6048794220,page_view,2024-10-16 20:33:57,mobile,Opera,macOS,organic_search,DE,,B,True,2,454,56,37.0,0.251,0.003,,10,,,NONE
EVT200882,C64194,S7933946855,page_view,2024-01-26 23:11:34,mobile,Opera,macOS,organic_search,AU,,B,False,7,268,5,31.52,0.294,0.0,,7,,,NONE
EVT200883,C92466,S2807377573,product_view,2024-05-26 18:40:28,desktop,Edge,Linux,direct,US,ME,A,True,3,296,5,7.62,0.084,0.206,,1,P9203,Sports,HOLIDAY20
EVT200884,C87854,S3712463750,page_view,2025-03-21 04:54:52,desktop,Edge,Android,affiliate,FR,,B,True,7,254,58,29.98,0.212,0.01,,4,,,FREESHIP
EVT200885,C49089,S8478784103,page_view,2025-06-28 17:26:10,mobile,Firefox,Linux,direct,CA,,A,False,3,419,47,17.4,0.083,0.0,,8,,,NONE
EVT200886,C10977,S9057968845,payment_attempt,2024-09-11 23:53:25,desktop,Chrome,Linux,direct,US,MA,B,True,4,404,25,197.8,0.08,0.197,approved,2,,,NONE
EVT200887,C11196,S3225086722,add_to_cart,2024-06-16 09:39:26,mobile,Firefox,macOS,social,MX,,B,True,5,446,67,67.56,0.24,0.27,,10,P1199,Automotive,NONE
EVT200888,C64985,S8288095767,checkout_start,2025-03-14 01:35:49,mobile,Chrome,macOS,direct,GB,,A,True,6,327,93,217.97,0.122,0.068,,4,,,NONE
EVT200889,C47263,S9232240275,add_to_cart,2024-05-16 22:09:06,mobile,Opera,Windows,email,CA,,B,True,4,306,44,140.74,0.057,0.235,,10,P3830,Pets,NONE
EVT200890,C92157,S7537525311,add_to_cart,2024-01-25 00:40:53,tablet,Safari,iOS,paid_search,US,WI,A,True,7,225,59,166.31,0.159,0.0,,10,P5128,Grocery,NONE
EVT200891,C17175,S7791082772,page_view,2024-08-21 08:39:57,tablet,Firefox,Android,organic_search,FR,,A,True,2,476,40,14.0,0.07,0.0,,8,,,NONE
EVT200892,C87918,S1484236783,checkout_start,2024-09-12 22:13:06,desktop,Chrome,Windows,paid_search,US,UT,B,False,3,345,31,34.59,0.0,0.0,,1,,,NONE
EVT200893,C81405,S9651618993,checkout_start,2024-03-12 20:36:54,mobile,Firefox,Android,social,DE,,B,True,2,464,39,77.87,0.274,0.159,,4,,,FREESHIP
EVT200894,C76582,S2484831445,checkout_start,2025-05-21 22:40:03,mobile,Safari,Android,paid_search,US,UT,A,True,5,209,44,190.12,0.072,0.485,,10,,,NONE
EVT200895,C48454,S4918547257,product_view,2024-08-08 14:55:49,mobile,Edge,iOS,paid_search,CA,,B,False,4,318,28,3.66,0.185,0.313,,8,P8196,Electronics,WELCOME10
EVT200896,C15440,S3368382054,page_view,2024-10-14 20:31:49,desktop,Safari,macOS,organic_search,CA,,B,True,7,480,39,6.53,0.145,0.215,,8,,,NONE
EVT200897,C12287,S8094350880,add_to_cart,2025-05-12 16:20:51,desktop,Safari,Linux,direct,GB,,B,False,5,338,47,91.36,0.194,0.0,,7,P2770,Sports,NONE
EVT200898,C16457,S5965759103,purchase,2025-05-21 00:30:06,desktop,Firefox,Windows,affiliate,AU,,A,True,3,398,39,47.59,0.049,0.039,approved,10,P1410,Sports,NONE
EVT200899,C17078,S3557970656,page_view,2024-11-26 12:52:44,mobile,Chrome,iOS,direct,MX,,A,True,4,199,62,17.64,0.219,0.03,,3,,,NONE
EVT200900,C64905,S6889436320,checkout_start,2025-05-15 03:48:03,mobile,Safari,Windows,email,FR,,A,False,4,171,36,40.36,0.129,0.154,,5,,,VIP25
EVT200901,C67064,S7401437909,add_to_cart,2024-03-28 09:39:40,mobile,Edge,Android,organic_search,DE,,B,True,4,471,5,61.99,0.057,0.17,,3,P6968,Sports,HOLIDAY20
EVT200902,C41502,S5873146479,product_view,2025-06-13 21:07:38,mobile,Opera,iOS,organic_search,IN,,A,False,7,599,6,30.89,0.234,0.304,,6,P7558,Home,NONE
EVT200903,C53128,S6786578980,add_to_cart,2024-11-14 15:40:34,desktop,Firefox,Windows,email,GB,,A,True,3,475,13,174.51,0.106,0.0,,1,P1106,Beauty,NONE
EVT200904,C54215,S3155970919,product_view,2024-06-22 15:24:12,desktop,Opera,Android,direct,MX,,A,False,5,572,91,21.31,0.208,0.145,,7,P5827,Electronics,NONE
EVT200905,C45515,S4648417574,checkout_start,2024-10-08 03:02:23,desktop,Firefox,Linux,direct,US,ME,A,True,10,487,54,216.06,0.075,0.366,,2,,,NONE
EVT200906,C40595,S1493957080,checkout_start,2024-05-04 17:48:56,desktop,Chrome,Windows,paid_search,GB,,B,True,5,396,27,181.57,0.154,0.0,,10,,,NONE
EVT200907,C68086,S8583199563,add_to_cart,2024-03-15 15:57:43,desktop,Chrome,Linux,paid_search,DE,,B,True,3,325,50,139.3,0.046,0.052,,2,P9129,Sports,NONE
EVT200908,C10962,S2179115678,payment_attempt,2024-05-04 14:06:28,tablet,Chrome,Linux,organic_search,FR,,A,False,2,160,42,161.61,0.115,0.14,approved,1,,,WELCOME10
EVT200909,C82107,S4609984300,page_view,2025-06-09 16:43:56,mobile,Safari,iOS,organic_search,DE,,A,True,8,333,56,23.91,0.165,0.0,,4,,,NONE
EVT200910,C92893,S4267870432,checkout_start,2024-09-25 05:33:53,desktop,Chrome,macOS,organic_search,MX,,B,True,3,288,54,187.4,0.068,0.228,,9,,,NONE
EVT200911,C19218,S1963726155,checkout_start,2025-04-15 13:27:16,mobile,Chrome,Linux,affiliate,IN,,B,False,3,299,15,98.87,0.113,0.0,,5,,,NONE
EVT200912,C14753,S2270918386,checkout_start,2024-01-13 22:58:57,mobile,Firefox,macOS,organic_search,BR,,A,False,2,216,33,214.63,0.026,0.243,,9,,,NONE
EVT200913,C10753,S5983489664,page_view,2024-11-27 11:45:47,mobile,Safari,Android,organic_search,US,MT,B,True,5,349,55,25.17,0.063,0.119,,8,,,FREESHIP
EVT200914,C18300,S8331534873,page_view,2024-07-16 13:28:56,mobile,Edge,Android,direct,US,IL,A,True,4,390,49,6.45,0.164,0.184,,4,,,NONE
EVT200915,C49483,S8807989662,page_view,2024-06-16 10:53:06,mobile,Edge,Android,organic_search,BR,,B,False,2,355,27,12.3,0.204,0.228,,10,,,HOLIDAY20
EVT200916,C32372,S3692128307,product_view,2024-04-07 14:44:58,mobile,Opera,macOS,direct,AU,,B,True,7,394,52,6.23,0.15,0.0,,8,P6476,Toys,FREESHIP
EVT200917,C71815,S9014391213,product_view,2024-01-03 09:57:51,mobile,Safari,iOS,email,BR,,A,False,6,465,31,31.78,0.067,0.104,,6,P8204,Automotive,NONE
EVT200918,C35984,S2948934687,payment_attempt,2024-04-14 14:55:50,desktop,Edge,iOS,email,AU,,B,False,1,302,62,162.45,0.116,0.0,approved,9,,,NONE
EVT200919,C22381,S4403776883,checkout_start,2025-02-15 22:10:08,desktop,Opera,Linux,direct,FR,,A,False,3,406,60,129.43,0.215,0.147,,1,,,FREESHIP
EVT200920,C44314,S9238759813,page_view,2024-11-24 12:14:15,mobile,Edge,Windows,paid_search,CA,,B,False,3,279,25,37.51,0.165,0.202,,9,,,WELCOME10
EVT200921,C55620,S2729347430,add_to_cart,2024-03-08 22:49:38,mobile,Opera,Android,direct,GB,,A,False,1,397,41,219.07,0.097,0.0,,8,P7469,Apparel,NONE
EVT200922,C34945,S2351363562,checkout_start,2025-06-03 14:41:00,desktop,Chrome,iOS,affiliate,BR,,A,True,2,446,28,153.79,0.044,0.0,,1,,,WELCOME10
EVT200923,C69323,S3883769426,product_view,2024-08-30 02:18:36,desktop,Safari,Windows,direct,CA,,A,True,4,617,54,0.42,0.233,0.3,,10,P5579,Beauty,HOLIDAY20
EVT200924,C55451,S9727929790,checkout_start,2024-01-16 08:24:02,desktop,Firefox,Windows,direct,US,ND,B,True,6,284,89,44.11,0.118,0.109,,4,,,NONE
EVT200925,C26009,S7579507346,page_view,2024-06-21 18:58:44,desktop,Firefox,iOS,direct,US,MD,A,False,4,462,22,0.83,0.111,0.0,,10,,,NONE
EVT200926,C55203,S4997602385,product_view,2024-07-25 22:37:59,mobile,Safari,Linux,organic_search,US,SD,B,True,3,260,54,11.59,0.145,0.174,,6,P4781,Grocery,WELCOME10
EVT200927,C36274,S6461872940,purchase,2024-06-01 13:10:13,desktop,Safari,Windows,organic_search,IN,,A,True,5,348,19,31.07,0.156,0.246,approved,2,P6125,Electronics,NONE
EVT200928,C99098,S7540054442,purchase,2025-02-02 07:26:18,mobile,Safari,macOS,paid_search,FR,,A,True,5,442,69,53.01,0.01,0.155,approved,7,P5213,Grocery,NONE
EVT200929,C38972,S1388114755,page_view,2025-02-26 06:53:27,desktop,Firefox,macOS,direct,BR,,B,True,3,386,78,11.83,0.077,0.046,,8,,,WELCOME10
EVT200930,C50718,S8036030313,purchase,2025-02-12 07:43:48,mobile,Edge,Android,direct,GB,,A,False,6,489,5,147.45,0.004,0.0,approved,7,P7476,Toys,NONE
EVT200931,C87740,S7926495740,return_initiated,2024-02-28 08:18:10,mobile,Opera,Linux,direct,IN,,B,True,5,299,26,102.59,0.094,0.0,,8,P5440,Books,NONE
EVT200932,C65360,S1545302903,product_view,2024-02-03 06:15:43,desktop,Opera,Windows,email,AU,,B,False,5,172,43,0.3,0.089,0.093,,7,P9651,Pets,WELCOME10
EVT200933,C44803,S4513006324,product_view,2025-04-10 10:18:10,mobile,Edge,Android,direct,US,IA,B,False,3,340,36,3.31,0.176,0.09,,7,P5429,Apparel,NONE
EVT200934,C60774,S1832797500,add_to_cart,2024-06-15 02:11:30,mobile,Edge,Android,paid_search,GB,,B,True,3,239,53,161.03,0.183,0.079,,7,P1880,Books,FREESHIP
EVT200935,C44982,S7411785281,page_view,2024-05-12 14:47:37,mobile,Edge,Android,organic_search,IN,,B,False,5,479,12,15.23,0.244,0.024,,8,,,FREESHIP
EVT200936,C33060,S6518609832,add_to_cart,2024-11-19 13:34:19,mobile,Safari,iOS,affiliate,CA,,B,True,5,94,47,164.68,0.035,0.128,,4,P9922,Books,NONE
EVT200937,C50446,S7410446822,add_to_cart,2024-10-19 20:49:46,mobile,Chrome,Linux,organic_search,AU,,B,False,3,266,35,184.6,0.16,0.267,,3,P6371,Beauty,WELCOME10
EVT200938,C37871,S4818911923,product_view,2025-06-05 02:18:24,mobile,Opera,macOS,social,DE,,A,True,7,369,31,38.67,0.086,0.1,,6,P4894,Toys,FREESHIP
EVT200939,C47215,S8988371830,product_view,2024-09-04 13:04:01,mobile,Safari,Android,direct,FR,,B,False,3,272,33,14.58,0.201,0.333,,7,P1125,Toys,WELCOME10
EVT200940,C22524,S9848299510,product_view,2025-06-19 09:30:45,desktop,Chrome,Android,affiliate,US,GA,B,True,2,206,50,2.79,0.157,0.022,,3,P2611,Apparel,NONE
EVT200941,C39783,S4437053038,add_to_cart,2024-03-04 19:22:42,mobile,Chrome,Android,organic_search,AU,,B,True,1,466,42,219.07,0.108,0.185,,2,P6215,Home,NONE
EVT200942,C77324,S6737216711,product_view,2024-11-13 13:31:27,desktop,Firefox,iOS,social,DE,,B,True,4,487,45,24.37,0.112,0.108,,9,P1284,Home,WELCOME10
EVT200943,C12979,S3874978744,page_view,2025-05-04 09:25:49,tablet,Safari,Windows,paid_search,AU,,B,True,6,188,5,34.53,0.204,0.1,,7,,,NONE
EVT200944,C97134,S7439430798,page_view,2024-07-16 23:59:37,mobile,Opera,iOS,direct,AU,,A,False,3,264,15,39.58,0.155,0.021,,9,,,NONE
EVT200945,C33500,S8805636640,page_view,2024-11-11 05:09:02,desktop,Firefox,Android,social,DE,,B,True,2,331,25,14.42,0.253,0.022,,9,,,NONE
EVT200946,C59593,S9141225763,payment_attempt,2024-08-20 17:20:12,mobile,Edge,macOS,paid_search,DE,,B,True,1,408,54,123.6,0.158,0.052,approved,1,,,NONE
EVT200947,C75059,S3967910026,page_view,2024-07-08 16:47:50,mobile,Firefox,iOS,direct,MX,,B,True,6,305,36,16.16,0.13,0.302,,1,,,NONE
EVT200948,C94462,S3340730119,purchase,2024-01-07 19:39:10,mobile,Opera,Android,organic_search,BR,,B,False,4,310,53,78.21,0.046,0.145,approved,4,P9217,Home,NONE
EVT200949,C83683,S7657902917,payment_attempt,2024-02-16 05:38:43,mobile,Opera,Windows,paid_search,GB,,A,True,7,320,24,29.98,0.123,0.063,approved,5,,,NONE
EVT200950,C11539,S6952640067,purchase,2025-04-08 09:12:30,mobile,Safari,iOS,direct,CA,,B,True,3,434,44,145.01,0.123,0.275,approved,6,P4941,Apparel,FREESHIP
EVT200951,C26408,S1088387836,product_view,2025-03-19 23:05:51,mobile,Safari,Linux,email,FR,,A,True,5,566,70,24.72,0.032,0.11,,2,P7655,Beauty,NONE
EVT200952,C80548,S6519111634,product_view,2024-09-27 22:24:09,desktop,Safari,Linux,direct,CA,,A,True,4,439,14,28.52,0.136,0.0,,9,P4953,Apparel,NONE
EVT200953,C56734,S2931698216,page_view,2024-03-26 03:09:04,mobile,Edge,macOS,direct,US,WA,A,True,5,411,34,7.59,0.191,0.143,,1,,,NONE
EVT200954,C94554,S7128528216,product_view,2024-05-31 22:16:58,desktop,Firefox,Windows,organic_search,IN,,B,True,3,531,31,41.63,0.127,0.151,,10,P2663,Electronics,NONE
EVT200955,C23491,S9279825577,payment_attempt,2024-06-26 12:17:45,desktop,Chrome,iOS,direct,IN,,B,True,5,365,46,28.0,0.194,0.101,approved,7,,,NONE
EVT200956,C48087,S9121836201,page_view,2024-03-02 15:19:18,mobile,Edge,Linux,social,AU,,A,False,8,305,43,33.72,0.099,0.0,,10,,,NONE
EVT200957,C22349,S7683375010,product_view,2024-06-05 19:13:51,desktop,Chrome,iOS,email,DE,,B,True,5,319,46,13.27,0.19,0.0,,2,P7079,Books,WELCOME10
EVT200958,C55668,S3438413760,product_view,2024-09-09 13:37:11,desktop,Edge,Android,direct,AU,,B,True,4,450,76,16.24,0.093,0.274,,7,P2187,Beauty,NONE
EVT200959,C64164,S7726366683,product_view,2024-12-25 22:21:38,desktop,Edge,macOS,email,US,TX,A,True,8,357,55,2.64,0.055,0.03,,6,P4091,Pets,NONE
EVT200960,C36529,S3830845225,product_view,2024-10-29 18:00:37,mobile,Firefox,macOS,email,GB,,A,True,1,232,45,6.71,0.234,0.0,,4,P9985,Grocery,FREESHIP
EVT200961,C92847,S1553692026,product_view,2024-12-28 16:29:04,desktop,Edge,Linux,direct,FR,,B,False,3,471,38,29.63,0.108,0.0,,7,P1714,Toys,NONE
EVT200962,C43576,S1780247106,product_view,2024-02-15 14:33:17,mobile,Safari,iOS,paid_search,BR,,A,True,1,428,60,13.52,0.166,0.192,,3,P5464,Toys,NONE
EVT200963,C70894,S7094763798,add_to_cart,2024-03-18 03:34:42,desktop,Opera,Android,organic_search,MX,,A,False,4,460,79,48.52,0.113,0.004,,4,P5760,Books,NONE
EVT200964,C26951,S4863051793,page_view,2024-11-25 05:59:01,desktop,Firefox,iOS,paid_search,MX,,A,False,4,372,5,38.79,0.076,0.0,,1,,,FREESHIP
EVT200965,C95836,S2763998000,add_to_cart,2024-01-11 16:27:05,desktop,Opera,Android,direct,CA,,A,False,5,460,48,166.61,0.175,0.025,,2,P1458,Sports,WELCOME10
EVT200966,C96928,S1023826806,product_view,2025-05-31 22:17:58,mobile,Safari,macOS,organic_search,GB,,B,True,5,375,25,12.91,0.075,0.068,,8,P2708,Pets,NONE
EVT200967,C30998,S5318842345,product_view,2025-03-02 16:11:29,desktop,Chrome,iOS,email,IN,,A,True,4,387,51,41.71,0.126,0.139,,10,P8282,Toys,NONE
EVT200968,C21778,S1725212930,product_view,2024-06-05 10:32:18,desktop,Firefox,iOS,organic_search,BR,,A,True,3,100,22,11.94,0.132,0.04,,6,P7602,Grocery,NONE
EVT200969,C26972,S8215775556,payment_attempt,2024-01-14 21:24:04,mobile,Opera,iOS,organic_search,DE,,B,False,2,120,58,33.08,0.232,0.195,approved,9,,,NONE
EVT200970,C97553,S6739348738,purchase,2024-08-14 06:20:45,mobile,Opera,Android,email,DE,,A,False,3,422,60,39.06,0.071,0.577,declined,8,P4567,Pets,FREESHIP
EVT200971,C24487,S4960548603,add_to_cart,2025-02-15 07:35:24,mobile,Opera,Windows,direct,BR,,A,True,4,381,48,58.83,0.046,0.252,,2,P3131,Home,HOLIDAY20
EVT200972,C19819,S1849634719,checkout_start,2024-02-24 03:45:16,mobile,Edge,iOS,paid_search,BR,,A,True,7,284,29,80.98,0.154,0.422,,4,,,VIP25
EVT200973,C40213,S9448945460,product_view,2025-05-14 03:16:35,mobile,Opera,macOS,affiliate,CA,,B,False,7,376,60,32.43,0.189,0.136,,3,P5497,Pets,NONE
EVT200974,C77609,S2567037487,checkout_start,2025-06-03 03:04:29,desktop,Opera,Android,direct,DE,,B,False,7,389,54,90.97,0.083,0.0,,10,,,NONE
EVT200975,C65917,S8259107295,product_view,2024-02-17 18:05:05,desktop,Chrome,Android,organic_search,US,NV,A,True,1,310,29,19.82,0.164,0.197,,2,P9879,Automotive,HOLIDAY20
EVT200976,C92513,S9116580948,page_view,2024-11-20 16:34:48,mobile,Firefox,macOS,direct,US,NC,A,False,1,464,29,15.61,0.0,0.051,,1,,,WELCOME10
EVT200977,C89322,S1359751404,product_view,2024-11-30 18:35:35,desktop,Edge,Linux,paid_search,BR,,A,True,2,383,5,24.51,0.139,0.122,,3,P1339,Automotive,VIP25
EVT200978,C76301,S9857753966,page_view,2025-02-06 12:08:20,desktop,Chrome,Android,email,AU,,B,True,3,139,26,21.56,0.15,0.196,,7,,,NONE
EVT200979,C39429,S7996999459,payment_attempt,2024-02-14 20:58:35,desktop,Safari,Linux,paid_search,AU,,A,True,3,188,42,45.66,0.254,0.196,declined,6,,,NONE
EVT200980,C85495,S5341719249,payment_attempt,2024-08-28 23:23:01,desktop,Firefox,Android,paid_search,MX,,A,False,2,485,59,148.89,0.254,0.0,approved,8,,,FREESHIP
EVT200981,C16359,S5880358679,return_initiated,2024-05-02 05:08:53,mobile,Safari,Linux,direct,FR,,A,False,5,142,12,32.4,0.226,0.213,,3,P2181,Sports,FREESHIP
EVT200982,C56743,S3453103518,page_view,2024-10-31 14:54:08,mobile,Edge,iOS,organic_search,IN,,A,True,3,328,37,31.64,0.164,0.046,,7,,,FREESHIP
EVT200983,C12742,S4342895307,product_view,2025-03-18 14:17:35,mobile,Opera,Windows,direct,CA,,B,True,5,401,37,18.64,0.205,0.04,,4,P9193,Grocery,WELCOME10
EVT200984,C28553,S4601989087,payment_attempt,2025-01-13 10:06:37,mobile,Chrome,iOS,social,FR,,B,False,6,272,6,83.07,0.23,0.287,approved,2,,,NONE
EVT200985,C36334,S2693878115,purchase,2024-04-07 23:32:58,desktop,Safari,Linux,social,BR,,A,False,6,293,10,114.77,0.103,0.0,declined,5,P5395,Toys,NONE
EVT200986,C34440,S6267660158,checkout_start,2024-05-28 23:46:05,mobile,Edge,Windows,email,AU,,A,False,2,263,20,39.1,0.083,0.063,,5,,,FREESHIP
EVT200987,C78138,S3246763760,product_view,2024-01-22 15:46:25,desktop,Safari,Windows,direct,US,TX,A,True,3,460,66,15.39,0.262,0.0,,6,P6993,Sports,HOLIDAY20
EVT200988,C90598,S4060524203,add_to_cart,2024-04-11 19:38:45,desktop,Firefox,Windows,email,BR,,B,True,4,331,5,98.55,0.01,0.125,,2,P1902,Beauty,NONE
EVT200989,C80370,S6851280109,page_view,2024-02-08 19:05:49,mobile,Opera,iOS,direct,CA,,B,True,8,270,9,13.05,0.074,0.226,,7,,,NONE
EVT200990,C16271,S7633722006,add_to_cart,2024-01-28 16:14:38,mobile,Safari,Windows,direct,IN,,A,True,2,144,25,19.62,0.095,0.093,,2,P9703,Beauty,NONE
EVT200991,C68790,S7468088451,payment_attempt,2025-02-18 02:30:59,mobile,Opera,iOS,organic_search,BR,,A,False,4,201,46,23.06,0.134,0.313,approved,3,,,NONE
EVT200992,C84294,S3364905006,page_view,2024-04-05 08:00:35,mobile,Edge,Linux,direct,MX,,B,True,4,284,27,34.53,0.116,0.0,,7,,,NONE
EVT200993,C32889,S2452481798,checkout_start,2024-01-21 11:52:15,desktop,Opera,Linux,direct,CA,,B,True,3,267,7,168.57,0.088,0.343,,1,,,HOLIDAY20
EVT200994,C47833,S9152799087,product_view,2024-12-16 10:22:21,desktop,Opera,Linux,social,GB,,A,False,3,400,90,12.13,0.205,0.18,,6,P7839,Automotive,WELCOME10
EVT200995,C24765,S5157561433,page_view,2024-04-05 23:55:34,mobile,Opera,Android,direct,GB,,B,True,5,315,51,25.62,0.101,0.14,,2,,,NONE
EVT200996,C20528,S8773884499,product_view,2025-01-09 09:42:08,desktop,Opera,iOS,email,FR,,B,False,2,344,16,35.13,0.199,0.225,,8,P3349,Electronics,WELCOME10
EVT200997,C90242,S7826789345,product_view,2025-04-26 13:37:00,desktop,Safari,Windows,direct,MX,,A,False,2,239,30,30.29,0.158,0.17,,7,P6268,Pets,NONE
EVT200998,C75903,S8587131352,product_view,2024-12-18 14:20:19,desktop,Opera,Linux,direct,GB,,B,True,3,220,5,24.71,0.204,0.0,,9,P5516,Grocery,NONE
EVT200999,C87321,S5891145298,add_to_cart,2024-09-15 07:13:58,desktop,Chrome,Windows,affiliate,BR,,A,True,5,209,35,182.56,0.113,0.097,,6,P2948,Pets,FREESHIP
EVT201000,C15455,S8987480094,product_view,2024-07-25 03:43:49,mobile,Edge,Windows,direct,IN,,B,True,2,457,35,30.31,0.156,0.136,,7,P9669,Toys,NONE
EVT201001,C47844,S3057748338,page_view,2025-04-20 19:27:14,desktop,Firefox,Linux,organic_search,FR,,B,True,2,344,13,8.4,0.08,0.0,,1,,,FREESHIP
EVT201002,C70940,S8652321166,page_view,2024-01-18 19:00:19,mobile,Edge,iOS,social,BR,,B,True,6,280,23,31.2,0.068,0.174,,1,,,NONE
EVT201003,C30591,S7109000090,purchase,2024-08-19 13:47:32,desktop,Chrome,Linux,social,CA,,B,True,8,331,47,216.53,0.041,0.034,approved,4,P1485,Toys,NONE
EVT201004,C67714,S1174646787,checkout_start,2025-03-22 01:40:11,mobile,Edge,Linux,social,CA,,A,True,6,512,36,152.89,0.136,0.133,,2,,,NONE
EVT201005,C23096,S8158563932,payment_attempt,2024-12-18 06:52:27,desktop,Firefox,macOS,organic_search,US,NY,A,False,2,295,5,64.38,0.172,0.0,approved,2,,,WELCOME10
EVT201006,C10833,S1646483705,return_initiated,2025-03-04 21:45:04,tablet,Opera,Windows,email,AU,,B,False,6,526,30,53.75,0.162,0.0,,3,P4597,Sports,FREESHIP
EVT201007,C12949,S5247857418,return_initiated,2025-03-04 14:36:23,mobile,Firefox,Windows,direct,GB,,A,False,6,253,73,128.0,0.173,0.095,,8,P8029,Apparel,NONE
EVT201008,C96966,S1267432131,product_view,2024-08-20 00:08:32,mobile,Edge,Windows,organic_search,MX,,B,False,4,338,27,36.68,0.086,0.192,,4,P2060,Grocery,HOLIDAY20
EVT201009,C35736,S5513810468,product_view,2024-11-11 11:18:42,mobile,Firefox,macOS,organic_search,MX,,B,True,2,278,60,0.27,0.116,0.0,,9,P5823,Beauty,NONE
EVT201010,C94599,S5258430130,payment_attempt,2024-01-27 19:04:08,mobile,Chrome,iOS,paid_search,IN,,B,False,2,317,35,240.44,0.032,0.0,declined,10,,,WELCOME10
EVT201011,C12025,S1398481397,payment_attempt,2024-03-16 09:57:41,mobile,Chrome,macOS,direct,DE,,A,False,2,416,31,111.24,0.15,0.0,approved,9,,,WELCOME10
EVT201012,C18025,S1162449503,page_view,2024-01-24 08:25:21,mobile,Opera,Windows,direct,CA,,B,False,2,204,23,19.95,0.195,0.215,,2,,,NONE
EVT201013,C46673,S4786507176,page_view,2024-06-03 10:15:11,mobile,Safari,Android,paid_search,BR,,A,False,4,364,25,4.15,0.255,0.12,,4,,,NONE
EVT201014,C23329,S7269214888,page_view,2025-01-21 21:49:10,mobile,Edge,Linux,organic_search,FR,,A,False,1,350,7,29.87,0.104,0.296,,6,,,FREESHIP
EVT201015,C67098,S4108136362,add_to_cart,2024-07-05 19:11:44,desktop,Firefox,Linux,direct,DE,,A,True,4,473,62,146.61,0.103,0.06,,10,P5085,Toys,HOLIDAY20
EVT201016,C41764,S1528403242,payment_attempt,2024-07-27 15:52:49,mobile,Firefox,iOS,direct,US,WI,B,False,3,550,34,24.83,0.095,0.053,approved,10,,,NONE
EVT201017,C15319,S8436548014,product_view,2024-02-06 12:58:13,desktop,Safari,macOS,direct,IN,,A,True,4,372,27,37.49,0.121,0.0,,5,P3629,Sports,NONE
EVT201018,C54461,S3116028220,product_view,2024-12-26 16:42:10,desktop,Opera,macOS,social,CA,,A,False,5,311,35,3.27,0.219,0.032,,4,P8191,Home,NONE
EVT201019,C63304,S2095531692,product_view,2024-10-10 04:18:51,mobile,Opera,Linux,paid_search,CA,,B,False,4,547,5,23.95,0.043,0.0,,5,P8435,Automotive,HOLIDAY20
EVT201020,C53780,S5255855572,page_view,2024-06-07 05:26:30,mobile,Chrome,Windows,paid_search,GB,,B,True,7,533,95,17.92,0.093,0.066,,10,,,FREESHIP
EVT201021,C34240,S4337647475,page_view,2024-02-27 22:28:54,mobile,Edge,iOS,direct,AU,,A,False,4,315,31,8.37,0.055,0.006,,8,,,FREESHIP
EVT201022,C63695,S2207680352,product_view,2024-01-21 03:44:36,desktop,Firefox,Android,organic_search,DE,,A,True,4,518,37,23.48,0.072,0.213,,2,P1866,Grocery,NONE
EVT201023,C26449,S8481658040,payment_attempt,2024-08-30 22:29:43,desktop,Edge,Android,direct,IN,,B,True,4,223,7,93.57,0.083,0.107,declined,5,,,NONE
EVT201024,C36818,S5180173808,product_view,2024-06-02 21:54:14,mobile,Chrome,Android,direct,BR,,B,False,5,240,43,32.84,0.044,0.279,,6,P1794,Books,HOLIDAY20
EVT201025,C23039,S8730248796,product_view,2025-03-21 21:07:56,desktop,Chrome,iOS,email,AU,,B,True,3,455,54,2.04,0.199,0.0,,6,P3115,Electronics,NONE
EVT201026,C81968,S2968105677,page_view,2024-10-12 11:01:09,desktop,Chrome,macOS,direct,CA,,A,True,4,451,63,3.35,0.194,0.235,,7,,,WELCOME10
EVT201027,C97945,S8680430687,page_view,2024-07-13 08:03:53,mobile,Chrome,iOS,email,IN,,B,True,2,463,47,25.83,0.191,0.09,,10,,,NONE
EVT201028,C35438,S1252202681,payment_attempt,2025-05-21 01:33:29,mobile,Opera,macOS,direct,CA,,A,True,4,150,29,73.47,0.09,0.255,approved,2,,,NONE
EVT201029,C92189,S4547573897,add_to_cart,2025-01-10 08:15:48,mobile,Chrome,iOS,direct,US,KS,B,False,3,342,46,180.54,0.103,0.316,,9,P5934,Books,NONE
EVT201030,C77402,S1824882794,payment_attempt,2024-10-09 08:37:46,mobile,Chrome,iOS,organic_search,CA,,B,False,5,364,51,25.01,0.057,0.234,approved,1,,,NONE
EVT201031,C82321,S1615899903,add_to_cart,2025-01-24 13:17:40,desktop,Safari,Linux,direct,MX,,B,False,4,146,50,52.24,0.168,0.047,,7,P2155,Beauty,WELCOME10
EVT201032,C16420,S1154976827,product_view,2024-06-09 09:14:53,mobile,Firefox,Linux,paid_search,IN,,B,True,4,239,66,28.21,0.173,0.241,,7,P9913,Pets,NONE
EVT201033,C90908,S5966021503,payment_attempt,2024-07-27 05:11:24,mobile,Opera,macOS,affiliate,US,WY,B,True,5,446,26,88.61,0.296,0.493,approved,7,,,NONE
EVT201034,C14284,S9830667500,add_to_cart,2024-08-24 01:21:30,desktop,Edge,Windows,paid_search,CA,,B,True,5,440,30,23.71,0.173,0.053,,7,P7154,Sports,NONE
EVT201035,C48709,S4234041748,return_initiated,2025-02-24 15:40:02,desktop,Opera,macOS,paid_search,CA,,A,True,3,426,8,163.0,0.124,0.087,,1,P9137,Automotive,NONE
EVT201036,C10514,S3608948129,checkout_start,2024-02-23 09:24:00,mobile,Firefox,Android,organic_search,BR,,A,False,2,207,44,96.82,0.187,0.101,,8,,,WELCOME10
EVT201037,C86625,S3541882324,add_to_cart,2024-01-07 18:46:52,mobile,Safari,Linux,organic_search,DE,,A,True,3,204,13,197.24,0.192,0.214,,7,P7047,Electronics,NONE
EVT201038,C72878,S6212656758,product_view,2024-12-21 12:25:55,mobile,Firefox,iOS,email,US,IL,A,False,4,563,48,7.14,0.125,0.258,,4,P9879,Pets,NONE
EVT201039,C38044,S9141833656,page_view,2024-01-13 09:10:32,desktop,Safari,Linux,organic_search,GB,,A,True,4,217,51,44.98,0.086,0.151,,6,,,HOLIDAY20
EVT201040,C88418,S9589900404,purchase,2025-03-02 02:08:07,desktop,Chrome,Windows,affiliate,AU,,A,False,2,345,46,56.92,0.203,0.046,declined,10,P3082,Home,NONE
EVT201041,C46682,S5979040183,add_to_cart,2025-05-23 17:41:07,desktop,Opera,Linux,organic_search,MX,,A,True,5,360,12,84.52,0.078,0.357,,8,P4380,Pets,FREESHIP
EVT201042,C48586,S4840787631,checkout_start,2024-12-04 06:28:33,mobile,Chrome,Linux,paid_search,BR,,B,False,4,325,43,223.88,0.08,0.125,,3,,,HOLIDAY20
EVT201043,C46633,S9168417579,page_view,2024-09-23 21:43:50,mobile,Opera,iOS,email,GB,,A,True,6,347,60,20.84,0.084,0.099,,10,,,WELCOME10
EVT201044,C57078,S9913596484,payment_attempt,2024-08-31 05:33:43,mobile,Safari,Linux,direct,MX,,B,False,2,441,17,175.48,0.144,0.354,approved,10,,,FREESHIP
EVT201045,C29353,S3857763747,page_view,2024-11-03 06:21:33,desktop,Safari,Windows,organic_search,AU,,B,True,4,339,73,41.56,0.04,0.124,,5,,,NONE
EVT201046,C36023,S1519864586,add_to_cart,2025-05-28 18:55:31,mobile,Safari,iOS,organic_search,FR,,A,False,5,269,39,82.77,0.163,0.245,,3,P6698,Books,NONE
EVT201047,C35777,S6044991838,page_view,2024-03-15 09:46:15,desktop,Opera,Windows,organic_search,US,MS,B,True,8,80,15,6.43,0.131,0.0,,4,,,NONE
EVT201048,C15235,S5330460081,purchase,2024-06-12 04:31:50,mobile,Firefox,iOS,direct,CA,,B,True,3,476,49,204.29,0.091,0.122,approved,10,P5690,Home,NONE
EVT201049,C43325,S1951516510,product_view,2024-08-20 13:58:43,mobile,Safari,Linux,direct,US,NC,A,False,4,226,69,41.29,0.084,0.0,,1,P7838,Sports,WELCOME10
EVT201050,C29577,S9259914478,payment_attempt,2024-12-09 23:53:01,desktop,Opera,Android,organic_search,FR,,B,False,7,342,29,49.0,0.07,0.0,approved,6,,,WELCOME10
EVT201051,C97686,S4972437948,add_to_cart,2024-05-30 21:02:18,tablet,Firefox,iOS,direct,MX,,B,True,3,214,24,53.27,0.019,0.003,,7,P5990,Beauty,WELCOME10
EVT201052,C23011,S5648299034,payment_attempt,2025-06-03 21:42:07,desktop,Chrome,Linux,direct,BR,,B,True,4,379,50,67.52,0.175,0.075,approved,3,,,NONE
EVT201053,C57491,S3834450151,purchase,2025-06-01 07:45:04,mobile,Chrome,Android,affiliate,CA,,A,True,3,407,13,151.41,0.118,0.337,approved,8,P2984,Sports,NONE
EVT201054,C59178,S5584470874,product_view,2024-01-01 15:45:26,desktop,Chrome,Windows,direct,CA,,A,True,3,334,38,19.19,0.16,0.064,,3,P6388,Electronics,NONE
EVT201055,C73684,S6877566813,page_view,2024-04-26 11:02:07,desktop,Safari,Linux,social,FR,,B,True,5,270,5,3.97,0.114,0.067,,6,,,NONE
EVT201056,C62935,S4743426533,product_view,2025-04-13 06:47:09,mobile,Opera,macOS,organic_search,GB,,A,True,3,346,31,30.82,0.104,0.0,,6,P8164,Toys,WELCOME10
EVT201057,C15470,S2431862895,add_to_cart,2024-02-27 17:08:20,desktop,Safari,iOS,email,GB,,A,True,4,375,34,25.97,0.103,0.124,,4,P9782,Grocery,NONE
EVT201058,C17548,S2495532326,page_view,2024-04-15 07:49:17,mobile,Edge,Linux,direct,MX,,A,True,3,267,5,16.0,0.102,0.506,,7,,,HOLIDAY20
EVT201059,C73695,S9908740493,add_to_cart,2024-07-02 21:19:12,mobile,Firefox,macOS,social,CA,,A,True,3,506,50,28.12,0.123,0.048,,8,P8930,Sports,FREESHIP
EVT201060,C97496,S8116896074,page_view,2024-10-13 18:16:51,desktop,Opera,iOS,direct,MX,,A,True,5,493,50,35.91,0.168,0.141,,4,,,NONE
EVT201061,C10618,S7788868420,return_initiated,2024-03-19 01:55:11,mobile,Opera,Android,organic_search,AU,,A,False,5,360,28,111.83,0.11,0.056,,8,P6183,Automotive,NONE
EVT201062,C34944,S6841683993,purchase,2024-04-28 20:33:36,mobile,Firefox,Linux,paid_search,US,GA,B,True,3,243,53,71.55,0.109,0.033,approved,4,P8502,Sports,HOLIDAY20
EVT201063,C79058,S5793631285,add_to_cart,2024-09-20 01:12:37,desktop,Firefox,iOS,direct,GB,,A,True,3,363,50,40.15,0.257,0.238,,3,P3220,Apparel,NONE
EVT201064,C95198,S5256116403,page_view,2025-02-04 12:51:05,desktop,Firefox,iOS,direct,FR,,B,True,9,377,62,20.84,0.127,0.17,,8,,,NONE
EVT201065,C58675,S2448652914,checkout_start,2024-01-08 21:50:27,mobile,Opera,Windows,direct,MX,,B,True,4,159,9,229.6,0.077,0.333,,4,,,NONE
EVT201066,C27992,S1075890489,product_view,2025-01-28 23:42:33,desktop,Edge,macOS,direct,BR,,B,True,1,360,41,43.25,0.134,0.0,,3,P6208,Pets,NONE
EVT201067,C22933,S8824444923,page_view,2024-08-28 23:46:25,mobile,Chrome,Linux,organic_search,MX,,B,False,1,327,66,44.89,0.048,0.0,,3,,,FREESHIP
EVT201068,C94675,S2790424865,add_to_cart,2025-01-31 21:55:29,mobile,Opera,iOS,direct,DE,,A,True,5,280,43,30.38,0.166,0.286,,1,P1628,Grocery,WELCOME10
EVT201069,C61901,S7856670811,add_to_cart,2024-08-18 06:19:35,desktop,Opera,Linux,direct,CA,,A,True,3,289,34,135.87,0.265,0.267,,3,P4015,Pets,NONE
EVT201070,C46619,S7637674532,add_to_cart,2024-01-11 20:16:37,desktop,Safari,Linux,direct,IN,,B,False,2,453,25,86.52,0.187,0.13,,1,P9240,Electronics,NONE
EVT201071,C76231,S8660449512,checkout_start,2025-03-06 17:19:55,desktop,Safari,Windows,social,AU,,B,False,1,340,83,123.61,0.143,0.165,,4,,,FREESHIP
EVT201072,C26535,S6003732787,product_view,2024-08-25 22:34:15,mobile,Edge,Linux,social,MX,,A,False,3,229,12,6.46,0.157,0.032,,3,P4300,Grocery,NONE
EVT201073,C45860,S1886230137,return_initiated,2024-12-19 07:16:10,mobile,Edge,iOS,direct,AU,,B,True,4,507,16,108.26,0.194,0.241,,6,P7465,Sports,NONE
EVT201074,C67303,S9973570631,payment_attempt,2024-09-11 07:47:48,desktop,Edge,Linux,email,AU,,B,False,5,366,54,103.8,0.049,0.0,approved,8,,,NONE
EVT201075,C45485,S1276502978,purchase,2024-02-09 00:49:10,mobile,Opera,Android,paid_search,US,KS,A,True,3,330,50,161.23,0.04,0.079,approved,2,P4708,Home,FREESHIP
EVT201076,C33408,S1472751371,add_to_cart,2024-09-12 08:59:29,tablet,Edge,Windows,direct,FR,,B,False,3,298,23,78.18,0.107,0.021,,10,P6474,Books,NONE
EVT201077,C86595,S7886371725,page_view,2025-01-05 05:05:59,desktop,Edge,iOS,email,US,AR,A,True,4,190,42,8.53,0.134,0.336,,10,,,NONE
EVT201078,C14063,S6984000376,product_view,2024-05-06 17:09:50,desktop,Firefox,iOS,organic_search,AU,,A,True,6,362,22,12.88,0.18,0.17,,7,P7229,Automotive,HOLIDAY20
EVT201079,C40602,S8396657923,return_initiated,2025-06-13 12:38:55,desktop,Firefox,Windows,direct,DE,,A,True,3,284,64,95.83,0.126,0.234,,1,P8933,Pets,NONE
EVT201080,C24936,S7555528347,add_to_cart,2025-03-22 02:27:47,mobile,Edge,Windows,social,US,WY,A,False,6,214,55,197.01,0.12,0.183,,4,P9334,Grocery,NONE
EVT201081,C59006,S7396695066,return_initiated,2024-02-17 10:36:24,mobile,Edge,Linux,affiliate,MX,,A,True,5,307,29,166.64,0.129,0.202,,6,P1199,Apparel,NONE
EVT201082,C77529,S7532288126,page_view,2024-12-13 20:38:31,desktop,Opera,Linux,direct,AU,,B,False,2,307,46,32.07,0.143,0.156,,9,,,FREESHIP
EVT201083,C56944,S4210740918,payment_attempt,2025-06-03 22:58:32,desktop,Safari,Android,affiliate,CA,,B,False,3,351,46,158.57,0.222,0.281,approved,9,,,NONE
EVT201084,C19162,S8742016455,checkout_start,2024-03-20 23:50:34,desktop,Chrome,Windows,paid_search,GB,,B,False,3,582,12,216.17,0.132,0.241,,4,,,NONE
EVT201085,C64389,S5733155842,payment_attempt,2025-02-03 09:11:07,mobile,Firefox,macOS,organic_search,GB,,B,True,3,283,21,38.32,0.218,0.142,approved,9,,,NONE
EVT201086,C34520,S5986023383,page_view,2025-04-07 22:39:56,desktop,Opera,macOS,affiliate,US,AL,B,False,1,408,47,24.2,0.0,0.0,,7,,,NONE
EVT201087,C72563,S5115918347,checkout_start,2025-03-24 09:56:22,mobile,Chrome,Windows,social,DE,,B,False,3,211,28,184.68,0.065,0.0,,2,,,NONE
EVT201088,C61422,S6493765790,product_view,2025-04-18 07:17:17,mobile,Edge,macOS,direct,BR,,A,True,9,504,62,0.04,0.074,0.121,,6,P3300,Grocery,NONE
EVT201089,C83553,S7246222200,page_view,2024-05-22 22:11:58,desktop,Edge,iOS,organic_search,BR,,A,True,5,420,59,1.97,0.062,0.3,,1,,,NONE
EVT201090,C32394,S5115960860,add_to_cart,2024-12-25 00:57:53,mobile,Safari,macOS,paid_search,AU,,A,True,5,297,23,113.89,0.186,0.073,,2,P4917,Grocery,WELCOME10
EVT201091,C17264,S5535248897,add_to_cart,2024-09-27 02:53:04,mobile,Opera,macOS,direct,DE,,A,True,2,432,27,133.93,0.0,0.0,,5,P1173,Electronics,NONE
EVT201092,C74614,S3732669012,add_to_cart,2024-12-05 22:47:07,desktop,Opera,Linux,organic_search,FR,,B,False,5,309,68,80.5,0.154,0.073,,2,P3037,Beauty,WELCOME10
EVT201093,C80743,S9005474534,checkout_start,2025-06-24 10:56:41,mobile,Firefox,Windows,email,BR,,B,True,2,206,63,28.37,0.008,0.123,,5,,,WELCOME10
EVT201094,C54661,S2783656218,product_view,2024-01-29 17:15:28,desktop,Firefox,Linux,social,AU,,B,False,8,124,5,12.98,0.194,0.0,,8,P1529,Pets,NONE
EVT201095,C40053,S8834204336,add_to_cart,2024-05-03 19:01:02,mobile,Opera,macOS,direct,BR,,A,True,4,159,61,178.94,0.122,0.496,,8,P1853,Automotive,NONE
EVT201096,C96474,S9148633592,add_to_cart,2025-06-23 18:19:41,mobile,Chrome,Linux,paid_search,FR,,A,False,11,391,28,100.45,0.105,0.221,,7,P9653,Sports,NONE
EVT201097,C38166,S6207755554,product_view,2024-04-28 08:06:40,desktop,Opera,Android,direct,CA,,A,True,2,453,54,6.58,0.236,0.057,,10,P1849,Books,NONE
EVT201098,C26950,S8991522390,product_view,2025-04-30 17:45:26,mobile,Chrome,macOS,organic_search,MX,,A,False,2,212,5,21.0,0.16,0.157,,10,P8495,Home,NONE
EVT201099,C11309,S5699179207,payment_attempt,2025-03-23 05:30:28,desktop,Firefox,iOS,social,CA,,A,False,4,210,66,62.89,0.212,0.0,approved,5,,,NONE
EVT201100,C89119,S5472549424,product_view,2025-04-02 07:39:35,desktop,Safari,macOS,paid_search,MX,,A,True,3,532,35,19.21,0.159,0.0,,1,P4778,Beauty,NONE
EVT201101,C74887,S6023532965,add_to_cart,2024-04-03 08:35:21,desktop,Safari,Windows,email,IN,,B,True,2,550,44,107.63,0.139,0.226,,8,P1210,Beauty,NONE
EVT201102,C69700,S1539975571,product_view,2025-01-17 20:20:43,desktop,Firefox,Linux,email,GB,,A,False,5,223,47,29.37,0.192,0.062,,7,P4879,Automotive,NONE
EVT201103,C98889,S7494495932,payment_attempt,2025-02-28 01:22:02,desktop,Safari,macOS,direct,CA,,B,True,1,311,51,17.74,0.159,0.232,approved,4,,,NONE
EVT201104,C12135,S8463280598,purchase,2024-02-15 06:11:13,mobile,Edge,Linux,social,FR,,B,True,1,263,43,57.97,0.161,0.263,approved,9,P2393,Apparel,NONE
EVT201105,C70306,S3022565478,payment_attempt,2025-01-03 19:38:33,desktop,Chrome,macOS,direct,GB,,B,False,5,316,31,191.69,0.01,0.0,approved,2,,,NONE
EVT201106,C28860,S2835537647,add_to_cart,2024-08-09 06:40:48,desktop,Chrome,Windows,organic_search,DE,,B,True,2,451,81,87.69,0.124,0.251,,3,P4165,Automotive,NONE
EVT201107,C27811,S7268120488,page_view,2024-10-20 02:25:40,mobile,Safari,macOS,direct,US,NV,B,True,5,662,51,35.56,0.15,0.0,,4,,,NONE
EVT201108,C69291,S6371971215,add_to_cart,2024-05-20 20:36:44,mobile,Firefox,iOS,direct,AU,,B,False,2,80,25,152.1,0.098,0.041,,9,P4231,Home,NONE
EVT201109,C25769,S1067657891,page_view,2024-09-16 20:44:03,tablet,Edge,macOS,paid_search,MX,,B,False,2,460,37,27.52,0.13,0.029,,5,,,FREESHIP
EVT201110,C88242,S2363219646,add_to_cart,2024-12-11 00:07:25,mobile,Safari,Windows,social,GB,,B,True,3,180,62,182.98,0.17,0.082,,6,P2683,Automotive,NONE
EVT201111,C67746,S5306655788,add_to_cart,2025-04-14 06:05:49,mobile,Opera,Linux,paid_search,US,HI,A,True,3,133,5,58.42,0.057,0.15,,4,P8123,Books,NONE
EVT201112,C14296,S9214309913,page_view,2025-06-19 23:21:41,desktop,Edge,Windows,paid_search,CA,,A,False,6,434,47,38.56,0.19,0.033,,5,,,FREESHIP
EVT201113,C87564,S6612247906,page_view,2024-12-01 18:43:27,desktop,Safari,Linux,direct,BR,,B,True,3,348,39,37.06,0.115,0.25,,4,,,WELCOME10
EVT201114,C37737,S8425532163,product_view,2024-10-03 17:13:57,mobile,Safari,Windows,email,DE,,B,False,5,449,44,36.43,0.098,0.124,,10,P6996,Automotive,NONE
EVT201115,C35458,S2057358647,page_view,2024-08-25 07:12:21,mobile,Chrome,Linux,direct,BR,,B,True,8,438,57,39.96,0.18,0.0,,1,,,NONE
EVT201116,C26432,S6236655462,product_view,2025-03-28 15:41:34,mobile,Safari,Android,organic_search,MX,,B,True,5,428,41,30.1,0.071,0.117,,6,P7275,Sports,NONE
EVT201117,C78178,S2469903235,product_view,2025-04-03 06:03:08,mobile,Safari,Android,organic_search,FR,,B,True,1,448,34,5.03,0.174,0.0,,9,P7312,Apparel,FREESHIP
EVT201118,C11752,S6973281323,page_view,2025-04-12 18:25:43,mobile,Opera,macOS,direct,AU,,B,False,2,593,22,15.36,0.173,0.16,,4,,,HOLIDAY20
EVT201119,C47107,S9901630829,page_view,2024-10-29 21:49:39,mobile,Opera,Android,direct,IN,,B,True,2,176,12,20.65,0.211,0.168,,5,,,NONE
EVT201120,C52599,S9399573315,page_view,2025-04-07 18:18:25,mobile,Opera,Linux,organic_search,IN,,A,False,5,240,11,5.68,0.05,0.0,,10,,,HOLIDAY20
EVT201121,C72265,S6700387857,checkout_start,2024-04-29 05:30:21,mobile,Edge,Linux,social,FR,,B,False,5,212,42,132.1,0.082,0.321,,2,,,FREESHIP
EVT201122,C68217,S2222101782,add_to_cart,2024-12-01 05:31:44,desktop,Opera,Windows,social,GB,,A,True,2,544,36,54.85,0.157,0.222,,10,P6402,Electronics,WELCOME10
EVT201123,C16706,S3480213867,product_view,2024-11-07 15:48:29,mobile,Chrome,macOS,email,MX,,A,True,3,392,47,31.06,0.11,0.054,,3,P4591,Grocery,NONE
EVT201124,C13666,S9791980917,page_view,2025-03-30 16:32:36,mobile,Edge,macOS,direct,FR,,A,False,5,134,20,11.03,0.092,0.004,,3,,,NONE
EVT201125,C83902,S6181901059,page_view,2024-11-25 13:26:49,desktop,Edge,Linux,paid_search,CA,,B,False,9,364,52,41.59,0.111,0.219,,9,,,NONE
EVT201126,C12416,S9221877953,page_view,2024-11-10 05:01:47,tablet,Safari,iOS,paid_search,MX,,A,True,4,383,13,28.19,0.052,0.096,,7,,,NONE
EVT201127,C61092,S2141329460,add_to_cart,2025-06-21 18:04:17,desktop,Safari,Linux,direct,MX,,A,False,4,233,44,196.17,0.197,0.185,,9,P1438,Beauty,WELCOME10
EVT201128,C77768,S8067828110,product_view,2025-01-15 02:56:47,mobile,Opera,Windows,social,MX,,A,True,4,625,34,18.59,0.224,0.238,,7,P3927,Sports,FREESHIP
EVT201129,C60839,S4097112513,product_view,2024-12-11 23:58:07,desktop,Chrome,Android,organic_search,IN,,B,True,4,410,53,12.51,0.075,0.183,,7,P8702,Grocery,FREESHIP
EVT201130,C16786,S9088765779,page_view,2025-03-02 12:48:32,mobile,Edge,iOS,direct,FR,,A,False,2,432,77,40.32,0.109,0.332,,5,,,NONE
EVT201131,C84682,S6238746359,page_view,2024-10-03 20:27:28,mobile,Firefox,Android,direct,BR,,B,True,2,369,14,42.04,0.067,0.102,,8,,,NONE
EVT201132,C13635,S2068856141,page_view,2024-03-21 05:02:54,desktop,Edge,Android,paid_search,AU,,B,False,2,262,75,0.66,0.06,0.0,,2,,,NONE
EVT201133,C72842,S1664432977,product_view,2024-09-24 15:51:42,mobile,Safari,macOS,direct,MX,,A,False,5,374,45,22.15,0.182,0.301,,1,P2985,Grocery,NONE
EVT201134,C62414,S9403002221,page_view,2024-05-18 02:33:49,mobile,Firefox,Linux,organic_search,FR,,B,False,3,499,43,34.63,0.209,0.162,,5,,,NONE
EVT201135,C96669,S3886378921,add_to_cart,2024-01-27 02:37:55,desktop,Chrome,Windows,organic_search,CA,,B,False,5,161,80,131.59,0.03,0.251,,1,P5669,Electronics,NONE
EVT201136,C10345,S2673505339,product_view,2025-06-06 17:50:43,mobile,Safari,macOS,direct,FR,,B,False,7,328,52,22.74,0.048,0.169,,7,P4599,Electronics,NONE
EVT201137,C12383,S5531060125,payment_attempt,2024-06-28 09:12:19,desktop,Edge,Linux,affiliate,DE,,A,False,2,207,47,122.33,0.24,0.214,approved,1,,,WELCOME10
EVT201138,C36471,S8768286021,product_view,2024-07-03 11:03:04,desktop,Safari,iOS,direct,CA,,B,False,1,295,6,2.45,0.119,0.191,,8,P2051,Grocery,NONE
EVT201139,C42185,S8122973948,page_view,2025-05-19 01:41:14,mobile,Chrome,Windows,social,MX,,A,True,3,377,47,46.81,0.033,0.043,,8,,,HOLIDAY20
EVT201140,C12391,S7375648257,page_view,2024-05-22 19:20:25,mobile,Opera,iOS,organic_search,US,AK,B,True,3,448,57,9.35,0.254,0.352,,3,,,WELCOME10
EVT201141,C11111,S3007399444,page_view,2024-03-06 23:16:35,mobile,Chrome,Windows,social,IN,,A,False,3,374,52,25.75,0.196,0.0,,6,,,NONE
EVT201142,C24949,S1985303598,page_view,2024-05-14 13:49:24,desktop,Edge,macOS,affiliate,CA,,B,True,3,176,10,26.73,0.189,0.18,,2,,,NONE
EVT201143,C73013,S9379822852,add_to_cart,2025-06-26 00:45:00,mobile,Edge,iOS,email,DE,,A,False,6,470,73,55.95,0.225,0.17,,6,P5121,Pets,NONE
EVT201144,C10591,S3910001288,page_view,2024-08-23 09:16:44,desktop,Opera,Android,organic_search,DE,,B,True,5,427,44,37.2,0.126,0.0,,10,,,HOLIDAY20
EVT201145,C55920,S8255041124,product_view,2025-06-07 21:52:07,tablet,Edge,Linux,direct,BR,,A,True,4,329,89,6.28,0.097,0.009,,8,P8003,Beauty,FREESHIP
EVT201146,C76229,S4581104338,payment_attempt,2024-08-13 00:35:10,desktop,Firefox,macOS,email,IN,,B,False,2,272,9,162.08,0.007,0.148,approved,9,,,NONE
EVT201147,C63984,S1931463849,add_to_cart,2025-03-26 09:34:10,desktop,Chrome,Windows,organic_search,CA,,A,True,1,403,53,98.61,0.209,0.609,,6,P7355,Pets,NONE
EVT201148,C61258,S8139842569,purchase,2024-04-28 19:05:28,desktop,Opera,Android,social,DE,,A,False,3,366,6,134.45,0.117,0.053,declined,9,P3728,Pets,FREESHIP
EVT201149,C55853,S3303759516,add_to_cart,2024-12-31 15:08:59,mobile,Edge,Android,organic_search,AU,,A,True,9,392,34,66.56,0.032,0.086,,6,P8669,Apparel,WELCOME10
EVT201150,C58824,S2098813366,checkout_start,2024-10-16 19:25:41,mobile,Opera,Android,organic_search,FR,,B,False,2,463,80,42.58,0.116,0.115,,2,,,NONE
EVT201151,C79423,S4799537216,product_view,2024-12-08 17:23:59,mobile,Opera,iOS,direct,MX,,B,True,5,435,51,19.3,0.153,0.406,,9,P1712,Electronics,NONE
EVT201152,C35655,S2263770357,add_to_cart,2024-08-29 12:45:09,mobile,Firefox,iOS,direct,MX,,B,False,2,373,32,83.33,0.211,0.144,,2,P8617,Pets,FREESHIP
EVT201153,C84180,S3493009680,page_view,2024-05-28 08:45:06,mobile,Chrome,Windows,direct,GB,,A,True,5,467,100,43.57,0.0,0.038,,6,,,NONE
EVT201154,C98499,S4473401690,checkout_start,2024-01-09 16:50:07,mobile,Opera,macOS,paid_search,MX,,B,False,2,370,64,194.46,0.101,0.198,,3,,,WELCOME10
EVT201155,C77571,S6295173989,product_view,2024-08-18 22:11:10,mobile,Safari,Linux,organic_search,MX,,A,True,6,687,76,41.59,0.102,0.346,,9,P3180,Automotive,NONE
EVT201156,C55422,S8913134412,product_view,2024-02-17 10:04:46,mobile,Firefox,Android,social,MX,,B,True,3,247,50,29.46,0.189,0.053,,6,P5774,Books,NONE
EVT201157,C54338,S7537904489,page_view,2024-05-12 12:31:26,desktop,Firefox,Windows,direct,DE,,B,True,3,515,32,34.16,0.088,0.069,,10,,,WELCOME10
EVT201158,C68018,S7181712225,checkout_start,2024-04-28 06:45:23,mobile,Edge,Android,email,IN,,B,True,3,175,65,62.42,0.146,0.0,,5,,,NONE
EVT201159,C50070,S6151092115,product_view,2024-01-07 22:34:07,desktop,Chrome,Android,paid_search,IN,,A,False,3,495,42,31.37,0.138,0.103,,10,P8504,Pets,WELCOME10
EVT201160,C29606,S2559911641,add_to_cart,2024-12-08 19:39:34,desktop,Safari,Linux,paid_search,IN,,B,True,5,214,49,40.33,0.223,0.142,,9,P2757,Home,NONE
EVT201161,C45597,S1002722576,product_view,2024-04-29 16:05:49,desktop,Chrome,iOS,organic_search,IN,,B,True,4,553,45,41.91,0.131,0.093,,9,P9427,Toys,NONE
EVT201162,C11089,S7982146501,page_view,2024-01-27 10:17:17,mobile,Edge,Linux,paid_search,AU,,B,True,3,301,31,6.05,0.1,0.0,,5,,,HOLIDAY20
EVT201163,C24217,S7464208214,add_to_cart,2025-01-27 19:22:07,desktop,Firefox,Linux,direct,IN,,B,False,2,254,44,177.02,0.195,0.374,,5,P7207,Books,WELCOME10
EVT201164,C80606,S8791185552,checkout_start,2024-09-19 16:24:31,mobile,Safari,macOS,direct,AU,,A,False,1,261,52,99.55,0.0,0.079,,7,,,WELCOME10
EVT201165,C48790,S9813357137,product_view,2024-06-01 12:29:10,desktop,Safari,iOS,direct,FR,,B,True,3,225,37,21.51,0.133,0.067,,9,P1214,Apparel,NONE
EVT201166,C94437,S8610126256,checkout_start,2024-07-29 06:42:14,mobile,Edge,macOS,social,MX,,B,True,5,272,55,190.25,0.223,0.041,,1,,,HOLIDAY20
EVT201167,C13515,S7136329831,page_view,2025-06-17 02:32:55,mobile,Chrome,iOS,affiliate,CA,,B,True,4,399,28,9.36,0.278,0.0,,9,,,NONE
EVT201168,C88600,S4595923220,payment_attempt,2024-08-20 07:31:39,desktop,Edge,Windows,social,FR,,B,False,1,269,52,190.5,0.175,0.193,approved,5,,,NONE
EVT201169,C63619,S5253702189,product_view,2024-07-25 09:39:41,desktop,Safari,Android,affiliate,BR,,B,False,5,549,68,3.28,0.173,0.0,,3,P3169,Toys,NONE
EVT201170,C14391,S7359652426,product_view,2025-01-09 12:26:24,tablet,Safari,Android,affiliate,DE,,A,False,4,797,63,29.01,0.032,0.245,,6,P4898,Beauty,WELCOME10
EVT201171,C60813,S2430903086,product_view,2024-02-28 00:29:28,desktop,Safari,Android,paid_search,FR,,A,False,5,378,19,42.28,0.0,0.372,,6,P6555,Sports,FREESHIP
EVT201172,C34193,S4946625952,checkout_start,2025-03-19 04:30:07,mobile,Opera,iOS,organic_search,GB,,B,False,5,714,34,80.63,0.09,0.062,,7,,,HOLIDAY20
EVT201173,C72548,S7282732706,add_to_cart,2024-06-16 11:53:34,mobile,Firefox,macOS,affiliate,FR,,A,False,2,329,65,194.66,0.203,0.0,,2,P8545,Automotive,NONE
EVT201174,C26708,S4307070658,purchase,2024-06-25 20:48:47,desktop,Edge,Android,organic_search,CA,,A,True,3,384,30,78.83,0.0,0.312,approved,5,P4746,Beauty,NONE
EVT201175,C57499,S8705540220,page_view,2024-01-04 02:47:08,mobile,Chrome,Windows,social,AU,,B,True,3,382,24,29.19,0.235,0.089,,2,,,FREESHIP
EVT201176,C70489,S3389285091,product_view,2025-02-21 23:09:35,desktop,Safari,Android,direct,GB,,B,True,5,395,42,0.75,0.236,0.228,,3,P8976,Books,WELCOME10
EVT201177,C55498,S3884944229,add_to_cart,2025-06-08 09:30:43,desktop,Chrome,iOS,direct,DE,,A,False,1,507,58,39.19,0.087,0.0,,6,P8450,Sports,NONE
EVT201178,C82720,S8155091824,page_view,2025-01-19 17:47:35,tablet,Chrome,macOS,organic_search,DE,,A,True,5,204,53,10.95,0.166,0.0,,3,,,NONE
EVT201179,C21279,S3607664287,product_view,2025-06-08 17:04:18,desktop,Firefox,iOS,affiliate,AU,,A,True,3,636,61,19.11,0.175,0.145,,4,P2257,Home,VIP25
EVT201180,C76923,S4572039809,product_view,2024-02-01 15:47:56,mobile,Opera,Android,email,FR,,A,False,7,247,41,25.18,0.078,0.298,,5,P5246,Sports,VIP25
EVT201181,C42251,S1359359107,page_view,2024-02-04 05:39:41,tablet,Chrome,macOS,organic_search,IN,,A,False,4,534,68,2.45,0.171,0.092,,1,,,NONE
EVT201182,C66872,S5261370452,page_view,2024-06-09 20:47:21,desktop,Safari,iOS,direct,IN,,B,False,2,265,28,12.88,0.114,0.046,,3,,,WELCOME10
EVT201183,C72624,S9092983590,add_to_cart,2025-06-20 09:11:26,desktop,Edge,macOS,paid_search,CA,,A,False,3,460,42,158.96,0.263,0.347,,6,P7240,Grocery,NONE
EVT201184,C42034,S1349199289,page_view,2024-11-29 19:33:33,mobile,Edge,macOS,social,US,GA,A,False,2,257,43,48.21,0.029,0.312,,5,,,NONE
EVT201185,C96412,S8534997360,add_to_cart,2024-01-06 14:53:45,mobile,Safari,Windows,email,MX,,A,False,5,214,48,204.81,0.173,0.042,,7,P2178,Grocery,NONE
EVT201186,C76491,S7461091819,payment_attempt,2024-04-16 11:42:39,desktop,Safari,iOS,organic_search,CA,,B,False,8,80,21,94.61,0.066,0.465,approved,9,,,FREESHIP
EVT201187,C23893,S7286146226,add_to_cart,2025-05-25 12:07:12,desktop,Chrome,macOS,organic_search,FR,,A,True,4,425,20,77.7,0.119,0.25,,7,P1009,Beauty,NONE
EVT201188,C28877,S6639695370,checkout_start,2024-10-29 18:52:09,mobile,Chrome,Android,organic_search,US,WA,B,True,3,423,39,76.72,0.175,0.0,,6,,,NONE
EVT201189,C95777,S7857558717,add_to_cart,2025-05-04 13:11:39,desktop,Edge,Linux,organic_search,US,WI,B,True,4,385,34,61.91,0.059,0.075,,2,P3531,Grocery,NONE
EVT201190,C20969,S5012920357,product_view,2024-03-13 12:51:45,mobile,Safari,Windows,email,DE,,A,False,4,502,47,32.08,0.097,0.347,,4,P2383,Apparel,NONE
EVT201191,C74525,S1016658791,product_view,2025-02-16 07:04:32,mobile,Edge,Windows,paid_search,GB,,A,True,4,335,58,24.92,0.15,0.0,,4,P8374,Toys,NONE
EVT201192,C42993,S4355525360,add_to_cart,2024-11-05 06:23:53,desktop,Chrome,macOS,paid_search,FR,,A,False,7,347,28,70.26,0.086,0.0,,7,P3074,Pets,WELCOME10
EVT201193,C56741,S2272396411,product_view,2024-08-14 21:56:00,desktop,Edge,iOS,direct,FR,,A,False,4,236,23,37.26,0.086,0.158,,3,P6990,Toys,WELCOME10
EVT201194,C95150,S1096177626,product_view,2024-09-07 00:10:59,desktop,Opera,Linux,direct,DE,,A,True,4,186,50,8.03,0.109,0.236,,3,P6948,Automotive,NONE
EVT201195,C26510,S2184838977,product_view,2025-03-13 15:33:47,mobile,Edge,Windows,email,CA,,A,True,6,410,5,25.14,0.093,0.0,,8,P7713,Electronics,NONE
EVT201196,C15711,S1270356528,checkout_start,2024-12-02 02:18:21,desktop,Edge,Windows,email,US,LA,B,True,5,273,36,56.03,0.162,0.104,,2,,,NONE
EVT201197,C23364,S1393890518,page_view,2024-11-22 20:52:56,desktop,Firefox,Android,direct,IN,,B,True,3,422,42,28.25,0.14,0.0,,6,,,FREESHIP
EVT201198,C63030,S2155530330,page_view,2025-02-20 17:49:51,desktop,Chrome,iOS,social,GB,,A,True,1,445,51,20.6,0.093,0.281,,10,,,NONE
EVT201199,C59652,S3583707594,page_view,2025-03-25 23:50:36,mobile,Chrome,macOS,email,US,WA,A,False,5,279,52,38.28,0.109,0.202,,6,,,FREESHIP
EVT201200,C63688,S2506655756,product_view,2024-02-04 09:43:10,desktop,Opera,Linux,organic_search,AU,,B,True,2,113,42,6.24,0.07,0.0,,7,P5479,Automotive,WELCOME10
EVT201201,C35144,S2163846305,page_view,2024-02-27 23:36:49,desktop,Edge,Android,paid_search,IN,,A,False,4,425,28,12.66,0.245,0.354,,5,,,FREESHIP
EVT201202,C60748,S7201198576,payment_attempt,2024-07-16 00:40:15,desktop,Opera,macOS,organic_search,MX,,A,True,5,349,30,194.87,0.125,0.345,approved,5,,,NONE
EVT201203,C47329,S9829377047,page_view,2025-05-28 08:38:31,mobile,Firefox,iOS,email,FR,,A,False,3,323,52,32.77,0.206,0.0,,6,,,FREESHIP
EVT201204,C48432,S7432574831,checkout_start,2025-06-14 14:21:27,mobile,Firefox,Linux,paid_search,DE,,B,True,4,379,5,50.05,0.058,0.039,,2,,,NONE
EVT201205,C28939,S5711879009,page_view,2024-06-14 20:27:42,mobile,Chrome,Android,direct,IN,,B,True,2,479,47,14.69,0.11,0.362,,4,,,NONE
EVT201206,C43008,S1997863224,checkout_start,2025-05-01 13:23:14,mobile,Opera,iOS,direct,BR,,B,False,5,491,25,27.72,0.0,0.156,,4,,,NONE
EVT201207,C15129,S2510915419,page_view,2024-12-15 10:06:34,mobile,Safari,iOS,email,GB,,A,True,5,161,19,33.19,0.075,0.014,,3,,,NONE
EVT201208,C17184,S1525652955,add_to_cart,2024-10-07 05:42:54,desktop,Edge,macOS,organic_search,IN,,A,False,6,506,38,143.16,0.136,0.329,,4,P2397,Grocery,NONE
EVT201209,C76760,S5986510015,page_view,2024-05-03 23:14:14,mobile,Edge,iOS,social,BR,,B,False,5,138,29,40.18,0.083,0.0,,2,,,FREESHIP
EVT201210,C31425,S3064458336,page_view,2024-01-31 01:15:13,desktop,Chrome,Android,social,IN,,B,True,5,489,75,19.73,0.053,0.0,,4,,,VIP25
EVT201211,C80152,S8300114674,add_to_cart,2025-03-30 21:58:54,desktop,Safari,Android,organic_search,BR,,A,True,3,383,53,188.53,0.198,0.069,,1,P6246,Beauty,FREESHIP
EVT201212,C41546,S4786152743,add_to_cart,2024-12-20 05:39:36,mobile,Safari,macOS,direct,IN,,B,True,3,238,23,91.68,0.108,0.082,,8,P9349,Beauty,NONE
EVT201213,C34267,S3803412907,payment_attempt,2025-03-20 01:16:00,desktop,Firefox,Android,organic_search,FR,,B,True,4,358,49,111.68,0.046,0.0,approved,6,,,FREESHIP
EVT201214,C73901,S3911666335,page_view,2024-11-12 00:23:08,mobile,Edge,macOS,direct,FR,,A,True,4,426,44,18.31,0.172,0.222,,7,,,HOLIDAY20
EVT201215,C24765,S6719777989,product_view,2024-05-09 21:15:09,desktop,Safari,macOS,organic_search,MX,,A,True,5,403,50,1.38,0.098,0.0,,4,P6253,Home,NONE
EVT201216,C97503,S1069407659,page_view,2024-02-04 14:24:37,desktop,Edge,Android,organic_search,BR,,A,False,3,296,66,31.9,0.141,0.0,,8,,,NONE
EVT201217,C77573,S2501813777,product_view,2024-03-11 04:58:35,desktop,Chrome,Windows,direct,BR,,B,True,4,259,47,24.8,0.183,0.205,,4,P5582,Apparel,NONE
EVT201218,C30419,S2199787835,payment_attempt,2025-01-18 21:09:24,desktop,Edge,Android,direct,US,VA,B,True,4,223,60,35.14,0.158,0.362,approved,2,,,NONE
EVT201219,C40990,S8920961249,page_view,2025-01-03 10:14:06,desktop,Safari,Windows,email,DE,,A,True,3,287,19,6.46,0.022,0.247,,4,,,NONE
EVT201220,C94859,S1566256003,page_view,2024-01-03 14:28:16,desktop,Firefox,iOS,email,FR,,A,False,4,296,48,28.54,0.107,0.001,,7,,,NONE
EVT201221,C94461,S9312169181,page_view,2025-03-10 18:04:09,tablet,Firefox,Windows,direct,MX,,A,True,4,211,29,47.62,0.047,0.0,,5,,,FREESHIP
EVT201222,C19050,S2649442052,product_view,2025-04-23 19:36:23,mobile,Safari,iOS,direct,US,AK,A,False,6,411,13,35.34,0.254,0.286,,5,P4730,Home,NONE
EVT201223,C82768,S8493953733,add_to_cart,2024-09-26 20:52:36,desktop,Chrome,Windows,direct,US,VA,B,False,3,343,49,176.74,0.124,0.076,,4,P5753,Apparel,FREESHIP
EVT201224,C80393,S9709563858,checkout_start,2024-11-06 13:55:06,desktop,Opera,Windows,direct,GB,,A,False,2,501,65,76.79,0.136,0.085,,7,,,WELCOME10
EVT201225,C42844,S5308783258,page_view,2025-06-20 03:54:42,desktop,Edge,Android,direct,DE,,A,True,5,189,44,11.34,0.114,0.228,,10,,,VIP25
EVT201226,C72235,S9922209953,checkout_start,2024-01-17 01:56:02,mobile,Opera,Windows,organic_search,IN,,A,False,2,220,49,184.18,0.083,0.0,,5,,,NONE
EVT201227,C86758,S5566937451,checkout_start,2024-09-28 09:33:44,desktop,Opera,macOS,organic_search,AU,,B,False,2,558,41,51.68,0.098,0.0,,10,,,NONE
EVT201228,C40087,S2671507691,product_view,2025-03-10 02:37:51,mobile,Safari,iOS,direct,GB,,A,False,5,276,83,37.6,0.241,0.303,,5,P4588,Pets,NONE
EVT201229,C91824,S4511908135,checkout_start,2024-05-11 23:53:15,mobile,Edge,Linux,social,IN,,A,True,6,257,38,52.58,0.129,0.137,,6,,,HOLIDAY20
EVT201230,C38314,S3833071515,page_view,2024-03-02 13:48:07,desktop,Opera,macOS,social,MX,,A,True,6,301,19,11.7,0.069,0.184,,10,,,WELCOME10
EVT201231,C18235,S2824968616,product_view,2024-09-20 09:35:25,desktop,Chrome,Linux,organic_search,US,ND,B,True,3,404,40,34.45,0.265,0.156,,3,P7811,Home,NONE
EVT201232,C10432,S7669897058,product_view,2024-10-25 06:34:24,mobile,Opera,Linux,paid_search,BR,,A,False,4,256,34,10.24,0.144,0.079,,2,P5512,Electronics,NONE
EVT201233,C52046,S9579226654,purchase,2024-02-23 15:23:56,desktop,Chrome,macOS,email,MX,,A,False,5,101,24,154.3,0.19,0.321,approved,7,P6732,Grocery,FREESHIP
EVT201234,C69562,S9284959881,page_view,2025-06-24 02:18:28,desktop,Edge,Linux,organic_search,FR,,A,True,1,319,48,32.79,0.177,0.428,,8,,,WELCOME10
EVT201235,C45143,S6408151971,product_view,2024-04-19 07:09:06,desktop,Edge,macOS,email,FR,,B,True,3,321,24,25.14,0.183,0.278,,7,P2582,Apparel,NONE
EVT201236,C11390,S8534742748,return_initiated,2024-06-03 03:14:09,tablet,Chrome,Linux,organic_search,IN,,A,False,4,295,43,195.44,0.14,0.163,,5,P3760,Pets,HOLIDAY20
EVT201237,C10254,S1932167783,product_view,2024-02-18 11:24:28,desktop,Safari,Android,affiliate,MX,,A,False,4,338,56,46.79,0.008,0.063,,4,P3284,Books,FREESHIP
EVT201238,C45216,S9763511783,purchase,2024-02-18 14:41:49,mobile,Opera,Linux,direct,CA,,A,True,6,433,26,74.45,0.073,0.062,approved,5,P1806,Sports,FREESHIP
EVT201239,C21305,S1532508956,add_to_cart,2025-06-03 22:30:58,mobile,Chrome,Android,direct,DE,,A,True,3,482,25,70.32,0.184,0.0,,9,P4209,Apparel,NONE
EVT201240,C70996,S6463517321,page_view,2025-03-16 23:20:43,mobile,Opera,iOS,direct,GB,,B,True,4,221,13,29.4,0.241,0.54,,9,,,FREESHIP
EVT201241,C63235,S5719393918,page_view,2024-02-22 11:50:39,mobile,Opera,Android,social,US,NJ,A,True,5,208,23,26.58,0.229,0.177,,9,,,HOLIDAY20
EVT201242,C36612,S3406487607,product_view,2025-02-20 13:01:56,desktop,Edge,Windows,social,DE,,A,True,4,562,5,33.96,0.175,0.187,,2,P1634,Grocery,VIP25
EVT201243,C63315,S3277740809,page_view,2024-06-11 19:30:25,desktop,Firefox,macOS,direct,DE,,A,True,4,350,32,39.05,0.0,0.46,,6,,,NONE
EVT201244,C73834,S3288389518,product_view,2025-02-17 09:52:41,mobile,Chrome,Android,organic_search,FR,,B,False,4,385,38,12.36,0.065,0.004,,8,P2872,Pets,NONE
EVT201245,C21882,S3744563051,payment_attempt,2024-05-22 01:31:43,mobile,Edge,Android,direct,BR,,B,False,4,265,24,64.03,0.17,0.34,approved,9,,,NONE
EVT201246,C17171,S4636453020,add_to_cart,2024-08-14 19:42:13,desktop,Edge,Android,direct,GB,,B,True,5,376,20,58.47,0.185,0.244,,10,P7272,Pets,FREESHIP
EVT201247,C97363,S8055321811,product_view,2024-06-18 17:54:20,mobile,Chrome,iOS,email,IN,,A,True,2,257,50,1.64,0.0,0.118,,5,P6592,Apparel,NONE
EVT201248,C49145,S1805695645,add_to_cart,2024-02-19 05:12:21,desktop,Safari,Windows,direct,BR,,B,False,2,409,42,68.83,0.02,0.194,,6,P6381,Grocery,WELCOME10
EVT201249,C54101,S6861124992,product_view,2024-06-19 23:53:19,mobile,Edge,macOS,direct,AU,,A,True,1,417,56,42.22,0.101,0.0,,8,P2154,Pets,HOLIDAY20
EVT201250,C92145,S2003277889,purchase,2025-01-30 21:32:13,desktop,Opera,Linux,direct,IN,,A,True,3,446,42,187.58,0.132,0.0,approved,2,P3524,Home,NONE
EVT201251,C27802,S9992154026,page_view,2024-10-09 19:21:16,mobile,Chrome,iOS,direct,DE,,B,False,3,267,5,22.14,0.101,0.037,,8,,,NONE
EVT201252,C78791,S6293383609,product_view,2024-05-14 15:41:33,mobile,Chrome,macOS,organic_search,GB,,A,True,2,80,40,11.54,0.014,0.085,,9,P9847,Electronics,NONE
EVT201253,C63080,S8786640929,purchase,2024-10-01 03:35:12,mobile,Edge,Windows,paid_search,IN,,B,True,3,250,50,93.2,0.237,0.0,approved,5,P8563,Books,WELCOME10
EVT201254,C54626,S8507817248,add_to_cart,2024-11-13 14:54:23,desktop,Edge,iOS,organic_search,FR,,A,False,2,355,23,97.18,0.172,0.269,,1,P4122,Pets,NONE
EVT201255,C87852,S1343251029,add_to_cart,2024-05-14 22:27:45,mobile,Edge,Windows,organic_search,US,AZ,A,True,3,424,58,36.5,0.139,0.0,,2,P6116,Books,HOLIDAY20
EVT201256,C50712,S5266336664,payment_attempt,2024-05-13 04:05:24,mobile,Opera,Windows,paid_search,GB,,B,True,10,484,14,212.4,0.02,0.074,approved,10,,,WELCOME10
EVT201257,C73869,S1571959777,product_view,2024-06-09 07:22:00,mobile,Safari,Android,organic_search,AU,,B,True,1,359,43,15.82,0.135,0.064,,5,P4273,Apparel,FREESHIP
EVT201258,C50161,S3924959259,add_to_cart,2024-05-14 19:18:56,desktop,Safari,macOS,direct,DE,,A,True,5,402,30,38.47,0.12,0.125,,8,P2753,Automotive,WELCOME10
EVT201259,C92811,S3982065150,page_view,2025-06-09 20:51:45,mobile,Safari,iOS,organic_search,US,OH,A,False,3,446,71,16.43,0.163,0.0,,4,,,NONE
EVT201260,C99329,S8425922249,checkout_start,2024-09-06 18:23:59,desktop,Firefox,iOS,direct,IN,,A,True,1,412,14,130.95,0.0,0.167,,5,,,WELCOME10
EVT201261,C61865,S5888745389,page_view,2025-03-13 18:16:50,mobile,Opera,Android,social,US,GA,B,True,5,322,23,23.88,0.002,0.021,,8,,,NONE
EVT201262,C50031,S3999485099,add_to_cart,2025-05-15 23:13:04,desktop,Chrome,Android,paid_search,AU,,A,True,4,375,34,108.73,0.135,0.186,,6,P5608,Apparel,WELCOME10
EVT201263,C87319,S5679315209,page_view,2025-06-22 20:41:46,mobile,Firefox,macOS,direct,IN,,A,True,2,108,45,29.46,0.125,0.427,,4,,,NONE
EVT201264,C62470,S3506858304,product_view,2024-03-10 09:35:33,tablet,Chrome,iOS,organic_search,IN,,A,False,5,110,5,33.38,0.186,0.052,,9,P3600,Automotive,NONE
EVT201265,C20397,S6737307036,page_view,2025-01-04 14:37:09,mobile,Edge,Linux,direct,AU,,A,True,1,531,18,7.23,0.186,0.0,,8,,,HOLIDAY20
EVT201266,C29385,S1548660943,checkout_start,2025-03-17 18:30:31,desktop,Firefox,macOS,paid_search,GB,,A,False,6,273,32,62.98,0.131,0.265,,5,,,HOLIDAY20
EVT201267,C44741,S6136847214,product_view,2024-03-23 03:51:08,desktop,Edge,iOS,organic_search,GB,,B,True,5,568,77,7.74,0.078,0.0,,7,P1247,Sports,NONE
EVT201268,C60890,S8313610499,add_to_cart,2024-06-30 08:26:02,desktop,Firefox,macOS,paid_search,US,MO,B,True,2,545,34,197.71,0.093,0.0,,6,P3564,Toys,NONE
EVT201269,C71774,S9243408587,page_view,2025-01-20 08:14:58,mobile,Opera,macOS,direct,GB,,A,True,3,406,53,17.93,0.086,0.0,,4,,,NONE
EVT201270,C47035,S7276206510,payment_attempt,2024-02-13 23:45:55,desktop,Safari,Linux,direct,CA,,A,True,3,87,36,97.33,0.203,0.293,approved,4,,,NONE
EVT201271,C84230,S1202634678,add_to_cart,2024-11-27 06:34:32,mobile,Firefox,Linux,direct,AU,,A,False,5,352,58,85.04,0.093,0.0,,2,P5236,Beauty,NONE
EVT201272,C27689,S7273269720,product_view,2025-02-20 04:44:47,desktop,Edge,Windows,paid_search,IN,,A,True,5,518,30,33.53,0.165,0.125,,10,P1346,Grocery,NONE
EVT201273,C88150,S1842749356,product_view,2024-06-21 02:59:07,desktop,Safari,macOS,direct,FR,,B,True,7,387,43,21.59,0.102,0.233,,3,P7670,Apparel,NONE
EVT201274,C45853,S5401335158,add_to_cart,2024-07-15 09:00:07,mobile,Edge,macOS,direct,FR,,A,True,4,398,5,25.28,0.056,0.0,,6,P5494,Grocery,FREESHIP
EVT201275,C19968,S7376799271,page_view,2024-04-26 16:43:50,mobile,Firefox,Android,social,DE,,B,True,6,326,60,29.2,0.229,0.214,,7,,,NONE
EVT201276,C99949,S6417005037,add_to_cart,2024-08-19 05:27:52,mobile,Firefox,Android,direct,GB,,B,False,1,376,72,92.69,0.159,0.145,,3,P4905,Beauty,NONE
EVT201277,C96209,S4946388864,add_to_cart,2024-04-05 02:09:10,desktop,Chrome,macOS,direct,AU,,A,False,9,247,45,134.5,0.156,0.033,,1,P2705,Home,WELCOME10
EVT201278,C87618,S1519713257,purchase,2024-02-02 02:37:22,mobile,Edge,macOS,social,AU,,B,True,3,495,26,26.22,0.217,0.333,approved,9,P6547,Electronics,HOLIDAY20
EVT201279,C48816,S4578734838,add_to_cart,2024-04-15 02:42:10,mobile,Opera,Windows,direct,BR,,B,True,3,704,13,171.03,0.025,0.166,,7,P7884,Beauty,NONE
EVT201280,C11495,S4079811841,page_view,2024-01-28 19:02:32,desktop,Firefox,Windows,direct,IN,,B,True,3,455,47,41.02,0.115,0.066,,6,,,NONE
EVT201281,C94533,S4005477308,product_view,2024-08-30 06:54:14,desktop,Edge,Linux,paid_search,FR,,A,False,3,376,28,27.33,0.108,0.157,,3,P7837,Home,NONE
EVT201282,C31558,S7843373374,page_view,2024-05-31 02:19:43,desktop,Edge,iOS,paid_search,AU,,A,True,2,226,106,24.02,0.088,0.257,,8,,,NONE
EVT201283,C94174,S9058565230,purchase,2024-10-23 17:32:48,mobile,Firefox,Windows,organic_search,IN,,A,True,6,259,49,86.1,0.055,0.09,approved,6,P7368,Sports,NONE
EVT201284,C64431,S7655163803,checkout_start,2024-02-01 08:52:56,mobile,Chrome,Windows,direct,GB,,A,True,4,339,75,182.36,0.205,0.018,,4,,,NONE
EVT201285,C40943,S8663278975,product_view,2024-09-12 16:26:06,mobile,Chrome,Android,organic_search,US,TN,B,False,3,213,62,2.48,0.233,0.207,,8,P1590,Beauty,WELCOME10
EVT201286,C59820,S7048250485,checkout_start,2024-02-05 07:00:08,mobile,Edge,Windows,organic_search,FR,,B,True,6,236,15,107.59,0.095,0.029,,9,,,NONE
EVT201287,C15549,S8825989120,product_view,2024-08-27 18:57:39,mobile,Firefox,iOS,direct,IN,,B,False,5,423,33,24.76,0.219,0.021,,5,P1007,Electronics,HOLIDAY20
EVT201288,C63952,S5517086141,return_initiated,2024-10-17 20:55:49,desktop,Firefox,Android,email,CA,,B,True,4,376,40,193.76,0.08,0.14,,2,P5416,Beauty,FREESHIP
EVT201289,C72171,S7000656863,product_view,2024-07-02 04:14:25,mobile,Edge,Windows,organic_search,US,ND,A,False,3,310,49,21.51,0.248,0.157,,4,P2702,Beauty,NONE
EVT201290,C91960,S6708182954,page_view,2024-03-14 22:14:26,desktop,Opera,macOS,direct,MX,,B,True,5,214,31,30.25,0.211,0.039,,2,,,NONE
EVT201291,C37400,S3581131473,purchase,2024-03-11 01:52:15,mobile,Opera,iOS,organic_search,US,NC,B,True,4,527,23,99.06,0.314,0.109,approved,3,P7331,Sports,NONE
EVT201292,C19565,S5195944821,page_view,2024-10-07 05:02:45,mobile,Safari,Android,affiliate,AU,,B,False,2,468,5,34.51,0.237,0.205,,10,,,NONE
EVT201293,C68918,S5272038164,product_view,2024-02-05 06:09:35,desktop,Chrome,macOS,organic_search,AU,,B,False,7,365,52,12.8,0.218,0.292,,6,P6917,Books,WELCOME10
EVT201294,C20885,S7976224255,page_view,2024-06-10 11:23:06,mobile,Chrome,macOS,organic_search,FR,,B,True,3,356,49,44.82,0.06,0.043,,5,,,FREESHIP
EVT201295,C51128,S1351822451,product_view,2024-05-18 02:52:40,desktop,Firefox,iOS,direct,AU,,A,True,4,337,13,39.49,0.171,0.0,,6,P9929,Home,NONE
EVT201296,C13139,S2342683173,product_view,2024-08-05 19:28:00,desktop,Safari,Windows,direct,DE,,B,True,2,386,44,22.35,0.144,0.077,,9,P1448,Toys,NONE
EVT201297,C35813,S5589871253,product_view,2024-05-27 22:55:19,desktop,Opera,Windows,social,GB,,A,False,6,324,46,41.28,0.13,0.161,,8,P7737,Apparel,HOLIDAY20
EVT201298,C61742,S2386640604,checkout_start,2025-04-14 11:42:55,mobile,Edge,iOS,organic_search,DE,,B,False,3,360,35,145.03,0.096,0.164,,5,,,WELCOME10
EVT201299,C88869,S6445683845,page_view,2025-06-21 11:54:36,mobile,Edge,Linux,direct,FR,,A,False,4,390,31,38.19,0.211,0.0,,2,,,HOLIDAY20
EVT201300,C38408,S9684334567,product_view,2025-02-23 00:51:02,mobile,Edge,Windows,organic_search,CA,,A,True,2,416,25,3.3,0.196,0.018,,4,P1420,Grocery,NONE
EVT201301,C83319,S5656705424,page_view,2024-08-02 09:39:47,desktop,Safari,Windows,organic_search,BR,,A,False,4,451,83,3.43,0.155,0.209,,5,,,NONE
EVT201302,C49500,S2158292414,add_to_cart,2024-10-09 09:21:49,desktop,Opera,Linux,organic_search,CA,,A,True,4,273,45,96.77,0.115,0.116,,3,P7401,Automotive,FREESHIP
EVT201303,C86771,S9076036876,product_view,2024-04-14 14:28:27,mobile,Edge,Windows,paid_search,IN,,B,False,1,172,17,27.37,0.119,0.197,,7,P1455,Electronics,NONE
EVT201304,C29749,S2887898390,page_view,2025-02-28 19:04:52,mobile,Safari,Linux,direct,IN,,B,False,3,352,15,2.59,0.113,0.024,,1,,,NONE
EVT201305,C89870,S6630508146,purchase,2025-02-04 15:51:41,mobile,Firefox,macOS,paid_search,AU,,A,False,5,426,18,139.07,0.078,0.297,approved,8,P4972,Beauty,NONE
EVT201306,C54720,S7265203163,product_view,2024-10-28 08:48:52,mobile,Safari,Linux,direct,MX,,B,False,5,348,46,41.5,0.114,0.116,,1,P2199,Toys,NONE
EVT201307,C99916,S5011675458,add_to_cart,2025-01-06 06:28:43,mobile,Opera,iOS,paid_search,US,MT,A,True,2,419,31,133.03,0.228,0.0,,3,P2595,Toys,NONE
EVT201308,C89052,S2118692525,add_to_cart,2025-02-24 07:06:06,mobile,Edge,Windows,direct,AU,,A,True,4,528,5,169.09,0.093,0.0,,7,P2308,Toys,NONE
EVT201309,C66006,S9193315323,product_view,2024-02-09 04:56:53,desktop,Firefox,iOS,direct,BR,,A,True,2,372,21,12.81,0.179,0.178,,3,P6799,Electronics,FREESHIP
EVT201310,C95513,S5508335465,add_to_cart,2024-12-30 11:54:26,mobile,Edge,Android,email,MX,,B,False,3,231,33,32.35,0.131,0.335,,9,P5969,Apparel,WELCOME10
EVT201311,C73699,S7962929475,page_view,2024-08-17 20:08:08,mobile,Edge,iOS,organic_search,GB,,A,True,1,392,18,39.42,0.195,0.198,,3,,,NONE
EVT201312,C78449,S7193602590,add_to_cart,2024-11-22 14:39:46,desktop,Safari,Linux,paid_search,BR,,A,False,2,583,63,23.79,0.0,0.297,,6,P2218,Grocery,HOLIDAY20
EVT201313,C45884,S2379177164,checkout_start,2024-04-29 09:25:27,mobile,Opera,Android,direct,BR,,B,False,3,531,68,125.52,0.271,0.046,,5,,,NONE
EVT201314,C85371,S8027535709,product_view,2025-06-19 20:17:26,mobile,Firefox,macOS,direct,MX,,B,True,7,285,29,5.36,0.024,0.238,,7,P5786,Toys,NONE
EVT201315,C92804,S9297203046,product_view,2024-10-25 10:41:19,desktop,Opera,Android,paid_search,MX,,B,True,8,209,47,27.74,0.019,0.326,,9,P5336,Electronics,NONE
EVT201316,C84489,S2490023911,product_view,2025-03-10 06:32:57,mobile,Firefox,Linux,paid_search,FR,,A,False,2,324,56,7.86,0.164,0.031,,10,P1430,Automotive,WELCOME10
EVT201317,C43909,S5742149854,product_view,2024-11-02 14:44:59,mobile,Safari,iOS,organic_search,FR,,B,True,5,223,62,12.18,0.106,0.303,,9,P6467,Toys,NONE
EVT201318,C80435,S6653743497,checkout_start,2025-02-20 05:36:15,desktop,Firefox,Windows,email,IN,,B,True,2,557,12,108.21,0.146,0.207,,5,,,FREESHIP
EVT201319,C71910,S6947188399,add_to_cart,2024-11-08 06:02:59,desktop,Safari,Windows,social,CA,,A,True,3,252,51,45.39,0.028,0.184,,2,P5816,Pets,NONE
EVT201320,C53493,S9699079170,page_view,2024-05-23 17:58:44,desktop,Safari,Android,social,BR,,B,True,6,392,60,17.08,0.162,0.108,,1,,,NONE
EVT201321,C94110,S7674402187,add_to_cart,2024-11-04 12:58:26,mobile,Edge,macOS,organic_search,CA,,A,False,4,520,37,114.41,0.09,0.108,,1,P5849,Apparel,NONE
EVT201322,C96417,S5395123647,add_to_cart,2025-01-20 13:55:19,mobile,Chrome,macOS,affiliate,GB,,A,True,4,322,39,79.48,0.056,0.08,,5,P9035,Grocery,NONE
EVT201323,C39664,S6575756715,add_to_cart,2024-12-27 04:53:31,mobile,Chrome,Android,social,FR,,B,True,2,141,42,55.93,0.173,0.078,,8,P6012,Electronics,NONE
EVT201324,C38335,S7110693048,return_initiated,2025-02-17 23:27:03,desktop,Edge,Windows,direct,MX,,B,False,1,427,23,196.76,0.196,0.166,,4,P1121,Pets,NONE
EVT201325,C80244,S7654729701,page_view,2024-02-10 01:53:44,desktop,Firefox,iOS,organic_search,US,OH,B,True,3,453,64,32.53,0.086,0.078,,9,,,WELCOME10
EVT201326,C53675,S8588319041,add_to_cart,2024-02-11 08:41:02,desktop,Firefox,iOS,organic_search,US,OH,B,False,2,330,59,199.75,0.146,0.0,,1,P5861,Beauty,WELCOME10
EVT201327,C76362,S5771968580,checkout_start,2024-04-23 23:32:32,desktop,Edge,Android,direct,CA,,A,False,5,481,17,235.15,0.01,0.275,,6,,,NONE
EVT201328,C95164,S4263077366,product_view,2024-12-21 17:46:51,desktop,Chrome,macOS,direct,CA,,A,True,4,380,5,28.44,0.161,0.494,,7,P8356,Home,NONE
EVT201329,C36578,S5800704673,product_view,2024-11-11 08:59:56,mobile,Safari,Android,direct,FR,,B,False,4,281,17,24.2,0.105,0.172,,2,P3891,Toys,FREESHIP
EVT201330,C84562,S6649096559,page_view,2025-03-21 23:29:12,mobile,Opera,Windows,organic_search,FR,,A,True,3,413,49,15.38,0.222,0.225,,9,,,NONE
EVT201331,C16062,S3564661984,product_view,2024-10-09 23:10:13,desktop,Edge,Linux,affiliate,FR,,A,True,4,532,43,25.5,0.153,0.391,,8,P8358,Beauty,WELCOME10
EVT201332,C24412,S9852496135,page_view,2025-01-07 04:43:44,desktop,Firefox,Windows,organic_search,MX,,B,True,6,414,33,42.85,0.054,0.0,,9,,,NONE
EVT201333,C48641,S7722899620,add_to_cart,2024-04-21 13:40:17,desktop,Opera,Linux,direct,MX,,B,True,4,192,6,184.13,0.106,0.0,,9,P5009,Electronics,NONE
EVT201334,C53378,S5691765859,product_view,2025-05-10 16:21:08,desktop,Firefox,Linux,direct,FR,,A,False,3,266,52,40.71,0.082,0.102,,5,P3599,Books,NONE
EVT201335,C69901,S7247157829,page_view,2025-03-05 11:04:45,mobile,Safari,macOS,direct,US,HI,B,False,1,409,5,32.25,0.181,0.048,,5,,,NONE
EVT201336,C64264,S1825773079,product_view,2024-09-12 10:20:40,desktop,Edge,Linux,organic_search,BR,,A,False,7,292,52,35.95,0.132,0.102,,3,P5002,Grocery,NONE
EVT201337,C10856,S5745668794,add_to_cart,2024-10-23 21:11:03,desktop,Chrome,iOS,organic_search,MX,,A,True,4,533,46,147.75,0.18,0.155,,1,P9565,Grocery,NONE
EVT201338,C26249,S6691581842,add_to_cart,2024-07-22 14:11:06,desktop,Edge,Linux,paid_search,MX,,B,True,3,478,16,99.94,0.205,0.0,,9,P1082,Books,NONE
EVT201339,C80735,S3113473546,checkout_start,2024-01-12 14:55:11,mobile,Firefox,Android,direct,DE,,B,True,2,192,20,55.24,0.118,0.243,,7,,,NONE
EVT201340,C67042,S6927891727,payment_attempt,2024-12-02 02:47:29,mobile,Firefox,Linux,social,AU,,B,True,2,297,31,193.36,0.165,0.275,approved,2,,,NONE
EVT201341,C52984,S1791267521,product_view,2024-04-13 20:34:08,desktop,Firefox,Linux,direct,AU,,A,False,3,354,53,34.37,0.155,0.153,,6,P3124,Home,FREESHIP
EVT201342,C19485,S8558235211,page_view,2024-04-06 19:17:13,mobile,Edge,iOS,direct,BR,,A,True,3,398,64,4.16,0.242,0.118,,10,,,NONE
EVT201343,C11911,S9937728416,return_initiated,2025-03-01 21:29:44,mobile,Safari,iOS,email,MX,,B,False,2,296,47,98.89,0.186,0.033,,1,P3630,Automotive,VIP25
EVT201344,C42790,S8137940202,payment_attempt,2024-08-10 09:19:25,mobile,Chrome,Android,direct,BR,,A,False,3,317,37,42.79,0.0,0.248,approved,3,,,NONE
EVT201345,C35099,S3125970966,page_view,2024-09-09 15:27:12,mobile,Safari,iOS,direct,BR,,A,True,7,493,35,12.84,0.257,0.201,,5,,,WELCOME10
EVT201346,C25242,S7538337154,add_to_cart,2025-03-04 16:51:59,mobile,Chrome,Windows,direct,AU,,A,True,5,439,68,130.68,0.146,0.277,,4,P1852,Grocery,NONE
EVT201347,C96524,S9231657627,product_view,2024-02-20 21:55:33,mobile,Chrome,iOS,organic_search,MX,,A,True,3,478,14,23.15,0.195,0.14,,10,P3959,Toys,NONE
EVT201348,C19974,S9408463597,page_view,2024-02-08 22:42:59,mobile,Safari,Windows,direct,FR,,B,True,7,401,62,27.81,0.165,0.275,,6,,,NONE
EVT201349,C19995,S7400032188,page_view,2025-03-24 21:55:47,mobile,Chrome,Linux,direct,BR,,B,True,6,80,67,37.0,0.19,0.0,,8,,,NONE
EVT201350,C46603,S1178556598,product_view,2025-05-18 10:31:42,desktop,Safari,macOS,direct,CA,,B,True,4,520,32,22.41,0.246,0.103,,5,P6112,Books,VIP25
EVT201351,C27725,S1640017669,page_view,2025-02-23 07:52:17,mobile,Edge,Linux,paid_search,FR,,B,False,6,384,13,19.72,0.134,0.16,,1,,,NONE
EVT201352,C19486,S1171439735,checkout_start,2025-06-03 22:25:40,mobile,Chrome,iOS,affiliate,US,CT,A,False,2,132,30,166.6,0.017,0.165,,3,,,NONE
EVT201353,C11392,S5639829976,page_view,2025-04-13 13:08:55,desktop,Safari,Android,organic_search,GB,,B,True,5,380,17,12.53,0.193,0.163,,8,,,NONE
EVT201354,C47154,S3332031224,page_view,2025-02-10 02:44:02,mobile,Edge,Android,email,IN,,B,False,7,255,46,26.88,0.035,0.119,,10,,,WELCOME10
EVT201355,C12464,S6722947151,payment_attempt,2025-03-29 09:44:55,mobile,Chrome,Windows,paid_search,US,FL,A,False,2,405,50,169.07,0.122,0.265,approved,9,,,NONE
EVT201356,C33311,S6104938445,product_view,2024-05-10 09:21:13,mobile,Firefox,Linux,direct,BR,,A,False,2,356,13,5.34,0.292,0.088,,2,P4776,Electronics,NONE
EVT201357,C65772,S7978141043,checkout_start,2025-03-17 13:36:27,desktop,Safari,Windows,paid_search,AU,,A,False,5,409,41,98.45,0.116,0.119,,10,,,NONE
EVT201358,C10590,S7411625051,checkout_start,2025-02-08 10:08:21,mobile,Edge,Windows,paid_search,GB,,B,True,3,357,42,136.27,0.179,0.15,,1,,,NONE
EVT201359,C83952,S4029071611,add_to_cart,2024-11-15 16:51:25,desktop,Safari,Linux,direct,IN,,B,True,1,268,40,215.49,0.135,0.261,,4,P3569,Books,FREESHIP
EVT201360,C71747,S3574806403,product_view,2024-01-28 22:59:55,desktop,Opera,Linux,direct,GB,,B,True,4,374,44,41.63,0.075,0.219,,9,P2417,Beauty,NONE
EVT201361,C74165,S2063613354,purchase,2024-01-03 10:59:14,mobile,Edge,macOS,organic_search,DE,,B,True,4,329,49,70.63,0.118,0.0,approved,2,P8844,Beauty,FREESHIP
EVT201362,C70748,S2384141424,product_view,2025-04-27 06:22:11,mobile,Safari,Windows,direct,US,IN,A,True,3,173,46,25.28,0.074,0.048,,7,P4483,Toys,FREESHIP
EVT201363,C61116,S7868677809,checkout_start,2024-10-31 05:46:57,desktop,Chrome,iOS,direct,FR,,B,True,5,107,11,129.52,0.065,0.084,,4,,,WELCOME10
EVT201364,C66100,S6170666417,page_view,2025-06-25 12:59:41,mobile,Chrome,Linux,email,US,SC,B,True,1,123,51,26.89,0.145,0.232,,6,,,WELCOME10
EVT201365,C68163,S2407855664,page_view,2025-01-04 10:23:47,mobile,Edge,Windows,direct,IN,,A,False,8,338,66,38.53,0.112,0.218,,8,,,HOLIDAY20
EVT201366,C78932,S5151856116,purchase,2025-03-23 18:13:33,mobile,Chrome,macOS,social,FR,,A,True,4,386,34,76.83,0.131,0.0,approved,3,P2764,Books,NONE
EVT201367,C51740,S3680502383,product_view,2024-01-05 07:02:21,desktop,Safari,Windows,organic_search,BR,,A,False,4,546,75,0.57,0.264,0.213,,4,P8518,Beauty,NONE
EVT201368,C10397,S7994932930,page_view,2024-10-30 08:41:37,desktop,Safari,Android,direct,FR,,A,True,4,425,12,16.98,0.124,0.193,,2,,,NONE
EVT201369,C59626,S6127252154,payment_attempt,2025-01-12 11:54:12,mobile,Safari,Android,paid_search,FR,,A,False,3,429,70,80.79,0.135,0.039,approved,8,,,NONE
EVT201370,C72683,S6031869459,product_view,2024-05-16 18:33:31,mobile,Safari,iOS,organic_search,IN,,A,True,3,293,61,0.51,0.063,0.158,,10,P4649,Home,NONE
EVT201371,C64618,S6647973099,payment_attempt,2024-10-19 08:21:04,mobile,Safari,iOS,social,IN,,B,True,3,530,34,122.54,0.161,0.0,approved,6,,,HOLIDAY20
EVT201372,C88435,S2775756629,payment_attempt,2024-06-18 11:03:56,desktop,Chrome,Linux,organic_search,GB,,B,False,3,253,23,79.35,0.12,0.056,approved,4,,,WELCOME10
EVT201373,C76814,S1939050069,page_view,2025-06-27 13:26:11,mobile,Opera,macOS,paid_search,BR,,A,True,3,262,7,25.65,0.114,0.0,,6,,,HOLIDAY20
EVT201374,C68772,S8956173005,add_to_cart,2024-08-10 17:37:26,tablet,Opera,Linux,organic_search,GB,,B,False,5,588,36,94.81,0.148,0.0,,1,P9109,Electronics,NONE
EVT201375,C30830,S5314877169,page_view,2025-04-27 01:21:04,desktop,Firefox,Android,organic_search,CA,,A,True,2,387,61,4.07,0.047,0.121,,1,,,NONE
EVT201376,C61768,S5183182113,page_view,2024-10-08 07:35:32,mobile,Safari,macOS,affiliate,DE,,B,True,6,281,37,20.61,0.025,0.203,,8,,,NONE
EVT201377,C82258,S1614690898,page_view,2025-04-19 16:55:36,desktop,Safari,macOS,direct,CA,,A,True,4,259,39,17.75,0.093,0.212,,6,,,FREESHIP
EVT201378,C62877,S4188277769,product_view,2024-10-31 00:07:47,mobile,Chrome,Windows,paid_search,DE,,B,False,3,469,36,35.29,0.066,0.185,,9,P8909,Electronics,NONE
EVT201379,C16777,S1452015326,page_view,2025-06-11 15:52:05,mobile,Chrome,macOS,direct,US,OR,B,True,4,336,62,40.99,0.135,0.329,,5,,,NONE
EVT201380,C85177,S1090779725,product_view,2024-06-03 13:46:14,mobile,Firefox,macOS,paid_search,CA,,A,False,5,237,27,4.68,0.188,0.076,,8,P5950,Toys,FREESHIP
EVT201381,C23547,S9336225264,page_view,2025-01-17 21:20:29,tablet,Safari,iOS,organic_search,US,GA,B,False,3,423,28,2.65,0.124,0.396,,5,,,NONE
EVT201382,C71390,S1983746310,checkout_start,2024-10-19 18:49:47,desktop,Safari,macOS,social,MX,,A,False,3,377,13,31.14,0.161,0.267,,3,,,WELCOME10
EVT201383,C18591,S5223794475,return_initiated,2024-12-02 03:43:12,mobile,Opera,iOS,direct,DE,,B,False,4,233,5,203.64,0.092,0.0,,6,P6665,Sports,NONE
EVT201384,C60507,S4548560487,product_view,2024-01-27 22:39:04,mobile,Firefox,Windows,direct,FR,,B,False,7,455,51,21.24,0.204,0.171,,6,P3858,Home,NONE
EVT201385,C17499,S6675823738,page_view,2024-11-09 19:26:25,tablet,Safari,iOS,direct,US,NE,A,True,7,399,85,1.8,0.033,0.0,,10,,,NONE
EVT201386,C56900,S4870035367,payment_attempt,2024-12-27 14:29:04,mobile,Opera,macOS,paid_search,GB,,A,True,2,326,48,192.44,0.064,0.406,approved,8,,,NONE
EVT201387,C58161,S2201962043,product_view,2025-01-25 15:58:06,mobile,Opera,Linux,direct,AU,,B,True,2,205,12,11.81,0.035,0.0,,5,P8468,Grocery,FREESHIP
EVT201388,C68368,S4363321463,page_view,2025-04-09 20:38:27,desktop,Safari,Android,direct,MX,,A,True,2,245,22,3.35,0.127,0.151,,1,,,WELCOME10
EVT201389,C78650,S1185295705,page_view,2025-06-14 15:03:26,mobile,Firefox,Windows,social,MX,,B,True,5,356,59,0.32,0.124,0.046,,2,,,NONE
EVT201390,C72812,S8559553706,page_view,2025-04-10 12:19:30,mobile,Chrome,Windows,direct,US,ME,B,True,3,462,53,29.6,0.147,0.231,,1,,,WELCOME10
EVT201391,C39825,S3517214393,purchase,2025-02-11 05:42:14,desktop,Chrome,Linux,social,CA,,A,False,7,310,26,212.18,0.0,0.064,declined,6,P7073,Automotive,NONE
EVT201392,C45406,S9932803404,return_initiated,2025-06-08 08:24:36,mobile,Edge,Linux,organic_search,GB,,A,True,6,425,38,211.01,0.11,0.23,,7,P4289,Automotive,NONE
EVT201393,C65850,S1118903605,add_to_cart,2024-01-08 13:26:04,mobile,Safari,Android,direct,FR,,B,False,3,140,11,159.95,0.06,0.0,,3,P5492,Home,NONE
EVT201394,C50989,S8740095224,payment_attempt,2024-03-30 19:52:52,desktop,Firefox,iOS,organic_search,IN,,A,True,4,390,38,60.12,0.12,0.215,approved,1,,,NONE
EVT201395,C55495,S1680227364,product_view,2025-05-11 21:26:30,mobile,Edge,Android,organic_search,AU,,A,True,3,444,31,7.18,0.067,0.214,,5,P3530,Apparel,NONE
EVT201396,C59248,S7040929231,payment_attempt,2025-04-23 02:17:50,tablet,Opera,Linux,email,MX,,B,True,3,261,6,64.51,0.1,0.239,approved,2,,,NONE
EVT201397,C34035,S9686352570,product_view,2024-03-12 01:44:31,desktop,Chrome,iOS,paid_search,MX,,B,False,5,369,5,28.29,0.155,0.219,,4,P6724,Automotive,WELCOME10
EVT201398,C81142,S6885251922,checkout_start,2024-10-02 21:35:57,mobile,Opera,iOS,direct,GB,,A,True,6,487,36,83.65,0.221,0.133,,7,,,NONE
EVT201399,C19648,S1781205792,add_to_cart,2025-03-23 01:24:55,mobile,Opera,macOS,direct,IN,,A,True,4,285,45,53.0,0.026,0.081,,6,P5869,Pets,WELCOME10
EVT201400,C55373,S8528886792,payment_attempt,2024-04-06 17:33:25,desktop,Firefox,macOS,paid_search,MX,,B,True,7,391,62,100.53,0.047,0.2,declined,2,,,NONE
EVT201401,C45388,S2864982883,add_to_cart,2024-09-07 00:37:07,desktop,Opera,Android,direct,AU,,B,True,4,468,59,99.87,0.16,0.0,,10,P9955,Books,NONE
EVT201402,C28647,S9499671122,payment_attempt,2024-03-08 18:11:48,desktop,Opera,Windows,affiliate,AU,,A,True,4,410,53,100.16,0.16,0.092,approved,6,,,NONE
EVT201403,C75070,S2862112576,checkout_start,2025-03-11 15:21:25,desktop,Edge,Linux,direct,FR,,A,True,3,348,46,42.87,0.178,0.056,,7,,,FREESHIP
EVT201404,C90196,S3666706911,page_view,2024-09-04 16:02:24,mobile,Edge,Windows,direct,MX,,A,True,4,412,61,3.03,0.121,0.007,,7,,,VIP25
EVT201405,C92132,S3303936478,product_view,2025-02-08 22:22:19,mobile,Opera,macOS,organic_search,US,AL,A,False,4,454,20,17.48,0.154,0.165,,8,P4074,Books,FREESHIP
EVT201406,C58102,S8662087090,payment_attempt,2025-06-26 22:45:52,desktop,Chrome,Windows,organic_search,US,MA,B,True,4,337,32,176.59,0.056,0.005,approved,8,,,NONE
EVT201407,C34572,S2017750704,purchase,2024-02-21 12:30:22,mobile,Chrome,macOS,direct,AU,,A,False,5,357,53,157.34,0.212,0.333,approved,5,P1463,Apparel,NONE
EVT201408,C30045,S3599174587,add_to_cart,2024-07-13 12:42:49,desktop,Opera,iOS,affiliate,US,MN,B,True,8,582,58,44.58,0.102,0.084,,5,P9648,Electronics,NONE
EVT201409,C40500,S2228507141,add_to_cart,2024-03-01 06:10:05,mobile,Opera,macOS,paid_search,US,CT,A,False,2,273,16,102.03,0.084,0.0,,1,P6303,Beauty,NONE
EVT201410,C57885,S2572634512,page_view,2025-05-19 15:39:27,tablet,Firefox,Linux,organic_search,MX,,A,False,6,328,8,27.66,0.246,0.022,,6,,,NONE
EVT201411,C13840,S7039305184,checkout_start,2025-05-19 01:32:27,desktop,Opera,iOS,organic_search,US,WI,A,False,3,446,51,73.75,0.025,0.13,,5,,,NONE
EVT201412,C83029,S1579754631,checkout_start,2024-12-14 05:13:38,mobile,Edge,Linux,direct,AU,,B,True,6,290,44,135.28,0.183,0.165,,4,,,HOLIDAY20
EVT201413,C55682,S5658100479,page_view,2024-01-03 23:12:10,mobile,Edge,macOS,direct,FR,,A,True,5,354,69,17.77,0.089,0.0,,9,,,NONE
EVT201414,C40388,S2786633374,product_view,2024-04-03 05:04:50,mobile,Safari,Windows,organic_search,GB,,A,True,5,282,66,21.01,0.103,0.18,,1,P9129,Home,NONE
EVT201415,C57776,S7369440288,page_view,2024-11-14 01:27:37,desktop,Chrome,macOS,paid_search,BR,,A,True,2,271,11,9.43,0.19,0.0,,10,,,NONE
EVT201416,C96671,S8906750174,product_view,2025-03-10 13:46:42,mobile,Chrome,iOS,organic_search,BR,,A,True,4,520,36,38.68,0.159,0.157,,8,P2460,Home,WELCOME10
EVT201417,C49450,S6037712893,page_view,2024-12-22 17:28:25,desktop,Firefox,iOS,organic_search,US,WV,A,True,5,198,32,24.04,0.147,0.057,,6,,,NONE
EVT201418,C97270,S2043644926,payment_attempt,2025-01-03 11:14:03,desktop,Firefox,Windows,direct,BR,,A,False,4,142,15,35.7,0.0,0.044,approved,8,,,NONE
EVT201419,C30843,S2387978832,purchase,2024-01-09 06:52:40,desktop,Opera,iOS,affiliate,BR,,B,True,5,505,5,114.95,0.162,0.038,approved,2,P7834,Sports,VIP25
EVT201420,C72107,S1272926182,payment_attempt,2024-02-26 03:57:48,desktop,Opera,iOS,direct,CA,,A,True,4,303,30,218.0,0.019,0.236,approved,8,,,NONE
EVT201421,C41869,S6964285326,return_initiated,2024-10-04 19:23:16,mobile,Edge,Android,email,AU,,A,False,4,348,18,193.82,0.132,0.089,,2,P5574,Home,NONE
EVT201422,C65720,S1161803473,checkout_start,2025-04-01 09:06:51,desktop,Opera,macOS,direct,IN,,B,True,3,531,75,35.41,0.204,0.1,,7,,,NONE
EVT201423,C19235,S5898356439,add_to_cart,2024-11-26 16:08:58,desktop,Edge,macOS,direct,IN,,B,True,3,329,29,104.33,0.156,0.022,,8,P9113,Sports,NONE
EVT201424,C55313,S5147665954,product_view,2024-01-14 13:33:13,mobile,Opera,Windows,paid_search,IN,,B,False,3,370,47,26.61,0.149,0.142,,3,P3225,Electronics,FREESHIP
EVT201425,C49074,S2012911396,add_to_cart,2024-09-08 15:47:14,mobile,Chrome,Windows,direct,DE,,A,False,3,209,47,212.26,0.085,0.301,,5,P3015,Toys,FREESHIP
EVT201426,C62829,S7406992043,page_view,2025-03-20 02:20:08,tablet,Safari,macOS,direct,CA,,B,False,3,384,42,37.55,0.227,0.158,,9,,,FREESHIP
EVT201427,C24638,S8026374415,page_view,2024-05-02 18:01:18,mobile,Firefox,macOS,organic_search,MX,,B,True,3,413,11,15.66,0.202,0.348,,3,,,NONE
EVT201428,C71574,S3518909839,add_to_cart,2024-02-21 07:50:12,desktop,Safari,Android,organic_search,FR,,A,True,3,360,35,144.15,0.183,0.291,,8,P6291,Grocery,NONE
EVT201429,C36194,S8361362223,page_view,2024-03-02 16:19:53,mobile,Chrome,Linux,social,FR,,A,False,3,411,30,41.64,0.149,0.141,,10,,,WELCOME10
EVT201430,C86582,S2038907738,page_view,2024-03-03 13:21:45,desktop,Opera,Linux,direct,US,LA,B,False,5,383,51,36.19,0.187,0.077,,7,,,NONE
EVT201431,C24633,S5324567468,add_to_cart,2025-04-07 15:36:57,tablet,Edge,iOS,direct,AU,,B,False,3,276,39,104.69,0.227,0.229,,7,P6643,Beauty,WELCOME10
EVT201432,C83950,S8292749002,product_view,2024-08-03 18:36:06,mobile,Firefox,Android,direct,DE,,B,True,7,420,49,20.1,0.15,0.014,,9,P2352,Toys,NONE
EVT201433,C47942,S7241098048,checkout_start,2024-05-29 21:50:47,desktop,Safari,iOS,email,MX,,A,False,8,289,63,140.19,0.05,0.287,,5,,,NONE
EVT201434,C56594,S7997381119,add_to_cart,2024-01-18 15:33:36,mobile,Chrome,Linux,email,FR,,A,True,2,385,31,141.13,0.26,0.212,,8,P1532,Apparel,WELCOME10
EVT201435,C55526,S8963225172,add_to_cart,2024-12-16 02:29:11,desktop,Safari,iOS,organic_search,FR,,B,True,5,311,32,31.68,0.048,0.174,,10,P9892,Sports,NONE
EVT201436,C68621,S4609386620,add_to_cart,2024-06-28 05:46:32,mobile,Edge,iOS,social,DE,,A,True,5,359,40,200.94,0.027,0.292,,5,P4919,Automotive,NONE
EVT201437,C71877,S4343895289,add_to_cart,2024-08-28 05:44:23,desktop,Safari,Linux,email,AU,,B,True,3,308,44,67.44,0.235,0.366,,8,P4199,Apparel,NONE
EVT201438,C51248,S5134916217,checkout_start,2024-06-24 07:22:13,mobile,Edge,macOS,organic_search,CA,,A,True,7,493,43,101.56,0.137,0.0,,10,,,NONE
EVT201439,C60291,S3838179602,page_view,2024-04-02 16:57:52,mobile,Opera,Linux,organic_search,GB,,B,True,7,427,5,15.5,0.074,0.249,,6,,,NONE
EVT201440,C23241,S3967367080,page_view,2024-12-31 15:40:46,desktop,Opera,Android,direct,IN,,B,True,2,395,12,9.8,0.13,0.259,,8,,,FREESHIP
EVT201441,C62786,S9075913376,add_to_cart,2025-05-24 04:44:57,desktop,Safari,macOS,paid_search,US,PA,A,False,3,283,71,139.33,0.181,0.0,,2,P9879,Toys,NONE
EVT201442,C81117,S3326321025,product_view,2024-06-06 10:38:07,desktop,Opera,Android,direct,US,WV,A,True,8,445,62,33.11,0.173,0.105,,2,P6247,Pets,NONE
EVT201443,C26369,S9594554926,product_view,2024-07-14 15:36:13,mobile,Safari,Android,paid_search,CA,,B,True,1,412,49,24.6,0.114,0.0,,5,P6069,Toys,FREESHIP
EVT201444,C87526,S4977935043,payment_attempt,2024-10-30 09:28:29,mobile,Chrome,macOS,direct,IN,,B,False,6,399,44,49.92,0.207,0.203,approved,7,,,NONE
EVT201445,C46001,S6017588470,product_view,2024-12-03 12:09:47,desktop,Opera,macOS,direct,BR,,B,False,2,361,21,1.07,0.076,0.079,,8,P6720,Automotive,HOLIDAY20
EVT201446,C43850,S2645763531,checkout_start,2025-03-11 07:54:14,mobile,Chrome,Windows,organic_search,US,RI,A,True,4,458,39,59.96,0.218,0.199,,2,,,NONE
EVT201447,C53883,S1430145592,checkout_start,2024-03-03 08:13:34,mobile,Safari,Windows,direct,US,ME,B,False,1,396,43,129.4,0.137,0.218,,4,,,FREESHIP
EVT201448,C32668,S2925404703,page_view,2025-03-30 20:22:39,desktop,Opera,Windows,paid_search,DE,,B,False,5,347,33,39.31,0.16,0.045,,8,,,NONE
EVT201449,C62929,S4190438674,payment_attempt,2024-09-29 14:52:39,mobile,Safari,Linux,direct,AU,,A,False,3,401,43,111.49,0.049,0.214,approved,7,,,NONE
EVT201450,C75145,S5151685327,product_view,2024-05-12 09:48:19,mobile,Safari,macOS,direct,CA,,A,False,5,304,52,24.89,0.077,0.0,,3,P2383,Electronics,NONE
EVT201451,C19974,S2163220252,purchase,2024-03-28 08:33:25,mobile,Chrome,macOS,email,FR,,B,True,6,365,29,117.22,0.299,0.0,approved,7,P6845,Apparel,NONE
EVT201452,C70584,S1612010615,purchase,2024-02-21 14:50:25,mobile,Chrome,Windows,affiliate,US,TN,B,False,2,570,51,113.79,0.094,0.376,approved,2,P8530,Automotive,NONE
EVT201453,C14815,S9866436333,product_view,2024-05-19 05:46:06,mobile,Opera,Android,social,FR,,A,False,4,199,41,13.6,0.228,0.03,,7,P1992,Automotive,NONE
EVT201454,C56858,S6922992448,product_view,2024-06-19 08:58:46,desktop,Firefox,Linux,social,BR,,B,True,6,489,58,18.23,0.179,0.186,,10,P9152,Automotive,WELCOME10
EVT201455,C95259,S6797536256,product_view,2025-06-17 07:58:00,desktop,Firefox,Android,direct,IN,,B,True,4,445,42,37.8,0.122,0.256,,9,P7453,Home,FREESHIP
EVT201456,C91872,S4670714784,product_view,2025-05-24 12:36:00,mobile,Edge,Linux,organic_search,FR,,A,True,5,330,32,40.75,0.147,0.019,,5,P1526,Apparel,WELCOME10
EVT201457,C38059,S3785401667,return_initiated,2025-03-10 09:14:38,desktop,Firefox,Android,email,BR,,B,False,2,408,38,212.21,0.13,0.33,,8,P9144,Beauty,HOLIDAY20
EVT201458,C38601,S6154313519,payment_attempt,2025-02-09 08:44:34,desktop,Firefox,Android,organic_search,US,CO,A,False,2,218,43,100.94,0.142,0.339,declined,8,,,WELCOME10
EVT201459,C24235,S6808732487,page_view,2025-04-12 21:32:30,mobile,Safari,Android,direct,AU,,A,True,3,205,58,22.51,0.116,0.0,,2,,,WELCOME10
EVT201460,C33430,S3154483068,payment_attempt,2025-03-19 16:37:20,mobile,Safari,Android,organic_search,FR,,B,True,5,385,38,51.92,0.114,0.0,approved,1,,,NONE
EVT201461,C69609,S5571546317,payment_attempt,2024-08-15 13:22:58,desktop,Opera,Android,direct,FR,,A,True,4,282,45,168.52,0.178,0.161,declined,8,,,NONE
EVT201462,C65968,S4144792328,product_view,2024-07-10 16:10:47,desktop,Opera,iOS,direct,DE,,A,True,8,294,18,11.27,0.035,0.312,,7,P9993,Beauty,FREESHIP
EVT201463,C60679,S5047759447,product_view,2024-03-12 12:38:58,tablet,Chrome,iOS,paid_search,BR,,B,True,3,440,40,19.88,0.141,0.556,,3,P6442,Automotive,NONE
EVT201464,C76674,S8371152493,page_view,2025-04-25 05:31:50,desktop,Opera,Linux,direct,MX,,A,False,8,446,75,45.99,0.064,0.127,,2,,,WELCOME10
EVT201465,C86277,S6835980911,page_view,2024-08-28 14:41:54,tablet,Edge,iOS,direct,IN,,B,True,2,422,7,30.33,0.153,0.312,,6,,,FREESHIP
EVT201466,C39260,S8552783332,product_view,2024-07-02 18:56:47,mobile,Safari,Windows,social,US,WI,A,True,3,428,14,29.57,0.141,0.066,,2,P6728,Books,NONE
EVT201467,C88430,S7694338935,add_to_cart,2025-01-26 22:35:23,desktop,Edge,iOS,email,IN,,B,False,2,532,22,137.31,0.12,0.213,,2,P3531,Books,WELCOME10
EVT201468,C50193,S2549476018,add_to_cart,2025-01-27 21:57:55,desktop,Safari,iOS,direct,US,CT,A,True,7,290,81,21.76,0.302,0.0,,4,P7581,Sports,NONE
EVT201469,C50456,S6130729403,add_to_cart,2024-03-17 11:57:53,desktop,Safari,Linux,social,BR,,B,False,5,475,38,177.02,0.16,0.118,,3,P7938,Apparel,HOLIDAY20
EVT201470,C53947,S2771232850,payment_attempt,2024-07-04 22:09:40,desktop,Opera,iOS,organic_search,FR,,A,True,5,406,9,50.16,0.041,0.33,declined,1,,,NONE
EVT201471,C97628,S7142674430,checkout_start,2025-02-25 18:00:14,mobile,Safari,Windows,social,CA,,A,True,3,287,61,154.71,0.076,0.0,,4,,,NONE
EVT201472,C58528,S7213116796,add_to_cart,2025-01-17 00:42:37,desktop,Chrome,Android,affiliate,DE,,A,False,2,220,53,176.85,0.045,0.36,,10,P8290,Sports,NONE
EVT201473,C15134,S9408590522,payment_attempt,2024-12-19 14:30:54,mobile,Chrome,iOS,direct,US,IN,A,False,6,136,32,93.24,0.16,0.086,approved,2,,,WELCOME10
EVT201474,C27153,S9695330274,product_view,2025-02-27 13:28:10,mobile,Firefox,Android,affiliate,AU,,A,False,3,239,27,8.66,0.222,0.059,,1,P2236,Sports,FREESHIP
EVT201475,C92629,S9938008089,checkout_start,2024-08-13 14:40:35,mobile,Edge,iOS,direct,BR,,B,False,5,325,40,222.69,0.085,0.0,,1,,,WELCOME10
EVT201476,C61318,S7858643878,product_view,2024-11-20 21:34:31,mobile,Safari,Windows,email,US,MA,A,True,2,502,5,37.15,0.098,0.167,,4,P2835,Sports,NONE
EVT201477,C69271,S1143682799,product_view,2025-05-24 23:19:53,mobile,Safari,iOS,organic_search,AU,,A,True,3,504,67,12.96,0.107,0.159,,7,P6686,Electronics,NONE
EVT201478,C20916,S8675476670,add_to_cart,2024-08-22 17:35:58,desktop,Opera,iOS,paid_search,CA,,A,True,4,275,62,23.04,0.104,0.076,,7,P6548,Toys,HOLIDAY20
EVT201479,C86230,S4561869680,product_view,2025-02-14 06:52:26,mobile,Opera,Windows,direct,IN,,A,False,1,217,52,7.57,0.274,0.258,,2,P6823,Apparel,WELCOME10
EVT201480,C11619,S4525151108,payment_attempt,2025-02-21 10:42:02,desktop,Safari,Linux,direct,IN,,B,True,5,325,45,167.85,0.071,0.0,approved,2,,,WELCOME10
EVT201481,C26676,S4886676272,page_view,2024-12-12 15:37:01,desktop,Safari,macOS,organic_search,BR,,A,False,6,271,5,3.12,0.097,0.16,,1,,,NONE
EVT201482,C22969,S5754205935,product_view,2025-05-18 05:57:19,desktop,Firefox,Android,social,BR,,A,True,6,476,25,35.75,0.106,0.312,,9,P6923,Electronics,NONE
EVT201483,C30203,S5422655539,purchase,2025-05-13 13:13:49,mobile,Firefox,iOS,paid_search,IN,,A,True,6,355,46,197.97,0.125,0.277,declined,5,P3933,Books,NONE
EVT201484,C73271,S4049632116,product_view,2024-12-08 20:02:50,tablet,Edge,Android,paid_search,GB,,B,True,6,308,54,37.12,0.086,0.099,,9,P3296,Automotive,NONE
EVT201485,C51365,S5897130980,page_view,2024-08-01 10:22:44,desktop,Edge,Android,direct,AU,,A,False,4,448,19,5.95,0.092,0.101,,4,,,FREESHIP
EVT201486,C45307,S9031875170,add_to_cart,2025-05-31 00:09:50,mobile,Firefox,Windows,direct,CA,,A,False,6,449,34,209.61,0.0,0.084,,6,P5672,Toys,NONE
EVT201487,C29836,S1293716804,payment_attempt,2025-05-05 10:45:14,desktop,Chrome,macOS,organic_search,AU,,A,True,3,523,47,139.26,0.265,0.051,approved,2,,,WELCOME10
EVT201488,C24806,S6386102336,checkout_start,2024-10-04 07:53:08,mobile,Edge,macOS,direct,FR,,B,False,1,214,9,170.84,0.169,0.022,,10,,,FREESHIP
EVT201489,C16209,S3034824738,page_view,2024-10-05 11:38:34,mobile,Opera,iOS,organic_search,BR,,A,False,4,381,73,27.37,0.074,0.348,,7,,,NONE
EVT201490,C33144,S3416313670,add_to_cart,2025-01-18 15:08:53,desktop,Safari,Android,paid_search,DE,,B,False,4,357,82,42.06,0.229,0.046,,6,P2868,Electronics,NONE
EVT201491,C24779,S1466027701,payment_attempt,2024-06-05 13:58:20,mobile,Chrome,Linux,email,BR,,A,True,4,345,5,230.56,0.041,0.0,approved,10,,,NONE
EVT201492,C78362,S2639556838,checkout_start,2024-11-04 02:06:20,mobile,Firefox,Windows,social,FR,,A,False,7,252,46,92.16,0.12,0.062,,9,,,NONE
EVT201493,C93140,S2864743025,product_view,2024-05-11 22:23:29,mobile,Chrome,iOS,organic_search,AU,,B,True,2,332,29,25.63,0.108,0.035,,3,P2527,Home,NONE
EVT201494,C66479,S6019685426,product_view,2024-05-18 13:21:23,desktop,Edge,iOS,email,IN,,B,True,3,429,54,25.67,0.055,0.206,,6,P9215,Pets,NONE
EVT201495,C61826,S8605470614,checkout_start,2024-04-21 06:13:55,desktop,Safari,iOS,direct,DE,,B,True,3,414,46,134.7,0.22,0.079,,1,,,WELCOME10
EVT201496,C17062,S8268410456,page_view,2024-06-08 10:50:46,mobile,Opera,Linux,email,CA,,A,False,2,412,38,24.9,0.036,0.0,,2,,,NONE
EVT201497,C27539,S6483062987,purchase,2024-11-08 04:40:13,tablet,Chrome,macOS,affiliate,US,WI,A,True,3,257,15,173.59,0.176,0.068,approved,8,P4483,Books,NONE
EVT201498,C74794,S8695761386,add_to_cart,2024-07-28 16:25:56,mobile,Edge,macOS,paid_search,DE,,B,False,6,428,41,122.42,0.105,0.0,,5,P9279,Sports,NONE
EVT201499,C17377,S8097783104,checkout_start,2024-01-22 06:25:54,desktop,Edge,macOS,email,US,MN,A,True,4,343,24,43.11,0.169,0.168,,2,,,NONE
EVT201500,C42364,S9103268753,page_view,2025-02-01 17:54:51,mobile,Safari,iOS,paid_search,CA,,B,False,3,316,48,36.36,0.052,0.0,,1,,,HOLIDAY20
EVT201501,C87290,S9968147234,payment_attempt,2024-10-21 16:51:42,desktop,Firefox,Android,organic_search,US,SC,A,True,4,400,12,159.48,0.164,0.481,approved,5,,,NONE
EVT201502,C50073,S8137708722,payment_attempt,2024-11-01 13:11:11,mobile,Edge,Linux,direct,GB,,A,False,7,339,39,172.55,0.141,0.002,approved,1,,,WELCOME10
EVT201503,C67529,S5475471506,product_view,2025-03-19 08:39:29,mobile,Safari,Linux,organic_search,IN,,A,True,3,352,53,38.77,0.087,0.169,,3,P7812,Toys,WELCOME10
EVT201504,C56270,S3473879711,product_view,2025-03-09 22:36:20,mobile,Firefox,Linux,direct,BR,,B,True,4,163,40,19.83,0.212,0.0,,7,P7796,Books,NONE
EVT201505,C57299,S7207190262,add_to_cart,2024-10-10 03:49:48,desktop,Safari,Linux,direct,IN,,B,False,3,216,10,133.4,0.009,0.0,,9,P1458,Automotive,FREESHIP
EVT201506,C20419,S7191247582,add_to_cart,2025-02-28 17:20:36,desktop,Firefox,macOS,organic_search,GB,,B,True,3,142,70,101.56,0.099,0.003,,10,P3662,Books,NONE
EVT201507,C88609,S4770992721,payment_attempt,2024-09-28 04:06:28,mobile,Edge,iOS,direct,AU,,B,False,7,213,25,43.85,0.251,0.178,approved,7,,,NONE
EVT201508,C62335,S8398182793,payment_attempt,2025-06-14 13:17:48,desktop,Opera,macOS,social,DE,,A,True,3,319,51,144.89,0.123,0.0,approved,2,,,NONE
EVT201509,C54065,S7465083622,page_view,2024-01-17 17:20:03,desktop,Opera,Android,paid_search,MX,,A,False,6,286,40,39.29,0.087,0.0,,2,,,NONE
EVT201510,C67589,S8751260343,add_to_cart,2024-07-02 22:12:03,mobile,Firefox,macOS,direct,AU,,A,True,4,344,38,160.76,0.225,0.144,,1,P7519,Books,WELCOME10
EVT201511,C67336,S2560733271,purchase,2024-11-10 12:01:39,desktop,Edge,Linux,direct,BR,,B,False,5,429,32,152.2,0.171,0.0,approved,8,P6723,Automotive,NONE
EVT201512,C33040,S1866514445,add_to_cart,2024-02-28 03:35:41,desktop,Firefox,Android,social,DE,,A,False,4,261,30,174.19,0.062,0.071,,5,P1067,Sports,NONE
EVT201513,C62937,S9209114234,page_view,2024-07-22 04:21:21,tablet,Firefox,iOS,social,BR,,A,True,5,343,27,34.19,0.038,0.053,,1,,,WELCOME10
EVT201514,C93839,S8831869764,page_view,2024-04-19 15:38:07,mobile,Opera,Android,affiliate,IN,,B,False,8,97,22,0.5,0.139,0.057,,1,,,WELCOME10
EVT201515,C64265,S9607599916,product_view,2025-02-25 00:15:45,tablet,Safari,iOS,direct,AU,,B,False,4,392,64,18.14,0.175,0.399,,3,P9386,Toys,VIP25
EVT201516,C78198,S4902244738,checkout_start,2024-01-19 22:55:52,desktop,Chrome,Android,organic_search,US,DC,B,False,3,186,42,42.36,0.097,0.083,,1,,,NONE
EVT201517,C25007,S3966336208,payment_attempt,2025-04-17 10:21:07,mobile,Opera,iOS,paid_search,MX,,A,True,7,404,48,167.91,0.13,0.0,approved,7,,,FREESHIP
EVT201518,C32651,S4364181318,product_view,2025-05-17 14:31:33,desktop,Firefox,Windows,organic_search,CA,,B,True,4,187,30,4.76,0.108,0.0,,7,P2481,Pets,NONE
EVT201519,C94194,S4090443546,purchase,2024-07-15 02:02:17,desktop,Opera,Linux,social,US,CA,A,True,3,387,52,124.91,0.085,0.204,approved,2,P6084,Sports,FREESHIP
EVT201520,C29115,S6722519057,product_view,2024-01-10 02:21:32,desktop,Opera,iOS,direct,US,MT,A,False,5,221,39,35.87,0.0,0.369,,3,P8623,Grocery,NONE
EVT201521,C87290,S4556973348,product_view,2025-06-18 12:18:39,mobile,Opera,macOS,organic_search,CA,,A,False,7,604,31,34.09,0.037,0.0,,5,P2386,Grocery,NONE
EVT201522,C25360,S8735159557,payment_attempt,2025-05-22 14:48:14,tablet,Chrome,Windows,social,FR,,B,False,3,363,21,141.1,0.329,0.175,approved,6,,,WELCOME10
EVT201523,C35835,S4068982811,payment_attempt,2024-06-29 08:31:58,mobile,Chrome,Android,organic_search,MX,,A,False,2,562,50,214.32,0.12,0.367,approved,9,,,NONE
EVT201524,C19893,S1199992456,product_view,2024-01-27 13:06:38,desktop,Chrome,Linux,direct,US,NC,B,False,3,333,69,24.87,0.113,0.0,,1,P5005,Toys,NONE
EVT201525,C62701,S8362116145,checkout_start,2024-09-18 14:18:01,mobile,Opera,Linux,paid_search,DE,,B,False,1,226,51,117.36,0.154,0.0,,4,,,NONE
EVT201526,C24850,S5879691494,product_view,2024-05-25 21:16:54,mobile,Edge,Linux,organic_search,FR,,B,False,2,255,43,31.34,0.172,0.0,,2,P4075,Home,NONE
EVT201527,C84208,S5134191916,add_to_cart,2025-06-20 07:45:29,mobile,Chrome,Linux,social,IN,,A,True,2,484,46,129.69,0.105,0.0,,1,P6072,Toys,FREESHIP
EVT201528,C15575,S7902084409,product_view,2024-05-16 01:08:38,mobile,Chrome,Windows,social,DE,,A,True,3,454,28,19.67,0.159,0.121,,1,P4343,Automotive,HOLIDAY20
EVT201529,C60239,S7976771700,product_view,2024-09-01 18:45:34,desktop,Firefox,Linux,email,GB,,B,True,2,498,41,42.69,0.028,0.0,,3,P4984,Sports,VIP25
EVT201530,C71165,S6629229953,product_view,2025-03-08 18:06:33,desktop,Safari,Windows,organic_search,FR,,A,False,4,80,83,37.24,0.0,0.0,,1,P1890,Apparel,HOLIDAY20
EVT201531,C95648,S1144282606,add_to_cart,2024-07-26 10:44:42,mobile,Edge,Android,direct,MX,,A,True,3,598,45,107.83,0.113,0.0,,1,P2747,Apparel,NONE
EVT201532,C80517,S1154309466,add_to_cart,2024-07-21 21:10:21,desktop,Chrome,Android,organic_search,BR,,A,True,2,438,47,109.92,0.166,0.056,,6,P3408,Apparel,NONE
EVT201533,C17202,S2112306458,product_view,2025-02-11 05:57:28,desktop,Safari,Linux,organic_search,BR,,A,False,2,294,97,45.04,0.067,0.106,,6,P8201,Toys,HOLIDAY20
EVT201534,C99649,S6586439789,add_to_cart,2024-11-03 01:02:30,mobile,Opera,iOS,social,GB,,A,True,3,80,59,128.36,0.22,0.287,,5,P2457,Automotive,NONE
EVT201535,C28290,S5600231225,add_to_cart,2024-10-18 08:16:00,mobile,Chrome,Android,email,BR,,B,False,8,324,47,84.56,0.088,0.0,,7,P4125,Toys,FREESHIP
EVT201536,C53551,S4258633332,product_view,2024-05-26 14:15:17,mobile,Edge,Windows,paid_search,FR,,B,False,6,451,92,31.89,0.146,0.231,,6,P4347,Pets,NONE
EVT201537,C51850,S1719269732,product_view,2024-01-19 02:38:12,tablet,Edge,Windows,organic_search,BR,,A,True,2,385,40,24.81,0.249,0.089,,7,P7715,Toys,FREESHIP
EVT201538,C45703,S9413347989,purchase,2024-09-19 23:33:19,mobile,Safari,Android,direct,CA,,B,True,4,227,48,84.06,0.212,0.078,declined,9,P6196,Automotive,WELCOME10
EVT201539,C39994,S7561949395,payment_attempt,2025-02-26 04:05:30,mobile,Safari,Windows,social,FR,,B,True,2,336,36,180.38,0.179,0.221,declined,3,,,NONE
EVT201540,C14917,S5795014830,page_view,2025-04-10 22:50:45,desktop,Chrome,Linux,organic_search,FR,,A,True,6,306,38,25.9,0.142,0.308,,2,,,NONE
EVT201541,C14259,S8558183824,add_to_cart,2025-04-09 01:51:06,mobile,Opera,iOS,direct,IN,,B,True,5,153,55,165.65,0.107,0.057,,8,P6054,Sports,NONE
EVT201542,C79065,S1555373164,product_view,2024-05-29 07:25:02,mobile,Chrome,macOS,paid_search,DE,,A,False,4,360,71,2.53,0.109,0.288,,8,P2720,Apparel,NONE
EVT201543,C27193,S6494279539,product_view,2025-02-11 03:53:55,desktop,Safari,macOS,organic_search,US,TX,B,True,2,520,82,40.11,0.171,0.0,,8,P8769,Home,HOLIDAY20
EVT201544,C11723,S8495772492,page_view,2024-10-10 17:06:19,mobile,Opera,Windows,direct,FR,,A,True,7,366,48,27.9,0.0,0.357,,9,,,WELCOME10
EVT201545,C65469,S6759724264,page_view,2024-12-11 14:40:46,mobile,Firefox,Android,affiliate,FR,,B,True,2,467,51,28.75,0.094,0.007,,4,,,VIP25
EVT201546,C67586,S5640106271,checkout_start,2024-02-13 18:24:53,mobile,Edge,Windows,organic_search,IN,,B,False,4,612,38,25.77,0.159,0.005,,9,,,NONE
EVT201547,C72258,S8734593742,product_view,2025-06-29 04:20:26,mobile,Safari,macOS,organic_search,BR,,A,False,6,454,45,6.86,0.177,0.0,,7,P8440,Home,WELCOME10
EVT201548,C15446,S2833885118,add_to_cart,2024-07-04 02:37:40,desktop,Chrome,macOS,direct,DE,,A,True,2,527,37,38.35,0.0,0.346,,1,P2840,Beauty,NONE
EVT201549,C84769,S2930322976,add_to_cart,2024-05-31 18:47:14,mobile,Opera,macOS,organic_search,US,RI,B,False,4,372,33,207.6,0.109,0.242,,7,P2789,Beauty,NONE
EVT201550,C28396,S4605615257,product_view,2025-01-06 01:08:32,mobile,Safari,Android,direct,FR,,A,True,5,298,44,6.08,0.244,0.138,,7,P7112,Automotive,NONE
EVT201551,C87273,S2690352313,page_view,2024-03-11 11:55:24,mobile,Firefox,iOS,direct,GB,,B,True,2,198,5,40.09,0.108,0.245,,10,,,NONE
EVT201552,C91108,S8210171896,product_view,2025-06-19 00:55:22,desktop,Safari,Linux,direct,IN,,A,True,4,457,68,27.44,0.246,0.0,,6,P6334,Apparel,WELCOME10
EVT201553,C48789,S7803713544,add_to_cart,2024-10-23 13:33:20,mobile,Firefox,Windows,direct,BR,,A,True,4,490,38,158.87,0.144,0.0,,5,P5620,Pets,NONE
EVT201554,C52754,S9944999067,add_to_cart,2024-12-24 16:11:35,desktop,Chrome,Android,direct,IN,,A,False,4,466,42,57.64,0.157,0.131,,3,P7137,Automotive,NONE
EVT201555,C44341,S9557865070,product_view,2024-12-01 00:20:01,desktop,Edge,macOS,organic_search,DE,,A,True,7,439,43,28.64,0.189,0.078,,1,P2747,Sports,NONE
EVT201556,C55382,S1747222029,checkout_start,2025-06-03 00:38:47,desktop,Safari,Android,direct,MX,,A,True,1,199,29,208.77,0.124,0.062,,5,,,NONE
EVT201557,C13586,S6852839572,checkout_start,2025-03-06 08:02:48,mobile,Opera,Android,direct,GB,,B,False,5,339,15,154.35,0.221,0.01,,10,,,NONE
EVT201558,C48667,S2949153575,payment_attempt,2024-12-10 18:38:04,mobile,Chrome,Windows,email,CA,,A,False,2,345,22,159.06,0.072,0.0,approved,10,,,FREESHIP
EVT201559,C39754,S8779002319,payment_attempt,2024-02-17 11:33:19,desktop,Chrome,Linux,direct,BR,,A,True,4,341,54,133.35,0.19,0.187,approved,7,,,FREESHIP
EVT201560,C11716,S2968759109,page_view,2024-09-05 06:28:11,mobile,Edge,macOS,direct,IN,,A,True,5,500,40,9.04,0.152,0.292,,3,,,NONE
EVT201561,C86102,S4723005185,add_to_cart,2025-06-16 01:53:45,desktop,Edge,Android,organic_search,FR,,A,True,2,239,63,118.02,0.054,0.0,,1,P6608,Toys,FREESHIP
EVT201562,C24750,S1217303724,product_view,2025-04-22 05:51:42,desktop,Firefox,Android,social,DE,,A,False,6,338,36,4.14,0.134,0.106,,1,P2000,Grocery,NONE
EVT201563,C29584,S5078758050,checkout_start,2024-07-29 07:11:17,desktop,Opera,Windows,social,FR,,A,False,5,398,60,111.84,0.195,0.226,,10,,,NONE
EVT201564,C50093,S6793763862,add_to_cart,2025-03-03 03:20:28,mobile,Chrome,Linux,organic_search,MX,,A,True,3,218,51,142.32,0.102,0.0,,1,P5711,Beauty,NONE
EVT201565,C56111,S9312421996,page_view,2025-03-26 12:13:23,mobile,Edge,Android,direct,FR,,B,False,3,324,5,26.34,0.237,0.389,,6,,,NONE
EVT201566,C72949,S9295834571,page_view,2025-04-25 04:25:59,mobile,Firefox,macOS,direct,DE,,B,False,2,368,5,23.31,0.096,0.114,,6,,,HOLIDAY20
EVT201567,C76960,S6094230113,page_view,2025-04-30 09:43:47,desktop,Chrome,Windows,direct,CA,,A,False,2,370,43,35.88,0.04,0.286,,10,,,NONE
EVT201568,C32009,S7270753011,purchase,2024-07-03 17:01:49,mobile,Edge,Windows,direct,MX,,B,False,4,400,5,154.21,0.009,0.127,approved,1,P2915,Pets,NONE
EVT201569,C39750,S7754514846,product_view,2024-04-10 22:01:50,mobile,Safari,Android,social,DE,,B,True,3,344,37,33.45,0.04,0.05,,2,P8708,Apparel,NONE
EVT201570,C85088,S1502122142,checkout_start,2025-03-01 10:22:47,mobile,Safari,macOS,direct,AU,,A,True,7,424,33,82.06,0.085,0.016,,4,,,NONE
EVT201571,C44664,S4598299381,purchase,2024-01-22 20:24:20,mobile,Chrome,Linux,organic_search,FR,,B,False,4,292,43,185.57,0.095,0.0,approved,4,P8041,Toys,NONE
EVT201572,C31764,S9377682654,add_to_cart,2025-02-17 18:24:39,mobile,Chrome,macOS,direct,MX,,A,False,3,420,13,74.13,0.187,0.0,,2,P5820,Apparel,HOLIDAY20
EVT201573,C78109,S1787282219,product_view,2024-06-05 09:30:43,desktop,Chrome,macOS,direct,BR,,B,True,4,447,47,39.37,0.177,0.179,,10,P4153,Home,WELCOME10
EVT201574,C32790,S6245522924,product_view,2024-05-03 11:30:15,mobile,Edge,Android,organic_search,AU,,A,False,3,253,44,15.8,0.14,0.047,,3,P5596,Pets,NONE
EVT201575,C92562,S3923953730,page_view,2024-04-29 00:42:45,mobile,Firefox,Android,direct,BR,,A,True,5,304,52,29.79,0.071,0.212,,6,,,NONE
EVT201576,C35363,S5212962552,product_view,2024-12-14 04:19:17,desktop,Safari,macOS,direct,IN,,B,True,1,467,5,10.68,0.19,0.168,,10,P4452,Beauty,NONE
EVT201577,C48264,S3826791588,add_to_cart,2024-05-23 19:25:26,desktop,Safari,iOS,direct,GB,,B,True,2,430,5,53.62,0.087,0.061,,10,P3754,Electronics,NONE
EVT201578,C16786,S4528520865,page_view,2024-01-12 03:13:18,desktop,Chrome,iOS,paid_search,CA,,B,False,2,365,60,40.76,0.149,0.065,,2,,,NONE
EVT201579,C59957,S8679752835,product_view,2024-12-09 15:22:07,mobile,Edge,macOS,social,FR,,B,True,3,268,50,34.7,0.254,0.171,,5,P5651,Apparel,HOLIDAY20
EVT201580,C78036,S9014036873,product_view,2024-05-06 08:46:30,mobile,Chrome,iOS,direct,AU,,A,False,4,390,61,35.3,0.184,0.131,,3,P4982,Automotive,NONE
EVT201581,C50953,S2461199336,page_view,2024-09-05 19:43:01,desktop,Safari,Linux,organic_search,US,NJ,A,False,3,536,25,35.2,0.027,0.319,,10,,,FREESHIP
EVT201582,C68789,S4091584902,checkout_start,2025-03-12 23:25:40,mobile,Edge,macOS,organic_search,MX,,A,False,1,558,37,202.01,0.116,0.067,,4,,,NONE
EVT201583,C57573,S9264070858,checkout_start,2025-04-21 12:20:15,desktop,Safari,Windows,paid_search,IN,,A,False,5,473,58,21.42,0.228,0.039,,2,,,WELCOME10
EVT201584,C87254,S7912354459,page_view,2024-01-25 14:07:02,desktop,Edge,iOS,direct,FR,,A,True,1,492,15,12.1,0.154,0.291,,1,,,WELCOME10
EVT201585,C34294,S4909131254,page_view,2024-01-09 20:47:51,mobile,Edge,iOS,direct,BR,,B,False,2,440,38,39.3,0.09,0.299,,4,,,NONE
EVT201586,C11372,S3373230060,checkout_start,2024-10-30 05:07:11,desktop,Firefox,iOS,direct,MX,,B,False,6,554,51,55.23,0.223,0.201,,1,,,NONE
EVT201587,C53503,S5662154969,page_view,2024-03-25 02:40:11,mobile,Safari,Android,direct,US,NV,B,True,5,203,27,36.86,0.223,0.239,,6,,,NONE
EVT201588,C15911,S9192217381,product_view,2024-02-28 09:51:12,desktop,Edge,macOS,organic_search,GB,,B,True,7,500,54,20.68,0.075,0.302,,3,P9621,Pets,NONE
EVT201589,C82228,S4114455636,checkout_start,2024-12-04 06:41:38,desktop,Edge,Linux,social,GB,,B,True,3,80,17,43.92,0.234,0.079,,8,,,NONE
EVT201590,C89609,S2780939522,page_view,2024-03-28 17:04:00,desktop,Edge,macOS,direct,MX,,B,False,5,415,35,39.1,0.194,0.211,,4,,,NONE
EVT201591,C60103,S6516658745,payment_attempt,2024-03-04 05:50:41,desktop,Opera,macOS,direct,US,AZ,A,False,4,217,47,194.64,0.197,0.093,approved,6,,,NONE
EVT201592,C93721,S9205507304,payment_attempt,2024-02-29 17:31:11,tablet,Edge,Linux,direct,GB,,B,True,1,296,35,94.87,0.138,0.0,approved,1,,,HOLIDAY20
EVT201593,C89365,S5351287794,add_to_cart,2024-07-11 04:41:06,mobile,Firefox,macOS,organic_search,IN,,B,False,6,330,32,73.63,0.124,0.285,,9,P7627,Toys,NONE
EVT201594,C29237,S8182982867,page_view,2024-05-23 17:09:01,desktop,Edge,iOS,direct,AU,,A,False,3,379,46,20.2,0.217,0.107,,8,,,HOLIDAY20
EVT201595,C43210,S1846744196,page_view,2024-07-12 02:52:54,mobile,Edge,Android,direct,DE,,B,True,3,441,26,24.29,0.126,0.0,,5,,,NONE
EVT201596,C64591,S5435242574,add_to_cart,2025-03-20 07:28:09,desktop,Opera,Linux,organic_search,MX,,B,False,3,259,66,138.05,0.149,0.151,,7,P5170,Electronics,FREESHIP
EVT201597,C41514,S8577114862,product_view,2025-01-08 12:40:05,mobile,Firefox,iOS,organic_search,MX,,A,True,4,529,41,34.96,0.154,0.037,,2,P3045,Electronics,FREESHIP
EVT201598,C28135,S4084675879,product_view,2025-05-16 16:56:24,mobile,Safari,Windows,paid_search,IN,,A,True,4,360,42,22.74,0.233,0.093,,10,P9725,Toys,WELCOME10
EVT201599,C27507,S6827687076,product_view,2024-07-22 04:49:26,desktop,Edge,Windows,direct,BR,,A,True,2,235,21,17.72,0.104,0.0,,1,P1537,Automotive,WELCOME10
EVT201600,C73510,S8801084266,product_view,2024-12-30 11:20:12,desktop,Firefox,macOS,direct,IN,,A,True,6,558,50,22.26,0.195,0.0,,9,P7044,Home,NONE
EVT201601,C11723,S9964010406,add_to_cart,2025-05-31 13:40:15,mobile,Firefox,Windows,organic_search,MX,,A,False,2,198,44,131.65,0.064,0.315,,6,P7891,Sports,NONE
EVT201602,C86477,S3030755567,payment_attempt,2024-10-19 09:37:42,desktop,Opera,Android,organic_search,BR,,B,False,6,282,33,212.33,0.147,0.413,approved,7,,,NONE
EVT201603,C27746,S5685578715,add_to_cart,2025-02-04 15:07:12,tablet,Edge,Android,organic_search,MX,,A,True,7,348,63,18.84,0.189,0.029,,6,P8152,Beauty,FREESHIP
EVT201604,C93814,S9169000830,page_view,2024-05-12 22:39:38,desktop,Edge,macOS,direct,MX,,B,False,4,422,56,9.79,0.228,0.372,,5,,,WELCOME10
EVT201605,C44667,S5394480211,page_view,2025-05-12 20:30:15,desktop,Safari,Android,direct,US,IL,B,True,5,80,43,32.97,0.139,0.321,,5,,,WELCOME10
EVT201606,C51068,S8862595144,product_view,2025-03-21 19:37:40,desktop,Opera,iOS,direct,FR,,B,True,3,478,92,26.77,0.046,0.05,,9,P6433,Automotive,NONE
EVT201607,C92255,S3364948325,payment_attempt,2024-05-03 05:46:51,desktop,Firefox,iOS,direct,BR,,B,True,6,424,55,38.96,0.0,0.286,approved,3,,,NONE
EVT201608,C32222,S2113753526,product_view,2025-02-24 17:12:22,mobile,Opera,Linux,direct,US,KY,B,True,3,539,14,44.01,0.0,0.201,,9,P7764,Grocery,NONE
EVT201609,C35783,S9625887425,product_view,2025-04-18 20:23:37,desktop,Safari,Windows,organic_search,DE,,A,True,4,543,64,4.55,0.197,0.122,,7,P5155,Books,NONE
EVT201610,C27502,S7522375421,page_view,2025-01-27 17:26:35,mobile,Edge,iOS,social,AU,,A,False,3,264,10,2.66,0.008,0.29,,7,,,HOLIDAY20
EVT201611,C55894,S3291470985,product_view,2024-03-23 09:52:34,desktop,Opera,Linux,direct,BR,,A,True,6,389,59,30.3,0.08,0.13,,6,P8254,Grocery,NONE
EVT201612,C19486,S6915711695,purchase,2024-03-08 09:11:21,desktop,Firefox,Linux,paid_search,DE,,B,False,2,451,50,43.87,0.041,0.126,approved,6,P8100,Pets,NONE
EVT201613,C10730,S2947813196,purchase,2024-08-11 16:17:31,desktop,Safari,iOS,organic_search,DE,,B,False,4,289,16,69.25,0.131,0.076,approved,1,P7682,Automotive,NONE
EVT201614,C71695,S7226990605,page_view,2024-04-30 21:04:54,desktop,Chrome,iOS,direct,US,NV,B,True,3,556,20,8.87,0.0,0.0,,10,,,FREESHIP
EVT201615,C79202,S5129822522,page_view,2024-06-26 10:11:50,desktop,Safari,iOS,paid_search,BR,,A,False,9,260,5,14.86,0.119,0.102,,10,,,NONE
EVT201616,C25258,S6785115377,add_to_cart,2024-11-26 11:41:36,mobile,Opera,Android,direct,GB,,B,False,3,134,39,116.99,0.117,0.0,,1,P1995,Apparel,NONE
EVT201617,C55641,S2513836252,add_to_cart,2024-09-14 19:37:55,mobile,Safari,Android,affiliate,BR,,B,True,8,284,60,115.65,0.126,0.259,,3,P1675,Pets,VIP25
EVT201618,C44078,S2661451728,product_view,2024-07-25 23:57:18,desktop,Edge,Android,paid_search,IN,,A,True,5,237,48,16.98,0.232,0.216,,4,P2931,Sports,NONE
EVT201619,C25365,S8079560895,product_view,2024-11-19 20:25:14,desktop,Firefox,iOS,social,IN,,A,True,3,399,17,25.19,0.102,0.187,,4,P7651,Sports,VIP25
EVT201620,C44590,S9203609896,product_view,2024-07-29 05:01:35,desktop,Edge,Windows,paid_search,US,OR,A,True,4,345,44,31.43,0.162,0.354,,7,P4171,Beauty,NONE
EVT201621,C61832,S7418384710,page_view,2025-01-13 08:49:49,desktop,Safari,Android,organic_search,AU,,A,True,4,332,27,6.83,0.143,0.199,,10,,,WELCOME10
EVT201622,C11784,S3393079239,page_view,2024-03-31 00:06:31,desktop,Firefox,Linux,paid_search,FR,,A,True,7,166,64,29.53,0.079,0.014,,3,,,NONE
EVT201623,C71009,S9740346360,product_view,2024-05-30 18:30:36,mobile,Chrome,macOS,email,GB,,B,True,3,433,35,40.91,0.177,0.367,,5,P3541,Pets,NONE
EVT201624,C74735,S9712125193,payment_attempt,2025-04-03 12:50:28,mobile,Opera,Android,organic_search,FR,,B,True,5,651,52,32.06,0.222,0.385,approved,3,,,NONE
EVT201625,C57073,S9325506090,add_to_cart,2024-01-28 12:43:36,mobile,Chrome,iOS,organic_search,MX,,B,False,3,80,16,43.93,0.134,0.045,,4,P7255,Apparel,NONE
EVT201626,C51999,S3340880332,checkout_start,2024-03-12 13:09:56,mobile,Safari,Linux,direct,BR,,B,False,4,525,43,193.58,0.106,0.0,,1,,,FREESHIP
EVT201627,C69862,S8948176817,product_view,2024-10-25 10:00:58,mobile,Chrome,macOS,paid_search,MX,,B,True,6,272,33,9.28,0.155,0.0,,1,P7054,Pets,VIP25
EVT201628,C85675,S7432945617,page_view,2024-08-17 00:40:33,desktop,Firefox,Linux,paid_search,CA,,B,True,5,503,18,43.94,0.108,0.239,,2,,,NONE
EVT201629,C13684,S8361762334,purchase,2025-02-13 18:01:42,desktop,Edge,Windows,paid_search,BR,,B,False,3,447,41,114.72,0.106,0.345,approved,2,P9212,Grocery,NONE
EVT201630,C66056,S5500658797,add_to_cart,2024-07-13 14:48:02,mobile,Chrome,Linux,direct,MX,,B,False,4,528,58,30.75,0.157,0.357,,4,P9754,Apparel,NONE
EVT201631,C10822,S4320249474,page_view,2024-05-10 16:06:02,desktop,Chrome,Linux,direct,DE,,B,True,2,446,70,37.58,0.069,0.0,,8,,,NONE
EVT201632,C97406,S8423181058,page_view,2025-05-19 05:20:23,desktop,Edge,Android,direct,GB,,A,True,3,116,42,22.13,0.213,0.068,,8,,,NONE
EVT201633,C80729,S5172374957,purchase,2025-01-01 11:23:26,mobile,Safari,macOS,email,GB,,B,False,3,391,67,37.01,0.2,0.373,approved,3,P6187,Home,WELCOME10
EVT201634,C28192,S5092807301,purchase,2024-09-03 04:53:07,mobile,Edge,iOS,direct,MX,,B,False,4,557,49,69.22,0.118,0.058,approved,7,P2980,Automotive,NONE
EVT201635,C71535,S5961848507,add_to_cart,2024-06-27 17:56:48,mobile,Opera,iOS,organic_search,FR,,A,True,3,407,17,73.72,0.108,0.358,,3,P8147,Toys,NONE
EVT201636,C77420,S7715396437,purchase,2025-02-04 12:12:34,desktop,Edge,Windows,organic_search,CA,,B,True,1,169,14,22.61,0.141,0.266,approved,7,P9797,Home,NONE
EVT201637,C24198,S3701224943,product_view,2024-07-31 04:24:12,mobile,Firefox,iOS,direct,AU,,B,True,2,356,67,8.26,0.128,0.191,,1,P1812,Books,NONE
EVT201638,C22942,S3882273721,product_view,2025-01-08 02:32:23,desktop,Opera,Windows,paid_search,GB,,A,True,5,314,13,14.35,0.128,0.189,,7,P9392,Pets,WELCOME10
EVT201639,C54152,S7595146528,page_view,2025-02-25 00:11:01,desktop,Chrome,Windows,direct,BR,,B,True,6,246,41,11.32,0.196,0.076,,5,,,NONE
EVT201640,C91418,S2613972605,add_to_cart,2024-11-02 16:00:56,desktop,Chrome,macOS,direct,AU,,A,False,2,461,59,120.8,0.209,0.277,,6,P8476,Pets,WELCOME10
EVT201641,C78015,S3014850986,add_to_cart,2024-08-02 07:36:37,desktop,Edge,iOS,email,AU,,B,True,2,597,31,189.99,0.17,0.099,,7,P2521,Books,WELCOME10
EVT201642,C70515,S1886576925,purchase,2024-11-24 10:56:33,mobile,Safari,iOS,organic_search,BR,,A,True,5,528,27,100.11,0.215,0.184,approved,1,P9478,Grocery,NONE
EVT201643,C70479,S9608603025,add_to_cart,2025-04-11 00:54:49,mobile,Chrome,Android,organic_search,BR,,A,False,4,357,30,175.97,0.033,0.0,,5,P2449,Sports,NONE
EVT201644,C67924,S2740744317,add_to_cart,2024-07-20 09:27:18,desktop,Edge,iOS,direct,FR,,B,True,6,312,47,225.34,0.005,0.117,,8,P7118,Pets,NONE
EVT201645,C27248,S2268300174,payment_attempt,2024-03-17 21:22:38,mobile,Firefox,Android,social,BR,,A,True,5,346,23,31.71,0.184,0.141,approved,8,,,FREESHIP
EVT201646,C37819,S7185438980,product_view,2025-04-13 07:09:08,mobile,Opera,Android,paid_search,IN,,A,True,8,237,54,36.49,0.07,0.336,,3,P7547,Grocery,FREESHIP
EVT201647,C93748,S5251105143,product_view,2025-04-20 22:40:38,desktop,Chrome,iOS,organic_search,GB,,B,True,3,509,49,28.39,0.0,0.0,,7,P4471,Sports,HOLIDAY20
EVT201648,C71425,S2367740077,add_to_cart,2024-10-18 13:12:52,desktop,Firefox,Android,organic_search,AU,,A,False,4,227,52,124.6,0.221,0.0,,7,P5359,Apparel,NONE
EVT201649,C96805,S2280698789,page_view,2024-04-24 01:00:14,desktop,Edge,Android,direct,FR,,A,True,3,270,37,13.09,0.085,0.251,,3,,,NONE
EVT201650,C35713,S5547631649,checkout_start,2024-09-29 11:26:34,mobile,Safari,iOS,direct,AU,,B,True,2,445,22,104.81,0.226,0.387,,9,,,NONE
EVT201651,C26909,S9575070942,page_view,2025-01-16 02:34:48,mobile,Safari,Linux,direct,FR,,B,True,3,461,25,34.6,0.0,0.098,,6,,,FREESHIP
EVT201652,C21658,S6765788025,purchase,2024-08-12 09:44:37,tablet,Chrome,Android,direct,BR,,B,True,2,271,76,62.49,0.113,0.061,declined,9,P5432,Pets,NONE
EVT201653,C61409,S3772084214,page_view,2024-09-22 23:35:08,mobile,Opera,iOS,direct,BR,,B,True,7,388,20,41.21,0.052,0.0,,3,,,NONE
EVT201654,C73707,S9394289147,page_view,2025-03-28 00:45:10,desktop,Firefox,Linux,email,FR,,B,True,3,426,55,28.35,0.2,0.183,,4,,,NONE
EVT201655,C68772,S7284429480,checkout_start,2024-07-02 18:11:12,desktop,Firefox,iOS,direct,CA,,A,True,4,364,50,107.82,0.032,0.106,,3,,,NONE
EVT201656,C57340,S9159128047,purchase,2025-04-25 01:19:09,mobile,Firefox,macOS,social,GB,,B,True,3,250,36,57.05,0.0,0.0,declined,4,P3576,Sports,WELCOME10
EVT201657,C56788,S2151215009,add_to_cart,2024-07-24 10:31:29,tablet,Firefox,Linux,social,CA,,A,True,3,219,47,83.23,0.177,0.211,,3,P7555,Electronics,VIP25
EVT201658,C73194,S4330388171,add_to_cart,2025-06-11 09:17:48,mobile,Safari,iOS,email,US,ID,B,True,7,575,59,121.6,0.04,0.0,,6,P7498,Automotive,NONE
EVT201659,C52954,S2453810281,product_view,2025-05-01 02:17:15,desktop,Safari,Linux,direct,FR,,B,True,6,460,11,33.73,0.269,0.0,,2,P9553,Sports,NONE
EVT201660,C41751,S3824386407,add_to_cart,2025-02-06 06:30:51,mobile,Firefox,iOS,direct,GB,,A,False,1,389,60,21.27,0.155,0.156,,10,P4806,Pets,HOLIDAY20
EVT201661,C19178,S7947714957,product_view,2025-01-28 18:23:59,mobile,Edge,macOS,direct,AU,,B,True,7,356,37,19.08,0.161,0.0,,3,P3228,Automotive,NONE
EVT201662,C50826,S4533745965,add_to_cart,2025-04-23 16:32:09,desktop,Chrome,macOS,social,BR,,A,False,3,459,46,180.53,0.277,0.46,,3,P9424,Apparel,NONE
EVT201663,C47802,S4420438091,payment_attempt,2025-04-30 13:27:58,mobile,Firefox,macOS,paid_search,IN,,B,True,4,266,51,138.46,0.031,0.035,approved,6,,,HOLIDAY20
EVT201664,C49890,S9770804351,page_view,2024-06-25 19:33:54,mobile,Safari,Android,direct,US,CA,A,True,2,183,42,33.84,0.196,0.042,,5,,,FREESHIP
EVT201665,C80119,S7963936424,purchase,2025-04-17 03:55:10,desktop,Firefox,macOS,direct,BR,,A,True,7,297,70,62.31,0.162,0.0,approved,6,P7110,Apparel,NONE
EVT201666,C87318,S3144025040,page_view,2024-02-13 05:01:12,mobile,Chrome,iOS,social,BR,,B,True,5,214,69,14.93,0.201,0.0,,2,,,NONE
EVT201667,C50414,S4227308822,checkout_start,2025-06-27 19:32:14,desktop,Chrome,iOS,direct,GB,,A,True,7,263,60,138.0,0.119,0.0,,10,,,NONE
EVT201668,C67137,S9498002730,page_view,2024-12-04 13:33:53,mobile,Opera,iOS,paid_search,AU,,B,True,5,281,34,21.15,0.202,0.046,,5,,,NONE
EVT201669,C86838,S8939427106,page_view,2024-03-23 12:23:31,desktop,Safari,iOS,direct,FR,,B,False,5,254,33,21.64,0.033,0.035,,3,,,NONE
EVT201670,C96393,S3274152009,page_view,2024-07-31 16:40:11,desktop,Firefox,Android,direct,MX,,B,False,4,276,50,25.61,0.048,0.0,,2,,,NONE
EVT201671,C92707,S8277172644,add_to_cart,2024-12-20 07:42:01,mobile,Chrome,Android,organic_search,GB,,A,True,5,274,74,97.77,0.181,0.196,,10,P5029,Automotive,NONE
EVT201672,C68923,S8770584465,add_to_cart,2024-08-05 03:19:00,desktop,Firefox,Android,social,GB,,B,True,4,430,20,169.13,0.14,0.206,,7,P2794,Automotive,WELCOME10
EVT201673,C12418,S4917116384,page_view,2024-03-01 18:22:25,mobile,Chrome,Linux,organic_search,US,TN,A,False,3,445,50,9.13,0.134,0.119,,2,,,NONE
EVT201674,C10880,S8886178432,page_view,2024-04-07 00:25:59,mobile,Opera,Android,organic_search,AU,,B,False,3,413,28,15.61,0.154,0.0,,3,,,NONE
EVT201675,C83423,S7616592207,add_to_cart,2024-08-29 08:39:29,mobile,Opera,Windows,organic_search,DE,,B,True,1,508,23,87.07,0.129,0.509,,10,P9929,Apparel,NONE
EVT201676,C32542,S6161181888,purchase,2025-06-27 18:58:16,mobile,Chrome,Windows,social,DE,,B,False,7,323,79,117.83,0.189,0.0,approved,8,P6632,Toys,NONE
EVT201677,C26976,S6711165396,payment_attempt,2024-12-30 21:25:57,mobile,Firefox,iOS,direct,AU,,A,True,3,266,44,222.74,0.054,0.0,approved,6,,,WELCOME10
EVT201678,C59740,S3243727753,page_view,2024-11-28 08:06:21,mobile,Chrome,Linux,paid_search,IN,,A,True,3,376,62,5.02,0.173,0.187,,3,,,HOLIDAY20
EVT201679,C61167,S7914657968,checkout_start,2024-03-14 09:56:43,mobile,Safari,Linux,affiliate,GB,,A,False,5,552,15,177.79,0.151,0.324,,4,,,FREESHIP
EVT201680,C72428,S9562805890,page_view,2024-01-30 08:10:41,desktop,Opera,Android,social,US,NH,A,True,7,253,48,5.44,0.165,0.0,,7,,,NONE
EVT201681,C16492,S7816347613,product_view,2025-02-27 04:34:03,desktop,Safari,Windows,direct,GB,,B,True,7,324,59,22.13,0.271,0.0,,10,P8968,Books,NONE
EVT201682,C97760,S1091333079,purchase,2025-03-24 15:50:17,desktop,Chrome,macOS,social,AU,,B,True,4,248,47,185.54,0.026,0.309,approved,9,P9205,Home,NONE
EVT201683,C70737,S4635146609,payment_attempt,2024-07-08 21:24:19,mobile,Edge,macOS,social,IN,,B,False,6,638,43,54.59,0.131,0.016,approved,2,,,WELCOME10
EVT201684,C52381,S1830349304,product_view,2025-04-16 15:17:04,desktop,Firefox,Android,organic_search,MX,,A,True,4,332,52,7.82,0.175,0.17,,8,P1468,Pets,FREESHIP
EVT201685,C14500,S3644873285,add_to_cart,2024-09-19 14:01:49,desktop,Chrome,iOS,affiliate,MX,,A,True,1,125,70,172.03,0.162,0.31,,1,P7084,Pets,NONE
EVT201686,C13828,S8218764034,page_view,2024-02-07 03:04:38,mobile,Firefox,macOS,affiliate,US,IN,B,False,6,191,46,1.85,0.043,0.07,,9,,,NONE
EVT201687,C83558,S8012868956,page_view,2025-03-01 18:00:22,mobile,Safari,macOS,direct,US,NC,B,False,3,434,5,4.51,0.167,0.045,,4,,,WELCOME10
EVT201688,C39406,S4358042109,payment_attempt,2024-12-17 22:40:01,mobile,Opera,Android,organic_search,CA,,A,True,7,337,35,141.06,0.166,0.144,approved,4,,,NONE
EVT201689,C19699,S8792516177,add_to_cart,2025-03-23 12:48:10,desktop,Firefox,Linux,organic_search,GB,,B,False,4,294,12,130.8,0.197,0.178,,10,P6533,Beauty,NONE
EVT201690,C78176,S3811679740,checkout_start,2025-05-05 16:16:06,mobile,Edge,iOS,paid_search,US,DC,A,True,4,340,57,148.5,0.211,0.154,,1,,,NONE
EVT201691,C99231,S5455665485,add_to_cart,2024-07-30 20:19:03,desktop,Edge,Linux,direct,MX,,B,False,3,264,32,42.19,0.028,0.14,,2,P8408,Pets,FREESHIP
EVT201692,C89173,S8982053243,product_view,2024-08-29 06:51:51,mobile,Edge,iOS,direct,MX,,A,False,2,505,44,25.69,0.227,0.341,,4,P5828,Pets,NONE
EVT201693,C88760,S9302563877,page_view,2024-08-14 10:26:38,desktop,Safari,macOS,direct,IN,,A,True,5,402,44,35.3,0.086,0.103,,7,,,NONE
EVT201694,C89560,S7348814888,page_view,2024-04-28 05:50:54,desktop,Opera,Android,direct,GB,,B,False,3,593,69,3.83,0.173,0.305,,5,,,NONE
EVT201695,C83873,S4223726172,checkout_start,2024-10-17 01:58:28,desktop,Firefox,Linux,organic_search,US,CA,B,False,2,362,9,77.48,0.205,0.154,,4,,,HOLIDAY20
EVT201696,C53922,S7761216056,add_to_cart,2024-09-05 19:01:27,desktop,Chrome,macOS,direct,MX,,B,True,2,304,19,167.17,0.069,0.254,,2,P4369,Apparel,FREESHIP
EVT201697,C74607,S8239841516,purchase,2024-09-15 01:08:05,desktop,Safari,Linux,organic_search,IN,,B,True,4,237,64,55.44,0.245,0.154,approved,9,P6107,Toys,WELCOME10
EVT201698,C31105,S3409914123,page_view,2025-03-01 20:11:51,mobile,Safari,Windows,paid_search,IN,,A,False,4,96,33,35.78,0.152,0.0,,1,,,FREESHIP
EVT201699,C79476,S3025436300,payment_attempt,2025-04-23 15:03:44,mobile,Chrome,iOS,affiliate,FR,,B,True,4,130,70,87.88,0.014,0.384,approved,5,,,HOLIDAY20
EVT201700,C31093,S4841192828,add_to_cart,2024-07-03 18:20:47,mobile,Firefox,iOS,organic_search,MX,,A,False,1,306,48,61.88,0.22,0.169,,4,P7171,Grocery,NONE
EVT201701,C91730,S4435172631,purchase,2024-04-30 02:54:56,mobile,Safari,iOS,organic_search,DE,,A,True,1,482,52,81.09,0.078,0.0,approved,8,P6650,Home,NONE
EVT201702,C11033,S8238040727,purchase,2024-09-02 14:36:29,desktop,Firefox,macOS,social,GB,,B,True,5,393,60,101.07,0.141,0.193,approved,7,P8315,Beauty,WELCOME10
EVT201703,C50720,S8772308755,checkout_start,2024-09-30 21:12:59,mobile,Firefox,Linux,social,IN,,A,False,4,520,22,34.43,0.177,0.265,,9,,,FREESHIP
EVT201704,C18625,S4129412869,product_view,2024-08-15 01:20:45,mobile,Firefox,Linux,organic_search,BR,,A,False,3,602,47,35.59,0.131,0.578,,1,P1675,Pets,WELCOME10
EVT201705,C10789,S4695676749,page_view,2025-06-28 07:30:46,desktop,Safari,Android,organic_search,AU,,B,False,2,453,52,28.63,0.091,0.336,,1,,,WELCOME10
EVT201706,C73139,S9853780316,product_view,2024-12-22 06:11:23,desktop,Firefox,iOS,social,BR,,B,True,4,218,53,12.73,0.159,0.291,,6,P5486,Grocery,NONE
EVT201707,C56767,S1489174461,product_view,2024-02-03 15:08:13,desktop,Safari,macOS,paid_search,CA,,A,True,2,361,26,38.59,0.132,0.0,,2,P4938,Beauty,NONE
EVT201708,C87317,S6010352544,checkout_start,2024-12-20 23:03:24,mobile,Firefox,macOS,direct,MX,,A,True,4,475,20,165.73,0.133,0.14,,9,,,NONE
EVT201709,C58742,S3567986469,product_view,2024-05-18 01:49:16,mobile,Safari,Linux,direct,FR,,B,True,4,520,46,22.5,0.077,0.076,,3,P2598,Grocery,NONE
EVT201710,C47175,S4793525219,add_to_cart,2024-09-21 12:49:00,mobile,Chrome,Linux,paid_search,GB,,A,False,3,476,43,25.08,0.116,0.199,,2,P5658,Books,NONE
EVT201711,C11502,S9317111434,page_view,2025-03-12 23:26:23,tablet,Chrome,macOS,social,BR,,B,True,2,339,31,25.49,0.217,0.0,,7,,,NONE
EVT201712,C21448,S9606234996,page_view,2024-06-24 18:51:23,desktop,Edge,iOS,direct,BR,,A,False,3,251,26,44.5,0.095,0.221,,10,,,NONE
EVT201713,C50094,S3124734940,add_to_cart,2025-04-06 23:42:33,mobile,Safari,Android,direct,BR,,A,False,5,462,40,207.63,0.043,0.263,,3,P1328,Toys,NONE
EVT201714,C28818,S4733325223,payment_attempt,2024-06-07 02:30:36,desktop,Firefox,Linux,direct,FR,,A,True,3,262,43,67.5,0.033,0.1,approved,9,,,HOLIDAY20
EVT201715,C58907,S6236367598,product_view,2025-05-30 20:24:10,desktop,Chrome,macOS,paid_search,GB,,A,False,3,362,58,1.22,0.07,0.124,,4,P9810,Automotive,NONE
EVT201716,C30407,S2362919245,page_view,2024-12-21 10:34:28,mobile,Chrome,Linux,direct,GB,,A,True,5,446,19,18.14,0.15,0.245,,1,,,FREESHIP
EVT201717,C27567,S3682718478,return_initiated,2024-12-04 17:44:06,mobile,Safari,macOS,organic_search,DE,,B,True,2,540,35,205.08,0.124,0.307,,8,P7300,Automotive,NONE
EVT201718,C89276,S7008377393,product_view,2025-06-03 13:19:45,tablet,Firefox,Windows,social,MX,,B,False,2,223,17,28.56,0.138,0.084,,3,P2244,Apparel,HOLIDAY20
EVT201719,C59004,S9892654065,checkout_start,2025-06-25 21:40:28,desktop,Edge,Windows,social,CA,,A,True,3,297,54,22.87,0.191,0.199,,1,,,NONE
EVT201720,C42183,S2011383310,page_view,2025-03-29 13:43:08,mobile,Chrome,Android,organic_search,DE,,B,False,5,469,10,36.0,0.162,0.194,,3,,,NONE
EVT201721,C61207,S6322195039,product_view,2024-07-28 13:24:06,desktop,Firefox,Linux,organic_search,CA,,A,True,2,314,53,4.83,0.146,0.243,,2,P6010,Toys,HOLIDAY20
EVT201722,C14846,S1957042737,product_view,2024-01-19 12:19:28,mobile,Safari,Windows,organic_search,GB,,B,True,5,386,51,22.22,0.147,0.263,,9,P6870,Beauty,HOLIDAY20
EVT201723,C55310,S8910973961,return_initiated,2025-03-20 00:52:02,desktop,Safari,Linux,paid_search,IN,,A,True,4,238,68,148.3,0.12,0.062,,10,P5031,Toys,NONE
EVT201724,C74666,S5768204226,purchase,2024-02-02 09:28:31,desktop,Chrome,Linux,social,FR,,B,True,6,313,10,47.15,0.235,0.248,approved,5,P2159,Home,VIP25
EVT201725,C78082,S8338130581,page_view,2024-09-19 21:19:34,mobile,Opera,iOS,organic_search,FR,,B,False,4,370,58,36.77,0.217,0.163,,1,,,NONE
EVT201726,C13036,S4245228289,payment_attempt,2024-11-08 09:52:17,mobile,Firefox,Windows,direct,FR,,A,True,2,177,18,47.41,0.12,0.0,approved,1,,,NONE
EVT201727,C91198,S4112182521,page_view,2024-04-18 07:46:07,desktop,Chrome,macOS,organic_search,FR,,A,False,4,80,30,26.89,0.069,0.131,,6,,,NONE
EVT201728,C50030,S5774456466,page_view,2025-03-19 00:15:03,mobile,Edge,iOS,social,AU,,A,True,4,464,39,31.17,0.201,0.085,,8,,,NONE
EVT201729,C86850,S3117260273,payment_attempt,2025-05-03 09:47:31,mobile,Firefox,Linux,organic_search,FR,,B,True,3,240,12,22.77,0.248,0.128,approved,5,,,NONE
EVT201730,C59166,S3781324956,page_view,2024-11-02 03:35:46,desktop,Safari,Android,paid_search,IN,,A,True,3,384,17,18.16,0.31,0.068,,10,,,FREESHIP
EVT201731,C34253,S8001045141,purchase,2024-09-27 23:30:24,desktop,Edge,Windows,organic_search,MX,,B,False,3,342,5,31.62,0.125,0.23,approved,10,P5508,Automotive,NONE
EVT201732,C12298,S5627612530,product_view,2024-03-18 10:51:42,mobile,Safari,Windows,direct,GB,,A,False,5,246,49,1.7,0.12,0.13,,5,P2467,Home,VIP25
EVT201733,C93933,S8405566323,add_to_cart,2024-09-15 09:06:21,mobile,Chrome,Windows,paid_search,AU,,A,True,5,452,58,35.87,0.014,0.165,,3,P8517,Books,NONE
EVT201734,C37399,S1737888178,product_view,2024-05-25 04:39:13,desktop,Opera,macOS,email,BR,,A,False,1,329,31,14.97,0.172,0.203,,8,P1186,Beauty,NONE
EVT201735,C22887,S6783006832,page_view,2024-04-11 08:40:43,desktop,Opera,iOS,organic_search,DE,,B,False,4,492,35,33.56,0.058,0.116,,3,,,NONE
EVT201736,C92427,S9068532217,add_to_cart,2025-02-13 06:45:12,desktop,Firefox,Android,social,IN,,A,False,6,593,65,90.25,0.134,0.0,,8,P7595,Books,NONE
EVT201737,C11410,S7339388886,return_initiated,2024-04-12 17:24:29,mobile,Opera,Android,organic_search,GB,,B,False,8,317,18,90.02,0.174,0.11,,5,P2840,Sports,NONE
EVT201738,C11716,S9681285818,product_view,2025-02-23 14:11:51,desktop,Opera,iOS,organic_search,US,TX,B,False,3,287,29,6.99,0.269,0.344,,8,P8019,Automotive,VIP25
EVT201739,C83780,S4017507656,page_view,2024-06-03 15:44:16,mobile,Safari,Linux,email,IN,,B,True,5,570,5,31.94,0.103,0.0,,5,,,FREESHIP
EVT201740,C21645,S7495068288,product_view,2025-06-21 11:55:21,desktop,Firefox,Linux,email,FR,,B,True,3,156,43,3.49,0.255,0.184,,7,P3756,Pets,FREESHIP
EVT201741,C12260,S1954287574,page_view,2025-06-07 03:40:17,mobile,Chrome,iOS,affiliate,MX,,B,False,2,275,23,32.21,0.196,0.576,,8,,,NONE
EVT201742,C99308,S4125380561,page_view,2025-06-19 12:40:38,mobile,Chrome,macOS,paid_search,AU,,A,True,3,498,44,18.18,0.33,0.272,,1,,,WELCOME10
EVT201743,C33391,S7506965199,page_view,2025-03-05 16:20:02,mobile,Opera,macOS,social,IN,,B,True,2,80,5,26.64,0.069,0.0,,2,,,NONE
EVT201744,C42784,S9320700445,product_view,2024-06-09 04:02:23,desktop,Edge,Android,direct,FR,,A,True,7,161,31,18.84,0.172,0.0,,1,P1321,Books,NONE
EVT201745,C99783,S8169996301,add_to_cart,2024-01-12 01:24:20,desktop,Firefox,macOS,email,US,RI,B,True,2,393,39,189.09,0.216,0.03,,2,P5064,Electronics,NONE
EVT201746,C74492,S3194343099,purchase,2025-02-08 15:50:07,desktop,Firefox,macOS,direct,IN,,B,True,3,386,51,23.21,0.176,0.03,approved,4,P6608,Automotive,NONE
EVT201747,C28972,S7413909057,add_to_cart,2024-08-11 05:29:36,mobile,Firefox,Android,organic_search,CA,,A,True,5,312,17,62.54,0.213,0.032,,9,P2411,Grocery,NONE
EVT201748,C14109,S8796206165,page_view,2024-03-27 17:16:46,mobile,Firefox,Linux,organic_search,US,LA,A,True,4,277,18,1.24,0.218,0.179,,5,,,NONE
EVT201749,C51026,S3684169295,page_view,2025-04-03 05:19:39,desktop,Chrome,macOS,paid_search,DE,,A,False,4,328,5,18.4,0.062,0.373,,10,,,WELCOME10
EVT201750,C60752,S9556290542,add_to_cart,2024-06-26 05:35:23,desktop,Firefox,iOS,direct,AU,,B,False,5,280,36,104.1,0.251,0.201,,4,P1971,Automotive,HOLIDAY20
EVT201751,C27708,S7224725832,product_view,2024-10-18 06:52:33,mobile,Opera,macOS,email,DE,,B,True,4,441,26,41.17,0.115,0.0,,8,P3994,Grocery,NONE
EVT201752,C69623,S9447988584,product_view,2024-10-10 10:08:49,desktop,Opera,macOS,direct,MX,,A,True,7,345,21,35.7,0.274,0.163,,7,P2927,Toys,WELCOME10
EVT201753,C50946,S4428377337,product_view,2024-09-25 13:23:56,mobile,Opera,Android,direct,US,UT,A,False,5,425,14,22.13,0.147,0.097,,1,P9821,Grocery,WELCOME10
EVT201754,C78014,S9229735956,add_to_cart,2024-03-26 03:06:24,mobile,Edge,Windows,direct,FR,,B,True,3,83,32,176.41,0.182,0.19,,5,P7529,Books,FREESHIP
EVT201755,C66724,S9172668625,product_view,2025-04-17 23:32:23,desktop,Edge,Android,direct,GB,,A,True,2,491,13,26.56,0.198,0.214,,8,P6825,Sports,NONE
EVT201756,C41705,S6342530596,product_view,2025-01-07 00:39:35,desktop,Edge,Windows,direct,DE,,B,True,7,405,44,24.91,0.144,0.298,,8,P1932,Electronics,NONE
EVT201757,C63434,S2275904552,purchase,2025-05-19 23:43:58,mobile,Opera,Linux,organic_search,CA,,B,True,4,508,13,131.3,0.13,0.202,approved,10,P9235,Toys,NONE
EVT201758,C85170,S6351912786,checkout_start,2025-04-01 18:14:40,mobile,Opera,iOS,paid_search,GB,,A,False,6,431,29,154.4,0.248,0.008,,7,,,NONE
EVT201759,C95480,S1717395078,add_to_cart,2024-07-19 18:03:09,mobile,Opera,macOS,paid_search,IN,,B,True,5,175,64,111.3,0.202,0.182,,2,P7860,Home,NONE
EVT201760,C79076,S3020969735,page_view,2025-05-23 15:31:17,desktop,Firefox,macOS,paid_search,US,CT,B,False,3,167,48,17.21,0.208,0.189,,7,,,NONE
EVT201761,C70696,S3817267225,page_view,2024-07-20 12:41:54,desktop,Opera,Windows,affiliate,IN,,B,True,4,286,43,40.23,0.024,0.258,,1,,,VIP25
EVT201762,C50710,S4643326856,product_view,2024-07-13 12:22:02,mobile,Edge,Windows,organic_search,AU,,A,True,6,488,30,0.51,0.044,0.025,,4,P3891,Automotive,WELCOME10
EVT201763,C10970,S2392138775,product_view,2024-01-09 15:22:14,mobile,Firefox,Windows,organic_search,BR,,A,False,6,132,34,39.41,0.056,0.059,,6,P8079,Home,WELCOME10
EVT201764,C93990,S5988190098,page_view,2024-07-03 10:02:57,tablet,Chrome,iOS,direct,MX,,B,True,4,328,5,36.72,0.109,0.212,,1,,,NONE
EVT201765,C91476,S9168427588,page_view,2024-10-02 05:34:44,desktop,Firefox,iOS,direct,FR,,B,True,2,177,64,0.26,0.138,0.0,,2,,,NONE
EVT201766,C40592,S8495109217,page_view,2024-02-07 06:47:38,mobile,Opera,iOS,email,US,ID,A,True,2,306,14,2.74,0.141,0.147,,7,,,NONE
EVT201767,C99767,S7314196731,purchase,2024-10-24 15:22:07,mobile,Edge,Windows,direct,FR,,B,False,7,550,39,145.4,0.163,0.059,approved,10,P8888,Grocery,WELCOME10
EVT201768,C24646,S5964339734,payment_attempt,2024-04-22 17:41:09,mobile,Chrome,Linux,direct,IN,,A,True,5,458,28,138.06,0.211,0.0,approved,9,,,NONE
EVT201769,C22346,S2697141016,page_view,2024-12-24 07:14:53,desktop,Firefox,macOS,direct,DE,,A,True,5,402,33,34.06,0.119,0.039,,2,,,HOLIDAY20
EVT201770,C98448,S1257175721,page_view,2024-12-17 03:09:32,desktop,Firefox,Windows,affiliate,BR,,B,True,2,264,37,31.08,0.185,0.127,,9,,,NONE
EVT201771,C13439,S5362401157,product_view,2025-01-03 01:05:18,desktop,Edge,iOS,organic_search,AU,,B,False,4,461,40,35.87,0.138,0.155,,5,P9003,Toys,NONE
EVT201772,C20270,S7341089848,product_view,2024-02-25 11:32:31,desktop,Opera,macOS,organic_search,DE,,B,True,3,596,45,16.79,0.14,0.212,,9,P2509,Beauty,NONE
EVT201773,C24530,S5382302776,payment_attempt,2024-02-14 15:32:16,mobile,Chrome,macOS,organic_search,FR,,A,False,6,340,79,76.49,0.17,0.268,approved,4,,,WELCOME10
EVT201774,C38031,S6310757273,product_view,2024-12-09 04:11:04,desktop,Firefox,macOS,email,IN,,B,True,5,535,31,41.76,0.042,0.111,,4,P7784,Automotive,NONE
EVT201775,C13423,S5153080531,product_view,2025-06-06 06:08:47,desktop,Opera,Linux,email,FR,,B,True,6,342,13,17.03,0.054,0.07,,10,P8549,Toys,NONE
EVT201776,C91151,S7429959419,product_view,2024-11-07 17:20:34,desktop,Firefox,Linux,direct,IN,,A,False,5,258,15,2.59,0.093,0.09,,3,P5336,Toys,VIP25
EVT201777,C66633,S1172575329,add_to_cart,2024-09-09 04:23:30,mobile,Firefox,Windows,direct,IN,,B,True,2,255,28,91.48,0.226,0.224,,10,P4445,Toys,FREESHIP
EVT201778,C64311,S8848588638,add_to_cart,2024-09-03 06:08:44,mobile,Safari,Android,direct,GB,,A,True,4,400,43,163.91,0.0,0.223,,6,P9890,Sports,NONE
EVT201779,C54693,S5739376578,add_to_cart,2024-06-11 18:21:02,mobile,Safari,Linux,affiliate,US,VT,B,True,3,349,17,180.84,0.164,0.097,,7,P8006,Home,NONE
EVT201780,C19815,S7242602191,product_view,2024-04-04 23:58:03,desktop,Safari,iOS,direct,FR,,A,True,1,478,15,29.76,0.138,0.169,,1,P9246,Home,NONE
EVT201781,C59825,S6335245583,product_view,2024-10-11 10:41:25,mobile,Chrome,Android,direct,GB,,A,True,5,347,42,41.18,0.171,0.241,,2,P9441,Beauty,NONE
EVT201782,C37644,S1496889758,checkout_start,2024-03-27 10:37:07,mobile,Edge,macOS,paid_search,FR,,B,False,3,286,38,28.58,0.233,0.325,,7,,,WELCOME10
EVT201783,C61693,S8503380259,checkout_start,2025-03-15 16:33:29,tablet,Chrome,Android,organic_search,CA,,A,True,3,419,50,39.11,0.178,0.226,,8,,,FREESHIP
EVT201784,C78979,S1214442615,product_view,2024-03-24 23:06:59,desktop,Safari,Linux,organic_search,MX,,B,True,5,303,34,7.59,0.104,0.178,,6,P9572,Electronics,VIP25
EVT201785,C37203,S4486637852,product_view,2024-02-04 04:37:46,mobile,Opera,iOS,direct,MX,,B,True,5,202,70,43.13,0.088,0.404,,1,P9684,Books,WELCOME10
EVT201786,C24940,S8482424654,add_to_cart,2025-05-01 22:35:43,mobile,Chrome,Windows,organic_search,GB,,B,True,1,487,48,247.72,0.0,0.0,,10,P5246,Toys,NONE
EVT201787,C88899,S5280784778,page_view,2024-08-18 14:41:43,desktop,Opera,Android,organic_search,CA,,B,True,7,265,43,32.82,0.195,0.433,,3,,,WELCOME10
EVT201788,C83848,S5619593736,page_view,2025-01-06 16:08:58,mobile,Firefox,iOS,direct,BR,,B,True,4,510,44,34.54,0.143,0.317,,10,,,FREESHIP
EVT201789,C33047,S5643261608,checkout_start,2024-08-08 06:08:26,mobile,Firefox,iOS,email,GB,,B,True,6,316,63,112.96,0.214,0.0,,8,,,NONE
EVT201790,C29423,S2498897526,page_view,2024-04-04 20:58:54,mobile,Opera,Android,direct,CA,,B,True,4,284,44,22.56,0.163,0.0,,1,,,NONE
EVT201791,C68901,S7797783723,payment_attempt,2024-01-12 19:55:41,desktop,Safari,iOS,organic_search,MX,,B,False,3,296,41,213.84,0.065,0.15,approved,2,,,NONE
EVT201792,C31992,S7221391780,product_view,2025-05-27 23:07:32,mobile,Opera,Windows,direct,MX,,B,False,4,137,52,44.12,0.073,0.015,,7,P7734,Pets,WELCOME10
EVT201793,C60138,S5468644243,page_view,2025-02-09 11:15:32,mobile,Safari,Linux,direct,AU,,A,True,5,483,41,19.23,0.086,0.219,,8,,,FREESHIP
EVT201794,C36061,S9572825958,page_view,2024-04-12 21:11:38,desktop,Chrome,Android,direct,IN,,A,False,4,389,69,36.12,0.185,0.016,,6,,,NONE
EVT201795,C50923,S9015631507,product_view,2024-08-09 22:14:11,mobile,Opera,Android,organic_search,AU,,B,False,4,254,29,5.12,0.077,0.11,,8,P2712,Books,FREESHIP
EVT201796,C85734,S5411271709,purchase,2025-04-22 00:26:51,desktop,Safari,Windows,organic_search,US,SC,A,False,3,80,15,61.49,0.081,0.029,approved,2,P6680,Home,NONE
EVT201797,C18238,S2898438860,purchase,2025-02-25 03:25:15,desktop,Safari,Android,organic_search,IN,,B,True,4,328,18,185.01,0.137,0.157,approved,4,P5453,Books,WELCOME10
EVT201798,C11394,S3689551665,purchase,2024-12-03 04:31:49,desktop,Chrome,Android,paid_search,US,CA,B,True,3,365,19,119.68,0.108,0.0,approved,3,P3451,Apparel,NONE
EVT201799,C69645,S5845996208,product_view,2024-02-11 00:32:27,desktop,Edge,Windows,paid_search,MX,,A,True,2,335,46,14.5,0.186,0.0,,10,P9593,Beauty,NONE
EVT201800,C94082,S3459572658,product_view,2024-01-27 22:13:56,desktop,Edge,macOS,paid_search,IN,,B,False,4,555,27,18.39,0.0,0.105,,10,P8068,Pets,HOLIDAY20
EVT201801,C25323,S6434736392,product_view,2025-06-16 17:23:11,desktop,Chrome,Linux,social,FR,,A,False,6,294,5,5.84,0.087,0.151,,8,P9388,Electronics,WELCOME10
EVT201802,C67021,S8498045318,page_view,2024-03-10 04:54:51,desktop,Firefox,Android,organic_search,AU,,B,False,7,341,63,19.33,0.248,0.0,,10,,,FREESHIP
EVT201803,C49027,S3960995504,add_to_cart,2024-06-07 15:49:53,mobile,Firefox,Android,paid_search,IN,,A,True,3,357,51,157.16,0.03,0.0,,10,P3885,Toys,WELCOME10
EVT201804,C46126,S4182790880,product_view,2024-08-07 09:22:30,mobile,Chrome,macOS,direct,FR,,A,True,4,225,54,36.03,0.271,0.224,,2,P7653,Apparel,NONE
EVT201805,C66715,S4359482440,page_view,2024-12-28 18:06:35,desktop,Edge,Android,organic_search,GB,,B,True,5,314,66,1.93,0.196,0.0,,5,,,NONE
EVT201806,C43208,S6011386706,product_view,2024-01-10 17:27:18,desktop,Chrome,macOS,paid_search,MX,,A,False,8,400,31,19.32,0.293,0.294,,8,P3849,Grocery,NONE
EVT201807,C62624,S3464479830,page_view,2025-04-18 17:33:38,desktop,Edge,macOS,email,IN,,A,False,5,514,37,14.2,0.144,0.074,,7,,,NONE
EVT201808,C30093,S8260284546,add_to_cart,2024-04-27 11:38:16,mobile,Edge,macOS,direct,US,MD,A,True,1,406,67,87.7,0.06,0.438,,7,P6639,Pets,NONE
EVT201809,C46841,S6034420190,add_to_cart,2024-09-21 16:19:47,mobile,Edge,Linux,direct,BR,,A,True,6,290,25,186.4,0.187,0.067,,1,P4962,Grocery,NONE
EVT201810,C22693,S1015645750,checkout_start,2024-09-12 11:17:09,desktop,Safari,macOS,organic_search,DE,,B,True,7,440,52,43.04,0.127,0.034,,3,,,NONE
EVT201811,C79303,S5769853927,purchase,2024-03-04 11:26:04,mobile,Safari,Linux,direct,DE,,B,True,2,220,31,44.65,0.172,0.119,approved,3,P4848,Apparel,FREESHIP
EVT201812,C42928,S7791716292,page_view,2024-11-04 22:04:04,desktop,Opera,Windows,social,MX,,B,False,7,155,49,17.38,0.113,0.0,,1,,,NONE
EVT201813,C28506,S8074463799,add_to_cart,2024-10-22 20:47:28,desktop,Opera,Windows,direct,AU,,B,False,6,442,76,201.55,0.136,0.101,,2,P2979,Books,NONE
EVT201814,C52757,S6373264158,product_view,2025-06-01 10:27:01,mobile,Chrome,Linux,direct,CA,,B,True,2,534,35,17.3,0.017,0.421,,6,P4162,Books,NONE
EVT201815,C89908,S6681894342,checkout_start,2024-12-25 04:43:27,mobile,Safari,iOS,paid_search,MX,,A,True,4,406,48,149.54,0.151,0.087,,2,,,NONE
EVT201816,C77642,S3959663412,checkout_start,2025-05-23 07:07:40,mobile,Opera,Android,paid_search,GB,,B,True,5,355,48,149.87,0.081,0.024,,5,,,NONE
EVT201817,C75994,S9408851155,product_view,2024-07-14 14:25:01,mobile,Edge,Linux,direct,CA,,A,False,4,481,48,25.53,0.219,0.0,,10,P8873,Electronics,NONE
EVT201818,C26014,S3962781145,product_view,2024-05-12 22:10:28,mobile,Edge,Windows,organic_search,MX,,B,True,6,263,29,14.65,0.125,0.203,,6,P9618,Toys,NONE
EVT201819,C75307,S7971874302,page_view,2024-09-02 13:13:29,desktop,Firefox,macOS,paid_search,US,AK,B,True,2,416,15,12.15,0.134,0.0,,10,,,NONE
EVT201820,C29229,S6575193851,page_view,2024-08-03 05:32:58,mobile,Edge,Android,email,BR,,B,True,4,477,14,8.45,0.12,0.0,,1,,,NONE
EVT201821,C83176,S2694192344,checkout_start,2024-09-29 02:54:28,mobile,Chrome,Windows,organic_search,DE,,A,False,4,443,42,76.45,0.01,0.024,,6,,,NONE
EVT201822,C13362,S3198522794,product_view,2025-04-29 07:44:22,desktop,Firefox,Android,organic_search,DE,,A,True,4,633,66,16.06,0.123,0.0,,2,P9492,Sports,NONE
EVT201823,C64278,S9709945005,page_view,2024-08-01 16:06:25,mobile,Firefox,Windows,direct,AU,,B,False,6,333,47,3.45,0.161,0.242,,6,,,NONE
EVT201824,C16428,S9209045202,page_view,2024-04-08 01:15:30,mobile,Chrome,macOS,direct,IN,,A,True,7,330,69,34.89,0.0,0.301,,10,,,NONE
EVT201825,C70171,S5955257538,product_view,2024-02-06 06:23:24,mobile,Opera,Linux,direct,MX,,A,True,5,398,28,2.35,0.113,0.045,,6,P2576,Home,FREESHIP
EVT201826,C93412,S3323912473,product_view,2024-01-06 20:14:25,mobile,Edge,macOS,affiliate,IN,,A,False,2,325,34,44.76,0.045,0.037,,10,P7865,Sports,NONE
EVT201827,C85246,S3198903142,page_view,2024-08-25 03:36:50,tablet,Firefox,iOS,direct,BR,,A,True,5,426,34,44.25,0.078,0.057,,6,,,WELCOME10
EVT201828,C92202,S2286584873,payment_attempt,2024-12-18 10:36:02,mobile,Chrome,macOS,organic_search,MX,,B,False,2,322,60,58.15,0.148,0.0,approved,6,,,FREESHIP
EVT201829,C74283,S5337016759,page_view,2024-08-23 15:39:27,desktop,Edge,Linux,affiliate,US,VA,B,True,4,208,5,11.47,0.041,0.0,,3,,,NONE
EVT201830,C63256,S9712522852,page_view,2024-12-21 03:18:45,desktop,Opera,macOS,paid_search,CA,,B,False,8,328,5,28.05,0.279,0.098,,10,,,NONE
EVT201831,C76211,S7607628053,product_view,2024-05-28 08:28:15,desktop,Opera,Android,organic_search,AU,,B,True,6,419,34,13.23,0.125,0.102,,9,P4967,Toys,NONE
EVT201832,C35309,S6161002266,page_view,2024-01-07 04:16:51,mobile,Edge,Windows,email,IN,,A,False,4,468,10,26.1,0.086,0.163,,6,,,NONE
EVT201833,C89708,S5584299988,purchase,2024-05-03 23:35:05,desktop,Opera,iOS,paid_search,BR,,B,True,7,409,74,157.93,0.097,0.026,approved,5,P9170,Books,WELCOME10
EVT201834,C22109,S8906238035,page_view,2024-09-04 01:51:55,desktop,Firefox,Windows,organic_search,CA,,A,True,8,330,50,2.15,0.166,0.128,,9,,,NONE
EVT201835,C56138,S1256498806,page_view,2025-05-18 12:34:07,desktop,Firefox,Linux,direct,MX,,B,False,6,383,49,5.33,0.029,0.047,,3,,,NONE
EVT201836,C14267,S5927335296,page_view,2024-08-20 13:42:25,mobile,Safari,Android,direct,GB,,B,True,5,452,16,24.83,0.155,0.0,,3,,,NONE
EVT201837,C91707,S7488647338,payment_attempt,2024-07-02 05:16:25,tablet,Firefox,Android,organic_search,DE,,B,False,5,316,60,154.42,0.184,0.296,approved,6,,,NONE
EVT201838,C70795,S7203828620,purchase,2024-02-08 14:39:43,mobile,Edge,Android,direct,DE,,A,True,4,88,74,115.66,0.037,0.037,approved,1,P6699,Toys,NONE
EVT201839,C48125,S2696298144,add_to_cart,2024-04-30 05:44:34,tablet,Safari,Linux,social,US,HI,B,True,6,208,36,51.71,0.29,0.126,,2,P9890,Toys,NONE
EVT201840,C60157,S2493714133,page_view,2024-03-07 19:07:07,desktop,Chrome,Android,social,FR,,A,True,5,371,61,5.86,0.193,0.183,,10,,,NONE
EVT201841,C97541,S3974118900,add_to_cart,2025-01-16 02:54:13,mobile,Edge,Linux,social,AU,,A,False,2,436,26,110.49,0.002,0.343,,7,P9224,Books,NONE
EVT201842,C36333,S1145072127,product_view,2024-05-21 21:18:59,mobile,Chrome,macOS,direct,IN,,A,False,3,205,12,5.08,0.175,0.011,,5,P7510,Pets,NONE
EVT201843,C27010,S2020963237,page_view,2024-04-22 15:48:30,mobile,Opera,macOS,organic_search,US,HI,A,False,2,615,5,38.04,0.0,0.0,,3,,,NONE
EVT201844,C34994,S6110824586,page_view,2024-04-23 13:48:37,desktop,Firefox,iOS,organic_search,CA,,A,False,5,344,45,8.59,0.192,0.025,,6,,,HOLIDAY20
EVT201845,C23568,S9995731276,add_to_cart,2024-06-06 09:36:39,mobile,Firefox,macOS,email,BR,,B,False,4,106,26,218.94,0.032,0.218,,5,P3209,Electronics,NONE
EVT201846,C87602,S4621145316,purchase,2025-01-26 03:44:12,desktop,Safari,macOS,organic_search,CA,,B,True,6,414,42,33.12,0.211,0.071,declined,1,P8961,Toys,NONE
EVT201847,C26011,S5480414172,add_to_cart,2025-04-06 09:33:38,desktop,Opera,iOS,direct,CA,,A,True,5,327,38,101.49,0.212,0.07,,1,P6846,Home,HOLIDAY20
EVT201848,C77449,S8946883296,add_to_cart,2025-03-30 17:57:57,mobile,Safari,Windows,paid_search,US,AL,B,False,9,535,27,76.43,0.101,0.102,,9,P6603,Beauty,FREESHIP
EVT201849,C88807,S9744462498,payment_attempt,2024-08-29 04:11:54,mobile,Chrome,Linux,paid_search,FR,,A,True,7,278,57,177.01,0.127,0.0,approved,9,,,NONE
EVT201850,C57953,S8317952526,payment_attempt,2025-01-22 04:56:09,mobile,Chrome,macOS,organic_search,BR,,A,True,4,513,50,178.33,0.067,0.345,approved,6,,,NONE
EVT201851,C59183,S3792483379,page_view,2024-11-20 07:48:07,mobile,Edge,Windows,organic_search,BR,,A,False,4,107,77,19.17,0.139,0.276,,2,,,NONE
EVT201852,C82970,S7144008504,checkout_start,2024-08-17 22:06:13,mobile,Chrome,iOS,paid_search,US,IL,A,True,5,313,37,80.65,0.171,0.0,,5,,,NONE
EVT201853,C16687,S7831241988,product_view,2024-11-02 08:40:09,mobile,Opera,macOS,direct,AU,,A,True,8,348,33,26.01,0.173,0.073,,3,P9709,Grocery,NONE
EVT201854,C62027,S3050062074,purchase,2025-02-23 21:58:21,desktop,Edge,Windows,organic_search,IN,,A,True,6,406,17,206.65,0.057,0.271,approved,4,P5839,Electronics,NONE
EVT201855,C45846,S1662056941,page_view,2025-02-03 17:57:48,mobile,Opera,Linux,direct,MX,,A,True,5,346,5,6.05,0.255,0.216,,5,,,NONE
EVT201856,C67784,S3841050810,page_view,2024-01-27 21:34:53,desktop,Opera,Android,social,FR,,A,True,4,305,12,19.53,0.061,0.297,,2,,,VIP25
EVT201857,C67732,S5748099144,add_to_cart,2024-05-24 07:41:59,desktop,Edge,iOS,paid_search,CA,,A,True,4,126,60,191.49,0.208,0.249,,2,P2613,Apparel,NONE
EVT201858,C37625,S8637120986,add_to_cart,2024-03-23 06:43:39,desktop,Opera,Linux,social,DE,,B,True,5,245,41,95.75,0.247,0.12,,8,P1958,Apparel,NONE
EVT201859,C87266,S7319810799,add_to_cart,2024-09-19 09:52:44,desktop,Chrome,iOS,direct,BR,,A,True,4,311,23,111.96,0.156,0.167,,1,P7782,Grocery,NONE
EVT201860,C44116,S8645522239,purchase,2025-04-28 15:09:44,mobile,Safari,iOS,direct,IN,,A,True,5,286,37,77.24,0.076,0.108,approved,1,P6991,Electronics,FREESHIP
EVT201861,C79346,S3026692666,product_view,2025-04-25 08:41:03,mobile,Opera,Windows,direct,CA,,B,True,4,322,30,11.56,0.125,0.107,,4,P9290,Electronics,NONE
EVT201862,C80020,S8581836679,product_view,2025-03-15 17:08:08,desktop,Safari,iOS,direct,CA,,B,True,4,141,22,19.16,0.141,0.0,,7,P7564,Automotive,FREESHIP
EVT201863,C31306,S5854557900,product_view,2024-09-13 15:04:04,mobile,Opera,Android,paid_search,CA,,B,True,4,390,50,32.51,0.179,0.058,,6,P7608,Sports,NONE
EVT201864,C90121,S1183979524,page_view,2024-02-27 14:21:07,desktop,Chrome,Android,social,IN,,B,True,3,342,84,3.1,0.246,0.0,,2,,,FREESHIP
EVT201865,C83728,S3739083383,product_view,2024-09-22 18:34:56,mobile,Safari,macOS,email,GB,,A,False,2,419,39,28.41,0.084,0.082,,5,P6278,Toys,WELCOME10
EVT201866,C84295,S7373758550,checkout_start,2025-06-02 02:45:48,desktop,Chrome,Linux,email,AU,,B,True,8,284,12,42.54,0.235,0.149,,3,,,NONE
EVT201867,C13647,S9512818205,product_view,2024-02-06 12:05:58,mobile,Chrome,Android,organic_search,MX,,A,False,5,389,51,8.89,0.115,0.0,,5,P7231,Toys,WELCOME10
EVT201868,C75747,S4333587376,page_view,2024-12-17 13:57:07,desktop,Safari,Android,paid_search,BR,,A,True,2,308,39,47.9,0.0,0.236,,2,,,NONE
EVT201869,C94384,S3009004279,product_view,2025-03-07 12:16:57,desktop,Opera,macOS,direct,AU,,A,True,5,471,69,5.67,0.185,0.0,,4,P7049,Apparel,NONE
EVT201870,C95525,S1727869966,add_to_cart,2024-01-24 16:34:25,mobile,Chrome,iOS,organic_search,FR,,A,False,5,307,82,105.28,0.132,0.0,,1,P1246,Grocery,WELCOME10
EVT201871,C35067,S8296915215,add_to_cart,2024-05-06 00:24:13,desktop,Opera,Windows,organic_search,US,DE,A,False,3,183,38,69.28,0.062,0.171,,4,P3834,Books,NONE
EVT201872,C75491,S4539752921,purchase,2025-03-07 19:51:42,mobile,Opera,Linux,organic_search,DE,,B,False,1,572,44,31.59,0.103,0.317,approved,8,P2674,Electronics,FREESHIP
EVT201873,C89964,S1933257940,add_to_cart,2025-01-08 10:29:35,desktop,Firefox,iOS,organic_search,CA,,A,True,3,306,13,123.16,0.165,0.193,,6,P5371,Beauty,FREESHIP
EVT201874,C81729,S5211991064,product_view,2024-02-22 13:47:04,mobile,Edge,Windows,paid_search,GB,,A,False,5,435,36,1.04,0.142,0.0,,9,P6153,Books,NONE
EVT201875,C72830,S5435640249,product_view,2024-12-01 11:13:02,mobile,Safari,Windows,direct,AU,,A,False,4,207,56,5.27,0.108,0.019,,3,P8565,Pets,NONE
EVT201876,C94743,S1867832062,purchase,2025-01-08 02:25:15,mobile,Safari,Linux,direct,MX,,A,False,5,312,45,102.45,0.055,0.064,approved,8,P3910,Toys,NONE
EVT201877,C38592,S1638200908,add_to_cart,2024-02-24 18:46:23,mobile,Edge,macOS,organic_search,FR,,B,False,1,222,41,24.73,0.151,0.0,,6,P2626,Sports,NONE
EVT201878,C57464,S8393983603,product_view,2025-04-20 16:26:04,mobile,Chrome,Android,organic_search,IN,,A,False,5,455,62,40.73,0.047,0.294,,7,P2579,Toys,NONE
EVT201879,C36992,S3168280020,product_view,2025-04-26 08:03:10,desktop,Edge,Windows,organic_search,IN,,A,False,3,395,47,32.96,0.096,0.0,,4,P8571,Automotive,FREESHIP
EVT201880,C22371,S2012405164,product_view,2024-04-12 09:52:40,mobile,Opera,iOS,direct,DE,,A,True,2,290,22,22.31,0.185,0.187,,4,P1241,Beauty,NONE
EVT201881,C38281,S4479175954,product_view,2024-05-14 06:22:00,desktop,Firefox,iOS,organic_search,GB,,B,False,6,393,30,37.15,0.147,0.226,,3,P5656,Toys,NONE
EVT201882,C36404,S1230056974,page_view,2024-01-19 20:21:11,mobile,Opera,macOS,direct,IN,,B,True,4,309,45,1.56,0.04,0.206,,8,,,FREESHIP
EVT201883,C42248,S4890434316,page_view,2024-07-20 18:46:02,tablet,Edge,iOS,social,CA,,A,True,7,288,55,14.23,0.166,0.171,,1,,,NONE
EVT201884,C26514,S1136626314,add_to_cart,2024-02-13 20:53:37,mobile,Edge,iOS,social,BR,,A,True,1,499,29,183.08,0.05,0.0,,9,P3765,Sports,NONE
EVT201885,C90669,S7613385624,product_view,2025-06-08 06:38:51,desktop,Firefox,Android,direct,US,RI,B,False,5,533,61,7.26,0.057,0.176,,1,P4649,Automotive,NONE
EVT201886,C88589,S1487860996,payment_attempt,2024-08-05 08:05:14,mobile,Safari,Android,direct,FR,,B,True,4,473,16,177.08,0.143,0.191,approved,3,,,NONE
EVT201887,C40861,S2892683214,checkout_start,2024-01-16 04:46:15,mobile,Firefox,Linux,paid_search,CA,,A,True,3,126,61,121.34,0.054,0.114,,10,,,WELCOME10
EVT201888,C78159,S8837395786,product_view,2025-05-17 13:33:14,mobile,Firefox,Linux,organic_search,IN,,A,False,3,468,78,23.67,0.019,0.029,,10,P1159,Books,NONE
EVT201889,C48587,S3085554366,page_view,2024-09-20 09:06:06,mobile,Opera,Linux,paid_search,DE,,B,True,3,209,61,26.9,0.111,0.006,,4,,,WELCOME10
EVT201890,C93265,S9744874622,product_view,2025-02-05 19:23:20,desktop,Edge,Windows,organic_search,US,MO,B,True,3,418,24,25.12,0.039,0.064,,8,P2143,Grocery,NONE
EVT201891,C44049,S5110407544,page_view,2024-09-07 00:01:25,mobile,Safari,iOS,organic_search,FR,,A,False,4,484,23,24.56,0.078,0.081,,8,,,WELCOME10
EVT201892,C23355,S9367999853,product_view,2024-11-30 07:19:44,desktop,Safari,Linux,email,GB,,A,False,5,427,49,36.64,0.159,0.235,,5,P5558,Sports,NONE
EVT201893,C10158,S3893081408,product_view,2024-02-28 18:15:16,mobile,Edge,iOS,direct,FR,,A,True,5,348,77,25.2,0.133,0.37,,5,P7666,Toys,NONE
EVT201894,C88152,S1456745169,add_to_cart,2024-12-28 14:36:33,desktop,Chrome,Linux,email,US,NH,A,False,3,308,5,70.18,0.235,0.0,,2,P1366,Home,HOLIDAY20
EVT201895,C12120,S6671158290,purchase,2025-02-21 12:08:11,desktop,Chrome,Linux,organic_search,CA,,B,True,6,394,46,111.03,0.122,0.057,approved,4,P9452,Apparel,NONE
EVT201896,C22738,S6773026655,add_to_cart,2024-08-19 06:46:52,mobile,Opera,Linux,paid_search,AU,,B,True,5,389,56,168.93,0.161,0.141,,4,P6444,Apparel,WELCOME10
EVT201897,C80678,S9325177322,page_view,2024-03-18 16:18:28,mobile,Opera,Android,direct,CA,,A,False,3,80,48,4.69,0.094,0.252,,8,,,NONE
EVT201898,C76938,S2118268152,page_view,2024-12-27 13:34:04,mobile,Chrome,Android,direct,BR,,B,True,4,259,34,14.46,0.059,0.215,,2,,,NONE
EVT201899,C27994,S6603219878,add_to_cart,2024-11-09 23:23:10,mobile,Firefox,macOS,paid_search,BR,,B,True,4,343,12,112.42,0.172,0.0,,10,P2345,Beauty,NONE
EVT201900,C81553,S8200369011,page_view,2025-05-08 20:05:38,desktop,Edge,macOS,direct,MX,,B,False,1,383,86,26.05,0.09,0.0,,10,,,NONE
EVT201901,C28463,S5538301887,product_view,2024-05-02 09:54:59,mobile,Opera,macOS,direct,AU,,A,True,4,256,31,20.68,0.14,0.258,,5,P5723,Home,WELCOME10
EVT201902,C17111,S5861460943,purchase,2024-10-06 20:24:37,desktop,Safari,macOS,social,DE,,B,False,3,551,59,142.6,0.093,0.0,approved,4,P7100,Electronics,WELCOME10
EVT201903,C62911,S4240878144,product_view,2024-07-23 20:50:35,mobile,Edge,Android,direct,AU,,B,True,3,249,30,12.99,0.194,0.25,,6,P9419,Automotive,NONE
EVT201904,C91758,S1066929087,product_view,2024-08-23 03:14:36,mobile,Chrome,Android,direct,MX,,A,True,6,509,39,1.61,0.037,0.308,,3,P1414,Toys,NONE
EVT201905,C82968,S9192818658,add_to_cart,2024-03-27 18:10:52,mobile,Opera,Android,social,IN,,B,True,3,328,11,132.15,0.045,0.224,,8,P6099,Sports,FREESHIP
EVT201906,C62740,S8021533156,product_view,2024-03-01 14:57:13,desktop,Safari,iOS,organic_search,IN,,B,True,4,292,8,13.48,0.083,0.008,,10,P3256,Books,NONE
EVT201907,C96500,S7590624554,add_to_cart,2024-09-04 22:23:29,tablet,Edge,macOS,affiliate,CA,,A,False,5,378,53,138.11,0.11,0.0,,1,P2273,Toys,NONE
EVT201908,C73151,S6996218637,page_view,2024-08-02 11:21:54,mobile,Chrome,Windows,direct,BR,,A,True,5,262,24,19.32,0.123,0.173,,7,,,FREESHIP
EVT201909,C81679,S4057935968,page_view,2025-02-15 07:35:13,mobile,Edge,Windows,direct,DE,,B,True,6,130,28,23.9,0.152,0.179,,3,,,NONE
EVT201910,C17291,S4834315718,product_view,2024-07-06 13:45:28,mobile,Opera,Android,organic_search,FR,,A,True,3,135,27,5.6,0.185,0.0,,9,P9632,Grocery,FREESHIP
EVT201911,C70524,S3028200430,add_to_cart,2024-10-18 19:51:22,desktop,Edge,Android,social,IN,,A,False,2,499,22,116.06,0.0,0.281,,10,P2497,Beauty,HOLIDAY20
EVT201912,C55199,S7102520356,page_view,2024-11-17 08:22:53,mobile,Chrome,Android,direct,AU,,B,True,6,193,47,3.71,0.173,0.18,,4,,,NONE
EVT201913,C38221,S1693655768,add_to_cart,2024-06-16 17:34:05,desktop,Safari,macOS,email,AU,,B,True,6,493,51,246.69,0.007,0.022,,3,P5596,Beauty,WELCOME10
EVT201914,C70196,S9848517176,checkout_start,2025-01-19 12:54:20,mobile,Safari,Android,organic_search,GB,,B,False,4,407,69,183.17,0.1,0.24,,2,,,NONE
EVT201915,C98687,S4165052161,product_view,2024-06-13 16:13:56,desktop,Opera,Android,organic_search,DE,,A,True,4,370,36,8.28,0.234,0.0,,5,P9574,Apparel,WELCOME10
EVT201916,C16317,S2353083348,page_view,2024-03-05 23:30:46,mobile,Edge,Linux,organic_search,US,IA,B,True,8,206,64,24.57,0.165,0.142,,1,,,NONE
EVT201917,C73579,S5034508025,return_initiated,2025-01-14 00:07:36,mobile,Chrome,iOS,organic_search,GB,,B,True,3,545,13,211.55,0.077,0.073,,7,P3808,Automotive,NONE
EVT201918,C53274,S1534803498,add_to_cart,2024-08-08 01:16:48,desktop,Opera,iOS,organic_search,BR,,A,False,1,456,41,78.38,0.058,0.179,,1,P3701,Automotive,NONE
EVT201919,C84445,S9501820689,product_view,2024-05-28 07:08:19,desktop,Opera,Windows,email,MX,,B,True,2,511,5,0.34,0.11,0.325,,1,P3413,Books,NONE
EVT201920,C37271,S6279823835,page_view,2024-06-15 11:27:52,mobile,Chrome,Windows,direct,MX,,B,True,4,274,61,25.8,0.222,0.017,,3,,,NONE
EVT201921,C97863,S3030265940,page_view,2024-11-19 01:46:24,mobile,Edge,Android,direct,CA,,A,True,4,344,50,13.97,0.179,0.303,,1,,,NONE
EVT201922,C18101,S2904413600,purchase,2024-09-30 16:20:38,mobile,Edge,Android,direct,BR,,A,True,5,292,5,132.0,0.105,0.239,declined,1,P4351,Grocery,NONE
EVT201923,C56924,S6467023960,page_view,2025-05-07 04:18:46,mobile,Edge,iOS,social,MX,,A,True,4,398,64,25.25,0.204,0.206,,6,,,VIP25
EVT201924,C21627,S4545934066,purchase,2024-02-02 19:15:41,desktop,Chrome,Windows,organic_search,GB,,B,True,4,300,51,146.21,0.218,0.056,approved,1,P6204,Electronics,NONE
EVT201925,C99012,S5674350255,add_to_cart,2024-09-03 00:17:48,mobile,Opera,Android,organic_search,US,NV,A,True,1,422,38,129.7,0.325,0.303,,2,P4092,Toys,WELCOME10
EVT201926,C85252,S4441325013,add_to_cart,2024-03-12 15:34:40,desktop,Safari,macOS,paid_search,MX,,B,True,3,343,43,234.87,0.047,0.278,,5,P4015,Pets,VIP25
EVT201927,C55014,S5240477361,page_view,2024-07-04 15:46:16,mobile,Firefox,iOS,organic_search,MX,,B,False,3,467,5,21.62,0.195,0.0,,6,,,FREESHIP
EVT201928,C23251,S3749901584,add_to_cart,2024-09-04 06:19:17,mobile,Edge,macOS,direct,MX,,A,True,5,261,20,216.29,0.132,0.226,,5,P6846,Automotive,NONE
EVT201929,C38994,S5452813620,product_view,2024-05-23 07:13:23,mobile,Safari,Android,email,US,WA,A,False,5,537,17,17.65,0.164,0.198,,4,P1898,Pets,NONE
EVT201930,C75183,S3896228561,product_view,2024-08-14 20:02:38,desktop,Opera,Android,direct,DE,,B,True,5,245,53,10.36,0.056,0.246,,1,P6392,Home,NONE
EVT201931,C70015,S9770829885,purchase,2024-05-22 13:29:36,mobile,Firefox,Windows,organic_search,DE,,A,True,2,80,63,17.84,0.165,0.217,approved,1,P9819,Pets,FREESHIP
EVT201932,C50170,S1753155470,page_view,2024-03-30 06:27:03,mobile,Firefox,macOS,organic_search,DE,,B,True,5,446,5,20.79,0.146,0.694,,5,,,NONE
EVT201933,C37380,S3223812934,page_view,2025-05-05 05:08:36,mobile,Firefox,Android,paid_search,IN,,A,True,6,303,65,11.05,0.243,0.067,,1,,,NONE
EVT201934,C76102,S2585445475,add_to_cart,2024-11-30 00:05:18,desktop,Chrome,macOS,organic_search,BR,,A,True,5,292,5,77.54,0.1,0.16,,5,P3611,Automotive,NONE
EVT201935,C29105,S9433728813,page_view,2024-08-17 23:26:53,mobile,Chrome,Android,paid_search,US,IL,A,True,6,210,45,4.71,0.063,0.152,,9,,,NONE
EVT201936,C39487,S5698331410,checkout_start,2024-01-01 17:58:09,mobile,Safari,Windows,direct,FR,,A,True,2,311,33,108.68,0.114,0.214,,8,,,NONE
EVT201937,C72621,S8974892220,payment_attempt,2025-05-09 07:56:48,tablet,Firefox,Linux,affiliate,CA,,A,False,6,348,50,171.87,0.208,0.29,approved,3,,,NONE
EVT201938,C17003,S2685466475,product_view,2025-05-14 08:04:10,mobile,Chrome,iOS,direct,IN,,A,False,4,421,26,27.04,0.171,0.315,,6,P4002,Apparel,NONE
EVT201939,C31015,S2789807026,payment_attempt,2025-03-22 03:14:48,tablet,Chrome,Android,social,GB,,B,False,6,180,40,188.42,0.11,0.0,declined,3,,,NONE
EVT201940,C65576,S7767278056,product_view,2024-09-29 03:22:53,mobile,Opera,Android,organic_search,CA,,B,True,3,468,49,14.16,0.069,0.186,,4,P4177,Sports,HOLIDAY20
EVT201941,C76363,S4280724282,add_to_cart,2024-02-09 16:24:38,mobile,Chrome,iOS,direct,MX,,B,False,5,100,58,99.2,0.127,0.295,,4,P7012,Electronics,NONE
EVT201942,C80926,S4322140860,product_view,2024-05-22 20:26:52,desktop,Firefox,macOS,email,CA,,A,True,3,401,43,1.34,0.183,0.235,,5,P2191,Books,WELCOME10
EVT201943,C39301,S1131402016,product_view,2024-06-03 14:23:09,mobile,Edge,Linux,organic_search,US,GA,B,True,3,499,58,4.69,0.223,0.003,,4,P4494,Electronics,HOLIDAY20
EVT201944,C78965,S6285131860,add_to_cart,2024-10-16 07:51:09,mobile,Opera,Linux,organic_search,BR,,B,True,2,271,61,87.44,0.143,0.0,,5,P1000,Toys,WELCOME10
EVT201945,C84818,S4751980109,add_to_cart,2025-05-16 08:35:25,desktop,Safari,iOS,direct,US,WA,A,True,6,475,61,192.99,0.05,0.0,,6,P6906,Grocery,NONE
EVT201946,C30351,S7218454807,add_to_cart,2025-05-17 08:14:56,mobile,Chrome,Android,organic_search,GB,,A,True,5,80,61,70.93,0.271,0.106,,7,P2779,Automotive,NONE
EVT201947,C12561,S6429907557,product_view,2025-03-13 09:20:30,mobile,Opera,Windows,email,DE,,B,True,3,353,36,33.19,0.131,0.212,,6,P7631,Grocery,NONE
EVT201948,C64047,S3035216497,product_view,2024-10-10 17:21:12,desktop,Opera,Linux,organic_search,CA,,B,True,5,372,19,23.08,0.158,0.162,,6,P8784,Toys,FREESHIP
EVT201949,C82431,S6814815149,payment_attempt,2024-11-18 16:14:59,mobile,Edge,Android,email,GB,,A,True,7,416,52,190.55,0.181,0.245,approved,6,,,NONE
EVT201950,C71119,S4824487941,product_view,2024-10-25 03:54:26,mobile,Opera,iOS,organic_search,DE,,B,True,4,321,41,18.86,0.174,0.395,,8,P6977,Beauty,NONE
EVT201951,C96980,S6016118905,checkout_start,2024-07-08 17:52:12,mobile,Edge,Android,direct,AU,,A,False,4,497,32,71.23,0.082,0.02,,9,,,NONE
EVT201952,C86659,S5147500558,product_view,2025-02-15 14:46:30,desktop,Chrome,iOS,direct,GB,,A,True,1,232,60,19.28,0.198,0.0,,10,P3719,Grocery,NONE
EVT201953,C89430,S3177312781,return_initiated,2024-11-15 09:19:52,mobile,Chrome,iOS,direct,AU,,A,True,9,403,5,204.36,0.128,0.304,,8,P9610,Grocery,NONE
EVT201954,C32973,S2705641655,page_view,2024-04-30 07:40:26,mobile,Edge,Android,direct,DE,,B,False,4,525,37,25.11,0.125,0.11,,2,,,WELCOME10
EVT201955,C11141,S4147260703,add_to_cart,2024-07-04 00:57:19,desktop,Edge,Android,email,MX,,B,False,4,497,38,117.69,0.06,0.0,,4,P1165,Books,HOLIDAY20
EVT201956,C96395,S2986417015,page_view,2025-01-09 03:07:09,mobile,Edge,iOS,organic_search,IN,,B,True,3,434,68,1.81,0.3,0.024,,7,,,NONE
EVT201957,C91654,S7842328109,add_to_cart,2024-12-02 01:51:31,desktop,Chrome,Linux,direct,DE,,B,True,5,272,21,51.59,0.29,0.26,,1,P4595,Home,HOLIDAY20
EVT201958,C58283,S9793208142,checkout_start,2024-02-27 18:42:02,desktop,Chrome,Android,organic_search,MX,,B,False,3,301,35,113.19,0.199,0.0,,1,,,NONE
EVT201959,C46880,S4201645369,payment_attempt,2024-05-25 18:49:11,mobile,Chrome,Android,direct,AU,,A,False,4,296,12,63.43,0.216,0.059,approved,7,,,NONE
EVT201960,C21802,S9052083561,purchase,2025-04-05 17:48:00,desktop,Opera,Android,direct,US,IN,A,False,3,330,44,19.49,0.059,0.05,approved,1,P1438,Toys,WELCOME10
EVT201961,C60930,S1647069748,checkout_start,2024-05-23 09:37:07,tablet,Chrome,Windows,email,FR,,A,True,4,419,64,55.71,0.332,0.0,,5,,,NONE
EVT201962,C94639,S6909968032,return_initiated,2025-03-29 00:16:03,mobile,Safari,iOS,paid_search,DE,,B,True,3,89,45,167.85,0.024,0.0,,8,P9746,Pets,NONE
EVT201963,C46160,S1046606779,payment_attempt,2024-01-21 05:15:57,mobile,Opera,Linux,organic_search,IN,,B,True,2,342,5,176.72,0.214,0.187,approved,9,,,WELCOME10
EVT201964,C12834,S2860376945,product_view,2025-02-19 06:55:49,mobile,Opera,macOS,direct,MX,,B,True,4,118,38,18.82,0.136,0.098,,2,P7480,Beauty,NONE
EVT201965,C63784,S2619783980,product_view,2024-04-03 23:39:45,desktop,Firefox,Android,organic_search,AU,,A,True,5,462,42,18.15,0.196,0.0,,3,P5433,Beauty,NONE
EVT201966,C82347,S8654948347,add_to_cart,2025-02-21 07:19:26,mobile,Opera,Windows,social,US,IN,A,True,2,318,67,78.2,0.081,0.151,,1,P3775,Sports,WELCOME10
EVT201967,C86726,S4271904417,product_view,2025-04-14 16:12:33,desktop,Chrome,Linux,paid_search,DE,,B,True,3,360,54,8.42,0.212,0.369,,4,P8976,Books,NONE
EVT201968,C43207,S6359532603,product_view,2024-12-28 00:46:31,mobile,Opera,iOS,direct,IN,,A,True,4,359,56,3.87,0.196,0.295,,7,P2873,Electronics,NONE
EVT201969,C44071,S1137130325,add_to_cart,2024-06-03 13:58:52,desktop,Chrome,iOS,organic_search,FR,,A,False,2,238,52,136.12,0.134,0.256,,8,P4503,Toys,WELCOME10
EVT201970,C32338,S3157943930,product_view,2025-04-29 21:13:08,mobile,Chrome,Android,paid_search,FR,,A,True,4,523,49,33.62,0.125,0.114,,2,P2977,Automotive,NONE
EVT201971,C20395,S6889059637,add_to_cart,2024-04-28 04:31:54,mobile,Safari,iOS,organic_search,AU,,A,True,2,330,25,127.85,0.153,0.209,,4,P4789,Home,WELCOME10
EVT201972,C15735,S4698581446,product_view,2024-10-06 06:14:43,desktop,Edge,Windows,direct,IN,,B,False,2,678,50,36.19,0.127,0.0,,4,P8189,Automotive,HOLIDAY20
EVT201973,C91541,S8627030735,product_view,2025-01-13 13:27:00,desktop,Opera,macOS,direct,AU,,A,True,9,352,14,3.87,0.161,0.273,,8,P4450,Beauty,NONE
EVT201974,C94809,S9564850073,product_view,2024-01-28 06:25:11,desktop,Safari,macOS,direct,CA,,B,True,3,392,48,38.72,0.167,0.077,,1,P7772,Sports,HOLIDAY20
EVT201975,C87579,S7015650727,purchase,2025-06-25 17:55:27,mobile,Safari,Android,organic_search,MX,,B,True,3,432,23,186.58,0.044,0.314,approved,2,P3068,Automotive,FREESHIP
EVT201976,C61494,S3822448240,product_view,2025-01-10 09:14:46,desktop,Opera,macOS,organic_search,DE,,A,False,5,504,19,17.04,0.191,0.0,,2,P6915,Home,NONE
EVT201977,C96766,S4853146956,page_view,2024-01-12 21:50:27,mobile,Safari,iOS,social,DE,,A,False,3,524,31,28.53,0.149,0.0,,5,,,HOLIDAY20
EVT201978,C78618,S3811077816,product_view,2025-03-12 14:34:53,mobile,Firefox,macOS,direct,US,OK,B,False,8,321,71,29.31,0.212,0.0,,5,P6468,Toys,NONE
EVT201979,C81033,S3640145171,add_to_cart,2024-05-20 18:06:25,mobile,Safari,iOS,direct,DE,,B,False,5,333,57,228.61,0.0,0.107,,7,P8835,Home,NONE
EVT201980,C81117,S8929935396,page_view,2025-06-03 19:15:28,mobile,Safari,Linux,organic_search,BR,,B,False,3,165,41,39.11,0.204,0.0,,9,,,WELCOME10
EVT201981,C86085,S2904896571,add_to_cart,2024-02-24 18:50:07,desktop,Safari,iOS,paid_search,US,VT,A,True,8,375,13,82.2,0.099,0.403,,8,P7465,Grocery,WELCOME10
EVT201982,C83565,S8699600980,product_view,2024-05-30 06:14:47,mobile,Firefox,Windows,direct,BR,,A,False,5,424,21,38.32,0.186,0.323,,5,P1538,Grocery,FREESHIP
EVT201983,C93171,S8067610682,page_view,2024-09-14 10:12:20,mobile,Firefox,macOS,direct,MX,,A,False,3,352,28,11.55,0.119,0.0,,7,,,NONE
EVT201984,C37139,S2772465116,add_to_cart,2024-09-22 20:47:27,mobile,Firefox,Android,paid_search,FR,,B,False,3,555,33,130.44,0.268,0.05,,1,P1381,Toys,NONE
EVT201985,C85143,S5266364864,page_view,2024-02-17 10:07:14,mobile,Firefox,Android,organic_search,DE,,A,False,2,262,25,16.77,0.082,0.138,,3,,,NONE
EVT201986,C47108,S5835254423,product_view,2024-05-15 06:07:16,tablet,Chrome,macOS,direct,CA,,B,False,3,488,52,8.63,0.133,0.095,,3,P7388,Automotive,NONE
EVT201987,C37883,S5604339346,page_view,2025-05-13 15:11:57,mobile,Safari,Windows,paid_search,CA,,B,True,4,573,44,0.79,0.127,0.021,,8,,,NONE
EVT201988,C89952,S1118315706,page_view,2024-06-07 19:53:29,mobile,Firefox,Windows,organic_search,GB,,A,False,4,372,17,0.81,0.141,0.0,,5,,,NONE
EVT201989,C40293,S9427404041,purchase,2024-12-26 02:59:13,desktop,Opera,Windows,direct,FR,,A,True,3,365,23,94.51,0.043,0.085,approved,9,P6723,Electronics,NONE
EVT201990,C50305,S9120242092,product_view,2024-11-11 11:58:29,desktop,Chrome,Linux,direct,MX,,A,True,5,250,5,14.51,0.061,0.231,,9,P2939,Books,WELCOME10
EVT201991,C60896,S4955727213,page_view,2024-09-07 02:46:25,tablet,Firefox,iOS,direct,BR,,A,True,2,174,5,14.67,0.094,0.212,,6,,,NONE
EVT201992,C30191,S9332694099,add_to_cart,2024-11-20 04:34:24,desktop,Firefox,Linux,direct,BR,,A,False,2,286,22,202.12,0.12,0.1,,1,P7103,Apparel,HOLIDAY20
EVT201993,C22309,S3702205054,page_view,2024-06-23 15:52:44,mobile,Firefox,Linux,paid_search,DE,,B,False,4,342,36,40.8,0.011,0.088,,7,,,WELCOME10
EVT201994,C24802,S4011998791,product_view,2025-03-30 17:26:58,mobile,Edge,macOS,direct,FR,,A,False,3,265,50,13.74,0.207,0.169,,2,P8995,Home,NONE
EVT201995,C99853,S8331236068,return_initiated,2025-02-21 12:23:59,mobile,Edge,Windows,direct,CA,,A,False,3,370,48,44.93,0.141,0.0,,8,P3640,Automotive,NONE
EVT201996,C56206,S8886646161,checkout_start,2025-03-09 08:33:36,mobile,Chrome,Android,organic_search,US,MN,B,False,2,557,66,52.07,0.081,0.202,,6,,,NONE
EVT201997,C95870,S9995147808,return_initiated,2025-04-20 19:12:16,desktop,Safari,iOS,paid_search,DE,,A,True,2,403,19,122.37,0.137,0.102,,5,P3209,Automotive,NONE
EVT201998,C67223,S7938002735,checkout_start,2025-04-18 00:14:13,tablet,Firefox,macOS,organic_search,GB,,B,False,2,80,37,61.74,0.128,0.291,,7,,,NONE
EVT201999,C55531,S4394747206,checkout_start,2024-06-18 16:19:27,mobile,Opera,Windows,direct,BR,,A,True,7,335,43,90.71,0.251,0.069,,6,,,WELCOME10
EVT202000,C87859,S1146308604,checkout_start,2024-10-26 05:36:29,mobile,Safari,Windows,organic_search,DE,,A,True,3,458,74,220.75,0.04,0.231,,9,,,NONE
EVT202001,C95354,S7372905808,product_view,2024-11-14 23:40:02,mobile,Chrome,iOS,organic_search,CA,,A,True,4,505,22,30.08,0.136,0.0,,2,P9324,Grocery,NONE
EVT202002,C26436,S6506156803,checkout_start,2024-04-18 11:29:43,desktop,Chrome,Android,organic_search,MX,,B,True,6,456,52,194.51,0.102,0.024,,7,,,NONE
EVT202003,C36175,S3456092523,page_view,2024-08-01 21:04:50,desktop,Firefox,Windows,paid_search,AU,,B,True,2,393,21,36.49,0.122,0.066,,6,,,FREESHIP
EVT202004,C38641,S9864688598,product_view,2024-02-17 17:15:50,desktop,Chrome,iOS,organic_search,GB,,A,False,5,505,64,11.77,0.089,0.161,,9,P3968,Books,NONE
EVT202005,C24155,S7950696266,checkout_start,2025-03-03 11:21:08,tablet,Firefox,Android,paid_search,IN,,A,True,3,80,12,173.9,0.091,0.187,,2,,,NONE
EVT202006,C86756,S1348781265,page_view,2024-08-07 14:26:26,desktop,Firefox,Linux,paid_search,IN,,B,True,1,116,34,16.16,0.198,0.0,,6,,,NONE
EVT202007,C86721,S5413371029,product_view,2024-11-22 09:57:36,desktop,Firefox,Linux,paid_search,BR,,A,False,5,325,9,23.02,0.103,0.0,,5,P2935,Electronics,NONE
EVT202008,C58620,S7532704147,payment_attempt,2024-01-25 00:38:12,mobile,Chrome,Android,direct,BR,,B,True,4,327,40,108.38,0.226,0.201,approved,5,,,NONE
EVT202009,C60980,S1480764152,add_to_cart,2024-01-28 06:18:59,mobile,Chrome,Windows,affiliate,US,WA,A,True,5,327,25,183.62,0.118,0.008,,8,P8641,Grocery,WELCOME10
EVT202010,C95377,S9526917916,page_view,2024-09-06 12:12:47,mobile,Firefox,Linux,social,DE,,A,True,2,234,16,45.21,0.071,0.104,,10,,,WELCOME10
EVT202011,C92689,S5029487034,page_view,2025-02-28 21:18:44,desktop,Opera,iOS,direct,FR,,B,False,5,80,6,1.43,0.197,0.235,,9,,,NONE
EVT202012,C54653,S5368842498,add_to_cart,2024-07-25 13:33:21,desktop,Chrome,Linux,organic_search,DE,,A,True,2,93,33,129.8,0.215,0.135,,3,P3765,Electronics,NONE
EVT202013,C23223,S6513861193,page_view,2024-04-29 19:49:12,mobile,Firefox,Linux,affiliate,AU,,A,True,3,354,42,38.99,0.15,0.151,,3,,,NONE
EVT202014,C10385,S8177368886,product_view,2025-03-17 14:04:14,mobile,Firefox,Windows,email,MX,,A,True,2,303,9,32.38,0.1,0.13,,10,P8409,Automotive,FREESHIP
EVT202015,C58067,S3686977019,product_view,2024-11-08 14:04:07,desktop,Safari,Android,organic_search,DE,,A,True,2,360,41,16.94,0.121,0.309,,10,P2113,Pets,WELCOME10
EVT202016,C69833,S1358196566,product_view,2024-01-01 10:07:19,mobile,Edge,Windows,direct,GB,,A,True,5,394,27,36.32,0.089,0.051,,1,P2621,Toys,NONE
EVT202017,C93817,S5970408488,payment_attempt,2024-06-13 18:59:22,desktop,Edge,iOS,paid_search,DE,,B,True,4,284,42,150.51,0.114,0.228,approved,7,,,NONE
EVT202018,C57029,S2603014757,purchase,2024-09-24 23:23:11,mobile,Safari,macOS,direct,FR,,B,True,5,730,30,106.88,0.156,0.0,approved,6,P1695,Electronics,NONE
EVT202019,C99116,S6244766871,add_to_cart,2024-10-09 16:47:51,mobile,Edge,macOS,direct,GB,,A,True,2,161,49,38.28,0.172,0.1,,2,P6507,Home,FREESHIP
EVT202020,C74936,S1863217805,checkout_start,2024-10-02 14:52:17,desktop,Firefox,Linux,affiliate,FR,,B,False,2,337,67,225.3,0.051,0.141,,4,,,NONE
EVT202021,C50677,S4703057575,add_to_cart,2025-03-21 13:58:35,desktop,Chrome,macOS,direct,GB,,A,False,4,310,28,90.92,0.005,0.185,,9,P6893,Grocery,WELCOME10
EVT202022,C40622,S1004194188,add_to_cart,2025-04-15 06:44:33,desktop,Safari,Linux,social,MX,,B,False,4,362,58,103.48,0.013,0.128,,9,P2333,Home,HOLIDAY20
EVT202023,C14730,S5724169399,add_to_cart,2025-06-07 12:22:04,desktop,Safari,macOS,organic_search,US,IN,A,True,5,406,50,197.69,0.068,0.328,,8,P6565,Automotive,NONE
EVT202024,C67848,S3570757989,payment_attempt,2025-05-10 23:45:42,desktop,Chrome,macOS,email,MX,,A,True,6,437,46,47.19,0.127,0.311,approved,4,,,FREESHIP
EVT202025,C58451,S5541781322,page_view,2024-11-04 23:48:40,mobile,Firefox,Windows,direct,AU,,A,True,4,651,41,27.72,0.148,0.0,,9,,,WELCOME10
EVT202026,C99792,S5855577395,page_view,2025-02-24 12:38:07,desktop,Opera,Linux,paid_search,AU,,B,False,5,451,61,16.19,0.109,0.0,,2,,,NONE
EVT202027,C45561,S8461567396,page_view,2024-03-15 07:32:18,mobile,Opera,Linux,organic_search,DE,,A,False,3,438,8,16.9,0.073,0.181,,4,,,NONE
EVT202028,C68851,S3285465112,page_view,2025-01-15 04:36:46,desktop,Chrome,iOS,direct,IN,,A,True,5,404,5,29.8,0.168,0.082,,10,,,FREESHIP
EVT202029,C26384,S7495200059,product_view,2024-11-09 21:53:31,mobile,Opera,Linux,social,MX,,A,False,7,259,52,16.09,0.187,0.0,,8,P2286,Electronics,WELCOME10
EVT202030,C93068,S7900819753,product_view,2024-11-22 12:11:43,mobile,Firefox,Windows,direct,BR,,A,True,3,434,5,32.91,0.124,0.164,,7,P8285,Home,NONE
EVT202031,C76479,S3766331951,add_to_cart,2024-08-26 07:05:49,desktop,Firefox,macOS,paid_search,MX,,A,True,4,116,26,150.62,0.218,0.075,,4,P7856,Beauty,FREESHIP
EVT202032,C61018,S3997177879,add_to_cart,2024-04-28 19:56:17,desktop,Firefox,macOS,direct,US,NH,B,True,5,312,44,149.52,0.192,0.008,,3,P3474,Sports,VIP25
EVT202033,C84876,S6404775407,purchase,2024-05-02 18:25:45,mobile,Opera,macOS,direct,BR,,A,False,4,190,43,195.69,0.015,0.189,approved,7,P7705,Books,FREESHIP
EVT202034,C59599,S4444873766,product_view,2024-02-25 20:59:38,mobile,Chrome,Linux,social,CA,,B,True,3,193,32,28.56,0.052,0.0,,8,P7515,Home,NONE
EVT202035,C94251,S2753021467,product_view,2024-04-14 05:39:17,tablet,Safari,iOS,affiliate,CA,,A,True,4,390,39,47.88,0.0,0.145,,9,P5805,Toys,NONE
EVT202036,C14521,S8995436307,product_view,2024-12-12 23:11:08,desktop,Firefox,Android,direct,CA,,A,False,1,304,48,30.67,0.282,0.038,,1,P1697,Books,NONE
EVT202037,C20449,S9126971817,add_to_cart,2025-04-04 23:09:18,mobile,Safari,Android,email,MX,,B,False,4,456,43,174.16,0.206,0.092,,5,P2204,Electronics,FREESHIP
EVT202038,C11777,S4122809206,page_view,2024-04-29 08:12:43,desktop,Firefox,Android,organic_search,AU,,A,True,2,446,44,34.55,0.169,0.152,,8,,,NONE
EVT202039,C81812,S6685648158,checkout_start,2024-05-19 00:11:05,tablet,Opera,iOS,email,BR,,A,True,3,272,45,50.81,0.129,0.106,,6,,,FREESHIP
EVT202040,C91663,S3838654603,return_initiated,2025-01-05 20:40:12,mobile,Edge,macOS,paid_search,IN,,B,False,4,322,33,86.1,0.128,0.008,,5,P2620,Sports,VIP25
EVT202041,C19162,S7266919607,product_view,2024-12-29 17:06:11,mobile,Edge,Linux,direct,GB,,B,True,2,314,42,35.24,0.114,0.0,,8,P6631,Apparel,NONE
EVT202042,C27959,S1761845828,checkout_start,2025-04-06 04:35:46,mobile,Safari,iOS,social,IN,,A,False,5,587,7,73.78,0.113,0.0,,1,,,NONE
EVT202043,C89860,S2820918465,product_view,2024-06-05 22:01:19,mobile,Edge,Windows,social,GB,,B,False,4,480,27,15.58,0.008,0.269,,6,P5935,Pets,NONE
EVT202044,C19098,S6524499471,add_to_cart,2024-08-25 11:02:20,mobile,Opera,Android,direct,MX,,B,True,6,420,26,153.05,0.067,0.0,,1,P4621,Home,NONE
EVT202045,C66439,S6187355764,page_view,2024-12-11 04:32:32,mobile,Opera,Linux,social,MX,,A,False,4,369,5,40.6,0.065,0.206,,4,,,NONE
EVT202046,C26708,S5224760155,return_initiated,2024-04-16 18:15:36,desktop,Opera,iOS,social,FR,,B,True,3,417,34,70.77,0.155,0.039,,4,P3183,Automotive,FREESHIP
EVT202047,C46042,S5182225614,payment_attempt,2024-06-19 21:01:17,desktop,Opera,Android,paid_search,IN,,B,False,5,107,45,65.38,0.088,0.146,approved,4,,,VIP25
EVT202048,C12826,S6991186429,page_view,2024-02-16 10:38:04,mobile,Firefox,Linux,organic_search,US,MO,A,False,4,137,109,2.25,0.203,0.268,,6,,,NONE
EVT202049,C26629,S7683626034,product_view,2025-06-11 16:06:59,desktop,Opera,macOS,email,MX,,A,True,4,173,29,14.55,0.074,0.02,,7,P9051,Electronics,VIP25
EVT202050,C93224,S8750664038,page_view,2025-02-23 07:55:25,mobile,Opera,Android,paid_search,AU,,A,True,3,282,37,13.4,0.192,0.042,,10,,,NONE
EVT202051,C17043,S2743241479,product_view,2024-04-17 07:42:55,mobile,Chrome,Android,organic_search,US,IL,B,False,5,333,43,37.7,0.079,0.0,,6,P8275,Beauty,NONE
EVT202052,C49668,S7296861591,page_view,2024-07-14 22:55:04,mobile,Firefox,Windows,organic_search,FR,,A,True,6,364,35,21.78,0.123,0.069,,2,,,FREESHIP
EVT202053,C89409,S6000149386,purchase,2025-04-27 02:56:24,mobile,Opera,Linux,organic_search,MX,,A,False,4,212,41,163.77,0.0,0.078,approved,4,P2050,Pets,NONE
EVT202054,C50976,S2504001524,checkout_start,2024-07-19 14:34:41,desktop,Opera,macOS,organic_search,US,MO,B,True,4,214,59,88.88,0.17,0.0,,1,,,NONE
EVT202055,C57917,S6633818352,checkout_start,2024-04-18 16:49:20,desktop,Chrome,Android,direct,CA,,B,True,2,437,26,119.85,0.247,0.0,,1,,,WELCOME10
EVT202056,C97906,S9893538268,page_view,2024-08-10 08:00:15,tablet,Firefox,Windows,email,FR,,B,False,1,256,66,20.02,0.202,0.243,,7,,,WELCOME10
EVT202057,C25412,S2573498139,page_view,2024-06-24 00:28:34,desktop,Chrome,Windows,email,IN,,B,False,6,420,49,12.1,0.0,0.118,,9,,,NONE
EVT202058,C17465,S5895501277,page_view,2024-08-22 23:25:31,desktop,Safari,Linux,paid_search,AU,,B,True,2,545,12,17.09,0.139,0.073,,9,,,NONE
EVT202059,C40014,S9164369916,page_view,2025-05-10 00:22:45,mobile,Chrome,macOS,organic_search,FR,,A,True,3,488,18,38.1,0.074,0.046,,2,,,NONE
EVT202060,C98084,S2949163714,return_initiated,2025-03-20 09:11:09,desktop,Firefox,Linux,direct,GB,,B,False,4,325,26,188.0,0.135,0.097,,1,P2557,Beauty,NONE
EVT202061,C21517,S2207585421,add_to_cart,2024-12-30 22:40:10,mobile,Firefox,Linux,organic_search,DE,,B,False,5,444,44,108.43,0.073,0.281,,8,P8744,Automotive,NONE
EVT202062,C67706,S6668509053,add_to_cart,2024-08-26 00:36:23,desktop,Safari,macOS,email,FR,,A,False,4,493,44,69.97,0.251,0.114,,5,P6127,Sports,WELCOME10
EVT202063,C55506,S1698189810,product_view,2024-03-15 01:26:27,desktop,Opera,Android,organic_search,US,KS,B,True,3,272,31,8.93,0.115,0.177,,5,P2825,Pets,VIP25
EVT202064,C52943,S7439191229,product_view,2024-01-26 19:50:10,mobile,Edge,Linux,direct,US,TX,A,True,2,601,49,42.34,0.11,0.0,,7,P3271,Books,NONE
EVT202065,C60160,S2626187466,payment_attempt,2024-09-20 12:32:56,mobile,Chrome,iOS,affiliate,CA,,B,True,2,472,37,91.51,0.146,0.264,approved,9,,,HOLIDAY20
EVT202066,C67521,S2265749288,page_view,2024-04-14 21:04:02,desktop,Safari,iOS,paid_search,US,AK,B,False,6,235,5,22.45,0.16,0.051,,1,,,NONE
EVT202067,C15093,S5130481307,add_to_cart,2024-03-22 15:57:40,desktop,Safari,iOS,social,CA,,A,True,4,481,39,138.43,0.202,0.0,,8,P6217,Automotive,NONE
EVT202068,C77236,S6601018541,checkout_start,2025-02-14 12:06:19,mobile,Firefox,macOS,social,GB,,A,True,5,312,63,162.23,0.072,0.345,,5,,,VIP25
EVT202069,C44649,S3387202557,product_view,2024-06-06 12:47:49,tablet,Opera,Android,organic_search,US,OH,B,True,2,169,36,5.75,0.13,0.2,,5,P7849,Electronics,FREESHIP
EVT202070,C73797,S4188352708,product_view,2024-11-17 21:47:19,tablet,Edge,Android,direct,US,ND,A,True,2,410,41,13.88,0.083,0.239,,2,P2771,Books,WELCOME10
EVT202071,C88258,S7740332441,purchase,2024-08-27 18:00:52,desktop,Chrome,macOS,email,GB,,B,False,7,401,61,176.51,0.0,0.381,approved,3,P2005,Home,FREESHIP
EVT202072,C99196,S5906614367,page_view,2025-02-14 20:21:25,desktop,Safari,macOS,organic_search,GB,,A,False,5,403,64,25.73,0.09,0.416,,5,,,WELCOME10
EVT202073,C79398,S4205677495,payment_attempt,2024-04-17 10:48:55,mobile,Chrome,macOS,direct,AU,,B,False,5,514,37,191.17,0.173,0.037,approved,9,,,FREESHIP
EVT202074,C48935,S5777059909,add_to_cart,2024-08-15 13:48:44,mobile,Edge,iOS,direct,IN,,B,False,5,268,62,162.82,0.19,0.129,,3,P8126,Automotive,NONE
EVT202075,C75841,S6075042573,product_view,2024-05-20 04:27:48,desktop,Firefox,macOS,paid_search,AU,,A,False,4,189,51,29.89,0.132,0.133,,7,P5702,Automotive,FREESHIP
EVT202076,C77853,S7897514958,product_view,2025-05-24 07:17:17,desktop,Firefox,Android,direct,AU,,B,False,5,461,5,1.35,0.241,0.155,,3,P7964,Automotive,NONE
EVT202077,C25242,S8748849284,product_view,2025-02-12 10:19:42,mobile,Safari,Windows,affiliate,CA,,B,True,3,257,20,28.58,0.127,0.0,,2,P8122,Pets,NONE
EVT202078,C99377,S6700566714,page_view,2025-03-11 15:13:43,desktop,Safari,Linux,organic_search,FR,,B,True,4,370,59,31.82,0.148,0.227,,7,,,NONE
EVT202079,C44441,S6679557842,product_view,2024-08-30 11:29:36,mobile,Firefox,Linux,paid_search,US,KY,B,True,3,509,73,10.56,0.12,0.208,,10,P2866,Apparel,NONE
EVT202080,C12926,S4954024100,add_to_cart,2024-08-27 16:12:54,desktop,Safari,macOS,email,MX,,A,False,3,271,51,51.27,0.11,0.143,,1,P1916,Automotive,WELCOME10
EVT202081,C97288,S4154611865,product_view,2024-06-11 00:54:39,mobile,Chrome,Windows,organic_search,US,IN,A,False,5,276,63,34.68,0.182,0.168,,5,P9244,Sports,NONE
EVT202082,C15349,S3591242990,checkout_start,2025-06-17 02:13:31,mobile,Firefox,Linux,organic_search,MX,,A,False,3,381,9,187.53,0.082,0.0,,2,,,NONE
EVT202083,C86640,S1226370709,add_to_cart,2024-05-04 20:31:22,desktop,Chrome,macOS,paid_search,IN,,B,False,5,198,50,123.71,0.168,0.227,,2,P5342,Toys,WELCOME10
EVT202084,C47063,S1786040006,add_to_cart,2024-06-01 13:48:13,mobile,Chrome,Windows,organic_search,BR,,A,False,2,208,75,49.44,0.147,0.0,,4,P7603,Pets,NONE
EVT202085,C42406,S1822692161,payment_attempt,2024-03-08 00:59:20,mobile,Chrome,Linux,direct,IN,,A,True,3,310,10,37.36,0.134,0.148,approved,10,,,NONE
EVT202086,C59700,S1295080067,payment_attempt,2024-10-05 14:58:54,desktop,Opera,iOS,organic_search,FR,,B,True,4,164,24,195.83,0.076,0.0,approved,6,,,FREESHIP
EVT202087,C69252,S8834073216,add_to_cart,2024-07-08 10:29:07,desktop,Edge,Android,organic_search,GB,,A,False,5,243,34,62.88,0.175,0.437,,2,P7320,Beauty,WELCOME10
EVT202088,C71123,S1164469218,page_view,2024-10-19 11:14:28,mobile,Edge,Linux,affiliate,DE,,A,True,5,289,51,33.01,0.005,0.073,,8,,,NONE
EVT202089,C27053,S6218226834,page_view,2025-01-11 07:31:22,mobile,Opera,Android,social,US,AZ,A,True,1,383,17,22.05,0.131,0.089,,3,,,NONE
EVT202090,C55766,S9899164187,product_view,2024-02-13 16:54:51,mobile,Chrome,Linux,direct,CA,,B,True,3,218,35,12.36,0.162,0.432,,1,P7137,Sports,NONE
EVT202091,C26114,S5133229302,purchase,2024-07-11 02:46:27,desktop,Opera,macOS,paid_search,AU,,A,False,4,242,25,57.26,0.21,0.315,approved,6,P7042,Beauty,NONE
EVT202092,C55059,S1304142641,return_initiated,2025-04-19 22:45:16,mobile,Chrome,Windows,email,DE,,A,False,2,283,22,26.23,0.124,0.212,,10,P7723,Toys,NONE
EVT202093,C49443,S2925359930,payment_attempt,2024-10-15 23:26:46,mobile,Chrome,macOS,organic_search,MX,,B,True,8,229,7,55.42,0.066,0.0,approved,10,,,HOLIDAY20
EVT202094,C77201,S6672970909,purchase,2024-05-11 10:41:07,mobile,Opera,macOS,direct,DE,,A,False,7,463,56,150.77,0.164,0.279,approved,9,P1397,Beauty,WELCOME10
EVT202095,C46883,S5296305977,checkout_start,2024-04-12 22:21:16,desktop,Edge,Android,direct,BR,,A,True,5,269,24,168.06,0.107,0.216,,4,,,FREESHIP
EVT202096,C39863,S1113388917,add_to_cart,2024-06-20 05:16:04,desktop,Firefox,macOS,organic_search,MX,,A,False,3,364,40,132.95,0.073,0.0,,2,P3849,Home,NONE
EVT202097,C97362,S4985650090,product_view,2024-09-30 03:05:30,desktop,Opera,Windows,social,CA,,A,False,6,395,65,44.56,0.107,0.11,,6,P3855,Beauty,NONE
EVT202098,C78025,S7926565999,page_view,2025-02-09 00:22:40,tablet,Firefox,Linux,direct,GB,,A,True,2,487,26,30.13,0.231,0.09,,4,,,NONE
EVT202099,C39214,S3093380970,payment_attempt,2024-11-02 22:13:28,desktop,Edge,Android,paid_search,FR,,B,False,3,218,51,124.06,0.143,0.017,approved,3,,,NONE
EVT202100,C71066,S6719710809,product_view,2024-07-15 18:01:03,desktop,Safari,Linux,social,US,CT,A,False,3,518,5,26.48,0.042,0.139,,4,P8769,Home,WELCOME10
EVT202101,C50526,S1752237403,checkout_start,2024-06-11 05:18:52,desktop,Safari,macOS,affiliate,FR,,A,False,4,478,33,185.83,0.162,0.073,,2,,,WELCOME10
EVT202102,C66758,S3171856162,page_view,2024-10-23 15:18:54,mobile,Edge,Linux,direct,AU,,B,True,3,272,43,35.4,0.134,0.085,,2,,,NONE
EVT202103,C36290,S5340923125,add_to_cart,2024-03-08 16:42:17,mobile,Opera,macOS,affiliate,AU,,B,True,3,215,28,204.23,0.14,0.0,,5,P3629,Toys,NONE
EVT202104,C47818,S7671761114,page_view,2024-04-16 14:31:21,desktop,Edge,macOS,direct,MX,,A,True,5,381,53,25.0,0.281,0.0,,8,,,NONE
EVT202105,C74557,S9335490315,product_view,2025-04-28 23:04:39,mobile,Edge,macOS,email,FR,,B,True,2,298,73,22.34,0.144,0.246,,5,P1696,Sports,NONE
EVT202106,C98238,S7986458868,add_to_cart,2024-01-15 11:39:40,desktop,Opera,iOS,direct,BR,,A,False,2,299,16,66.25,0.163,0.164,,6,P6343,Home,NONE
EVT202107,C74208,S1180566195,page_view,2024-10-11 18:37:19,desktop,Firefox,Linux,paid_search,MX,,A,True,2,337,37,0.35,0.079,0.124,,5,,,WELCOME10
EVT202108,C97006,S7455068210,add_to_cart,2025-03-25 15:59:08,desktop,Opera,Android,direct,MX,,B,False,5,321,36,117.44,0.124,0.0,,10,P9077,Sports,NONE
EVT202109,C94509,S9028140255,payment_attempt,2025-03-30 00:17:01,tablet,Chrome,Windows,direct,CA,,B,False,3,342,42,108.75,0.094,0.375,approved,3,,,WELCOME10
EVT202110,C78393,S2517155186,product_view,2024-02-16 14:12:40,mobile,Chrome,Windows,direct,IN,,A,True,4,149,33,39.87,0.016,0.276,,2,P9525,Books,HOLIDAY20
EVT202111,C25612,S7674822492,product_view,2024-11-12 07:12:41,mobile,Safari,Linux,paid_search,GB,,A,False,2,249,55,35.54,0.162,0.174,,5,P2270,Pets,NONE
EVT202112,C86834,S1811762408,payment_attempt,2024-03-19 19:07:35,tablet,Edge,Windows,direct,US,UT,A,False,3,372,14,43.33,0.132,0.178,approved,1,,,NONE
EVT202113,C61716,S4377110745,page_view,2025-06-13 10:04:44,desktop,Chrome,macOS,direct,BR,,B,False,6,388,5,40.31,0.0,0.17,,5,,,VIP25
EVT202114,C69383,S9007965369,add_to_cart,2024-08-14 03:21:54,tablet,Opera,Windows,direct,MX,,A,False,5,257,45,170.41,0.23,0.0,,5,P3103,Home,NONE
EVT202115,C72013,S9916093970,product_view,2024-05-31 00:57:46,mobile,Firefox,Windows,paid_search,BR,,B,True,1,469,8,37.65,0.179,0.274,,7,P1794,Grocery,WELCOME10
EVT202116,C81507,S2305855581,page_view,2024-04-04 18:20:45,tablet,Edge,Linux,affiliate,DE,,A,True,3,227,37,29.73,0.203,0.047,,1,,,WELCOME10
EVT202117,C68942,S7265813019,add_to_cart,2025-02-12 22:25:55,mobile,Edge,iOS,social,DE,,A,False,4,391,47,41.51,0.162,0.343,,4,P1542,Automotive,NONE
EVT202118,C59853,S2400155699,payment_attempt,2025-05-06 21:38:55,desktop,Chrome,iOS,direct,BR,,A,True,1,369,48,87.97,0.065,0.0,approved,6,,,WELCOME10
EVT202119,C12404,S4143836256,checkout_start,2025-02-23 08:36:19,mobile,Firefox,Windows,organic_search,CA,,B,False,6,287,42,95.66,0.114,0.0,,6,,,WELCOME10
EVT202120,C22551,S9393774570,page_view,2024-03-02 22:30:56,desktop,Edge,macOS,direct,CA,,A,True,1,261,46,3.88,0.098,0.0,,6,,,NONE
EVT202121,C74313,S7568869317,add_to_cart,2025-01-16 10:31:51,desktop,Chrome,iOS,direct,MX,,B,True,5,412,59,33.1,0.213,0.169,,9,P6543,Electronics,WELCOME10
EVT202122,C76318,S1084089465,add_to_cart,2024-11-26 00:57:16,mobile,Firefox,iOS,direct,CA,,A,True,4,386,38,191.46,0.07,0.202,,6,P3009,Grocery,WELCOME10
EVT202123,C84623,S6566170698,product_view,2024-01-22 07:34:09,desktop,Chrome,Linux,affiliate,CA,,A,False,3,319,53,4.57,0.168,0.0,,4,P2633,Apparel,NONE
EVT202124,C11173,S7398224396,add_to_cart,2024-04-12 06:30:46,desktop,Firefox,Android,direct,MX,,A,True,4,438,59,119.92,0.123,0.026,,1,P2180,Automotive,NONE
EVT202125,C91475,S5306948737,checkout_start,2025-02-26 07:29:11,desktop,Opera,iOS,social,AU,,B,True,3,521,23,207.63,0.149,0.0,,4,,,WELCOME10
EVT202126,C85376,S9148052284,page_view,2024-01-02 17:10:40,desktop,Opera,Android,organic_search,BR,,B,True,2,428,22,34.52,0.198,0.068,,5,,,NONE
EVT202127,C57598,S3794682068,page_view,2024-02-17 23:00:07,mobile,Chrome,Linux,social,US,MI,A,False,5,324,42,36.23,0.193,0.029,,7,,,NONE
EVT202128,C81678,S8130260117,product_view,2024-11-01 05:46:53,desktop,Safari,Linux,email,FR,,B,False,7,282,23,18.65,0.18,0.0,,7,P9603,Pets,NONE
EVT202129,C73535,S3742496727,add_to_cart,2024-02-17 13:25:32,desktop,Opera,iOS,email,DE,,B,True,6,338,55,152.37,0.201,0.129,,4,P9304,Toys,NONE
EVT202130,C78451,S4073792678,purchase,2024-04-23 06:34:03,desktop,Safari,Android,direct,IN,,A,True,4,360,24,31.2,0.038,0.106,approved,2,P2914,Apparel,NONE
EVT202131,C75888,S8846235493,add_to_cart,2024-10-17 06:25:45,mobile,Opera,iOS,direct,BR,,B,True,6,379,21,144.33,0.166,0.0,,10,P4258,Apparel,WELCOME10
EVT202132,C13424,S9845325540,product_view,2024-10-26 08:47:52,desktop,Edge,Android,paid_search,AU,,B,True,3,375,38,16.23,0.082,0.0,,7,P2971,Pets,FREESHIP
EVT202133,C33894,S2422231172,page_view,2025-01-31 08:27:32,mobile,Opera,iOS,organic_search,US,MT,B,False,2,262,29,30.54,0.107,0.0,,3,,,NONE
EVT202134,C83034,S2442937968,add_to_cart,2024-10-30 21:08:51,desktop,Edge,Windows,direct,BR,,A,True,3,129,61,196.21,0.132,0.0,,9,P2662,Books,NONE
EVT202135,C48529,S1080319365,checkout_start,2025-03-03 21:45:52,desktop,Firefox,Windows,direct,US,OK,B,True,3,328,34,141.99,0.259,0.052,,6,,,HOLIDAY20
EVT202136,C66945,S3953328002,payment_attempt,2025-03-27 14:38:02,tablet,Firefox,iOS,paid_search,BR,,B,True,2,256,33,37.19,0.063,0.12,approved,2,,,VIP25
EVT202137,C54192,S7341480480,checkout_start,2024-09-07 03:12:39,mobile,Firefox,Android,organic_search,CA,,B,True,3,206,51,182.33,0.128,0.151,,6,,,NONE
EVT202138,C90697,S1992052940,payment_attempt,2024-09-23 13:55:51,mobile,Edge,macOS,social,AU,,A,True,4,274,50,68.9,0.19,0.0,approved,5,,,FREESHIP
EVT202139,C48793,S2165257003,payment_attempt,2024-01-14 00:11:16,desktop,Chrome,Android,social,AU,,B,False,3,390,27,236.6,0.005,0.0,approved,3,,,FREESHIP
EVT202140,C71338,S6287679738,product_view,2024-12-03 17:44:01,mobile,Edge,macOS,paid_search,DE,,A,True,3,312,36,0.11,0.151,0.222,,2,P1345,Apparel,WELCOME10
EVT202141,C25309,S3928677143,add_to_cart,2025-03-25 17:17:56,mobile,Firefox,Android,email,MX,,A,False,2,333,12,68.1,0.177,0.159,,9,P7897,Books,NONE
EVT202142,C79331,S7574638537,product_view,2024-05-31 18:56:34,mobile,Safari,macOS,organic_search,CA,,A,True,5,357,69,11.46,0.115,0.093,,7,P8780,Pets,WELCOME10
EVT202143,C86594,S1911100549,product_view,2025-03-07 09:28:32,mobile,Safari,macOS,direct,MX,,B,True,6,389,5,25.75,0.146,0.017,,8,P8556,Apparel,HOLIDAY20
EVT202144,C17942,S6020251718,payment_attempt,2024-09-25 16:23:59,desktop,Edge,iOS,organic_search,IN,,B,True,6,224,47,155.27,0.139,0.199,approved,3,,,NONE
EVT202145,C97810,S6582726751,product_view,2025-06-05 18:20:24,mobile,Opera,Linux,email,FR,,A,False,7,294,34,42.97,0.117,0.107,,4,P4828,Automotive,NONE
EVT202146,C79270,S8288151377,product_view,2025-01-25 23:02:12,desktop,Opera,iOS,direct,BR,,A,True,6,370,51,14.61,0.223,0.033,,7,P6415,Grocery,NONE
EVT202147,C16775,S6363331819,product_view,2025-02-03 04:32:46,desktop,Opera,Windows,social,AU,,B,False,2,163,13,6.56,0.298,0.071,,7,P1152,Grocery,NONE
EVT202148,C54281,S1039591865,product_view,2025-05-09 18:10:22,mobile,Chrome,Linux,email,FR,,A,True,6,80,37,41.68,0.101,0.124,,9,P4686,Beauty,FREESHIP
EVT202149,C61928,S6508288309,checkout_start,2024-12-24 02:22:54,mobile,Safari,Android,email,FR,,A,False,6,435,38,188.92,0.168,0.28,,1,,,WELCOME10
EVT202150,C59324,S6691401843,page_view,2025-05-08 14:13:08,desktop,Chrome,macOS,direct,CA,,B,True,3,436,11,29.0,0.171,0.084,,10,,,WELCOME10
EVT202151,C51428,S5703204846,purchase,2025-01-20 06:44:30,desktop,Opera,iOS,direct,MX,,A,False,5,279,53,168.54,0.126,0.076,approved,2,P8604,Automotive,FREESHIP
EVT202152,C54050,S8216387795,page_view,2024-04-24 13:38:45,mobile,Chrome,iOS,paid_search,DE,,B,False,6,195,57,14.6,0.261,0.057,,10,,,NONE
EVT202153,C32831,S1138502598,page_view,2024-03-10 03:02:11,tablet,Firefox,Linux,organic_search,BR,,A,True,3,322,50,26.49,0.125,0.288,,1,,,NONE
EVT202154,C80349,S9872799792,checkout_start,2024-10-04 20:54:11,desktop,Firefox,Linux,direct,CA,,A,False,2,451,42,70.1,0.218,0.153,,5,,,NONE
EVT202155,C96244,S4477944275,product_view,2024-01-14 09:09:51,desktop,Firefox,Linux,direct,DE,,A,True,2,345,39,38.95,0.056,0.078,,1,P2062,Grocery,FREESHIP
EVT202156,C21821,S9530542289,page_view,2025-03-25 03:19:14,desktop,Opera,iOS,social,CA,,A,True,4,440,32,11.48,0.0,0.15,,9,,,WELCOME10
EVT202157,C64789,S8942779997,page_view,2024-06-17 06:51:28,mobile,Safari,Linux,organic_search,DE,,A,True,3,300,24,6.86,0.126,0.118,,5,,,NONE
EVT202158,C13857,S7063931842,page_view,2025-05-15 14:40:44,mobile,Chrome,Android,direct,GB,,A,True,6,382,20,40.49,0.145,0.192,,8,,,FREESHIP
EVT202159,C61220,S7233351735,product_view,2024-05-27 12:46:31,mobile,Firefox,macOS,direct,CA,,B,True,4,640,62,27.99,0.229,0.274,,8,P7516,Pets,HOLIDAY20
EVT202160,C86878,S2939879374,add_to_cart,2025-06-20 09:34:16,mobile,Edge,Windows,organic_search,CA,,A,True,5,515,13,72.49,0.219,0.215,,10,P4606,Home,NONE
EVT202161,C46911,S3692391696,page_view,2024-03-10 00:37:59,mobile,Opera,Android,paid_search,CA,,B,True,4,444,43,21.49,0.176,0.316,,10,,,NONE
EVT202162,C67613,S8310506210,add_to_cart,2025-03-22 21:28:40,mobile,Chrome,Windows,organic_search,BR,,A,True,4,280,62,57.23,0.146,0.0,,3,P1909,Grocery,NONE
EVT202163,C43286,S1960630910,add_to_cart,2025-06-04 12:43:16,mobile,Chrome,Linux,affiliate,US,IA,B,False,3,278,38,173.9,0.233,0.162,,4,P8844,Books,NONE
EVT202164,C78456,S9393412175,add_to_cart,2024-12-14 14:24:17,tablet,Opera,iOS,email,IN,,A,True,5,387,40,138.61,0.077,0.23,,5,P2167,Automotive,NONE
EVT202165,C41084,S6750329641,product_view,2025-04-18 05:26:27,desktop,Safari,Windows,email,CA,,A,True,3,425,28,33.12,0.005,0.271,,7,P7955,Apparel,NONE
EVT202166,C35500,S3158329768,product_view,2024-12-31 00:56:12,mobile,Chrome,Android,email,GB,,A,True,5,353,29,42.97,0.129,0.152,,5,P1255,Pets,WELCOME10
EVT202167,C39430,S7122958931,product_view,2025-04-05 07:18:34,desktop,Edge,macOS,paid_search,US,VT,A,False,3,425,33,16.32,0.177,0.462,,10,P3235,Sports,VIP25
EVT202168,C74838,S7798628084,product_view,2024-08-21 08:22:10,desktop,Edge,macOS,organic_search,DE,,B,True,4,314,29,32.22,0.194,0.331,,8,P5166,Sports,NONE
EVT202169,C43202,S9733910325,page_view,2024-06-11 16:20:30,desktop,Edge,Android,email,MX,,A,True,2,312,42,37.7,0.112,0.195,,4,,,HOLIDAY20
EVT202170,C47227,S2544919224,checkout_start,2024-07-26 02:37:27,desktop,Edge,iOS,direct,BR,,A,True,5,381,46,166.26,0.315,0.18,,9,,,NONE
EVT202171,C59642,S9633700893,product_view,2025-05-25 21:19:40,mobile,Opera,macOS,organic_search,FR,,B,False,6,363,17,17.06,0.086,0.007,,6,P7777,Toys,NONE
EVT202172,C43812,S3776931903,purchase,2025-04-28 11:36:30,mobile,Edge,iOS,organic_search,GB,,B,False,7,196,40,35.75,0.12,0.0,approved,7,P5945,Electronics,WELCOME10
EVT202173,C42940,S7712525629,product_view,2024-12-16 20:07:28,desktop,Safari,Linux,affiliate,AU,,A,True,1,482,26,13.16,0.195,0.212,,3,P6954,Apparel,NONE
EVT202174,C75399,S7136148060,payment_attempt,2024-02-26 19:27:10,mobile,Opera,iOS,paid_search,BR,,A,True,4,403,16,155.81,0.0,0.172,approved,9,,,NONE
EVT202175,C15734,S6525652462,checkout_start,2024-10-28 21:13:26,desktop,Edge,iOS,organic_search,CA,,B,False,3,493,34,214.15,0.005,0.0,,2,,,NONE
EVT202176,C35978,S3117855149,add_to_cart,2024-02-16 20:51:16,mobile,Opera,iOS,email,AU,,A,True,7,348,32,133.3,0.136,0.0,,4,P1772,Toys,VIP25
EVT202177,C39234,S8720385616,checkout_start,2024-09-23 21:59:55,mobile,Safari,Windows,email,FR,,B,True,3,148,22,178.79,0.112,0.049,,1,,,WELCOME10
EVT202178,C70489,S8151735659,product_view,2024-12-07 02:34:44,mobile,Safari,Windows,direct,MX,,B,False,4,412,45,26.64,0.15,0.14,,3,P8891,Pets,WELCOME10
EVT202179,C19566,S4758578252,page_view,2024-06-27 16:55:58,mobile,Safari,Android,email,GB,,B,True,8,269,86,46.37,0.043,0.075,,9,,,FREESHIP
EVT202180,C30032,S5880436520,add_to_cart,2024-04-15 01:46:41,mobile,Firefox,iOS,direct,GB,,B,True,1,499,41,181.56,0.2,0.0,,7,P2728,Electronics,FREESHIP
EVT202181,C42407,S3894234046,product_view,2024-10-03 21:29:50,desktop,Opera,Android,direct,FR,,B,False,3,257,6,12.29,0.168,0.0,,4,P6526,Beauty,NONE
EVT202182,C77967,S5774822124,add_to_cart,2024-09-10 23:20:56,mobile,Chrome,macOS,email,IN,,A,True,4,266,26,97.62,0.07,0.0,,1,P6010,Books,NONE
EVT202183,C36948,S9352915711,product_view,2024-03-18 07:21:43,mobile,Opera,Android,organic_search,BR,,B,False,2,442,42,20.91,0.106,0.046,,7,P4339,Electronics,NONE
EVT202184,C64938,S6031343112,page_view,2024-02-24 07:48:53,desktop,Firefox,macOS,organic_search,MX,,B,False,3,333,16,31.48,0.027,0.134,,9,,,NONE
EVT202185,C20907,S8567193446,add_to_cart,2025-05-14 22:42:45,desktop,Safari,macOS,social,GB,,B,False,6,394,11,35.86,0.079,0.124,,3,P3089,Apparel,FREESHIP
EVT202186,C68882,S6118895521,product_view,2024-11-01 19:05:05,tablet,Chrome,Windows,organic_search,FR,,B,False,5,284,57,0.87,0.209,0.0,,5,P6792,Beauty,NONE
EVT202187,C29799,S3349492226,add_to_cart,2024-12-13 16:00:29,mobile,Opera,Android,direct,GB,,B,False,5,95,72,35.9,0.106,0.168,,10,P9329,Beauty,HOLIDAY20
EVT202188,C44124,S9263601592,purchase,2024-01-26 07:39:33,mobile,Edge,Linux,paid_search,FR,,A,True,3,355,34,150.94,0.104,0.104,approved,3,P3070,Grocery,NONE
EVT202189,C28372,S9876718307,product_view,2024-10-08 18:21:34,mobile,Opera,Linux,social,GB,,B,False,4,436,27,11.97,0.034,0.0,,9,P8686,Electronics,NONE
EVT202190,C93278,S3364437889,add_to_cart,2025-05-30 03:51:09,mobile,Edge,iOS,paid_search,AU,,B,True,5,435,59,33.56,0.108,0.0,,4,P8496,Home,FREESHIP
EVT202191,C39169,S1002522926,page_view,2024-08-25 20:52:20,desktop,Opera,iOS,direct,AU,,B,True,2,231,49,8.36,0.097,0.278,,7,,,NONE
EVT202192,C47751,S5552233125,page_view,2025-06-22 05:40:21,mobile,Safari,macOS,direct,IN,,B,True,1,326,20,28.63,0.149,0.206,,4,,,NONE
EVT202193,C47047,S2791452902,page_view,2024-10-14 19:46:24,mobile,Safari,Android,social,US,SC,B,False,4,387,28,34.72,0.099,0.024,,7,,,WELCOME10
EVT202194,C41704,S9132139159,payment_attempt,2025-03-30 07:04:42,tablet,Edge,macOS,direct,DE,,A,False,8,433,28,42.9,0.208,0.36,approved,5,,,NONE
EVT202195,C12353,S5862186362,payment_attempt,2024-10-03 11:20:31,desktop,Edge,iOS,email,AU,,A,False,2,587,31,85.56,0.219,0.151,approved,8,,,HOLIDAY20
EVT202196,C91633,S5337935860,product_view,2024-08-17 20:07:53,mobile,Edge,Windows,direct,US,IA,A,False,8,91,39,19.77,0.148,0.216,,1,P2537,Electronics,NONE
EVT202197,C50983,S4175328099,return_initiated,2024-06-20 19:45:36,desktop,Edge,macOS,organic_search,AU,,B,False,7,451,33,176.4,0.291,0.262,,2,P5775,Apparel,NONE
EVT202198,C50369,S9101597534,payment_attempt,2025-03-24 12:44:57,mobile,Opera,iOS,organic_search,MX,,B,True,2,577,27,46.72,0.084,0.194,approved,3,,,NONE
EVT202199,C15179,S5118448873,payment_attempt,2024-01-16 14:05:45,desktop,Edge,iOS,direct,MX,,B,True,3,404,5,65.94,0.115,0.367,approved,8,,,NONE
EVT202200,C63110,S2712359917,product_view,2025-06-04 07:56:39,desktop,Safari,Android,email,MX,,B,False,6,356,46,10.59,0.073,0.192,,6,P4220,Pets,WELCOME10
EVT202201,C83655,S6409952362,add_to_cart,2024-03-04 23:41:37,desktop,Opera,macOS,paid_search,AU,,A,True,2,474,38,204.03,0.127,0.158,,4,P9301,Home,NONE
EVT202202,C86695,S6993839740,add_to_cart,2025-03-17 00:47:25,desktop,Chrome,Android,email,IN,,A,True,5,371,87,151.34,0.067,0.256,,2,P7513,Home,HOLIDAY20
EVT202203,C27746,S3512159046,purchase,2024-08-17 22:22:24,desktop,Safari,Android,social,IN,,B,False,3,637,35,139.91,0.066,0.0,approved,7,P4979,Automotive,NONE
EVT202204,C44161,S7599281742,page_view,2024-03-03 17:06:30,mobile,Firefox,Android,organic_search,AU,,B,True,6,356,25,28.02,0.11,0.362,,7,,,NONE
EVT202205,C31628,S3700876814,checkout_start,2024-10-16 08:21:52,mobile,Chrome,Android,organic_search,US,DC,B,True,4,384,46,135.73,0.171,0.0,,6,,,NONE
EVT202206,C31961,S3101511511,checkout_start,2025-03-24 16:13:53,desktop,Firefox,Android,organic_search,DE,,B,True,4,570,62,189.99,0.04,0.309,,9,,,NONE
EVT202207,C78665,S4793767471,add_to_cart,2024-05-07 20:25:50,desktop,Chrome,Linux,organic_search,BR,,B,True,2,379,17,142.55,0.138,0.0,,9,P2360,Home,FREESHIP
EVT202208,C81664,S6657029577,product_view,2025-05-08 08:08:50,desktop,Edge,macOS,direct,FR,,B,False,8,364,18,15.15,0.102,0.018,,6,P2945,Toys,NONE
EVT202209,C27616,S4049583400,product_view,2024-08-19 23:02:31,mobile,Opera,Android,direct,GB,,B,True,3,454,32,2.13,0.341,0.043,,2,P6429,Pets,NONE
EVT202210,C91875,S8912230359,add_to_cart,2025-03-26 22:37:59,desktop,Opera,Linux,direct,GB,,B,True,4,484,36,178.21,0.126,0.437,,1,P4795,Sports,HOLIDAY20
EVT202211,C48852,S3167183358,product_view,2024-11-10 12:06:47,desktop,Edge,iOS,paid_search,IN,,A,False,3,407,52,18.58,0.176,0.09,,1,P1874,Apparel,FREESHIP
EVT202212,C80467,S8403484389,add_to_cart,2024-12-18 15:09:53,mobile,Firefox,Android,direct,FR,,A,True,3,575,5,222.34,0.079,0.181,,7,P4692,Toys,NONE
EVT202213,C31813,S8922991551,page_view,2024-01-30 05:42:20,mobile,Safari,Linux,organic_search,IN,,B,True,3,332,5,36.88,0.073,0.437,,9,,,FREESHIP
EVT202214,C20521,S9632825405,checkout_start,2024-05-15 03:56:47,mobile,Edge,Windows,paid_search,DE,,A,True,3,374,30,32.15,0.182,0.239,,7,,,WELCOME10
EVT202215,C82221,S5818772402,product_view,2024-08-23 14:26:48,mobile,Opera,iOS,email,BR,,B,False,5,337,11,4.2,0.045,0.018,,1,P9592,Sports,NONE
EVT202216,C95795,S8044740881,page_view,2025-04-25 18:20:20,desktop,Firefox,Windows,paid_search,DE,,B,True,5,347,25,17.49,0.119,0.0,,7,,,NONE
EVT202217,C83470,S4628174656,product_view,2024-08-03 08:08:41,desktop,Opera,Android,direct,IN,,B,False,2,636,67,5.36,0.0,0.0,,2,P1039,Electronics,NONE
EVT202218,C65141,S6297624673,page_view,2024-10-02 13:15:14,desktop,Chrome,Android,organic_search,US,MT,B,True,4,476,23,14.8,0.062,0.0,,1,,,NONE
EVT202219,C58595,S6620079475,product_view,2025-02-04 05:36:18,desktop,Opera,iOS,paid_search,MX,,A,False,6,474,39,37.1,0.151,0.074,,5,P8252,Books,NONE
EVT202220,C72818,S9502230570,checkout_start,2025-01-01 15:44:15,mobile,Safari,Windows,direct,IN,,B,False,4,324,57,71.36,0.081,0.175,,5,,,FREESHIP
EVT202221,C55297,S4254612438,add_to_cart,2025-01-29 12:33:13,mobile,Safari,Android,social,US,KY,B,False,7,377,7,108.2,0.069,0.0,,3,P6084,Electronics,NONE
EVT202222,C64882,S8240929766,page_view,2024-09-01 12:49:40,desktop,Edge,Android,affiliate,IN,,B,True,1,381,20,38.38,0.052,0.331,,10,,,NONE
EVT202223,C87420,S7803447597,add_to_cart,2024-06-04 05:04:43,desktop,Edge,macOS,social,FR,,B,False,4,466,32,166.17,0.094,0.217,,7,P8985,Beauty,NONE
EVT202224,C93500,S2822857212,add_to_cart,2025-01-06 17:45:05,desktop,Opera,macOS,direct,GB,,A,True,3,374,49,105.73,0.141,0.08,,9,P3827,Toys,WELCOME10
EVT202225,C70157,S7218296229,add_to_cart,2024-03-04 17:13:54,mobile,Safari,Linux,direct,US,UT,A,True,3,331,50,196.34,0.142,0.001,,8,P9955,Automotive,WELCOME10
EVT202226,C51744,S9233953199,add_to_cart,2024-01-25 18:09:58,desktop,Chrome,iOS,organic_search,FR,,B,False,6,305,43,118.85,0.023,0.108,,8,P3037,Apparel,NONE
EVT202227,C36789,S5285932407,page_view,2024-12-08 12:01:51,desktop,Opera,Android,organic_search,BR,,B,True,3,444,23,22.41,0.114,0.151,,2,,,HOLIDAY20
EVT202228,C36426,S5152702365,page_view,2024-04-20 22:54:14,desktop,Safari,macOS,affiliate,US,KY,B,False,4,417,37,34.81,0.16,0.085,,7,,,NONE
EVT202229,C34257,S6154942903,payment_attempt,2025-03-19 05:22:57,desktop,Edge,Windows,email,US,CA,B,False,3,362,14,96.42,0.087,0.032,declined,5,,,NONE
EVT202230,C58200,S2675043014,product_view,2024-03-06 18:41:03,mobile,Chrome,iOS,direct,DE,,A,True,4,397,43,25.34,0.159,0.161,,6,P9916,Electronics,WELCOME10
EVT202231,C54660,S7436363610,product_view,2024-05-23 10:14:27,mobile,Firefox,iOS,direct,AU,,A,True,5,499,55,4.21,0.138,0.259,,9,P6841,Beauty,WELCOME10
EVT202232,C98286,S7801714246,purchase,2024-07-10 05:22:29,mobile,Chrome,iOS,direct,MX,,A,True,2,278,60,108.37,0.153,0.201,approved,6,P8649,Pets,NONE
EVT202233,C31517,S3894779852,page_view,2024-01-03 06:07:08,desktop,Edge,Windows,organic_search,DE,,B,True,2,407,22,1.75,0.216,0.0,,4,,,NONE
EVT202234,C63241,S5986639364,page_view,2024-07-25 16:07:04,desktop,Opera,iOS,paid_search,GB,,A,True,3,408,20,36.71,0.17,0.105,,4,,,WELCOME10
EVT202235,C46354,S7285937459,page_view,2025-01-10 15:45:34,desktop,Safari,Android,direct,CA,,A,True,5,80,50,4.44,0.11,0.1,,4,,,WELCOME10
EVT202236,C39951,S4270159499,add_to_cart,2024-07-10 21:28:17,desktop,Safari,macOS,paid_search,IN,,B,True,5,507,36,95.73,0.211,0.055,,7,P6725,Sports,HOLIDAY20
EVT202237,C75556,S7207944956,add_to_cart,2025-01-26 05:10:17,desktop,Safari,Windows,organic_search,BR,,A,False,2,252,54,171.55,0.104,0.0,,6,P3145,Books,NONE
EVT202238,C67609,S6639235311,purchase,2024-09-20 08:00:37,mobile,Safari,Linux,social,US,AR,A,False,3,104,69,22.66,0.224,0.0,approved,7,P5967,Home,NONE
EVT202239,C32746,S7774021700,payment_attempt,2024-04-18 02:15:36,tablet,Firefox,Linux,organic_search,US,ME,B,False,7,275,22,86.83,0.263,0.193,approved,4,,,FREESHIP
EVT202240,C94111,S3305216824,add_to_cart,2024-08-12 22:13:57,mobile,Edge,Android,organic_search,MX,,B,True,3,293,8,114.79,0.0,0.442,,4,P1971,Pets,NONE
EVT202241,C13682,S9648098236,page_view,2024-02-26 01:23:04,desktop,Opera,Android,email,CA,,B,False,4,446,49,22.63,0.091,0.2,,1,,,NONE
EVT202242,C71942,S8007748849,add_to_cart,2025-06-22 20:14:52,mobile,Safari,macOS,organic_search,BR,,A,True,5,529,50,53.39,0.082,0.098,,5,P3393,Books,NONE
EVT202243,C52166,S5793483244,product_view,2025-02-11 21:43:20,mobile,Firefox,iOS,direct,US,MA,B,False,1,447,25,31.71,0.115,0.119,,2,P2908,Grocery,NONE
EVT202244,C80748,S3940430117,payment_attempt,2025-05-16 13:16:36,desktop,Firefox,macOS,direct,CA,,B,True,8,284,68,182.05,0.264,0.394,declined,3,,,NONE
EVT202245,C80527,S6917687839,add_to_cart,2024-07-02 06:49:58,mobile,Chrome,iOS,paid_search,CA,,A,True,3,309,30,148.1,0.161,0.196,,5,P2047,Apparel,NONE
EVT202246,C53803,S4076330745,page_view,2024-11-17 15:29:24,desktop,Opera,Android,email,IN,,A,True,4,363,39,31.08,0.209,0.141,,7,,,NONE
EVT202247,C95756,S1447295769,add_to_cart,2024-06-24 11:29:39,desktop,Safari,iOS,paid_search,US,KY,A,True,5,460,36,126.46,0.035,0.025,,7,P6681,Beauty,FREESHIP
EVT202248,C89274,S7170721357,add_to_cart,2024-01-07 11:38:43,tablet,Safari,Linux,email,IN,,A,True,4,425,37,20.44,0.158,0.144,,5,P3459,Automotive,NONE
EVT202249,C94155,S8914001615,checkout_start,2024-06-19 04:43:51,mobile,Firefox,Linux,direct,BR,,A,True,3,594,15,103.17,0.246,0.073,,10,,,WELCOME10
EVT202250,C83423,S5845262685,add_to_cart,2024-08-01 00:13:54,desktop,Firefox,iOS,direct,BR,,B,False,4,138,39,48.1,0.102,0.216,,6,P7323,Beauty,NONE
EVT202251,C85961,S3499210171,page_view,2024-01-18 03:26:45,desktop,Firefox,macOS,direct,BR,,B,False,5,370,26,21.56,0.125,0.115,,5,,,FREESHIP
EVT202252,C96550,S8874965123,payment_attempt,2025-05-29 01:39:15,desktop,Edge,macOS,organic_search,DE,,B,True,1,415,47,50.44,0.208,0.212,approved,7,,,WELCOME10
EVT202253,C85783,S7079591689,add_to_cart,2025-01-16 22:06:07,mobile,Chrome,Android,email,AU,,A,False,5,187,65,196.76,0.205,0.0,,3,P6645,Grocery,NONE
EVT202254,C10531,S8153291942,page_view,2024-10-14 00:58:05,desktop,Chrome,macOS,email,AU,,B,False,5,351,20,34.4,0.161,0.305,,5,,,FREESHIP
EVT202255,C88915,S5377185677,page_view,2024-11-22 16:55:30,mobile,Edge,Linux,direct,BR,,A,False,2,594,49,14.64,0.086,0.212,,1,,,NONE
EVT202256,C46865,S8454959400,product_view,2024-12-23 15:20:23,mobile,Edge,Linux,email,FR,,B,True,6,368,55,29.89,0.159,0.014,,2,P6799,Sports,NONE
EVT202257,C47295,S4693704388,page_view,2024-09-08 21:39:53,mobile,Edge,Windows,email,US,ME,B,True,7,304,5,7.06,0.244,0.184,,7,,,NONE
EVT202258,C79883,S3943061194,product_view,2025-04-03 21:40:35,desktop,Safari,iOS,organic_search,IN,,A,True,1,435,54,43.3,0.047,0.217,,7,P2666,Pets,NONE
EVT202259,C85632,S7860757484,page_view,2024-06-03 16:32:02,mobile,Chrome,macOS,paid_search,MX,,B,False,5,494,22,18.62,0.148,0.0,,7,,,NONE
EVT202260,C60002,S2067950182,payment_attempt,2024-04-04 05:26:22,mobile,Chrome,Android,paid_search,MX,,A,True,4,269,66,67.85,0.117,0.0,approved,1,,,NONE
EVT202261,C62389,S1219819763,payment_attempt,2025-05-27 05:19:08,desktop,Safari,Android,email,IN,,A,False,6,207,39,114.46,0.161,0.063,declined,2,,,FREESHIP
EVT202262,C83720,S6473491387,payment_attempt,2024-11-27 21:38:36,mobile,Chrome,Windows,direct,US,ND,A,True,2,200,16,49.93,0.069,0.131,approved,7,,,WELCOME10
EVT202263,C41950,S6602881458,product_view,2024-03-18 13:10:29,desktop,Edge,macOS,social,CA,,A,True,10,267,29,3.25,0.0,0.0,,2,P5544,Pets,HOLIDAY20
EVT202264,C23631,S1289130850,product_view,2024-03-10 22:15:56,desktop,Safari,Windows,paid_search,FR,,A,True,5,328,56,3.61,0.175,0.003,,3,P3224,Toys,NONE
EVT202265,C41527,S5918606153,add_to_cart,2025-03-30 01:01:25,desktop,Opera,Android,paid_search,AU,,A,False,3,373,49,206.73,0.117,0.016,,4,P3285,Sports,NONE
EVT202266,C99907,S9234002900,page_view,2024-07-06 22:18:49,mobile,Edge,Linux,paid_search,DE,,A,True,5,380,49,35.76,0.219,0.158,,10,,,NONE
EVT202267,C38575,S7185695483,product_view,2024-06-11 18:15:34,mobile,Edge,Android,social,US,NJ,B,True,4,303,46,28.04,0.243,0.146,,9,P4687,Home,FREESHIP
EVT202268,C31055,S3717418855,product_view,2024-09-18 19:10:16,tablet,Chrome,iOS,social,MX,,A,True,4,366,25,4.24,0.225,0.0,,10,P5911,Toys,WELCOME10
EVT202269,C45397,S6505644162,add_to_cart,2024-06-14 09:45:25,tablet,Edge,Linux,social,AU,,A,False,5,508,16,149.23,0.076,0.035,,4,P8694,Automotive,WELCOME10
EVT202270,C70491,S5969192630,checkout_start,2024-07-10 08:04:39,desktop,Chrome,macOS,direct,CA,,A,True,4,221,29,109.29,0.127,0.155,,9,,,NONE
EVT202271,C53593,S7023815138,purchase,2024-07-19 17:39:27,desktop,Firefox,macOS,organic_search,MX,,A,False,7,282,54,40.77,0.2,0.288,approved,6,P8836,Sports,NONE
EVT202272,C25454,S4011051811,page_view,2024-10-22 05:00:16,mobile,Chrome,Windows,direct,CA,,B,True,4,269,24,20.19,0.189,0.091,,6,,,NONE
EVT202273,C18240,S2604347659,product_view,2024-06-13 00:13:42,mobile,Safari,macOS,paid_search,DE,,B,True,3,182,20,36.16,0.091,0.087,,5,P7530,Pets,NONE
EVT202274,C43573,S7982995058,payment_attempt,2025-04-20 09:00:17,mobile,Edge,Linux,organic_search,IN,,A,False,5,410,41,90.24,0.243,0.017,approved,3,,,NONE
EVT202275,C94965,S6068298500,product_view,2024-06-01 22:24:47,desktop,Chrome,iOS,paid_search,BR,,A,True,5,202,52,25.51,0.272,0.0,,6,P1136,Sports,NONE
EVT202276,C38927,S7594436610,purchase,2024-02-09 23:47:01,desktop,Safari,macOS,social,CA,,B,True,6,261,60,139.84,0.102,0.268,approved,3,P5717,Toys,NONE
EVT202277,C68334,S1345701007,page_view,2025-02-25 11:18:53,mobile,Firefox,Android,organic_search,AU,,B,False,4,391,29,0.49,0.032,0.101,,10,,,WELCOME10
EVT202278,C98401,S4383161580,product_view,2025-03-31 22:53:42,desktop,Opera,macOS,direct,AU,,B,True,6,386,35,28.42,0.137,0.159,,4,P2230,Grocery,NONE
EVT202279,C33227,S5612329607,add_to_cart,2025-06-03 23:30:26,mobile,Safari,iOS,organic_search,MX,,B,True,2,289,47,131.83,0.17,0.315,,2,P2860,Beauty,NONE
EVT202280,C24272,S5543996279,purchase,2025-06-16 22:52:45,desktop,Opera,iOS,organic_search,BR,,A,True,8,526,41,61.38,0.176,0.081,approved,10,P4497,Toys,NONE
EVT202281,C23531,S1181694058,checkout_start,2025-06-11 21:42:04,mobile,Opera,iOS,organic_search,CA,,A,True,3,284,36,131.84,0.215,0.135,,9,,,NONE
EVT202282,C65924,S9866850505,page_view,2025-02-07 23:38:02,mobile,Firefox,Windows,email,GB,,A,True,2,625,11,25.16,0.232,0.302,,3,,,NONE
EVT202283,C44329,S2501857092,payment_attempt,2024-11-13 01:39:52,desktop,Safari,Windows,organic_search,IN,,B,False,9,312,24,90.29,0.131,0.129,approved,5,,,FREESHIP
EVT202284,C79910,S5932709556,page_view,2025-05-07 00:21:18,mobile,Chrome,Windows,email,FR,,B,False,2,307,28,18.01,0.076,0.333,,9,,,NONE
EVT202285,C58895,S6726967357,add_to_cart,2024-07-14 00:58:35,mobile,Chrome,Windows,email,MX,,A,True,1,156,51,53.52,0.097,0.0,,5,P2602,Toys,NONE
EVT202286,C76797,S4701029630,product_view,2024-10-21 03:17:02,mobile,Opera,macOS,direct,US,CA,B,True,6,355,49,19.38,0.02,0.022,,5,P8993,Apparel,NONE
EVT202287,C79821,S5826393919,add_to_cart,2025-04-21 10:08:56,desktop,Edge,Android,paid_search,BR,,A,True,4,519,45,30.15,0.126,0.082,,3,P8107,Home,WELCOME10
EVT202288,C72864,S7227259022,product_view,2024-05-11 19:43:19,desktop,Chrome,Linux,organic_search,FR,,B,True,2,609,30,14.44,0.047,0.129,,5,P2900,Apparel,NONE
EVT202289,C73968,S2130699767,product_view,2025-02-03 01:17:14,desktop,Edge,Linux,social,GB,,A,True,3,472,54,30.34,0.05,0.075,,5,P3651,Toys,WELCOME10
EVT202290,C74866,S5890379319,page_view,2025-04-13 15:57:41,mobile,Edge,Android,affiliate,IN,,B,True,5,141,58,24.89,0.192,0.304,,1,,,NONE
EVT202291,C43518,S7168400656,product_view,2024-11-29 00:30:55,desktop,Edge,Windows,email,US,KY,B,False,4,420,37,22.22,0.127,0.226,,1,P5335,Electronics,FREESHIP
EVT202292,C46362,S8370652320,product_view,2024-09-23 04:13:00,mobile,Safari,iOS,paid_search,AU,,B,False,4,214,52,30.09,0.0,0.14,,5,P5551,Pets,NONE
EVT202293,C72285,S4990508127,page_view,2024-02-02 18:09:19,desktop,Firefox,macOS,direct,CA,,B,True,4,407,38,34.37,0.176,0.02,,2,,,FREESHIP
EVT202294,C28427,S1570055776,add_to_cart,2024-10-31 01:36:58,desktop,Edge,Windows,direct,IN,,A,True,3,365,27,113.13,0.097,0.295,,2,P2386,Automotive,NONE
EVT202295,C56726,S9369668859,product_view,2025-01-24 20:11:40,desktop,Firefox,Windows,organic_search,IN,,A,True,5,270,35,8.09,0.213,0.181,,5,P9085,Grocery,HOLIDAY20
EVT202296,C10820,S9824143980,product_view,2024-06-30 03:40:09,mobile,Edge,Linux,social,DE,,B,False,4,476,53,14.28,0.131,0.172,,2,P2733,Electronics,NONE
EVT202297,C99837,S9625084581,add_to_cart,2024-04-24 16:14:14,mobile,Edge,iOS,direct,GB,,A,True,6,340,5,123.2,0.183,0.0,,10,P4060,Sports,FREESHIP
EVT202298,C18292,S4727730969,checkout_start,2024-05-12 00:04:19,mobile,Opera,Windows,direct,US,OK,A,False,5,331,67,142.03,0.144,0.218,,2,,,NONE
EVT202299,C76832,S6089848997,checkout_start,2025-03-21 15:02:36,desktop,Chrome,macOS,direct,BR,,B,True,4,319,48,233.03,0.066,0.116,,1,,,NONE
EVT202300,C21466,S6432347346,product_view,2025-02-20 00:25:40,mobile,Edge,macOS,paid_search,CA,,A,False,6,107,10,1.21,0.284,0.0,,3,P5925,Toys,NONE
EVT202301,C10671,S1507162396,page_view,2024-05-08 11:24:37,mobile,Opera,macOS,paid_search,FR,,B,True,2,336,38,34.12,0.237,0.12,,2,,,NONE
EVT202302,C10514,S3769635926,product_view,2024-06-02 08:50:00,desktop,Edge,Linux,organic_search,FR,,B,True,3,241,28,41.18,0.135,0.118,,8,P7213,Beauty,NONE
EVT202303,C73270,S6867249748,purchase,2024-10-25 11:47:37,mobile,Safari,Windows,direct,BR,,B,True,7,401,61,89.44,0.18,0.203,approved,3,P9112,Toys,WELCOME10
EVT202304,C32055,S2214623324,add_to_cart,2024-09-24 00:22:30,desktop,Opera,Linux,organic_search,IN,,A,False,4,490,40,38.59,0.141,0.066,,8,P3348,Electronics,WELCOME10
EVT202305,C28096,S6230407524,product_view,2024-01-29 11:34:17,mobile,Safari,Linux,social,GB,,B,False,5,292,52,31.51,0.22,0.147,,10,P1068,Grocery,NONE
EVT202306,C12158,S4202590231,page_view,2025-02-12 18:38:51,desktop,Edge,iOS,organic_search,MX,,B,True,4,588,101,33.37,0.173,0.037,,10,,,NONE
EVT202307,C91353,S4996480276,add_to_cart,2024-07-18 07:39:42,mobile,Chrome,iOS,organic_search,GB,,A,True,4,220,29,69.52,0.253,0.18,,6,P3653,Pets,WELCOME10
EVT202308,C48168,S6039406829,add_to_cart,2025-06-06 17:33:45,mobile,Firefox,Android,social,AU,,A,False,2,343,55,160.88,0.142,0.218,,2,P6712,Home,HOLIDAY20
EVT202309,C68910,S2624813358,page_view,2024-01-25 16:10:00,desktop,Opera,macOS,direct,BR,,B,True,3,544,5,25.47,0.103,0.19,,3,,,NONE
EVT202310,C47094,S9617184803,add_to_cart,2025-05-17 20:00:48,mobile,Edge,Windows,paid_search,CA,,A,True,2,449,47,123.2,0.241,0.224,,3,P3026,Home,WELCOME10
EVT202311,C26583,S2729974065,page_view,2024-06-28 19:25:02,desktop,Opera,Android,direct,CA,,A,True,3,489,78,2.17,0.154,0.506,,5,,,FREESHIP
EVT202312,C76195,S1736332136,add_to_cart,2024-04-21 18:40:35,mobile,Opera,macOS,paid_search,US,CT,A,True,3,485,24,44.91,0.162,0.13,,5,P2431,Books,NONE
EVT202313,C95668,S3182437645,payment_attempt,2025-02-22 13:24:20,mobile,Opera,Windows,affiliate,BR,,A,True,5,320,44,138.83,0.189,0.071,approved,10,,,NONE
EVT202314,C66851,S5541977864,payment_attempt,2024-03-14 16:02:03,mobile,Edge,Android,social,IN,,A,True,3,162,55,181.85,0.116,0.124,approved,7,,,NONE
EVT202315,C38567,S4025812026,checkout_start,2025-03-15 11:18:37,mobile,Chrome,Linux,direct,GB,,A,True,2,472,23,87.15,0.159,0.0,,9,,,NONE
EVT202316,C39209,S5881684054,page_view,2024-05-16 21:13:41,desktop,Opera,macOS,direct,IN,,A,True,4,466,8,33.61,0.145,0.153,,2,,,NONE
EVT202317,C72433,S2342555532,page_view,2024-10-02 08:40:01,mobile,Safari,macOS,paid_search,MX,,A,False,5,370,37,15.02,0.196,0.125,,1,,,HOLIDAY20
EVT202318,C30292,S7744897757,product_view,2024-10-27 21:40:29,mobile,Firefox,Android,direct,MX,,B,True,2,339,57,12.49,0.171,0.367,,2,P5011,Automotive,FREESHIP
EVT202319,C46848,S4881576719,product_view,2024-09-11 17:56:08,desktop,Edge,Android,organic_search,MX,,A,True,3,390,86,17.78,0.104,0.309,,10,P8487,Electronics,NONE
EVT202320,C62820,S1202489664,checkout_start,2025-03-07 13:44:38,desktop,Safari,macOS,affiliate,AU,,A,False,6,386,51,54.07,0.218,0.049,,8,,,NONE
EVT202321,C79814,S1139872385,payment_attempt,2024-12-27 15:59:42,desktop,Firefox,Android,paid_search,GB,,A,False,6,208,40,21.24,0.207,0.044,approved,2,,,FREESHIP
EVT202322,C39649,S8583838530,checkout_start,2025-03-04 12:23:18,mobile,Chrome,iOS,organic_search,MX,,B,False,5,342,36,69.91,0.09,0.11,,6,,,NONE
EVT202323,C33729,S7731651686,add_to_cart,2024-01-27 00:01:12,desktop,Chrome,Android,organic_search,CA,,B,False,5,386,32,139.25,0.22,0.15,,9,P4056,Beauty,NONE
EVT202324,C46054,S2952818916,purchase,2024-03-26 05:51:17,desktop,Firefox,Linux,organic_search,US,HI,A,True,4,508,85,113.45,0.261,0.112,approved,6,P8309,Pets,NONE
EVT202325,C54273,S4477568318,product_view,2025-03-05 21:59:16,desktop,Safari,macOS,organic_search,US,GA,A,True,7,315,29,20.06,0.272,0.037,,8,P8337,Home,HOLIDAY20
EVT202326,C91651,S9461435601,product_view,2025-06-13 13:17:40,mobile,Firefox,iOS,direct,MX,,B,False,7,331,38,5.23,0.064,0.147,,6,P7192,Beauty,NONE
EVT202327,C60912,S5725518385,payment_attempt,2025-05-14 12:32:09,mobile,Chrome,Android,organic_search,CA,,B,True,4,442,60,204.78,0.067,0.095,declined,3,,,NONE
EVT202328,C47169,S9139913892,checkout_start,2024-12-05 08:22:24,desktop,Chrome,Windows,email,GB,,B,False,7,324,37,111.86,0.136,0.222,,9,,,WELCOME10
EVT202329,C20674,S9501387247,product_view,2024-09-10 08:33:47,mobile,Safari,iOS,direct,IN,,B,True,2,390,33,10.87,0.101,0.056,,6,P9263,Grocery,VIP25
EVT202330,C33909,S8295355193,product_view,2024-05-03 15:17:00,desktop,Chrome,Linux,direct,GB,,B,True,6,473,31,24.67,0.1,0.0,,10,P2495,Books,WELCOME10
EVT202331,C34801,S8008958583,product_view,2024-10-08 15:33:24,mobile,Opera,iOS,organic_search,FR,,B,False,2,587,42,24.38,0.129,0.072,,5,P8113,Toys,WELCOME10
EVT202332,C51308,S3444669313,product_view,2025-05-13 14:25:15,desktop,Chrome,Linux,direct,CA,,A,False,4,313,55,29.69,0.136,0.163,,10,P1656,Electronics,HOLIDAY20
EVT202333,C79314,S1917697402,add_to_cart,2024-09-30 01:05:44,mobile,Edge,Windows,organic_search,US,AR,B,True,3,705,34,121.9,0.109,0.042,,9,P4780,Sports,NONE
EVT202334,C20498,S3232506431,page_view,2024-06-15 23:26:46,mobile,Safari,Android,direct,US,NJ,A,True,3,369,35,40.66,0.088,0.062,,10,,,NONE
EVT202335,C29107,S2026888146,product_view,2025-03-06 06:54:15,desktop,Opera,Windows,social,DE,,B,True,4,557,62,8.47,0.124,0.315,,1,P7523,Beauty,NONE
EVT202336,C89323,S4507304537,product_view,2025-02-07 11:10:09,desktop,Safari,Windows,social,BR,,B,True,4,492,7,0.77,0.116,0.0,,2,P4348,Electronics,NONE
EVT202337,C53928,S2339695917,checkout_start,2024-01-05 07:37:35,desktop,Opera,Android,email,US,AK,A,False,3,337,36,178.33,0.181,0.0,,2,,,WELCOME10
EVT202338,C87311,S8915663079,add_to_cart,2025-01-18 00:44:47,tablet,Safari,iOS,direct,IN,,B,True,3,200,7,26.27,0.053,0.23,,4,P1400,Sports,FREESHIP
EVT202339,C69349,S5986911386,add_to_cart,2025-03-21 11:27:20,desktop,Firefox,macOS,organic_search,AU,,B,True,3,184,53,37.59,0.028,0.0,,9,P2517,Home,NONE
EVT202340,C81610,S5706292795,page_view,2024-07-26 18:08:33,mobile,Edge,Android,social,CA,,B,True,6,250,13,1.27,0.091,0.05,,8,,,WELCOME10
EVT202341,C34430,S6658290908,add_to_cart,2024-11-23 23:44:06,mobile,Edge,iOS,organic_search,GB,,A,True,2,234,70,180.37,0.134,0.0,,2,P3732,Home,WELCOME10
EVT202342,C79408,S5616346859,page_view,2024-05-11 05:10:24,desktop,Edge,iOS,direct,US,CO,B,True,7,113,26,7.23,0.242,0.177,,7,,,FREESHIP
EVT202343,C39230,S8716021626,checkout_start,2024-08-10 14:33:46,mobile,Safari,macOS,social,IN,,B,True,4,237,29,69.22,0.297,0.0,,9,,,NONE
EVT202344,C33450,S9853920823,page_view,2024-07-29 19:22:51,mobile,Opera,iOS,paid_search,CA,,B,False,5,439,12,10.98,0.111,0.174,,3,,,NONE
EVT202345,C40038,S3761806152,checkout_start,2024-04-21 18:24:18,desktop,Chrome,Android,affiliate,DE,,B,False,6,384,33,195.2,0.095,0.35,,10,,,HOLIDAY20
EVT202346,C37989,S7944067834,return_initiated,2024-02-27 11:36:10,desktop,Firefox,Linux,organic_search,IN,,B,False,2,197,41,43.58,0.151,0.0,,3,P8681,Pets,VIP25
EVT202347,C61111,S2204999465,page_view,2024-04-14 18:04:25,mobile,Firefox,Linux,direct,AU,,A,True,3,352,77,3.24,0.144,0.373,,4,,,NONE
EVT202348,C54624,S1401093485,page_view,2024-06-15 02:14:40,mobile,Chrome,Linux,paid_search,AU,,B,True,8,297,5,18.5,0.024,0.064,,4,,,FREESHIP
EVT202349,C19416,S6566706291,page_view,2024-02-06 03:08:36,mobile,Firefox,Windows,email,CA,,B,True,4,518,5,7.18,0.005,0.239,,9,,,NONE
EVT202350,C59165,S3685104878,payment_attempt,2024-05-20 02:23:38,desktop,Edge,Windows,social,CA,,A,False,5,154,30,156.92,0.161,0.0,declined,10,,,NONE
EVT202351,C52532,S8574349987,checkout_start,2024-05-27 02:53:43,mobile,Chrome,Linux,organic_search,FR,,B,True,3,449,23,118.19,0.164,0.0,,2,,,NONE
EVT202352,C59355,S4692134229,payment_attempt,2024-05-06 06:48:11,desktop,Firefox,Android,direct,GB,,B,True,2,418,62,87.24,0.047,0.113,approved,3,,,NONE
EVT202353,C89885,S4270383014,product_view,2024-08-27 21:54:20,mobile,Opera,Linux,organic_search,FR,,A,True,9,311,46,16.56,0.044,0.182,,9,P8380,Beauty,NONE
EVT202354,C50122,S1937488597,checkout_start,2025-03-28 16:12:05,mobile,Safari,macOS,direct,MX,,A,False,5,451,19,111.81,0.066,0.0,,2,,,NONE
EVT202355,C76184,S6131000805,product_view,2024-02-18 19:41:00,tablet,Opera,Linux,paid_search,US,CA,A,False,3,284,5,33.19,0.193,0.199,,3,P1012,Electronics,NONE
EVT202356,C11875,S9552776250,page_view,2025-02-11 18:53:08,mobile,Edge,macOS,direct,US,AZ,A,False,2,553,71,11.9,0.097,0.0,,4,,,NONE
EVT202357,C20192,S3211430594,product_view,2024-09-29 19:37:21,desktop,Chrome,Windows,direct,FR,,A,True,2,504,46,12.69,0.207,0.242,,3,P8276,Home,NONE
EVT202358,C40067,S4177535924,page_view,2024-07-16 09:31:52,desktop,Chrome,macOS,email,MX,,B,True,6,246,52,2.74,0.25,0.0,,1,,,NONE
EVT202359,C57644,S2617752425,page_view,2024-09-10 20:32:31,desktop,Edge,Android,organic_search,MX,,A,True,3,331,32,27.97,0.222,0.06,,2,,,NONE
EVT202360,C80993,S9356180994,add_to_cart,2024-11-18 12:05:14,mobile,Firefox,iOS,social,IN,,B,False,4,492,37,221.44,0.095,0.0,,2,P8453,Books,NONE
EVT202361,C70492,S4178612335,payment_attempt,2024-08-01 20:08:44,desktop,Safari,iOS,affiliate,CA,,B,True,2,320,58,92.17,0.176,0.168,approved,10,,,NONE
EVT202362,C56847,S4339989868,add_to_cart,2024-07-14 10:49:56,desktop,Edge,macOS,direct,IN,,B,False,5,331,75,133.49,0.109,0.034,,6,P5842,Books,FREESHIP
EVT202363,C26862,S7854161516,product_view,2025-04-04 05:59:20,desktop,Safari,iOS,affiliate,CA,,B,False,7,524,52,8.06,0.0,0.264,,2,P3971,Pets,NONE
EVT202364,C60993,S3861631535,page_view,2025-03-20 11:37:08,desktop,Firefox,Windows,social,FR,,B,True,2,195,37,20.89,0.243,0.042,,5,,,NONE
EVT202365,C92050,S9583670420,page_view,2025-01-05 19:07:01,mobile,Chrome,Windows,email,CA,,A,True,3,372,33,29.65,0.15,0.025,,10,,,FREESHIP
EVT202366,C79761,S5588388165,page_view,2024-07-03 18:50:46,desktop,Safari,iOS,direct,BR,,B,True,1,433,61,6.1,0.189,0.327,,7,,,NONE
EVT202367,C21341,S1059430376,add_to_cart,2025-01-18 00:30:27,mobile,Edge,Windows,affiliate,CA,,B,True,2,241,69,224.75,0.077,0.286,,10,P8801,Beauty,NONE
EVT202368,C80097,S3525372931,page_view,2025-06-10 10:12:14,mobile,Firefox,iOS,direct,AU,,A,True,5,400,44,34.09,0.084,0.216,,4,,,WELCOME10
EVT202369,C28541,S8290998546,page_view,2024-05-08 09:39:32,desktop,Firefox,Windows,direct,DE,,A,False,4,491,60,7.21,0.02,0.0,,5,,,HOLIDAY20
EVT202370,C69645,S3175535869,page_view,2024-12-27 05:42:54,mobile,Safari,macOS,direct,US,MI,A,True,1,405,26,22.15,0.126,0.228,,4,,,HOLIDAY20
EVT202371,C77150,S7555342672,product_view,2024-07-05 22:51:56,desktop,Safari,iOS,direct,CA,,B,True,8,405,27,32.28,0.087,0.018,,1,P9249,Pets,NONE
EVT202372,C80373,S9788956489,page_view,2024-10-15 11:23:02,mobile,Safari,Windows,social,CA,,A,False,3,273,58,8.85,0.046,0.0,,8,,,NONE
EVT202373,C65447,S5177380306,payment_attempt,2024-02-04 02:55:46,mobile,Opera,iOS,organic_search,BR,,B,True,7,361,34,200.74,0.074,0.251,approved,8,,,NONE
EVT202374,C13259,S6751736900,add_to_cart,2025-03-07 02:05:33,mobile,Safari,macOS,direct,MX,,A,False,4,409,17,150.68,0.137,0.287,,4,P1007,Grocery,NONE
EVT202375,C55088,S7222443695,product_view,2024-08-20 13:41:56,mobile,Safari,macOS,direct,CA,,B,True,2,285,44,24.6,0.205,0.0,,10,P1444,Grocery,NONE
EVT202376,C55200,S2553928560,add_to_cart,2024-05-12 19:59:25,desktop,Edge,Linux,direct,US,AK,A,True,5,575,34,125.33,0.227,0.0,,5,P9453,Toys,NONE
EVT202377,C32963,S5824302546,product_view,2024-03-01 21:17:00,desktop,Firefox,Windows,paid_search,FR,,B,False,3,358,23,7.91,0.113,0.0,,7,P2576,Beauty,FREESHIP
EVT202378,C44375,S1281397406,payment_attempt,2025-05-19 08:21:36,desktop,Edge,macOS,direct,CA,,B,False,5,221,38,88.1,0.048,0.119,approved,5,,,WELCOME10
EVT202379,C17039,S2594904652,page_view,2024-02-15 16:45:15,mobile,Edge,Linux,paid_search,CA,,A,False,3,151,79,23.43,0.219,0.0,,6,,,HOLIDAY20
EVT202380,C91502,S6936325413,checkout_start,2025-04-09 09:13:57,mobile,Edge,iOS,organic_search,CA,,B,True,7,218,36,168.11,0.127,0.247,,6,,,WELCOME10
EVT202381,C63316,S4762449410,payment_attempt,2024-02-12 01:31:36,mobile,Opera,Android,direct,GB,,A,True,1,409,56,93.19,0.143,0.231,approved,1,,,FREESHIP
EVT202382,C25652,S2925444403,add_to_cart,2024-06-08 09:52:15,mobile,Chrome,macOS,paid_search,FR,,B,True,6,229,24,78.31,0.265,0.009,,7,P7977,Toys,WELCOME10
EVT202383,C71801,S6850286644,page_view,2025-02-27 04:05:23,mobile,Opera,Linux,social,DE,,A,False,4,377,69,45.94,0.035,0.07,,8,,,VIP25
EVT202384,C65551,S3619017380,page_view,2024-08-29 13:08:55,desktop,Opera,Linux,email,FR,,B,False,1,366,63,24.37,0.219,0.0,,3,,,HOLIDAY20
EVT202385,C83041,S7022341228,payment_attempt,2024-09-18 13:43:51,desktop,Safari,Android,email,BR,,B,True,6,229,31,78.98,0.115,0.284,approved,7,,,FREESHIP
EVT202386,C54123,S2574688023,product_view,2024-12-23 20:58:46,mobile,Firefox,iOS,paid_search,FR,,A,True,2,225,32,23.49,0.185,0.231,,7,P5154,Electronics,NONE
EVT202387,C63730,S8710790482,product_view,2024-03-10 08:27:11,mobile,Firefox,Android,organic_search,CA,,B,True,5,277,28,4.68,0.074,0.025,,5,P9431,Apparel,WELCOME10
EVT202388,C23247,S3823174027,product_view,2025-03-09 11:54:50,desktop,Firefox,Android,affiliate,AU,,B,False,4,258,83,11.94,0.045,0.104,,8,P4055,Home,NONE
EVT202389,C68785,S4322366282,add_to_cart,2024-07-06 19:21:24,mobile,Edge,Android,organic_search,MX,,B,True,1,299,62,180.54,0.092,0.007,,3,P5251,Apparel,FREESHIP
EVT202390,C25630,S1050056742,checkout_start,2024-11-24 11:38:28,mobile,Edge,iOS,direct,BR,,A,False,6,473,60,160.66,0.233,0.118,,1,,,NONE
EVT202391,C79622,S8281379401,page_view,2024-09-16 09:25:40,mobile,Chrome,macOS,email,DE,,A,True,3,227,45,45.5,0.068,0.079,,3,,,NONE
EVT202392,C92507,S6785976926,page_view,2024-01-10 09:07:43,desktop,Edge,Windows,organic_search,AU,,B,True,2,410,41,30.69,0.012,0.046,,2,,,NONE
EVT202393,C26301,S4900031073,add_to_cart,2024-11-07 16:38:07,mobile,Chrome,iOS,paid_search,GB,,B,False,4,362,5,29.89,0.218,0.078,,3,P6556,Home,NONE
EVT202394,C20754,S9862319752,product_view,2025-02-21 06:32:40,mobile,Firefox,Linux,direct,CA,,B,True,4,450,5,39.33,0.168,0.076,,7,P4578,Pets,NONE
EVT202395,C46268,S8655536055,product_view,2025-04-04 14:20:27,mobile,Opera,macOS,organic_search,US,NV,B,False,3,206,5,10.01,0.303,0.082,,2,P1969,Home,NONE
EVT202396,C33691,S7290169229,purchase,2024-05-05 15:33:35,mobile,Edge,Linux,paid_search,US,LA,A,False,3,361,41,190.43,0.137,0.096,approved,6,P5693,Apparel,NONE
EVT202397,C68274,S9974690694,purchase,2024-05-19 23:29:56,mobile,Firefox,Windows,direct,US,NM,A,True,3,429,48,213.97,0.068,0.0,approved,9,P7986,Grocery,WELCOME10
EVT202398,C19351,S9028178761,product_view,2024-04-16 18:43:29,desktop,Chrome,macOS,organic_search,DE,,A,False,5,334,32,31.16,0.021,0.331,,7,P6744,Toys,NONE
EVT202399,C27058,S9551142753,payment_attempt,2025-03-21 22:11:01,mobile,Opera,Android,affiliate,AU,,B,True,4,328,71,52.17,0.135,0.219,approved,4,,,FREESHIP
EVT202400,C27449,S1922101693,page_view,2024-07-20 15:08:37,mobile,Firefox,iOS,direct,AU,,A,True,4,410,65,14.26,0.126,0.085,,10,,,NONE
EVT202401,C74859,S7290657792,product_view,2025-02-27 21:30:32,mobile,Safari,macOS,direct,FR,,A,False,2,294,18,23.4,0.092,0.398,,10,P7692,Apparel,HOLIDAY20
EVT202402,C10395,S1834458752,product_view,2024-11-05 16:01:50,tablet,Firefox,Linux,organic_search,GB,,B,True,3,532,61,10.06,0.091,0.153,,10,P6201,Sports,FREESHIP
EVT202403,C57754,S3841303754,page_view,2025-05-23 06:33:20,mobile,Firefox,macOS,affiliate,FR,,A,True,4,456,45,10.44,0.017,0.0,,3,,,WELCOME10
EVT202404,C13332,S8746252206,page_view,2025-01-19 23:00:49,desktop,Chrome,Windows,email,DE,,B,True,3,474,36,25.94,0.173,0.112,,8,,,FREESHIP
EVT202405,C88709,S8197777931,checkout_start,2025-06-14 02:20:07,mobile,Opera,iOS,affiliate,FR,,B,True,3,318,59,97.51,0.0,0.25,,1,,,WELCOME10
EVT202406,C60453,S7701772424,add_to_cart,2024-03-07 18:53:44,mobile,Edge,macOS,direct,MX,,B,True,3,418,44,86.4,0.135,0.173,,1,P5105,Automotive,NONE
EVT202407,C29723,S1905987951,add_to_cart,2024-07-02 13:31:36,mobile,Edge,macOS,direct,MX,,B,True,4,286,5,164.81,0.067,0.119,,7,P2436,Beauty,NONE
EVT202408,C49947,S9961311634,add_to_cart,2024-12-19 23:10:54,desktop,Opera,Android,email,US,MA,B,True,2,260,66,144.22,0.155,0.247,,2,P4323,Grocery,NONE
EVT202409,C77392,S3764639958,payment_attempt,2024-08-02 07:07:15,desktop,Firefox,Linux,organic_search,AU,,A,False,4,320,27,168.69,0.096,0.158,approved,4,,,WELCOME10
EVT202410,C80642,S9568607609,purchase,2025-03-07 17:26:44,desktop,Safari,Windows,email,CA,,B,True,3,289,51,135.65,0.137,0.396,approved,3,P9200,Home,WELCOME10
EVT202411,C97354,S5561750840,payment_attempt,2024-05-02 22:04:44,mobile,Safari,Android,social,IN,,B,True,8,331,79,105.68,0.135,0.016,approved,8,,,NONE
EVT202412,C67778,S7310769019,page_view,2025-01-10 04:48:22,mobile,Firefox,Windows,email,MX,,A,False,2,322,46,5.64,0.206,0.024,,8,,,NONE
EVT202413,C56584,S6417371665,page_view,2024-09-08 13:59:06,tablet,Firefox,Windows,affiliate,IN,,A,True,2,197,37,37.86,0.22,0.125,,4,,,HOLIDAY20
EVT202414,C35459,S1271706532,add_to_cart,2025-03-26 20:25:39,mobile,Firefox,Windows,direct,AU,,A,True,4,249,5,24.58,0.163,0.0,,4,P5712,Grocery,NONE
EVT202415,C56268,S2177784364,page_view,2025-01-06 04:06:59,mobile,Chrome,macOS,organic_search,AU,,B,False,5,495,55,39.12,0.214,0.267,,4,,,NONE
EVT202416,C49598,S1111266634,page_view,2024-10-30 05:51:47,desktop,Chrome,macOS,direct,DE,,A,True,6,566,13,11.95,0.191,0.0,,10,,,FREESHIP
EVT202417,C65573,S9686700191,product_view,2024-02-25 15:53:18,mobile,Safari,Linux,direct,MX,,B,True,4,594,66,18.16,0.259,0.0,,10,P6519,Apparel,NONE
EVT202418,C46796,S6045209612,page_view,2024-02-02 09:59:50,desktop,Safari,iOS,paid_search,MX,,B,False,2,207,21,27.26,0.21,0.0,,5,,,NONE
EVT202419,C47250,S4344470253,product_view,2024-01-25 09:17:09,desktop,Edge,Windows,direct,CA,,A,True,3,318,44,34.22,0.043,0.379,,1,P6043,Apparel,HOLIDAY20
EVT202420,C70196,S8173299106,page_view,2025-01-17 23:08:48,tablet,Safari,Linux,organic_search,AU,,B,True,2,499,46,25.81,0.118,0.0,,8,,,NONE
EVT202421,C24877,S7415791842,payment_attempt,2024-05-02 17:46:44,mobile,Safari,macOS,social,US,OR,A,True,5,268,26,66.91,0.176,0.147,approved,4,,,NONE
EVT202422,C45866,S5406731166,return_initiated,2024-02-22 08:54:43,desktop,Safari,macOS,organic_search,BR,,A,True,3,308,22,177.63,0.188,0.0,,1,P8455,Toys,NONE
EVT202423,C42885,S3865631607,page_view,2024-01-25 04:37:54,tablet,Chrome,Linux,direct,US,VA,A,True,5,409,5,15.44,0.173,0.309,,10,,,FREESHIP
EVT202424,C82759,S4499623382,page_view,2024-10-13 09:13:28,desktop,Edge,Android,direct,GB,,A,False,6,133,59,44.02,0.09,0.093,,3,,,NONE
EVT202425,C56848,S4303573741,product_view,2024-08-27 00:05:04,mobile,Firefox,iOS,affiliate,GB,,B,True,4,136,84,30.41,0.226,0.286,,10,P3533,Home,HOLIDAY20
EVT202426,C31958,S3124162811,payment_attempt,2024-12-25 12:35:48,desktop,Safari,macOS,social,IN,,A,False,2,255,38,129.32,0.208,0.0,declined,7,,,NONE
EVT202427,C34266,S6902898809,page_view,2025-05-25 13:31:18,desktop,Opera,Linux,organic_search,IN,,B,True,4,551,44,9.8,0.08,0.0,,5,,,NONE
EVT202428,C10178,S5324952200,product_view,2024-09-17 16:47:30,desktop,Edge,Linux,direct,IN,,A,True,5,193,16,30.81,0.248,0.0,,8,P2770,Grocery,NONE
EVT202429,C31929,S4966208004,product_view,2024-01-03 17:15:12,mobile,Chrome,Linux,organic_search,US,CA,A,False,3,509,37,16.89,0.24,0.349,,4,P7101,Sports,NONE
EVT202430,C69161,S5652150123,product_view,2024-06-19 17:41:36,mobile,Chrome,Windows,social,FR,,B,False,4,357,45,36.8,0.203,0.0,,9,P6381,Sports,FREESHIP
EVT202431,C18603,S1625992914,page_view,2024-09-10 14:32:51,mobile,Chrome,Windows,organic_search,IN,,B,True,5,534,70,39.22,0.146,0.0,,1,,,NONE
EVT202432,C56834,S9308068433,product_view,2024-07-05 00:28:35,mobile,Firefox,Android,social,US,CT,B,True,6,432,60,8.54,0.192,0.023,,8,P8343,Apparel,FREESHIP
EVT202433,C24325,S9610796315,checkout_start,2025-02-07 03:58:49,mobile,Chrome,Android,organic_search,DE,,A,True,3,340,16,166.97,0.095,0.162,,6,,,HOLIDAY20
EVT202434,C97074,S5286274798,page_view,2024-11-16 13:43:03,mobile,Edge,Linux,organic_search,CA,,B,True,1,425,45,0.63,0.056,0.0,,4,,,FREESHIP
EVT202435,C36547,S7585008518,payment_attempt,2024-02-29 03:22:32,mobile,Firefox,Linux,paid_search,MX,,A,True,5,336,75,126.0,0.04,0.041,approved,4,,,FREESHIP
EVT202436,C60144,S2565164697,product_view,2024-03-21 13:41:00,desktop,Opera,macOS,social,GB,,B,True,6,296,10,36.91,0.216,0.193,,5,P7578,Beauty,NONE
EVT202437,C14305,S2445094739,return_initiated,2025-01-29 11:46:45,mobile,Opera,macOS,affiliate,US,VT,B,True,5,307,45,71.95,0.149,0.0,,6,P7549,Automotive,FREESHIP
EVT202438,C51496,S2675552524,page_view,2024-06-24 23:13:06,desktop,Edge,macOS,affiliate,MX,,B,False,1,275,13,1.54,0.15,0.127,,9,,,HOLIDAY20
EVT202439,C68487,S5140693790,product_view,2024-01-26 11:20:34,mobile,Safari,Windows,paid_search,BR,,A,True,3,341,15,36.38,0.153,0.125,,4,P9577,Sports,NONE
EVT202440,C98332,S5491229425,add_to_cart,2024-01-17 11:22:24,mobile,Edge,Linux,paid_search,AU,,B,False,7,483,45,158.24,0.216,0.107,,9,P1786,Pets,FREESHIP
EVT202441,C74585,S5952221256,add_to_cart,2025-01-21 04:38:19,mobile,Safari,macOS,organic_search,CA,,B,False,5,343,33,78.37,0.245,0.443,,6,P5261,Toys,NONE
EVT202442,C40651,S1600306290,checkout_start,2024-12-30 13:21:29,desktop,Safari,Linux,paid_search,AU,,B,True,6,566,68,162.5,0.195,0.039,,4,,,NONE
EVT202443,C64898,S1390978832,product_view,2024-07-10 02:31:33,mobile,Edge,Windows,paid_search,GB,,B,False,3,275,19,36.8,0.13,0.0,,8,P3314,Automotive,NONE
EVT202444,C86901,S4722262733,product_view,2024-11-21 15:30:34,mobile,Opera,iOS,social,BR,,A,False,6,174,48,30.08,0.073,0.009,,6,P1362,Apparel,WELCOME10
EVT202445,C24563,S4904161843,page_view,2024-03-19 11:26:00,mobile,Opera,Android,organic_search,DE,,B,True,4,106,74,9.98,0.141,0.051,,5,,,NONE
EVT202446,C78678,S2499474324,page_view,2024-05-23 00:09:12,mobile,Edge,Windows,paid_search,BR,,A,True,2,367,20,5.36,0.112,0.0,,8,,,FREESHIP
EVT202447,C99175,S8967204112,checkout_start,2024-02-11 03:22:50,mobile,Firefox,Linux,paid_search,IN,,B,True,2,488,44,173.52,0.136,0.472,,10,,,HOLIDAY20
EVT202448,C21608,S8626042593,purchase,2024-06-18 03:02:28,mobile,Opera,Linux,email,IN,,A,True,3,80,33,83.19,0.137,0.147,approved,2,P6608,Pets,FREESHIP
EVT202449,C56444,S6517803580,product_view,2024-11-23 06:27:35,desktop,Edge,Windows,organic_search,IN,,A,True,4,312,50,37.64,0.126,0.08,,4,P1027,Home,FREESHIP
EVT202450,C85718,S4592581766,add_to_cart,2024-06-30 20:02:18,desktop,Opera,macOS,direct,BR,,B,False,4,324,33,20.55,0.05,0.184,,3,P3953,Grocery,NONE
EVT202451,C10647,S9187865153,product_view,2025-05-25 09:18:27,mobile,Safari,iOS,organic_search,BR,,B,False,1,343,55,16.49,0.079,0.251,,2,P1530,Books,NONE
EVT202452,C19759,S6617863256,add_to_cart,2024-05-13 23:44:39,mobile,Edge,macOS,paid_search,GB,,A,False,3,128,14,45.81,0.072,0.184,,5,P4619,Electronics,NONE
EVT202453,C32613,S1757450087,add_to_cart,2024-08-03 07:37:31,mobile,Chrome,iOS,social,IN,,A,False,5,493,32,125.7,0.131,0.174,,4,P5820,Electronics,NONE
EVT202454,C80716,S3852140851,add_to_cart,2024-07-25 06:43:54,mobile,Safari,macOS,social,MX,,B,True,3,230,53,99.21,0.271,0.46,,5,P9317,Beauty,FREESHIP
EVT202455,C15886,S1185173393,page_view,2024-08-17 01:48:15,mobile,Safari,Linux,social,MX,,A,True,2,337,53,33.9,0.0,0.181,,7,,,NONE
EVT202456,C90859,S5113355161,page_view,2024-12-28 05:58:53,desktop,Edge,Windows,email,AU,,B,False,5,339,11,45.0,0.006,0.136,,6,,,NONE
EVT202457,C37048,S3018444768,product_view,2024-02-26 02:46:33,desktop,Safari,Windows,direct,IN,,B,True,2,230,47,33.72,0.156,0.116,,10,P2204,Beauty,NONE
EVT202458,C66514,S3801333476,product_view,2025-04-26 04:59:18,mobile,Opera,Windows,organic_search,US,ME,A,False,4,150,59,4.88,0.067,0.0,,2,P7766,Pets,WELCOME10
EVT202459,C22306,S3022566813,page_view,2025-05-04 12:44:08,desktop,Firefox,Android,direct,BR,,A,True,4,479,5,33.81,0.227,0.085,,5,,,NONE
EVT202460,C44857,S9877843476,page_view,2024-03-20 17:07:01,mobile,Safari,macOS,direct,US,KY,A,True,3,80,57,5.22,0.193,0.364,,8,,,NONE
EVT202461,C34244,S6254630582,page_view,2024-06-04 18:03:25,desktop,Opera,Linux,organic_search,CA,,A,False,2,516,35,13.03,0.196,0.049,,3,,,NONE
EVT202462,C88113,S1663465436,checkout_start,2024-04-13 05:12:44,mobile,Firefox,iOS,organic_search,GB,,B,True,1,296,5,170.93,0.177,0.024,,8,,,FREESHIP
EVT202463,C18008,S5458216839,checkout_start,2025-02-18 13:24:33,desktop,Edge,iOS,organic_search,IN,,B,True,5,322,12,175.06,0.219,0.155,,9,,,WELCOME10
EVT202464,C13301,S8254681239,product_view,2024-02-15 17:32:34,desktop,Chrome,Android,direct,DE,,B,True,2,351,31,28.11,0.128,0.232,,1,P3703,Toys,WELCOME10
EVT202465,C18682,S3855724447,page_view,2025-03-04 10:10:34,mobile,Safari,Linux,direct,DE,,A,False,5,516,26,17.69,0.193,0.106,,2,,,NONE
EVT202466,C32932,S8485614832,page_view,2024-12-16 23:44:37,mobile,Chrome,Windows,organic_search,MX,,A,True,3,323,61,35.73,0.052,0.3,,1,,,WELCOME10
EVT202467,C52726,S3348995753,product_view,2025-02-21 00:55:22,desktop,Safari,Linux,social,FR,,B,False,2,552,46,7.77,0.066,0.407,,1,P8814,Grocery,FREESHIP
EVT202468,C55768,S4305703496,payment_attempt,2025-01-30 05:57:17,desktop,Safari,iOS,email,FR,,A,True,5,393,5,172.19,0.204,0.155,approved,1,,,NONE
EVT202469,C27179,S4304408253,product_view,2024-06-21 05:24:13,mobile,Firefox,Linux,direct,IN,,B,False,6,296,57,40.42,0.173,0.545,,1,P8849,Toys,NONE
EVT202470,C90229,S7371263989,product_view,2024-01-21 04:56:05,mobile,Edge,iOS,organic_search,IN,,A,True,2,149,53,42.7,0.04,0.296,,4,P7584,Books,FREESHIP
EVT202471,C26934,S7235293765,payment_attempt,2024-08-06 16:09:03,mobile,Firefox,Windows,direct,GB,,A,True,3,233,70,49.09,0.001,0.0,approved,5,,,WELCOME10
EVT202472,C26133,S3698605498,product_view,2024-04-29 13:25:13,desktop,Edge,macOS,direct,DE,,B,True,4,449,76,21.8,0.112,0.0,,8,P9470,Beauty,FREESHIP
EVT202473,C23088,S3139524043,page_view,2024-02-21 13:44:37,desktop,Safari,iOS,paid_search,IN,,A,True,3,397,44,48.71,0.0,0.31,,5,,,NONE
EVT202474,C80305,S2882865141,add_to_cart,2024-07-02 14:03:41,desktop,Safari,Android,paid_search,DE,,B,False,6,521,71,44.31,0.157,0.057,,4,P1165,Toys,NONE
EVT202475,C65361,S4802471554,page_view,2024-04-02 15:47:37,desktop,Firefox,Linux,direct,GB,,A,False,4,224,51,32.34,0.215,0.035,,3,,,NONE
EVT202476,C72524,S6418814150,checkout_start,2025-04-17 01:28:48,desktop,Opera,Linux,paid_search,GB,,A,False,4,400,41,37.27,0.051,0.176,,7,,,NONE
EVT202477,C52968,S5325900635,page_view,2024-05-12 02:49:35,desktop,Edge,iOS,organic_search,BR,,B,True,4,389,58,18.99,0.051,0.0,,8,,,NONE
EVT202478,C73172,S8153341704,purchase,2025-04-18 17:28:26,mobile,Edge,Windows,paid_search,GB,,B,True,1,500,23,125.15,0.108,0.102,approved,5,P5517,Apparel,NONE
EVT202479,C25598,S9768335812,page_view,2024-03-21 13:16:16,desktop,Firefox,Linux,social,GB,,A,True,4,288,37,11.7,0.151,0.122,,5,,,HOLIDAY20
EVT202480,C40888,S9553801095,product_view,2024-06-10 07:59:40,desktop,Chrome,iOS,organic_search,US,MN,A,True,4,461,39,16.18,0.088,0.0,,2,P9032,Beauty,FREESHIP
EVT202481,C60727,S2083747510,product_view,2024-10-18 00:21:16,desktop,Firefox,Linux,social,GB,,A,True,4,299,57,19.79,0.196,0.41,,4,P5547,Toys,VIP25
EVT202482,C48865,S4064036579,product_view,2024-12-19 18:59:52,mobile,Opera,iOS,direct,DE,,A,True,5,689,66,25.73,0.163,0.313,,4,P2208,Toys,NONE
EVT202483,C21080,S6154584097,checkout_start,2024-07-07 17:46:06,mobile,Firefox,iOS,email,US,GA,B,True,1,239,63,52.51,0.046,0.225,,5,,,NONE
EVT202484,C45906,S3852168066,product_view,2024-08-22 21:23:23,mobile,Safari,Linux,social,BR,,A,True,5,303,45,7.09,0.107,0.257,,7,P6929,Sports,VIP25
EVT202485,C81431,S3649438615,product_view,2024-06-16 23:31:14,mobile,Safari,Windows,affiliate,US,MO,A,False,3,468,56,33.41,0.094,0.0,,1,P5209,Beauty,NONE
EVT202486,C71414,S1416687496,product_view,2024-01-21 12:21:23,mobile,Opera,Android,affiliate,AU,,B,True,6,217,70,10.06,0.154,0.0,,5,P3287,Apparel,FREESHIP
EVT202487,C69627,S2413730055,product_view,2024-01-15 12:31:27,mobile,Edge,iOS,organic_search,BR,,B,False,4,317,40,14.93,0.115,0.405,,9,P6230,Automotive,FREESHIP
EVT202488,C54060,S1833377916,product_view,2024-02-03 07:11:03,mobile,Edge,Windows,organic_search,CA,,A,True,3,231,36,23.92,0.098,0.155,,1,P4992,Automotive,NONE
EVT202489,C91940,S9170328592,add_to_cart,2025-01-05 22:19:44,mobile,Edge,Windows,direct,GB,,A,False,3,242,83,167.04,0.122,0.191,,4,P8623,Pets,NONE
EVT202490,C48463,S5632729988,product_view,2024-05-09 06:38:18,mobile,Opera,Windows,paid_search,IN,,A,False,4,423,37,6.64,0.221,0.54,,2,P8579,Toys,WELCOME10
EVT202491,C31634,S9854490944,page_view,2024-08-21 02:18:05,mobile,Edge,Linux,direct,GB,,B,False,2,297,40,2.69,0.169,0.042,,7,,,WELCOME10
EVT202492,C49097,S1250518556,product_view,2025-05-23 12:12:00,mobile,Opera,iOS,email,BR,,A,False,8,329,17,11.57,0.1,0.113,,6,P1219,Beauty,HOLIDAY20
EVT202493,C79697,S2724899021,add_to_cart,2024-03-04 06:25:59,mobile,Edge,Linux,direct,MX,,A,False,2,318,8,62.17,0.138,0.236,,10,P1125,Toys,WELCOME10
EVT202494,C94314,S3675745954,product_view,2025-06-23 17:30:59,mobile,Firefox,Windows,direct,IN,,A,False,7,315,46,29.4,0.073,0.262,,3,P2927,Apparel,NONE
EVT202495,C59158,S9790375394,payment_attempt,2024-09-16 21:19:18,mobile,Opera,Android,organic_search,CA,,A,True,5,500,40,162.34,0.12,0.087,approved,9,,,NONE
EVT202496,C57224,S9509805537,page_view,2024-01-16 21:16:18,desktop,Chrome,Android,direct,AU,,B,True,5,253,70,28.78,0.187,0.0,,9,,,NONE
EVT202497,C37557,S8632170486,payment_attempt,2025-02-13 05:35:25,desktop,Opera,Linux,organic_search,FR,,A,True,5,501,61,230.64,0.074,0.159,approved,7,,,NONE
EVT202498,C93859,S4501565325,page_view,2024-05-30 05:15:48,tablet,Chrome,iOS,paid_search,GB,,B,True,4,293,55,38.41,0.119,0.036,,10,,,NONE
EVT202499,C93888,S5660749140,page_view,2024-12-30 21:11:26,mobile,Firefox,Android,paid_search,FR,,A,False,6,400,67,5.9,0.161,0.257,,10,,,WELCOME10
