order_id,customer_id,order_datetime,ship_datetime,channel,device_type,browser,country,state,payment_method,campaign,primary_category,num_distinct_items,subtotal_usd,discount_rate,discount_amount_usd,shipping_method,shipping_cost_usd,tax_rate,tax_amount_usd,order_total_usd,order_weight_kg,delivery_days,on_time_delivery,authorization_approved,returned
ORD100000,C29457,2024-06-12 02:14:21,2024-06-17 02:14:21,android_app,mobile,Safari,CA,CT,google_pay,Clearance,Books,2,833.34,0.0,0.0,standard,5.05,0.0,0.0,838.39,0.1,5,True,True,False
ORD100001,C22666,2024-08-08 00:16:41,2024-08-11 00:16:41,mobile_web,desktop,Opera,DE,OH,apple_pay,Clearance,Toys,3,392.6,0.034,13.35,standard,9.35,0.0,0.0,388.6,0.2,3,True,True,False
ORD100002,C72623,2024-09-11 06:59:18,2024-09-15 06:59:18,web,desktop,Edge,US,TX,google_pay,BackToSchool,Beauty,3,729.45,0.119,86.8,standard,6.63,0.0923,59.32,708.6,0.85,4,True,True,False
ORD100003,C62733,2025-03-13 15:54:14,2025-03-17 15:54:14,web,mobile,Safari,UK,VT,google_pay,SpringSale,Sports,1,115.3,0.158,18.22,standard,7.15,0.0,0.0,104.23,0.1,4,True,True,False
ORD100004,C62083,2025-02-28 00:20:21,2025-03-06 00:20:21,android_app,tablet,Opera,US,TN,apple_pay,Clearance,Beauty,1,51.7,0.173,8.94,standard,3.96,0.0864,3.69,50.41,0.29,6,False,True,False
ORD100005,C40306,2025-05-02 03:52:38,2025-05-08 03:52:38,android_app,desktop,Opera,US,VT,apple_pay,BackToSchool,Pets,1,727.74,0.119,86.6,standard,3.59,0.09,57.7,702.43,0.12,6,False,True,False
ORD100006,C12557,2024-05-10 21:49:12,2024-05-13 21:49:12,ios_app,desktop,Chrome,US,SD,google_pay,NewArrivals,Electronics,2,183.03,0.129,23.61,standard,9.34,0.0672,10.71,179.47,0.4,3,True,True,False
ORD100007,C15600,2025-01-19 21:44:36,2025-01-24 21:44:36,web,desktop,Edge,US,NY,google_pay,Holiday,Sports,3,2492.1,0.159,396.24,standard,3.49,0.0729,152.79,2252.14,0.16,5,True,True,False
ORD100008,C20729,2024-04-27 23:10:57,2024-05-03 23:10:57,marketplace,mobile,Safari,US,NC,apple_pay,BackToSchool,Books,3,314.83,0.101,31.8,standard,3.26,0.0731,20.69,306.98,1.21,6,False,True,True
ORD100009,C29508,2024-10-21 04:21:15,2024-10-26 04:21:15,android_app,mobile,Firefox,US,NY,google_pay,SpringSale,Apparel,2,146.03,0.136,19.86,standard,4.21,0.0729,9.2,139.58,0.12,5,True,True,False
ORD100010,C55543,2024-03-27 12:14:07,2024-04-01 12:14:07,ios_app,mobile,Firefox,US,PA,klarna,SpringSale,Sports,1,157.14,0.092,14.46,standard,6.25,0.0486,6.93,155.86,0.73,5,True,True,False
ORD100011,C50158,2024-02-12 17:55:05,2024-02-14 17:55:05,marketplace,tablet,Safari,FR,NV,card,None,Beauty,2,90.27,0.207,18.69,two_day,9.21,0.0,0.0,80.79,0.1,2,True,True,False
ORD100012,C35351,2025-05-31 19:39:08,2025-06-02 19:39:08,ios_app,desktop,Edge,US,KY,paypal,NewArrivals,Books,2,738.92,0.239,176.6,two_day,17.05,0.0832,46.79,626.16,0.1,2,True,False,False
ORD100013,C60517,2024-02-07 18:55:08,2024-02-09 18:55:08,marketplace,desktop,Firefox,US,VT,google_pay,Holiday,Beauty,2,63.53,0.099,6.29,two_day,8.69,0.09,5.15,71.08,0.56,2,True,True,False
ORD100014,C16801,2024-04-27 15:33:31,2024-05-03 15:33:31,marketplace,mobile,Chrome,US,IN,paypal,None,Apparel,1,237.18,0.084,19.92,standard,3.58,0.0567,12.32,233.16,1.05,6,False,True,False
ORD100015,C25485,2025-02-14 02:45:22,2025-02-19 02:45:22,marketplace,tablet,Chrome,US,WI,card,NewArrivals,Pets,1,70.8,0.225,15.93,standard,9.79,0.056,3.07,67.73,0.1,5,True,True,False
ORD100016,C31732,2024-05-28 15:24:19,2024-06-04 15:24:19,web,mobile,Chrome,US,MO,klarna,NewArrivals,Home,3,1464.38,0.0,0.0,standard,8.7,0.0689,100.9,1573.98,0.81,7,False,True,False
ORD100017,C15713,2025-05-31 10:37:38,2025-06-02 10:37:38,mobile_web,tablet,Opera,CA,ND,klarna,SpringSale,Electronics,2,474.48,0.155,73.54,two_day,8.16,0.0,0.0,409.1,0.1,2,True,True,False
ORD100018,C90642,2025-03-01 08:32:52,2025-03-07 08:32:52,web,desktop,Chrome,US,MI,card,None,Beauty,1,389.22,0.239,93.02,standard,6.64,0.0789,23.37,326.21,1.34,6,False,True,False
ORD100019,C52808,2025-03-24 03:35:11,2025-03-29 03:35:11,mobile_web,tablet,Firefox,US,NE,google_pay,None,Apparel,2,357.39,0.138,49.32,standard,4.03,0.0845,26.03,338.13,1.83,5,True,True,False
ORD100020,C83477,2025-02-13 18:23:48,2025-02-17 18:23:48,ios_app,tablet,Chrome,US,RI,apple_pay,SpringSale,Books,1,1798.9,0.034,61.16,standard,8.75,0.0467,81.15,1827.64,0.3,4,True,True,True
ORD100021,C26907,2024-06-08 12:08:57,2024-06-10 12:08:57,marketplace,tablet,Chrome,US,VT,paypal,Loyalty,Pets,2,77.13,0.165,12.73,two_day,10.83,0.09,5.8,81.03,1.0,2,True,True,False
ORD100022,C25034,2024-05-01 03:23:35,2024-05-06 03:23:35,android_app,desktop,Safari,US,SC,paypal,Holiday,Home,1,36.41,0.076,2.77,standard,9.23,0.0561,1.89,44.76,0.63,5,True,True,False
ORD100023,C36734,2024-10-28 23:08:19,2024-11-02 23:08:19,android_app,tablet,Safari,US,GA,card,Holiday,Beauty,2,131.46,0.105,13.8,standard,5.0,0.0876,10.31,132.97,0.13,5,True,True,True
ORD100024,C14324,2024-05-12 10:09:34,2024-05-14 10:09:34,web,mobile,Firefox,DE,WI,card,NewArrivals,Books,2,347.45,0.183,63.58,two_day,11.85,0.0,0.0,295.72,0.63,2,True,True,False
ORD100025,C19865,2024-10-04 15:26:35,2024-10-09 15:26:35,marketplace,desktop,Chrome,US,WI,card,Clearance,Books,2,459.61,0.131,60.21,standard,8.05,0.056,22.37,429.82,0.1,5,True,True,False
ORD100026,C40523,2025-01-03 03:38:05,2025-01-05 03:38:05,ios_app,mobile,Safari,US,NE,google_pay,Holiday,Automotive,1,200.62,0.131,26.28,two_day,10.79,0.0845,14.73,199.86,1.61,2,True,True,False
ORD100027,C14018,2025-01-08 23:20:18,2025-01-12 23:20:18,android_app,tablet,Opera,US,DC,card,Holiday,Grocery,2,1802.33,0.247,445.18,standard,6.76,0.0764,103.69,1467.6,0.33,4,True,True,False
ORD100028,C30103,2025-04-06 22:17:40,2025-04-11 22:17:40,ios_app,tablet,Edge,US,DE,google_pay,NewArrivals,Sports,3,750.19,0.088,66.02,standard,3.48,0.0,0.0,687.65,0.1,5,True,True,False
ORD100029,C44560,2024-07-11 00:47:41,2024-07-15 00:47:41,web,desktop,Firefox,US,NM,klarna,Holiday,Sports,1,186.72,0.221,41.27,standard,9.44,0.0931,13.54,168.43,0.3,4,True,True,False
ORD100030,C51914,2024-11-19 02:10:02,2024-11-23 02:10:02,marketplace,desktop,Chrome,US,OH,klarna,Clearance,Toys,1,92.12,0.138,12.71,standard,4.29,0.0432,3.43,87.13,0.25,4,True,True,False
ORD100031,C43719,2025-01-04 07:29:22,2025-01-09 07:29:22,ios_app,mobile,Chrome,US,VT,apple_pay,Holiday,Apparel,2,207.92,0.209,43.46,standard,8.61,0.09,14.8,187.87,2.7,5,True,True,False
ORD100032,C86534,2024-07-12 07:14:10,2024-07-17 07:14:10,marketplace,tablet,Firefox,US,GA,card,Clearance,Books,1,60.56,0.054,3.27,standard,5.05,0.0876,5.02,67.36,1.59,5,True,True,True
ORD100033,C63394,2025-04-20 06:02:36,2025-04-22 06:02:36,mobile_web,desktop,Opera,US,CT,google_pay,Holiday,Apparel,1,68.15,0.173,11.79,two_day,18.33,0.0683,3.85,78.54,0.17,2,True,False,False
ORD100034,C58285,2024-05-31 22:11:03,2024-06-01 22:11:03,web,mobile,Firefox,US,SC,card,BackToSchool,Books,2,204.97,0.129,26.44,overnight,16.68,0.0561,10.02,205.23,0.36,1,True,True,False
ORD100035,C26725,2025-04-11 23:03:20,2025-04-17 23:03:20,web,desktop,Safari,US,MS,klarna,Loyalty,Sports,1,13.29,0.225,2.99,standard,7.22,0.0436,0.45,17.97,0.2,6,False,True,False
ORD100036,C34762,2024-01-13 06:20:22,2024-01-20 06:20:22,marketplace,desktop,Safari,AU,ND,google_pay,Holiday,Home,2,118.58,0.021,2.49,standard,8.73,0.0,0.0,124.82,1.12,7,False,True,False
ORD100037,C61474,2024-04-14 05:17:24,2024-04-21 05:17:24,android_app,mobile,Firefox,US,IN,klarna,Loyalty,Sports,2,1609.68,0.102,164.19,standard,6.98,0.0567,81.96,1534.43,1.73,7,False,True,False
ORD100038,C90559,2024-10-20 15:20:39,2024-10-21 15:20:39,android_app,tablet,Firefox,US,SC,paypal,Holiday,Grocery,1,52.2,0.218,11.38,overnight,16.63,0.0561,2.29,59.74,0.27,1,True,True,False
ORD100039,C37345,2024-08-13 20:08:00,2024-08-15 20:08:00,ios_app,mobile,Safari,CA,ME,apple_pay,None,Apparel,4,1206.94,0.067,80.86,two_day,8.21,0.0,0.0,1134.29,3.08,2,True,True,False
ORD100040,C53001,2024-02-25 09:25:56,2024-02-27 09:25:56,ios_app,mobile,Opera,US,RI,paypal,SpringSale,Beauty,1,68.65,0.121,8.31,two_day,8.44,0.0467,2.82,71.6,2.21,2,True,True,False
ORD100041,C76262,2025-03-12 17:58:08,2025-03-17 17:58:08,mobile_web,tablet,Safari,US,VT,paypal,NewArrivals,Books,3,754.48,0.095,71.68,standard,8.15,0.09,61.45,752.4,0.23,5,True,True,True
ORD100042,C80831,2024-03-08 05:37:21,2024-03-12 05:37:21,web,mobile,Opera,FR,WA,klarna,None,Home,1,330.9,0.195,64.53,standard,9.07,0.0,0.0,275.44,0.86,4,True,True,False
ORD100043,C96206,2024-05-15 01:04:37,2024-05-21 01:04:37,mobile_web,mobile,Firefox,UK,DE,klarna,NewArrivals,Apparel,3,932.26,0.16,149.16,standard,5.39,0.0,0.0,788.49,0.7,6,False,False,True
ORD100044,C93807,2024-09-16 22:34:11,2024-09-20 22:34:11,web,mobile,Chrome,US,IN,paypal,SpringSale,Apparel,3,5148.51,0.044,226.53,standard,8.56,0.0567,279.08,5209.62,0.83,4,True,True,True
ORD100045,C13093,2024-11-10 22:06:02,2024-11-17 22:06:02,marketplace,desktop,Opera,US,MT,apple_pay,None,Home,1,537.97,0.118,63.48,standard,3.22,0.0,0.0,477.71,0.74,7,False,True,False
ORD100046,C31563,2024-01-29 15:29:28,2024-01-31 15:29:28,mobile_web,tablet,Firefox,US,GA,klarna,SpringSale,Sports,3,1307.43,0.122,159.51,two_day,16.17,0.0876,100.56,1264.65,0.35,2,True,False,False
ORD100047,C51688,2024-02-07 03:40:16,2024-02-08 03:40:16,ios_app,desktop,Chrome,US,NH,google_pay,None,Toys,2,278.52,0.048,13.37,overnight,18.32,0.0,0.0,283.47,0.59,1,True,True,False
ORD100048,C19078,2025-06-21 18:10:56,2025-06-22 18:10:56,web,tablet,Chrome,US,FL,paypal,None,Books,2,748.29,0.104,77.82,overnight,16.51,0.0803,53.84,740.82,0.2,1,True,True,False
ORD100049,C30022,2024-03-12 05:09:01,2024-03-16 05:09:01,mobile_web,mobile,Safari,US,NV,apple_pay,BackToSchool,Books,5,1159.23,0.144,166.93,standard,9.39,0.0734,72.83,1074.52,0.17,4,True,True,False
ORD100050,C37490,2025-05-30 18:06:17,2025-06-01 18:06:17,mobile_web,mobile,Safari,US,AK,klarna,None,Pets,1,489.48,0.105,51.4,two_day,19.63,0.0,0.0,457.71,0.21,2,True,True,False
ORD100051,C71367,2024-10-26 23:45:39,2024-10-27 23:45:39,mobile_web,tablet,Safari,US,ND,klarna,Holiday,Pets,1,53.2,0.052,2.77,overnight,15.92,0.0419,2.11,68.46,0.93,1,True,True,False
ORD100052,C36155,2025-03-16 20:42:31,2025-03-22 20:42:31,android_app,mobile,Safari,US,MT,card,Holiday,Beauty,1,25.73,0.25,6.43,standard,5.78,0.0,0.0,25.08,0.46,6,False,True,True
ORD100053,C71212,2025-02-28 16:32:56,2025-03-04 16:32:56,android_app,mobile,Edge,US,RI,klarna,SpringSale,Apparel,1,110.05,0.184,20.25,standard,9.08,0.0467,4.19,103.07,0.14,4,True,True,False
ORD100054,C98009,2024-04-04 00:02:37,2024-04-09 00:02:37,android_app,tablet,Chrome,US,GA,google_pay,NewArrivals,Home,4,1527.67,0.108,164.99,standard,5.08,0.0876,119.37,1487.13,0.73,5,True,True,False
ORD100055,C19108,2024-09-26 09:57:38,2024-10-01 09:57:38,ios_app,mobile,Safari,US,VT,apple_pay,Clearance,Automotive,2,145.9,0.196,28.6,standard,6.34,0.09,10.56,134.2,0.35,5,True,True,False
ORD100056,C68348,2025-05-06 19:18:44,2025-05-09 19:18:44,web,tablet,Firefox,US,ND,google_pay,None,Toys,1,212.84,0.302,64.28,standard,3.63,0.0419,6.22,158.41,0.89,3,True,True,False
ORD100057,C96365,2025-04-06 00:43:54,2025-04-12 00:43:54,web,mobile,Opera,US,ID,paypal,None,Beauty,2,438.77,0.199,87.32,standard,7.28,0.0454,15.96,374.69,0.37,6,False,True,False
ORD100058,C44084,2024-09-14 18:32:35,2024-09-20 18:32:35,mobile_web,tablet,Edge,US,ID,paypal,Holiday,Apparel,1,70.85,0.056,3.97,standard,4.44,0.0454,3.04,74.36,0.71,6,False,True,False
ORD100059,C96936,2024-06-18 12:54:25,2024-06-23 12:54:25,marketplace,tablet,Chrome,US,MO,card,SpringSale,Books,1,60.7,0.078,4.73,standard,3.6,0.0689,3.86,63.43,1.57,5,True,True,False
ORD100060,C78008,2025-01-21 18:50:14,2025-01-26 18:50:14,android_app,tablet,Opera,US,TX,paypal,NewArrivals,Automotive,1,583.58,0.081,47.27,standard,6.94,0.0923,49.5,592.75,2.21,5,True,True,False
ORD100061,C10207,2024-06-09 10:58:49,2024-06-14 10:58:49,android_app,tablet,Opera,US,TN,google_pay,None,Toys,5,877.74,0.126,110.6,standard,9.95,0.0864,66.28,843.37,1.33,5,True,True,False
ORD100062,C35169,2024-05-26 15:33:00,2024-06-01 15:33:00,ios_app,tablet,Edge,US,UT,card,Holiday,Home,1,1176.6,0.128,150.6,standard,7.24,0.0726,74.49,1107.73,1.01,6,False,True,False
ORD100063,C60200,2025-05-14 22:19:56,2025-05-17 22:19:56,android_app,desktop,Edge,US,MS,google_pay,None,Beauty,1,109.72,0.187,20.52,standard,4.06,0.0436,3.89,97.15,0.1,3,True,True,False
ORD100064,C59841,2025-06-26 02:50:36,2025-06-30 02:50:36,ios_app,desktop,Chrome,US,SC,google_pay,Holiday,Home,1,282.62,0.089,25.15,standard,7.59,0.0561,14.44,279.5,1.32,4,True,True,False
ORD100065,C61196,2025-06-05 06:34:10,2025-06-10 06:34:10,marketplace,mobile,Opera,US,AZ,paypal,SpringSale,Sports,1,63.22,0.094,5.94,standard,3.08,0.0517,2.96,63.32,0.19,5,True,False,False
ORD100066,C10163,2024-01-18 22:55:30,2024-01-23 22:55:30,marketplace,mobile,Edge,US,CO,paypal,Holiday,Apparel,2,149.27,0.177,26.42,standard,3.27,0.0737,9.05,135.17,1.62,5,True,True,False
ORD100067,C38602,2025-02-12 08:30:40,2025-02-15 08:30:40,android_app,desktop,Opera,FR,AL,klarna,SpringSale,Grocery,2,175.62,0.096,16.86,standard,4.3,0.0,0.0,163.06,0.13,3,True,True,False
ORD100068,C15439,2024-04-30 09:25:29,2024-05-03 09:25:29,web,mobile,Safari,US,OK,apple_pay,SpringSale,Beauty,2,181.46,0.168,30.49,standard,3.9,0.087,13.13,168.0,0.29,3,True,False,False
ORD100069,C48714,2024-06-08 21:57:33,2024-06-13 21:57:33,android_app,desktop,Edge,US,MN,apple_pay,None,Books,5,870.47,0.205,178.45,standard,8.31,0.0477,33.01,733.34,0.95,5,True,True,True
ORD100070,C39725,2024-04-16 07:15:36,2024-04-18 07:15:36,mobile_web,desktop,Edge,US,ND,klarna,None,Beauty,1,132.0,0.046,6.07,two_day,12.26,0.0419,5.28,143.47,1.07,2,True,True,True
ORD100071,C20805,2024-08-14 10:52:59,2024-08-16 10:52:59,marketplace,desktop,Edge,US,AZ,apple_pay,Loyalty,Grocery,2,92.02,0.161,14.82,two_day,8.35,0.0517,3.99,89.54,0.13,2,True,True,False
ORD100072,C78099,2025-05-17 13:21:32,2025-05-20 13:21:32,android_app,mobile,Safari,US,TN,paypal,Clearance,Home,2,98.34,0.071,6.98,standard,4.54,0.0864,7.89,103.79,0.64,3,True,True,False
ORD100073,C85564,2024-03-20 18:55:28,2024-03-25 18:55:28,android_app,tablet,Chrome,US,AK,paypal,Clearance,Pets,2,1110.8,0.121,134.41,standard,4.58,0.0,0.0,980.97,0.33,5,True,True,False
ORD100074,C35279,2024-05-23 20:41:07,2024-05-26 20:41:07,web,desktop,Edge,UK,ID,card,SpringSale,Pets,2,1114.05,0.109,121.43,standard,8.44,0.0,0.0,1001.06,0.1,3,True,True,True
ORD100075,C28681,2024-04-17 21:26:44,2024-04-22 21:26:44,mobile_web,tablet,Edge,US,OH,klarna,SpringSale,Books,1,162.09,0.24,38.9,standard,6.96,0.0432,5.32,135.47,0.44,5,True,False,False
ORD100076,C16304,2025-06-12 00:20:01,2025-06-14 00:20:01,web,desktop,Opera,US,ME,klarna,None,Automotive,2,376.84,0.121,45.6,two_day,16.99,0.0642,21.27,369.5,0.24,2,True,True,True
ORD100077,C26994,2024-09-09 14:33:35,2024-09-11 14:33:35,marketplace,mobile,Edge,US,VT,google_pay,Holiday,Books,1,323.52,0.208,67.29,two_day,17.01,0.09,23.06,296.3,0.57,2,True,True,True
ORD100078,C33648,2024-01-06 03:19:05,2024-01-09 03:19:05,mobile_web,tablet,Firefox,US,SC,klarna,None,Books,1,34.97,0.05,1.75,standard,9.28,0.0561,1.86,44.36,0.51,3,True,True,False
ORD100079,C47711,2024-07-04 04:58:20,2024-07-06 04:58:20,web,desktop,Opera,US,WY,google_pay,Loyalty,Sports,1,15.84,0.167,2.65,two_day,19.61,0.0542,0.71,33.51,0.38,2,True,False,False
ORD100080,C11283,2024-12-10 09:07:49,2024-12-11 09:07:49,ios_app,desktop,Edge,US,OR,card,Loyalty,Automotive,1,354.62,0.06,21.28,overnight,26.78,0.0,0.0,360.12,1.21,1,True,True,False
ORD100081,C19346,2024-08-27 16:46:03,2024-08-31 16:46:03,mobile_web,mobile,Chrome,US,CO,klarna,Holiday,Apparel,1,62.42,0.21,13.11,standard,8.89,0.0737,3.63,61.83,0.45,4,True,False,False
ORD100082,C97969,2024-04-30 06:40:34,2024-05-03 06:40:34,android_app,desktop,Firefox,US,ID,google_pay,None,Toys,1,190.26,0.178,33.87,standard,3.41,0.0454,7.1,166.9,1.6,3,True,True,False
ORD100083,C68810,2024-03-21 06:08:26,2024-03-25 06:08:26,ios_app,tablet,Firefox,AU,AZ,google_pay,SpringSale,Books,2,1546.72,0.088,136.11,standard,5.13,0.0,0.0,1415.74,1.24,4,True,True,False
ORD100084,C60085,2025-06-24 11:04:20,2025-06-27 11:04:20,web,desktop,Firefox,US,UT,klarna,BackToSchool,Pets,1,881.1,0.181,159.48,standard,3.24,0.0726,52.39,777.25,0.61,3,True,False,False
ORD100085,C60500,2024-04-24 16:39:11,2024-04-26 16:39:11,marketplace,desktop,Chrome,US,FL,klarna,SpringSale,Home,3,760.08,0.085,64.61,two_day,14.15,0.0803,55.85,765.47,0.1,2,True,True,False
ORD100086,C10193,2024-10-22 11:11:19,2024-10-28 11:11:19,web,mobile,Chrome,US,CA,klarna,Holiday,Automotive,3,332.95,0.0,0.0,standard,4.53,0.0931,31.0,368.48,0.35,6,False,True,False
ORD100087,C80448,2025-01-17 08:19:52,2025-01-19 08:19:52,web,tablet,Opera,US,CO,apple_pay,SpringSale,Electronics,1,589.4,0.029,17.09,two_day,11.56,0.0737,42.18,626.05,0.89,2,True,False,False
ORD100088,C89190,2025-01-13 03:45:48,2025-01-15 03:45:48,mobile_web,mobile,Safari,US,VT,google_pay,Holiday,Beauty,1,39.33,0.166,6.53,two_day,16.02,0.09,2.95,51.77,0.79,2,True,True,False
ORD100089,C88033,2024-12-15 19:24:37,2024-12-19 19:24:37,ios_app,desktop,Safari,US,FL,klarna,SpringSale,Books,3,1127.38,0.118,133.03,standard,6.8,0.0803,79.85,1081.0,1.39,4,True,True,False
ORD100090,C94162,2024-02-26 17:40:59,2024-02-28 17:40:59,mobile_web,tablet,Chrome,US,SC,google_pay,Holiday,Books,1,40.14,0.222,8.91,two_day,12.09,0.0561,1.75,45.07,0.1,2,True,True,False
ORD100091,C32852,2024-09-16 10:10:41,2024-09-18 10:10:41,android_app,desktop,Opera,US,VA,paypal,Holiday,Books,5,1435.25,0.228,327.24,two_day,13.73,0.0933,103.38,1225.12,0.53,2,True,True,False
ORD100092,C74386,2024-09-28 07:56:25,2024-09-30 07:56:25,web,desktop,Edge,US,DE,klarna,None,Grocery,2,100.52,0.117,11.76,two_day,16.77,0.0,0.0,105.53,0.11,2,True,True,False
ORD100093,C85774,2025-06-26 00:47:59,2025-07-01 00:47:59,marketplace,mobile,Firefox,US,DE,google_pay,SpringSale,Books,1,638.05,0.231,147.39,standard,6.38,0.0,0.0,497.04,1.39,5,True,True,False
ORD100094,C38064,2024-01-11 12:34:05,2024-01-13 12:34:05,web,tablet,Safari,US,MA,card,None,Apparel,1,257.0,0.033,8.48,two_day,10.88,0.05,12.43,271.83,0.26,2,True,True,True
ORD100095,C60876,2024-08-12 01:47:10,2024-08-14 01:47:10,marketplace,mobile,Firefox,US,WY,apple_pay,NewArrivals,Automotive,2,500.59,0.197,98.62,two_day,8.03,0.0542,21.79,431.79,0.1,2,True,True,False
ORD100096,C96156,2024-06-19 09:39:51,2024-06-21 09:39:51,android_app,tablet,Safari,US,NC,card,NewArrivals,Beauty,1,137.68,0.0,0.0,two_day,8.92,0.0731,10.06,156.66,0.49,2,True,True,False
ORD100097,C56092,2025-06-11 03:34:15,2025-06-15 03:34:15,ios_app,mobile,Opera,US,ID,klarna,Loyalty,Electronics,2,1514.4,0.145,219.59,standard,3.5,0.0454,58.78,1357.09,0.8,4,True,True,False
ORD100098,C24743,2025-03-09 11:30:22,2025-03-14 11:30:22,android_app,tablet,Safari,CA,WA,paypal,Loyalty,Pets,2,59.06,0.07,4.13,standard,3.71,0.0,0.0,58.64,0.31,5,True,True,False
ORD100099,C26209,2024-03-02 23:53:50,2024-03-04 23:53:50,ios_app,desktop,Chrome,DE,MD,paypal,SpringSale,Electronics,4,1491.12,0.209,311.64,two_day,15.61,0.0,0.0,1195.09,1.03,2,True,True,False
ORD100100,C37364,2025-04-26 04:33:16,2025-05-02 04:33:16,ios_app,mobile,Chrome,US,NC,google_pay,NewArrivals,Apparel,1,315.87,0.106,33.48,standard,7.05,0.0731,20.64,310.08,0.1,6,False,True,False
ORD100101,C20293,2024-01-12 18:38:01,2024-01-15 18:38:01,marketplace,mobile,Safari,US,MI,card,SpringSale,Automotive,1,739.88,0.268,198.29,standard,9.14,0.0789,42.73,593.46,0.1,3,True,True,False
ORD100102,C53791,2024-12-28 17:02:38,2024-12-31 17:02:38,marketplace,mobile,Firefox,US,VA,card,SpringSale,Toys,1,67.86,0.254,17.24,standard,7.64,0.0933,4.72,62.98,0.56,3,True,True,False
ORD100103,C98839,2024-04-06 20:32:32,2024-04-10 20:32:32,android_app,tablet,Opera,US,DE,card,None,Apparel,2,1603.73,0.259,415.37,standard,5.56,0.0,0.0,1193.92,0.18,4,True,True,True
ORD100104,C56473,2024-05-11 14:02:34,2024-05-14 14:02:34,android_app,tablet,Firefox,US,GA,card,Holiday,Beauty,1,198.8,0.13,25.84,standard,4.61,0.0876,15.15,192.72,0.1,3,True,True,False
ORD100105,C94703,2024-01-31 00:05:16,2024-02-02 00:05:16,mobile_web,mobile,Safari,US,SD,klarna,Holiday,Home,1,123.2,0.184,22.67,two_day,17.52,0.0672,6.76,124.81,1.35,2,True,True,False
ORD100106,C69234,2025-06-03 04:31:43,2025-06-10 04:31:43,web,mobile,Firefox,US,VA,paypal,None,Beauty,3,1372.96,0.151,207.32,standard,8.85,0.0933,108.75,1283.24,1.07,7,False,True,False
ORD100107,C34532,2024-06-14 07:55:03,2024-06-16 07:55:03,ios_app,mobile,Opera,US,HI,apple_pay,SpringSale,Home,3,402.67,0.204,82.14,two_day,19.91,0.0776,24.87,365.31,0.34,2,True,True,False
ORD100108,C73232,2024-07-22 11:04:25,2024-07-24 11:04:25,mobile_web,tablet,Firefox,US,WI,card,SpringSale,Automotive,4,379.81,0.182,69.13,two_day,8.39,0.056,17.4,336.47,0.71,2,True,True,False
ORD100109,C56976,2024-06-06 04:29:54,2024-06-12 04:29:54,mobile_web,tablet,Safari,US,NM,card,Holiday,Sports,1,12.63,0.016,0.2,standard,5.92,0.0931,1.16,19.51,0.52,6,False,True,False
ORD100110,C95076,2024-12-17 07:52:28,2024-12-23 07:52:28,android_app,mobile,Firefox,US,MN,google_pay,NewArrivals,Sports,2,187.37,0.148,27.73,standard,4.05,0.0477,7.61,171.3,0.34,6,False,True,False
ORD100111,C40881,2024-04-07 23:51:25,2024-04-14 23:51:25,web,tablet,Chrome,US,MI,apple_pay,Loyalty,Toys,2,172.31,0.24,41.35,standard,8.95,0.0789,10.33,150.24,0.3,7,False,True,True
ORD100112,C72021,2025-01-07 02:29:25,2025-01-11 02:29:25,android_app,tablet,Opera,US,IN,card,Holiday,Automotive,1,608.97,0.126,76.73,standard,4.64,0.0567,30.18,567.06,0.85,4,True,True,False
ORD100113,C20578,2025-01-18 19:26:44,2025-01-24 19:26:44,ios_app,tablet,Edge,US,IL,apple_pay,None,Pets,1,60.6,0.162,9.82,standard,4.75,0.0486,2.47,58.0,0.69,6,False,True,False
ORD100114,C56289,2024-04-16 14:59:27,2024-04-20 14:59:27,ios_app,desktop,Firefox,US,VA,google_pay,Clearance,Electronics,1,159.08,0.217,34.52,standard,3.5,0.0933,11.62,139.68,0.16,4,True,True,False
ORD100115,C91486,2024-12-04 19:45:26,2024-12-09 19:45:26,marketplace,mobile,Safari,US,CT,card,None,Automotive,2,827.84,0.049,40.56,standard,7.24,0.0683,53.77,848.29,0.51,5,True,True,False
ORD100116,C98229,2024-06-13 21:14:01,2024-06-16 21:14:01,ios_app,desktop,Edge,DE,CT,google_pay,Holiday,Home,2,132.67,0.115,15.26,standard,7.11,0.0,0.0,124.52,0.85,3,True,True,False
ORD100117,C52051,2024-06-03 04:16:48,2024-06-10 04:16:48,marketplace,mobile,Safari,US,MI,card,Holiday,Toys,1,1014.9,0.149,151.22,standard,6.59,0.0789,68.14,938.41,0.4,7,False,False,False
ORD100118,C85945,2025-06-27 05:17:07,2025-07-02 05:17:07,android_app,tablet,Chrome,US,SC,card,SpringSale,Apparel,1,61.29,0.165,10.11,standard,9.53,0.0561,2.87,63.58,0.55,5,True,True,False
ORD100119,C20103,2024-06-12 06:40:26,2024-06-15 06:40:26,marketplace,mobile,Firefox,US,ME,card,Holiday,Electronics,3,497.82,0.163,81.14,standard,5.11,0.0642,26.75,448.54,0.49,3,True,True,False
ORD100120,C78814,2025-05-03 21:37:06,2025-05-08 21:37:06,marketplace,desktop,Chrome,FR,CA,paypal,None,Apparel,3,1108.94,0.05,55.45,standard,6.54,0.0,0.0,1060.03,1.98,5,True,True,True
ORD100121,C69500,2024-06-04 17:10:58,2024-06-09 17:10:58,web,tablet,Firefox,US,PA,card,SpringSale,Pets,1,302.06,0.035,10.57,standard,4.16,0.0486,14.17,309.82,0.1,5,True,True,False
ORD100122,C80293,2025-05-18 01:10:13,2025-05-21 01:10:13,ios_app,mobile,Safari,US,RI,paypal,Clearance,Home,1,52.54,0.078,4.1,standard,9.72,0.0467,2.26,60.42,0.67,3,True,True,False
ORD100123,C59170,2024-12-19 02:47:30,2024-12-25 02:47:30,mobile_web,tablet,Opera,US,CA,card,Clearance,Electronics,2,558.0,0.081,45.2,standard,7.28,0.0931,47.74,567.82,1.36,6,False,True,False
ORD100124,C40698,2024-02-26 06:05:19,2024-02-28 06:05:19,android_app,desktop,Chrome,US,TN,klarna,Loyalty,Pets,2,1128.85,0.127,143.36,two_day,8.8,0.0864,85.15,1079.44,1.47,2,True,True,False
ORD100125,C35307,2025-01-17 10:06:48,2025-01-18 10:06:48,marketplace,mobile,Edge,US,MO,klarna,Clearance,Home,1,36.08,0.134,4.83,overnight,33.07,0.0689,2.15,66.47,0.75,1,True,True,True
ORD100126,C19277,2024-09-21 03:13:31,2024-09-24 03:13:31,android_app,desktop,Safari,US,MA,paypal,Loyalty,Grocery,2,263.65,0.042,11.07,standard,8.42,0.05,12.63,273.63,1.34,3,True,True,False
ORD100127,C49178,2024-09-21 08:15:49,2024-09-26 08:15:49,mobile_web,mobile,Edge,US,HI,paypal,Holiday,Electronics,2,160.19,0.269,43.09,standard,6.7,0.0776,9.09,132.89,1.22,5,True,True,False
ORD100128,C37526,2024-02-01 19:53:45,2024-02-07 19:53:45,android_app,mobile,Opera,US,NY,google_pay,Holiday,Books,1,24.72,0.137,3.39,standard,5.26,0.0729,1.55,28.14,1.6,6,False,True,False
ORD100129,C22391,2025-06-07 01:07:24,2025-06-09 01:07:24,web,mobile,Opera,US,TX,apple_pay,None,Automotive,1,199.92,0.112,22.39,two_day,18.7,0.0923,16.39,212.62,1.32,2,True,True,True
ORD100130,C16644,2024-01-06 20:40:53,2024-01-12 20:40:53,android_app,tablet,Firefox,US,WY,paypal,Clearance,Sports,3,3129.63,0.174,544.56,standard,7.15,0.0542,140.11,2732.33,0.1,6,False,True,False
ORD100131,C73185,2024-02-04 05:09:11,2024-02-06 05:09:11,web,tablet,Chrome,US,CO,card,SpringSale,Toys,1,51.95,0.192,9.97,two_day,16.01,0.0737,3.09,61.08,1.27,2,True,True,True
ORD100132,C84102,2024-01-23 13:38:22,2024-01-25 13:38:22,android_app,mobile,Opera,UK,WI,klarna,Clearance,Electronics,1,269.71,0.125,33.71,two_day,9.01,0.0,0.0,245.01,0.65,2,True,True,False
ORD100133,C94486,2024-03-19 07:52:47,2024-03-21 07:52:47,ios_app,desktop,Chrome,US,ND,apple_pay,BackToSchool,Sports,3,1065.57,0.098,104.43,two_day,10.75,0.0419,40.27,1012.16,0.44,2,True,True,True
ORD100134,C29539,2024-08-03 02:03:46,2024-08-04 02:03:46,android_app,tablet,Firefox,US,HI,klarna,BackToSchool,Automotive,1,171.54,0.101,17.33,overnight,36.62,0.0776,11.97,202.8,0.12,1,True,True,False
ORD100135,C13373,2024-12-10 11:41:19,2024-12-15 11:41:19,ios_app,mobile,Chrome,US,MI,card,Holiday,Automotive,3,289.15,0.065,18.79,standard,6.43,0.0789,21.33,298.12,0.95,5,True,True,False
ORD100136,C72790,2025-01-14 14:58:00,2025-01-16 14:58:00,android_app,tablet,Chrome,US,MO,klarna,None,Electronics,1,50.55,0.0,0.0,two_day,15.94,0.0689,3.48,69.97,0.11,2,True,True,False
ORD100137,C99499,2024-11-13 15:34:26,2024-11-19 15:34:26,web,mobile,Firefox,US,MN,paypal,Holiday,Electronics,2,181.94,0.19,34.57,standard,7.2,0.0477,7.03,161.6,0.1,6,False,True,False
ORD100138,C79504,2025-01-06 07:19:42,2025-01-10 07:19:42,ios_app,mobile,Firefox,FR,GA,klarna,Holiday,Electronics,2,397.11,0.045,17.87,standard,7.69,0.0,0.0,386.93,0.44,4,True,True,True
ORD100139,C63664,2025-04-03 22:12:08,2025-04-09 22:12:08,ios_app,mobile,Chrome,US,CA,google_pay,NewArrivals,Pets,2,168.78,0.176,29.71,standard,6.96,0.0931,12.95,158.98,1.85,6,False,True,True
ORD100140,C75727,2025-04-04 04:39:14,2025-04-10 04:39:14,web,desktop,Firefox,US,KS,paypal,NewArrivals,Home,2,342.26,0.266,91.04,standard,6.8,0.0922,23.16,281.18,0.3,6,False,True,False
ORD100141,C65021,2024-02-10 11:37:11,2024-02-16 11:37:11,web,tablet,Edge,US,ME,paypal,None,Pets,1,567.78,0.096,54.51,standard,4.33,0.0642,32.95,550.55,0.1,6,False,True,False
ORD100142,C54041,2024-09-21 08:01:22,2024-09-23 08:01:22,ios_app,desktop,Firefox,US,PA,google_pay,None,Automotive,2,763.84,0.146,111.52,two_day,10.08,0.0486,31.7,694.1,0.47,2,True,True,False
ORD100143,C29309,2024-04-25 22:07:47,2024-04-27 22:07:47,web,mobile,Opera,US,LA,card,SpringSale,Grocery,2,1725.99,0.148,255.45,two_day,9.25,0.096,141.17,1620.96,0.6,2,True,True,True
ORD100144,C30316,2025-01-09 01:58:28,2025-01-14 01:58:28,ios_app,mobile,Firefox,US,CA,google_pay,BackToSchool,Grocery,1,153.75,0.0,0.0,standard,3.35,0.0931,14.31,171.41,0.1,5,True,True,False
ORD100145,C85886,2024-05-22 01:52:00,2024-05-27 01:52:00,web,mobile,Firefox,US,ME,klarna,Loyalty,Electronics,1,47.79,0.07,3.35,standard,4.55,0.0642,2.85,51.84,0.34,5,True,True,False
ORD100146,C85504,2025-05-18 16:26:06,2025-05-25 16:26:06,mobile_web,desktop,Chrome,US,IL,paypal,SpringSale,Sports,1,223.16,0.099,22.09,standard,4.67,0.0486,9.77,215.51,0.5,7,False,True,True
ORD100147,C61618,2025-06-26 15:32:34,2025-07-01 15:32:34,marketplace,desktop,Chrome,US,AK,apple_pay,None,Home,1,57.31,0.168,9.63,standard,4.27,0.0,0.0,51.95,0.12,5,True,True,True
ORD100148,C15313,2025-05-20 07:56:14,2025-05-24 07:56:14,web,tablet,Opera,US,MA,paypal,None,Books,2,79.2,0.148,11.72,standard,6.5,0.05,3.37,77.35,0.4,4,True,True,False
ORD100149,C19417,2025-06-08 01:20:19,2025-06-14 01:20:19,ios_app,desktop,Edge,US,FL,google_pay,BackToSchool,Home,1,765.92,0.104,79.66,standard,4.86,0.0803,55.11,746.23,3.25,6,False,True,False
ORD100150,C72993,2025-01-13 16:04:10,2025-01-15 16:04:10,marketplace,tablet,Opera,US,SC,google_pay,Holiday,Pets,1,39.27,0.071,2.79,two_day,8.2,0.0561,2.05,46.73,0.76,2,True,True,True
ORD100151,C60772,2024-12-05 03:12:20,2024-12-07 03:12:20,mobile_web,desktop,Safari,US,OH,paypal,SpringSale,Electronics,1,382.96,0.114,43.66,two_day,10.97,0.0432,14.66,364.93,0.84,2,True,True,False
ORD100152,C14922,2024-07-23 16:53:46,2024-07-25 16:53:46,android_app,desktop,Firefox,AU,GA,card,BackToSchool,Electronics,1,110.52,0.177,19.56,two_day,8.62,0.0,0.0,99.58,0.47,2,True,True,False
ORD100153,C22205,2024-10-19 15:54:27,2024-10-24 15:54:27,android_app,desktop,Edge,US,NE,card,BackToSchool,Beauty,1,21.99,0.076,1.67,standard,8.62,0.0845,1.72,30.66,0.2,5,True,False,False
ORD100154,C76467,2024-03-28 14:19:30,2024-04-01 14:19:30,android_app,desktop,Edge,US,ND,paypal,Holiday,Beauty,2,91.73,0.133,12.2,standard,7.47,0.0419,3.33,90.33,2.95,4,True,True,False
ORD100155,C48751,2024-12-05 05:58:39,2024-12-08 05:58:39,web,tablet,Opera,US,IA,google_pay,Clearance,Apparel,1,88.92,0.243,21.61,standard,8.54,0.0426,2.87,78.72,0.65,3,True,True,True
ORD100156,C51777,2024-04-07 15:00:58,2024-04-08 15:00:58,mobile_web,tablet,Chrome,US,FL,paypal,Loyalty,Apparel,2,89.64,0.15,13.45,overnight,36.24,0.0803,6.12,118.55,0.1,1,True,True,False
ORD100157,C15543,2024-03-09 22:03:52,2024-03-12 22:03:52,android_app,tablet,Edge,US,NV,paypal,Holiday,Beauty,1,169.41,0.061,10.33,standard,7.04,0.0734,11.68,177.8,0.58,3,True,True,True
ORD100158,C99745,2024-05-03 13:32:07,2024-05-10 13:32:07,android_app,desktop,Edge,US,VA,klarna,None,Pets,1,531.96,0.074,39.37,standard,6.1,0.0933,45.96,544.65,0.1,7,False,True,False
ORD100159,C94284,2024-03-04 04:31:41,2024-03-07 04:31:41,android_app,mobile,Opera,US,NH,klarna,None,Grocery,2,821.73,0.104,85.46,standard,6.96,0.0,0.0,743.23,0.51,3,True,True,False
ORD100160,C89788,2024-08-09 17:37:08,2024-08-13 17:37:08,ios_app,tablet,Firefox,US,CA,klarna,SpringSale,Home,3,319.3,0.138,44.06,standard,7.72,0.0931,25.62,308.58,1.02,4,True,True,False
ORD100161,C85986,2024-12-28 01:11:35,2025-01-04 01:11:35,ios_app,desktop,Edge,US,AK,card,SpringSale,Home,3,3901.78,0.118,460.41,standard,9.26,0.0,0.0,3450.63,0.1,7,False,False,False
ORD100162,C11893,2025-04-21 16:53:01,2025-04-28 16:53:01,web,desktop,Chrome,US,NE,klarna,NewArrivals,Pets,4,1687.48,0.152,256.5,standard,3.0,0.0845,120.92,1554.9,0.67,7,False,True,False
ORD100163,C21350,2025-03-08 23:57:12,2025-03-10 23:57:12,web,desktop,Safari,US,MN,paypal,BackToSchool,Apparel,1,37.76,0.128,4.83,two_day,10.51,0.0477,1.57,45.01,0.1,2,True,True,False
ORD100164,C79922,2024-12-19 02:01:43,2024-12-25 02:01:43,ios_app,tablet,Chrome,US,WY,paypal,SpringSale,Home,1,103.4,0.214,22.13,standard,3.56,0.0542,4.4,89.23,0.45,6,False,True,False
ORD100165,C10692,2025-01-17 15:04:30,2025-01-19 15:04:30,mobile_web,tablet,Safari,US,CA,klarna,Holiday,Books,3,1166.13,0.152,177.25,two_day,8.29,0.0931,92.06,1089.23,0.1,2,True,True,False
ORD100166,C59056,2024-12-26 06:38:35,2025-01-01 06:38:35,android_app,desktop,Safari,US,NY,klarna,SpringSale,Apparel,3,426.98,0.179,76.43,standard,3.56,0.0729,25.56,379.67,0.41,6,False,True,False
ORD100167,C90846,2024-07-30 17:19:30,2024-08-03 17:19:30,mobile_web,tablet,Edge,UK,WA,apple_pay,SpringSale,Books,2,271.77,0.05,13.59,standard,3.32,0.0,0.0,261.5,2.04,4,True,True,False
ORD100168,C36299,2024-12-01 22:42:53,2024-12-05 22:42:53,ios_app,desktop,Safari,FR,SC,klarna,SpringSale,Apparel,2,229.52,0.134,30.76,standard,9.74,0.0,0.0,208.5,0.1,4,True,True,False
ORD100169,C35425,2024-02-01 18:24:46,2024-02-06 18:24:46,android_app,tablet,Opera,US,DE,paypal,Clearance,Grocery,2,782.08,0.164,128.26,standard,5.34,0.0,0.0,659.16,0.92,5,True,True,False
ORD100170,C55747,2024-12-16 08:49:00,2024-12-23 08:49:00,ios_app,mobile,Opera,US,KS,google_pay,None,Home,1,63.33,0.226,14.31,standard,6.39,0.0922,4.52,59.93,0.38,7,False,True,False
ORD100171,C95216,2024-05-28 15:01:12,2024-06-01 15:01:12,ios_app,tablet,Firefox,US,MT,paypal,Holiday,Beauty,2,238.37,0.048,11.44,standard,7.86,0.0,0.0,234.79,0.14,4,True,True,False
ORD100172,C94517,2025-02-17 15:39:24,2025-02-20 15:39:24,ios_app,desktop,Firefox,US,FL,paypal,NewArrivals,Beauty,1,218.28,0.196,42.78,standard,7.18,0.0803,14.09,196.77,1.16,3,True,True,False
ORD100173,C52624,2025-03-18 22:13:38,2025-03-22 22:13:38,mobile_web,desktop,Opera,US,HI,klarna,Clearance,Automotive,1,622.76,0.143,89.05,standard,7.05,0.0776,41.42,582.18,0.1,4,True,True,False
ORD100174,C76727,2024-03-29 12:33:12,2024-04-02 12:33:12,android_app,desktop,Opera,US,MA,google_pay,Loyalty,Apparel,3,240.48,0.131,31.5,standard,7.76,0.05,10.45,227.19,1.88,4,True,True,False
ORD100175,C71084,2024-11-19 15:22:53,2024-11-25 15:22:53,mobile_web,tablet,Chrome,US,IA,klarna,NewArrivals,Automotive,2,71.77,0.09,6.46,standard,8.48,0.0426,2.78,76.57,1.68,6,False,True,False
ORD100176,C24605,2025-06-27 18:00:16,2025-07-02 18:00:16,web,tablet,Firefox,US,UT,paypal,Holiday,Beauty,2,442.77,0.05,22.14,standard,4.7,0.0726,30.54,455.87,0.26,5,True,True,False
ORD100177,C33474,2024-10-31 17:49:35,2024-11-05 17:49:35,android_app,mobile,Firefox,UK,UT,card,None,Books,2,718.27,0.18,129.29,standard,6.84,0.0,0.0,595.82,0.15,5,True,True,False
ORD100178,C21695,2024-01-30 00:42:44,2024-01-31 00:42:44,ios_app,mobile,Opera,US,FL,klarna,Holiday,Electronics,1,52.84,0.194,10.25,overnight,20.83,0.0803,3.42,66.84,0.83,1,True,True,False
ORD100179,C97527,2024-05-04 02:47:59,2024-05-11 02:47:59,mobile_web,mobile,Edge,US,VT,card,SpringSale,Apparel,1,1212.4,0.104,126.09,standard,4.75,0.09,97.77,1188.83,0.1,7,False,True,False
ORD100180,C61796,2024-08-09 16:05:16,2024-08-11 16:05:16,mobile_web,desktop,Firefox,CA,KS,card,BackToSchool,Grocery,2,131.42,0.08,10.51,two_day,9.44,0.0,0.0,130.35,0.1,2,True,True,False
ORD100181,C10215,2025-06-22 06:04:51,2025-06-26 06:04:51,web,mobile,Chrome,US,RI,google_pay,None,Apparel,1,12.73,0.166,2.11,standard,6.11,0.0467,0.5,17.23,0.79,4,True,True,False
ORD100182,C73261,2024-07-03 18:09:37,2024-07-10 18:09:37,mobile_web,desktop,Edge,AU,MO,card,None,Sports,2,361.93,0.036,13.03,standard,6.0,0.0,0.0,354.9,0.1,7,False,True,False
ORD100183,C88282,2025-03-02 14:41:32,2025-03-04 14:41:32,mobile_web,tablet,Safari,US,ME,card,Holiday,Grocery,1,283.17,0.141,39.93,two_day,18.91,0.0642,15.62,277.77,0.15,2,True,True,False
ORD100184,C26562,2025-01-21 13:41:20,2025-01-27 13:41:20,mobile_web,desktop,Edge,US,MT,paypal,Holiday,Electronics,3,656.36,0.141,92.55,standard,3.61,0.0,0.0,567.42,0.33,6,False,True,True
ORD100185,C92987,2024-02-13 01:06:34,2024-02-16 01:06:34,web,desktop,Opera,UK,DE,paypal,Loyalty,Electronics,2,278.22,0.046,12.8,standard,7.88,0.0,0.0,273.3,1.8,3,True,True,False
ORD100186,C45333,2025-05-01 19:33:29,2025-05-06 19:33:29,android_app,desktop,Chrome,US,NM,paypal,None,Automotive,2,371.2,0.038,14.11,standard,5.89,0.0931,33.25,396.23,0.1,5,True,True,False
ORD100187,C61375,2024-11-15 13:52:42,2024-11-19 13:52:42,web,desktop,Opera,US,AL,card,SpringSale,Pets,1,231.36,0.103,23.83,standard,8.0,0.0928,19.26,234.79,0.19,4,True,True,False
ORD100188,C89401,2025-05-11 01:50:39,2025-05-16 01:50:39,web,desktop,Edge,US,IN,paypal,Holiday,Books,2,322.83,0.09,29.05,standard,5.46,0.0567,16.66,315.9,1.68,5,True,True,False
ORD100189,C67986,2024-08-22 17:17:42,2024-08-24 17:17:42,marketplace,mobile,Edge,US,GA,klarna,NewArrivals,Electronics,1,57.16,0.0,0.0,two_day,15.62,0.0876,5.01,77.79,0.14,2,True,True,False
ORD100190,C55254,2024-01-16 15:13:36,2024-01-18 15:13:36,ios_app,desktop,Safari,US,DE,apple_pay,Clearance,Electronics,3,223.94,0.236,52.85,two_day,17.24,0.0,0.0,188.33,2.59,2,True,True,False
ORD100191,C97173,2024-12-02 15:41:51,2024-12-05 15:41:51,ios_app,mobile,Edge,US,UT,apple_pay,None,Sports,2,327.69,0.176,57.67,standard,5.25,0.0726,19.6,294.87,0.57,3,True,True,False
ORD100192,C34054,2024-01-25 14:47:41,2024-01-29 14:47:41,mobile_web,mobile,Chrome,US,SD,card,Loyalty,Home,2,178.86,0.119,21.28,standard,3.17,0.0672,10.59,171.34,0.2,4,True,True,False
ORD100193,C76275,2025-05-14 21:09:29,2025-05-16 21:09:29,marketplace,mobile,Edge,US,AK,klarna,NewArrivals,Toys,2,684.87,0.0,0.0,two_day,18.23,0.0,0.0,703.1,0.1,2,True,True,False
ORD100194,C73753,2024-02-13 19:03:19,2024-02-14 19:03:19,web,tablet,Safari,US,IL,google_pay,SpringSale,Automotive,1,63.81,0.124,7.91,overnight,36.1,0.0486,2.72,94.72,0.21,1,True,True,True
ORD100195,C39553,2024-05-01 15:15:08,2024-05-05 15:15:08,android_app,desktop,Safari,US,AL,google_pay,None,Apparel,5,806.21,0.089,71.75,standard,7.22,0.0928,68.16,809.84,0.1,4,True,True,False
ORD100196,C81695,2024-07-16 02:38:14,2024-07-22 02:38:14,marketplace,desktop,Firefox,US,NV,paypal,NewArrivals,Pets,1,48.26,0.066,3.19,standard,8.3,0.0734,3.31,56.68,0.45,6,False,True,False
ORD100197,C97892,2024-05-05 18:52:28,2024-05-12 18:52:28,ios_app,mobile,Opera,US,HI,google_pay,Loyalty,Sports,1,36.75,0.09,3.31,standard,5.82,0.0776,2.59,41.85,0.7,7,False,True,True
ORD100198,C58353,2024-03-11 18:05:00,2024-03-16 18:05:00,android_app,desktop,Chrome,US,AZ,card,Loyalty,Home,1,100.41,0.225,22.59,standard,9.84,0.0517,4.02,91.68,0.33,5,True,True,False
ORD100199,C15629,2024-01-02 01:54:06,2024-01-06 01:54:06,web,tablet,Opera,US,AZ,paypal,NewArrivals,Automotive,4,625.69,0.192,120.13,standard,8.25,0.0517,26.14,539.95,0.26,4,True,True,False
ORD100200,C49385,2024-07-15 02:43:27,2024-07-21 02:43:27,android_app,mobile,Edge,US,OR,apple_pay,NewArrivals,Toys,3,1218.62,0.049,59.71,standard,6.59,0.0,0.0,1165.5,0.88,6,False,False,False
ORD100201,C72580,2024-08-16 21:21:07,2024-08-22 21:21:07,web,desktop,Opera,US,MI,paypal,Holiday,Toys,1,239.78,0.159,38.13,standard,8.36,0.0789,15.91,225.92,0.1,6,False,True,True
ORD100202,C53827,2024-11-17 23:07:17,2024-11-21 23:07:17,web,mobile,Opera,US,WY,apple_pay,Holiday,Automotive,1,294.48,0.135,39.75,standard,9.23,0.0542,13.81,277.77,0.21,4,True,True,False
ORD100203,C38690,2024-10-19 02:56:32,2024-10-20 02:56:32,ios_app,desktop,Firefox,US,FL,card,Holiday,Toys,1,36.16,0.086,3.11,overnight,24.82,0.0803,2.65,60.52,0.21,1,True,True,False
ORD100204,C86050,2025-06-24 07:52:50,2025-06-29 07:52:50,web,desktop,Firefox,DE,ME,paypal,Holiday,Beauty,2,410.0,0.125,51.25,standard,3.73,0.0,0.0,362.48,0.25,5,True,True,False
ORD100205,C47661,2024-11-20 11:02:47,2024-11-22 11:02:47,android_app,desktop,Edge,US,SC,google_pay,Loyalty,Toys,2,400.92,0.12,48.11,two_day,8.96,0.0561,19.79,381.56,0.86,2,True,True,False
ORD100206,C36183,2024-09-04 14:16:21,2024-09-06 14:16:21,mobile_web,mobile,Firefox,US,MS,card,None,Books,4,599.62,0.125,74.95,two_day,13.34,0.0436,22.88,560.89,0.6,2,True,False,False
ORD100207,C60654,2024-11-04 00:42:26,2024-11-07 00:42:26,marketplace,mobile,Firefox,US,MS,paypal,Loyalty,Toys,3,139.7,0.155,21.65,standard,4.52,0.0436,5.15,127.72,0.32,3,True,True,False
ORD100208,C99080,2024-11-14 12:58:12,2024-11-18 12:58:12,web,desktop,Edge,US,IA,klarna,Holiday,Electronics,1,54.49,0.146,7.96,standard,6.11,0.0426,1.98,54.62,0.1,4,True,True,False
ORD100209,C73044,2024-09-26 10:34:59,2024-09-28 10:34:59,marketplace,desktop,Edge,US,WA,klarna,None,Electronics,1,49.85,0.116,5.78,two_day,16.67,0.0858,3.78,64.52,0.13,2,True,True,False
ORD100210,C61742,2025-01-14 03:02:30,2025-01-21 03:02:30,mobile_web,mobile,Chrome,US,NV,google_pay,SpringSale,Electronics,2,115.74,0.187,21.64,standard,4.76,0.0734,6.91,105.77,1.22,7,False,True,False
ORD100211,C86425,2025-02-22 09:04:41,2025-03-01 09:04:41,ios_app,mobile,Edge,US,SC,paypal,Holiday,Pets,1,242.62,0.087,21.11,standard,5.21,0.0561,12.43,239.15,0.68,7,False,True,False
ORD100212,C95178,2025-05-14 23:43:33,2025-05-20 23:43:33,ios_app,desktop,Opera,US,MA,klarna,SpringSale,Grocery,5,972.91,0.184,179.02,standard,7.49,0.05,39.69,841.07,0.26,6,False,True,True
ORD100213,C68032,2025-03-29 05:25:29,2025-04-04 05:25:29,android_app,mobile,Opera,US,CO,apple_pay,SpringSale,Sports,1,1183.74,0.126,149.15,standard,8.16,0.0737,76.25,1119.0,0.49,6,False,True,True
ORD100214,C14551,2025-03-13 16:44:55,2025-03-18 16:44:55,ios_app,mobile,Opera,US,WV,google_pay,Holiday,Apparel,1,16.39,0.096,1.57,standard,3.4,0.0568,0.84,19.06,0.62,5,True,True,True
ORD100215,C80309,2024-12-13 18:10:21,2024-12-14 18:10:21,ios_app,desktop,Safari,US,NC,klarna,NewArrivals,Books,2,261.93,0.096,25.15,overnight,17.64,0.0731,17.31,271.73,1.17,1,True,True,False
ORD100216,C88929,2024-11-10 19:51:50,2024-11-12 19:51:50,android_app,desktop,Chrome,US,MN,card,Holiday,Sports,1,21.66,0.19,4.12,two_day,10.54,0.0477,0.84,28.92,0.11,2,True,True,False
ORD100217,C44831,2024-07-03 22:20:42,2024-07-07 22:20:42,mobile_web,tablet,Chrome,US,TN,paypal,Holiday,Sports,1,1225.46,0.129,158.08,standard,4.77,0.0864,92.22,1164.37,1.73,4,True,True,False
ORD100218,C42334,2024-05-04 02:25:05,2024-05-06 02:25:05,android_app,mobile,Opera,US,OH,google_pay,BackToSchool,Electronics,2,521.98,0.141,73.6,two_day,9.04,0.0432,19.37,476.79,0.19,2,True,True,True
ORD100219,C11044,2025-06-20 16:19:11,2025-06-23 16:19:11,marketplace,desktop,Edge,US,CT,apple_pay,Loyalty,Electronics,1,787.18,0.215,169.24,standard,4.71,0.0683,42.21,664.86,1.12,3,True,True,False
ORD100220,C99743,2025-06-23 04:20:19,2025-06-28 04:20:19,web,mobile,Safari,US,VA,paypal,None,Sports,3,586.61,0.055,32.26,standard,7.17,0.0933,51.72,613.24,0.1,5,True,True,False
ORD100221,C33097,2024-12-16 02:31:11,2024-12-17 02:31:11,web,desktop,Edge,US,WV,paypal,Loyalty,Toys,5,515.01,0.25,128.75,overnight,30.28,0.0568,21.94,438.48,2.88,1,True,True,False
ORD100222,C28174,2024-04-17 15:09:57,2024-04-21 15:09:57,marketplace,mobile,Firefox,US,FL,google_pay,Clearance,Automotive,3,1297.35,0.196,254.28,standard,5.4,0.0803,83.76,1132.23,0.1,4,True,True,False
ORD100223,C98090,2024-04-22 20:06:21,2024-04-26 20:06:21,web,desktop,Firefox,US,CT,klarna,NewArrivals,Grocery,1,69.24,0.217,15.03,standard,7.18,0.0683,3.7,65.09,0.94,4,True,True,False
ORD100224,C22305,2024-02-26 05:53:53,2024-03-04 05:53:53,web,desktop,Safari,CA,WA,card,None,Apparel,2,937.3,0.179,167.78,standard,3.91,0.0,0.0,773.43,0.33,7,False,True,False
ORD100225,C11524,2024-10-01 10:30:14,2024-10-05 10:30:14,ios_app,mobile,Safari,CA,TX,apple_pay,Holiday,Automotive,5,1249.1,0.281,351.0,standard,3.14,0.0,0.0,901.24,1.48,4,True,False,False
ORD100226,C60390,2025-02-20 08:34:45,2025-02-22 08:34:45,ios_app,mobile,Chrome,US,HI,card,SpringSale,Toys,1,255.52,0.228,58.26,two_day,13.81,0.0776,15.31,226.38,1.59,2,True,False,True
ORD100227,C26459,2024-03-01 03:54:14,2024-03-03 03:54:14,marketplace,desktop,Opera,US,SD,apple_pay,BackToSchool,Electronics,1,989.72,0.096,95.01,two_day,14.03,0.0672,60.12,968.86,0.21,2,True,True,True
ORD100228,C35988,2024-01-10 12:18:59,2024-01-15 12:18:59,web,mobile,Chrome,US,WV,paypal,Holiday,Pets,3,587.36,0.134,78.71,standard,7.68,0.0568,28.89,545.22,1.18,5,True,True,False
ORD100229,C97640,2024-09-29 19:02:05,2024-10-01 19:02:05,android_app,desktop,Safari,US,AL,paypal,Clearance,Apparel,2,95.82,0.208,19.93,two_day,9.4,0.0928,7.04,92.33,0.42,2,True,True,False
ORD100230,C99876,2024-10-15 00:55:50,2024-10-22 00:55:50,ios_app,desktop,Opera,US,AZ,paypal,Holiday,Electronics,3,142.35,0.126,17.94,standard,6.81,0.0517,6.43,137.65,0.56,7,False,True,False
ORD100231,C33535,2025-02-12 22:58:24,2025-02-17 22:58:24,mobile_web,desktop,Edge,US,OR,klarna,SpringSale,Home,2,760.29,0.12,91.23,standard,6.0,0.0,0.0,675.06,0.15,5,True,True,False
ORD100232,C13513,2025-02-25 13:15:27,2025-03-02 13:15:27,android_app,mobile,Safari,US,OR,klarna,NewArrivals,Home,5,814.97,0.151,123.06,standard,4.18,0.0,0.0,696.09,0.5,5,True,True,False
ORD100233,C37499,2025-03-21 18:22:03,2025-03-27 18:22:03,web,desktop,Safari,US,OK,apple_pay,None,Toys,2,271.69,0.158,42.93,standard,6.22,0.087,19.9,254.88,0.23,6,False,True,True
ORD100234,C12765,2025-01-03 07:30:19,2025-01-07 07:30:19,marketplace,desktop,Edge,US,TX,google_pay,BackToSchool,Toys,1,40.38,0.142,5.73,standard,4.09,0.0923,3.2,41.94,0.2,4,True,True,False
ORD100235,C20619,2024-03-04 00:52:22,2024-03-11 00:52:22,android_app,desktop,Safari,US,MN,google_pay,Holiday,Apparel,2,869.81,0.157,136.56,standard,8.46,0.0477,34.98,776.69,0.31,7,False,True,False
ORD100236,C70926,2024-06-08 09:37:17,2024-06-15 09:37:17,web,tablet,Edge,US,ME,klarna,Clearance,Automotive,5,1223.28,0.266,325.39,standard,4.33,0.0642,57.64,959.86,0.43,7,False,False,True
ORD100237,C33290,2024-11-03 17:51:35,2024-11-05 17:51:35,mobile_web,desktop,Chrome,US,UT,paypal,Clearance,Grocery,2,117.34,0.0,0.0,two_day,9.23,0.0726,8.52,135.09,0.54,2,True,True,False
ORD100238,C77313,2024-12-24 22:48:20,2024-12-25 22:48:20,mobile_web,mobile,Firefox,DE,WY,apple_pay,Clearance,Toys,2,87.48,0.149,13.03,overnight,22.86,0.0,0.0,97.31,0.1,1,True,True,False
ORD100239,C19491,2024-01-03 10:15:20,2024-01-08 10:15:20,ios_app,mobile,Chrome,UK,NC,card,SpringSale,Toys,1,33.22,0.036,1.2,standard,9.3,0.0,0.0,41.32,0.77,5,True,True,False
ORD100240,C45670,2025-06-10 04:30:07,2025-06-12 04:30:07,mobile_web,desktop,Firefox,US,CT,google_pay,SpringSale,Grocery,2,225.59,0.185,41.73,two_day,15.59,0.0683,12.56,212.01,0.49,2,True,True,False
ORD100241,C23334,2024-10-23 03:39:27,2024-10-28 03:39:27,marketplace,mobile,Firefox,US,CO,klarna,SpringSale,Pets,2,1023.54,0.085,87.0,standard,3.98,0.0737,69.02,1009.54,0.41,5,True,True,False
ORD100242,C77067,2024-05-22 21:05:00,2024-05-28 21:05:00,web,tablet,Opera,US,CT,klarna,None,Automotive,1,69.81,0.182,12.71,standard,8.58,0.0683,3.9,69.58,0.22,6,False,True,True
ORD100243,C83719,2025-03-31 02:27:04,2025-04-07 02:27:04,mobile_web,mobile,Firefox,US,GA,paypal,None,Sports,2,55.69,0.19,10.58,standard,6.77,0.0876,3.95,55.83,2.43,7,False,True,True
ORD100244,C15153,2024-05-15 03:18:09,2024-05-16 03:18:09,web,desktop,Firefox,US,VT,apple_pay,SpringSale,Apparel,5,1528.45,0.126,192.58,overnight,35.92,0.09,120.23,1492.02,0.13,1,True,True,True
ORD100245,C94790,2024-11-04 06:37:08,2024-11-08 06:37:08,mobile_web,desktop,Opera,US,LA,card,None,Books,1,199.59,0.007,1.4,standard,7.78,0.096,19.03,225.0,0.1,4,True,True,False
ORD100246,C17869,2024-03-19 12:58:52,2024-03-21 12:58:52,mobile_web,tablet,Edge,UK,ID,apple_pay,Holiday,Grocery,1,1857.66,0.194,360.39,two_day,19.11,0.0,0.0,1516.38,0.1,2,True,True,False
ORD100247,C25210,2024-12-04 20:56:06,2024-12-06 20:56:06,web,desktop,Opera,US,NY,klarna,BackToSchool,Grocery,5,1727.05,0.139,240.06,two_day,14.6,0.0729,108.4,1609.99,0.42,2,True,True,False
ORD100248,C58877,2024-09-08 11:09:07,2024-09-15 11:09:07,mobile_web,tablet,Edge,US,FL,paypal,NewArrivals,Electronics,2,107.12,0.148,15.85,standard,7.07,0.0803,7.33,105.67,0.53,7,False,True,False
ORD100249,C15752,2024-10-23 19:49:53,2024-10-26 19:49:53,ios_app,tablet,Firefox,DE,IL,paypal,Clearance,Sports,1,60.99,0.119,7.26,standard,8.08,0.0,0.0,61.81,0.1,3,True,True,False
ORD100250,C15435,2024-07-14 19:06:21,2024-07-20 19:06:21,mobile_web,tablet,Firefox,US,NJ,google_pay,SpringSale,Electronics,4,394.44,0.262,103.34,standard,6.65,0.0411,11.96,309.71,0.11,6,False,True,False
ORD100251,C96784,2024-05-27 13:52:01,2024-06-02 13:52:01,android_app,mobile,Edge,US,CO,paypal,Loyalty,Electronics,2,424.36,0.02,8.49,standard,8.27,0.0737,30.65,454.79,0.1,6,False,True,False
ORD100252,C65283,2024-04-13 01:51:05,2024-04-15 01:51:05,mobile_web,mobile,Safari,US,AZ,paypal,NewArrivals,Books,2,22.01,0.082,1.8,two_day,13.98,0.0517,1.04,35.23,0.4,2,True,True,True
ORD100253,C18837,2024-04-20 22:07:43,2024-04-24 22:07:43,ios_app,desktop,Firefox,US,PA,klarna,SpringSale,Automotive,2,226.46,0.048,10.87,standard,4.25,0.0486,10.48,230.32,1.54,4,True,True,True
ORD100254,C66866,2024-05-02 17:25:12,2024-05-04 17:25:12,web,tablet,Firefox,FR,MI,card,NewArrivals,Automotive,2,51.57,0.094,4.85,two_day,17.51,0.0,0.0,64.23,1.65,2,True,False,False
ORD100255,C44457,2024-10-24 19:57:23,2024-10-30 19:57:23,ios_app,mobile,Safari,US,TN,klarna,Holiday,Apparel,2,249.82,0.074,18.49,standard,5.87,0.0864,19.99,257.19,0.28,6,False,True,True
ORD100256,C20974,2024-01-18 03:09:35,2024-01-21 03:09:35,ios_app,mobile,Firefox,US,MS,klarna,Holiday,Electronics,2,96.33,0.119,11.46,standard,6.64,0.0436,3.7,95.21,2.59,3,True,False,False
ORD100257,C42449,2024-04-08 03:38:07,2024-04-13 03:38:07,marketplace,mobile,Opera,FR,GA,paypal,Holiday,Toys,2,590.2,0.26,153.45,standard,7.19,0.0,0.0,443.94,0.1,5,True,True,False
ORD100258,C53516,2025-03-08 00:54:10,2025-03-12 00:54:10,web,tablet,Safari,US,NJ,card,None,Automotive,1,60.06,0.095,5.71,standard,8.13,0.0411,2.23,64.71,0.29,4,True,True,False
ORD100259,C23541,2024-06-28 05:40:47,2024-07-04 05:40:47,web,mobile,Edge,US,NE,apple_pay,None,Toys,1,290.99,0.018,5.24,standard,8.84,0.0845,24.15,318.74,0.99,6,False,True,True
ORD100260,C19425,2025-06-29 03:17:18,2025-07-05 03:17:18,ios_app,tablet,Chrome,US,GA,google_pay,Loyalty,Home,1,197.26,0.226,44.58,standard,7.71,0.0876,13.37,173.76,0.53,6,False,True,False
ORD100261,C91754,2024-12-21 11:41:08,2024-12-23 11:41:08,marketplace,desktop,Edge,US,NY,google_pay,BackToSchool,Automotive,1,39.9,0.085,3.39,two_day,11.81,0.0729,2.66,50.98,1.02,2,True,True,False
ORD100262,C27276,2024-08-22 06:08:47,2024-08-27 06:08:47,marketplace,mobile,Firefox,AU,IN,paypal,BackToSchool,Books,1,72.13,0.142,10.24,standard,5.23,0.0,0.0,67.12,2.43,5,True,False,False
ORD100263,C85542,2024-05-19 12:24:00,2024-05-21 12:24:00,android_app,mobile,Chrome,US,MA,google_pay,Holiday,Pets,1,57.06,0.0,0.0,two_day,11.91,0.05,2.85,71.82,0.45,2,True,True,True
ORD100264,C15295,2025-06-24 07:14:52,2025-06-26 07:14:52,ios_app,mobile,Edge,US,MA,paypal,Holiday,Apparel,3,291.31,0.131,38.16,two_day,18.39,0.05,12.66,284.2,0.19,2,True,True,False
ORD100265,C13621,2024-10-07 12:06:59,2024-10-09 12:06:59,marketplace,tablet,Firefox,US,DC,google_pay,None,Electronics,1,66.62,0.033,2.2,two_day,18.36,0.0764,4.92,87.7,1.74,2,True,False,True
ORD100266,C34843,2024-07-26 21:39:36,2024-07-29 21:39:36,ios_app,desktop,Chrome,US,WY,card,Holiday,Books,3,198.91,0.033,6.56,standard,9.47,0.0542,10.43,212.25,0.52,3,True,True,True
ORD100267,C75908,2024-07-02 12:26:17,2024-07-04 12:26:17,web,desktop,Safari,US,NY,card,SpringSale,Beauty,1,110.74,0.088,9.75,two_day,11.72,0.0729,7.36,120.07,0.1,2,True,True,False
ORD100268,C89198,2025-01-13 07:14:44,2025-01-15 07:14:44,web,mobile,Edge,US,MO,klarna,None,Grocery,2,39.1,0.193,7.55,two_day,17.65,0.0689,2.17,51.37,0.1,2,True,True,False
ORD100269,C71756,2025-01-07 11:16:55,2025-01-13 11:16:55,web,desktop,Safari,US,KY,apple_pay,Loyalty,Apparel,2,1491.26,0.133,198.34,standard,8.42,0.0832,107.57,1408.91,0.22,6,False,False,False
ORD100270,C27157,2024-10-08 04:18:05,2024-10-13 04:18:05,marketplace,mobile,Safari,US,MD,apple_pay,Holiday,Toys,1,122.18,0.118,14.42,standard,9.02,0.0638,6.88,123.66,0.43,5,True,True,False
ORD100271,C68418,2024-06-15 09:49:06,2024-06-17 09:49:06,marketplace,mobile,Safari,US,MD,google_pay,Holiday,Electronics,5,262.47,0.136,35.7,two_day,13.26,0.0638,14.47,254.5,1.0,2,True,True,False
ORD100272,C92215,2025-06-06 08:36:21,2025-06-11 08:36:21,web,tablet,Firefox,US,NJ,card,None,Automotive,3,2009.52,0.136,273.29,standard,4.99,0.0411,71.36,1812.58,0.1,5,True,True,False
ORD100273,C32391,2025-05-09 14:34:43,2025-05-11 14:34:43,ios_app,mobile,Firefox,US,CA,card,SpringSale,Automotive,2,80.23,0.057,4.57,two_day,12.26,0.0931,7.04,94.96,0.27,2,True,False,False
ORD100274,C10559,2025-04-03 21:53:13,2025-04-05 21:53:13,marketplace,desktop,Chrome,US,UT,card,Clearance,Automotive,1,1375.8,0.135,185.73,two_day,12.09,0.0726,86.4,1288.56,2.29,2,True,True,True
ORD100275,C43257,2025-04-18 00:23:05,2025-04-20 00:23:05,marketplace,mobile,Safari,US,MD,card,SpringSale,Beauty,1,162.14,0.174,28.21,two_day,12.83,0.0638,8.54,155.3,0.11,2,True,True,False
ORD100276,C84519,2024-09-04 06:49:32,2024-09-05 06:49:32,web,desktop,Edge,US,TN,card,Clearance,Home,1,61.67,0.0,0.0,overnight,20.85,0.0864,5.33,87.85,0.1,1,True,True,False
ORD100277,C55167,2025-03-27 11:02:43,2025-04-01 11:02:43,ios_app,desktop,Opera,US,IN,apple_pay,Loyalty,Sports,2,94.26,0.149,14.04,standard,7.58,0.0567,4.55,92.35,0.35,5,True,True,False
ORD100278,C88287,2025-05-26 03:46:23,2025-05-31 03:46:23,mobile_web,desktop,Chrome,US,GA,card,SpringSale,Home,1,115.68,0.149,17.24,standard,7.33,0.0876,8.62,114.39,0.23,5,True,True,True
ORD100279,C58926,2025-03-26 23:40:44,2025-03-31 23:40:44,ios_app,tablet,Chrome,US,AZ,apple_pay,SpringSale,Electronics,1,41.08,0.211,8.67,standard,6.59,0.0517,1.68,40.68,0.48,5,True,True,True
ORD100280,C16083,2025-04-01 18:34:30,2025-04-06 18:34:30,mobile_web,tablet,Edge,US,MD,apple_pay,BackToSchool,Automotive,2,207.94,0.088,18.3,standard,6.02,0.0638,12.1,207.76,1.19,5,True,True,False
ORD100281,C59752,2024-07-14 02:16:03,2024-07-19 02:16:03,mobile_web,tablet,Chrome,US,NY,apple_pay,Loyalty,Pets,1,251.65,0.092,23.15,standard,7.23,0.0729,16.66,252.39,1.44,5,True,False,False
ORD100282,C86860,2025-02-01 00:44:37,2025-02-06 00:44:37,ios_app,mobile,Edge,US,AZ,card,Holiday,Electronics,3,592.85,0.146,86.56,standard,4.75,0.0517,26.18,537.22,1.47,5,True,True,False
ORD100283,C54358,2024-11-27 09:11:49,2024-12-01 09:11:49,marketplace,tablet,Chrome,US,MO,klarna,None,Books,1,78.01,0.1,7.8,standard,7.77,0.0689,4.84,82.82,0.2,4,True,True,False
ORD100284,C26911,2025-04-15 23:09:32,2025-04-18 23:09:32,android_app,mobile,Edge,US,SC,card,Loyalty,Home,1,773.84,0.063,48.75,standard,8.92,0.0561,40.68,774.69,0.39,3,True,True,False
ORD100285,C64165,2024-01-10 20:08:42,2024-01-15 20:08:42,android_app,mobile,Opera,US,CO,card,BackToSchool,Electronics,1,158.5,0.196,31.07,standard,4.77,0.0737,9.39,141.59,1.24,5,True,True,False
ORD100286,C66035,2024-10-04 19:34:54,2024-10-09 19:34:54,mobile_web,mobile,Firefox,US,OR,klarna,SpringSale,Electronics,1,67.88,0.233,15.82,standard,5.09,0.0,0.0,57.15,0.37,5,True,True,False
ORD100287,C78666,2024-04-27 21:29:23,2024-04-29 21:29:23,web,desktop,Chrome,US,MD,apple_pay,Holiday,Pets,1,270.88,0.191,51.74,two_day,8.57,0.0638,13.98,241.69,1.33,2,True,False,False
ORD100288,C43927,2024-01-24 15:19:21,2024-01-29 15:19:21,web,tablet,Safari,US,MO,klarna,NewArrivals,Toys,3,531.45,0.057,30.29,standard,4.02,0.0689,34.53,539.71,0.36,5,True,True,False
ORD100289,C37703,2025-04-29 14:08:04,2025-05-02 14:08:04,marketplace,tablet,Firefox,US,UT,paypal,Holiday,Pets,1,21.53,0.233,5.02,standard,5.24,0.0726,1.2,22.95,0.63,3,True,True,True
ORD100290,C11868,2024-04-29 18:19:38,2024-05-01 18:19:38,marketplace,tablet,Opera,US,VA,card,Clearance,Grocery,2,237.11,0.131,31.06,two_day,19.21,0.0933,19.22,244.48,0.52,2,True,True,False
ORD100291,C61939,2024-10-01 19:10:26,2024-10-07 19:10:26,ios_app,tablet,Chrome,US,UT,google_pay,Holiday,Electronics,2,222.13,0.153,33.99,standard,3.7,0.0726,13.66,205.5,0.1,6,False,True,False
ORD100292,C36962,2024-12-29 04:42:22,2025-01-03 04:42:22,marketplace,desktop,Edge,US,IA,paypal,SpringSale,Sports,1,284.73,0.182,51.82,standard,3.38,0.0426,9.92,246.21,0.38,5,True,True,False
ORD100293,C90981,2024-01-25 21:50:59,2024-01-26 21:50:59,marketplace,desktop,Safari,US,NC,apple_pay,NewArrivals,Books,1,21.48,0.138,2.96,overnight,29.99,0.0731,1.35,49.86,0.13,1,True,True,False
ORD100294,C91144,2025-02-15 12:55:39,2025-02-18 12:55:39,mobile_web,desktop,Chrome,US,OK,klarna,Clearance,Apparel,1,32.28,0.029,0.94,standard,5.65,0.087,2.73,39.72,0.1,3,True,True,False
ORD100295,C59984,2024-03-24 03:53:00,2024-03-28 03:53:00,ios_app,desktop,Opera,US,MI,paypal,Holiday,Books,1,90.24,0.188,16.97,standard,6.5,0.0789,5.78,85.55,0.8,4,True,True,False
ORD100296,C29689,2025-02-20 15:09:39,2025-02-23 15:09:39,android_app,tablet,Chrome,US,IL,klarna,None,Sports,1,162.22,0.026,4.22,standard,6.61,0.0486,7.68,172.29,0.2,3,True,False,False
ORD100297,C98593,2024-11-01 13:30:56,2024-11-07 13:30:56,ios_app,desktop,Edge,UK,KS,card,Holiday,Beauty,1,142.72,0.104,14.84,standard,7.84,0.0,0.0,135.72,0.34,6,False,True,False
ORD100298,C54706,2024-12-01 05:39:54,2024-12-07 05:39:54,marketplace,desktop,Safari,CA,DC,card,BackToSchool,Books,2,133.4,0.049,6.54,standard,6.01,0.0,0.0,132.87,2.91,6,False,True,False
ORD100299,C62870,2024-05-13 05:10:00,2024-05-18 05:10:00,mobile_web,mobile,Edge,US,MA,card,SpringSale,Toys,2,232.75,0.098,22.81,standard,4.93,0.05,10.5,225.37,0.1,5,True,True,False
ORD100300,C70261,2024-10-29 05:00:56,2024-11-03 05:00:56,ios_app,tablet,Opera,US,KS,google_pay,SpringSale,Books,1,675.64,0.258,174.32,standard,7.26,0.0922,46.22,554.8,1.03,5,True,True,False
ORD100301,C73333,2024-12-24 12:17:36,2024-12-31 12:17:36,web,tablet,Chrome,US,WI,paypal,None,Books,1,270.95,0.082,22.22,standard,3.85,0.056,13.93,266.51,0.5,7,False,True,False
ORD100302,C94118,2024-02-07 13:45:19,2024-02-14 13:45:19,android_app,desktop,Edge,US,VT,paypal,None,Apparel,4,914.92,0.057,52.15,standard,9.34,0.09,77.65,949.76,0.51,7,False,True,False
ORD100303,C77945,2024-08-31 10:05:00,2024-09-02 10:05:00,ios_app,tablet,Edge,US,PA,paypal,Holiday,Home,1,599.6,0.159,95.34,two_day,14.72,0.0486,24.51,543.49,2.27,2,True,True,False
ORD100304,C73985,2025-06-17 09:45:55,2025-06-19 09:45:55,marketplace,desktop,Safari,US,MO,card,Holiday,Beauty,2,309.3,0.073,22.58,two_day,18.73,0.0689,19.76,325.21,0.48,2,True,True,False
ORD100305,C63555,2025-06-19 08:53:06,2025-06-25 08:53:06,ios_app,mobile,Firefox,US,GA,paypal,Loyalty,Pets,2,173.97,0.284,49.41,standard,3.71,0.0876,10.91,139.18,0.86,6,False,True,False
ORD100306,C26978,2024-07-07 18:21:12,2024-07-09 18:21:12,android_app,desktop,Firefox,US,VA,google_pay,Clearance,Toys,2,120.17,0.0,0.0,two_day,16.79,0.0933,11.21,148.17,0.81,2,True,True,False
ORD100307,C96862,2024-03-21 20:24:41,2024-03-26 20:24:41,android_app,desktop,Safari,US,SC,google_pay,None,Beauty,2,1417.1,0.025,35.43,standard,3.58,0.0561,77.51,1462.76,0.15,5,True,True,False
ORD100308,C58889,2024-01-27 20:59:51,2024-01-28 20:59:51,ios_app,desktop,Safari,US,OK,google_pay,NewArrivals,Sports,2,656.32,0.078,51.19,overnight,21.56,0.087,52.65,679.34,1.28,1,True,True,False
ORD100309,C89364,2024-11-21 10:58:05,2024-11-26 10:58:05,marketplace,desktop,Opera,US,PA,apple_pay,BackToSchool,Automotive,1,12.53,0.108,1.35,standard,5.14,0.0486,0.54,16.86,1.06,5,True,True,False
ORD100310,C61331,2025-04-12 02:45:59,2025-04-14 02:45:59,android_app,tablet,Safari,US,NV,paypal,Holiday,Sports,2,826.94,0.086,71.12,two_day,15.91,0.0734,55.48,827.21,1.68,2,True,False,False
ORD100311,C30951,2024-02-20 15:04:56,2024-02-22 15:04:56,marketplace,mobile,Edge,US,RI,card,Holiday,Electronics,4,388.28,0.079,30.67,two_day,11.66,0.0467,16.7,385.97,0.12,2,True,True,False
ORD100312,C52235,2024-08-09 18:38:08,2024-08-12 18:38:08,android_app,desktop,Safari,US,MD,klarna,None,Toys,1,169.65,0.099,16.8,standard,3.03,0.0638,9.75,165.63,0.26,3,True,True,False
ORD100313,C78447,2024-02-26 23:49:51,2024-03-04 23:49:51,ios_app,desktop,Safari,US,NY,paypal,NewArrivals,Apparel,1,170.58,0.235,40.09,standard,8.58,0.0729,9.51,148.58,1.78,7,False,False,True
ORD100314,C74303,2024-03-31 05:01:27,2024-04-03 05:01:27,ios_app,mobile,Edge,US,GA,google_pay,Holiday,Automotive,2,151.41,0.0,0.0,standard,3.19,0.0876,13.26,167.86,0.29,3,True,False,False
ORD100315,C25858,2024-06-25 07:26:02,2024-07-02 07:26:02,marketplace,mobile,Edge,US,ME,paypal,Loyalty,Books,1,277.66,0.031,8.61,standard,8.8,0.0642,17.27,295.12,1.09,7,False,True,False
ORD100316,C80603,2025-02-05 19:35:28,2025-02-09 19:35:28,ios_app,tablet,Safari,US,MD,apple_pay,BackToSchool,Automotive,2,132.96,0.122,16.22,standard,8.21,0.0638,7.45,132.4,0.68,4,True,True,False
ORD100317,C93203,2024-06-21 06:50:47,2024-06-25 06:50:47,ios_app,desktop,Firefox,US,CO,paypal,None,Toys,1,165.78,0.208,34.48,standard,6.84,0.0737,9.68,147.82,0.15,4,True,True,False
ORD100318,C93397,2024-04-23 15:29:28,2024-04-24 15:29:28,android_app,mobile,Opera,US,AL,klarna,NewArrivals,Toys,4,808.06,0.112,90.5,overnight,38.91,0.0928,66.59,823.06,1.02,1,True,False,False
ORD100319,C22026,2025-05-03 19:07:08,2025-05-05 19:07:08,mobile_web,tablet,Opera,US,PA,klarna,Holiday,Grocery,3,526.43,0.001,0.53,two_day,13.68,0.0486,25.56,565.14,0.7,2,True,False,False
ORD100320,C28298,2024-03-14 17:48:52,2024-03-20 17:48:52,ios_app,desktop,Chrome,US,WA,google_pay,BackToSchool,Home,1,102.98,0.013,1.34,standard,7.11,0.0858,8.72,117.47,0.21,6,False,False,False
ORD100321,C91614,2024-10-07 03:56:07,2024-10-13 03:56:07,mobile_web,tablet,Chrome,US,WA,klarna,None,Books,1,160.85,0.151,24.29,standard,5.06,0.0858,11.72,153.34,0.1,6,False,True,False
ORD100322,C99900,2024-03-18 20:08:31,2024-03-20 20:08:31,web,mobile,Opera,US,CT,klarna,SpringSale,Pets,1,12.49,0.136,1.7,two_day,19.29,0.0683,0.74,30.82,1.41,2,True,True,False
ORD100323,C72112,2024-11-26 10:43:12,2024-12-01 10:43:12,mobile_web,mobile,Opera,US,MA,apple_pay,NewArrivals,Electronics,2,1454.6,0.135,196.37,standard,6.2,0.05,62.91,1327.34,1.31,5,True,True,False
ORD100324,C72085,2024-11-02 13:26:49,2024-11-07 13:26:49,marketplace,desktop,Opera,US,OR,apple_pay,Clearance,Pets,2,243.76,0.202,49.24,standard,8.62,0.0,0.0,203.14,1.31,5,True,True,False
ORD100325,C84090,2025-01-12 00:17:01,2025-01-16 00:17:01,mobile_web,tablet,Edge,US,ME,apple_pay,BackToSchool,Pets,1,362.19,0.092,33.32,standard,9.43,0.0642,21.11,359.41,1.61,4,True,True,False
ORD100326,C44293,2024-05-20 20:36:45,2024-05-24 20:36:45,ios_app,desktop,Safari,AU,FL,google_pay,Holiday,Beauty,1,95.67,0.156,14.92,standard,8.58,0.0,0.0,89.33,0.54,4,True,True,True
ORD100327,C42599,2024-02-19 08:53:50,2024-02-22 08:53:50,web,desktop,Chrome,US,NJ,apple_pay,SpringSale,Sports,2,415.67,0.096,39.9,standard,9.95,0.0411,15.44,401.16,0.1,3,True,True,False
ORD100328,C98090,2024-06-18 02:04:29,2024-06-25 02:04:29,ios_app,tablet,Safari,US,RI,google_pay,Loyalty,Pets,3,751.49,0.148,111.22,standard,6.14,0.0467,29.9,676.31,0.41,7,False,True,False
ORD100329,C44674,2025-01-12 22:50:33,2025-01-17 22:50:33,android_app,tablet,Safari,US,MS,paypal,None,Home,5,2875.89,0.011,31.63,standard,7.54,0.0436,124.01,2975.81,0.26,5,True,True,False
ORD100330,C62107,2024-06-13 15:48:25,2024-06-17 15:48:25,android_app,tablet,Chrome,US,OH,google_pay,Holiday,Toys,1,28.38,0.141,4.0,standard,8.64,0.0432,1.05,34.07,0.24,4,True,True,False
ORD100331,C56023,2024-03-08 22:08:38,2024-03-13 22:08:38,web,desktop,Safari,DE,NE,google_pay,Holiday,Home,1,69.84,0.11,7.68,standard,4.76,0.0,0.0,66.92,0.42,5,True,True,False
ORD100332,C63767,2024-07-29 18:50:52,2024-08-03 18:50:52,mobile_web,desktop,Firefox,US,SC,google_pay,Holiday,Beauty,2,388.28,0.092,35.72,standard,8.16,0.0561,19.78,380.5,0.1,5,True,True,False
ORD100333,C89082,2024-12-25 14:47:49,2024-12-28 14:47:49,web,tablet,Opera,US,CO,apple_pay,Clearance,Grocery,2,93.51,0.239,22.35,standard,3.11,0.0737,5.24,79.51,0.1,3,True,True,True
ORD100334,C89120,2025-04-03 10:55:27,2025-04-09 10:55:27,mobile_web,tablet,Safari,US,WI,card,SpringSale,Home,2,222.7,0.026,5.79,standard,3.61,0.056,12.15,232.67,1.0,6,False,True,False
ORD100335,C36325,2024-08-17 08:01:09,2024-08-20 08:01:09,ios_app,desktop,Opera,US,WV,card,Clearance,Home,1,381.94,0.191,72.95,standard,7.09,0.0568,17.55,333.63,1.77,3,True,True,False
ORD100336,C73965,2025-02-19 20:37:16,2025-02-21 20:37:16,ios_app,mobile,Safari,US,NM,card,NewArrivals,Automotive,4,579.47,0.157,90.98,two_day,8.05,0.0931,45.48,542.02,1.81,2,True,True,True
ORD100337,C12654,2024-09-01 04:47:09,2024-09-06 04:47:09,mobile_web,mobile,Edge,DE,AR,card,Holiday,Books,1,44.46,0.072,3.2,standard,6.52,0.0,0.0,47.78,0.1,5,True,False,False
ORD100338,C74385,2024-11-10 21:01:00,2024-11-13 21:01:00,ios_app,mobile,Opera,US,WY,google_pay,Clearance,Automotive,1,35.85,0.234,8.39,standard,3.77,0.0542,1.49,32.72,1.39,3,True,True,False
ORD100339,C18176,2024-10-21 16:38:17,2024-10-25 16:38:17,ios_app,desktop,Edge,US,SC,paypal,SpringSale,Toys,2,327.45,0.176,57.63,standard,9.05,0.0561,15.14,294.01,1.06,4,True,False,False
ORD100340,C46303,2025-01-29 17:56:13,2025-01-31 17:56:13,marketplace,desktop,Edge,US,AL,paypal,Clearance,Sports,1,129.9,0.14,18.19,two_day,10.24,0.0928,10.37,132.32,0.39,2,True,True,False
ORD100341,C39203,2025-01-05 05:19:36,2025-01-10 05:19:36,android_app,desktop,Firefox,US,WA,card,Clearance,Automotive,2,304.38,0.228,69.4,standard,5.07,0.0858,20.16,260.21,0.51,5,True,True,False
ORD100342,C26292,2025-05-10 23:59:45,2025-05-16 23:59:45,web,desktop,Chrome,US,MA,google_pay,SpringSale,Sports,2,43.19,0.174,7.52,standard,6.39,0.05,1.78,43.84,0.26,6,False,True,False
ORD100343,C11701,2025-03-09 00:11:41,2025-03-10 00:11:41,mobile_web,mobile,Firefox,US,OH,card,SpringSale,Automotive,2,242.71,0.103,25.0,overnight,24.93,0.0432,9.41,252.05,0.59,1,True,False,False
ORD100344,C46534,2024-04-20 07:16:58,2024-04-24 07:16:58,ios_app,tablet,Opera,CA,MA,google_pay,NewArrivals,Books,2,50.59,0.178,9.01,standard,8.06,0.0,0.0,49.64,0.16,4,True,True,False
ORD100345,C74814,2024-03-02 01:41:13,2024-03-04 01:41:13,ios_app,desktop,Edge,DE,WA,paypal,SpringSale,Automotive,2,432.27,0.182,78.67,two_day,9.63,0.0,0.0,363.23,0.24,2,True,True,False
ORD100346,C74315,2024-10-15 05:45:26,2024-10-17 05:45:26,ios_app,desktop,Firefox,US,VA,google_pay,None,Books,2,366.42,0.146,53.5,two_day,16.28,0.0933,29.2,358.4,0.8,2,True,True,False
ORD100347,C60870,2025-06-01 00:57:21,2025-06-03 00:57:21,android_app,mobile,Safari,US,OR,paypal,None,Apparel,1,118.17,0.015,1.77,two_day,17.41,0.0,0.0,133.81,0.14,2,True,True,False
ORD100348,C26363,2024-02-26 11:02:34,2024-03-01 11:02:34,marketplace,mobile,Chrome,US,LA,paypal,None,Books,1,29.39,0.1,2.94,standard,3.21,0.096,2.54,32.2,1.03,4,True,True,False
ORD100349,C60062,2024-02-23 02:23:46,2024-02-25 02:23:46,web,desktop,Chrome,US,WA,paypal,NewArrivals,Apparel,2,811.66,0.015,12.17,two_day,17.94,0.0858,68.6,886.03,0.54,2,True,True,False
ORD100350,C59294,2024-09-27 06:44:22,2024-10-03 06:44:22,mobile_web,tablet,Firefox,FR,AZ,apple_pay,Clearance,Sports,2,415.38,0.022,9.14,standard,8.76,0.0,0.0,415.0,0.42,6,False,True,False
ORD100351,C76266,2024-05-01 09:13:12,2024-05-04 09:13:12,mobile_web,tablet,Edge,UK,WI,apple_pay,Holiday,Sports,1,68.87,0.074,5.1,standard,6.14,0.0,0.0,69.91,0.15,3,True,True,False
ORD100352,C73291,2025-02-28 07:00:11,2025-03-02 07:00:11,ios_app,mobile,Edge,US,ND,apple_pay,None,Books,1,136.47,0.127,17.33,two_day,11.36,0.0419,4.99,135.49,0.11,2,True,True,False
ORD100353,C45198,2024-11-02 00:21:35,2024-11-08 00:21:35,android_app,mobile,Opera,US,NH,google_pay,None,Pets,4,713.35,0.123,87.74,standard,4.26,0.0,0.0,629.87,1.02,6,False,True,False
ORD100354,C28047,2024-07-10 09:00:20,2024-07-16 09:00:20,ios_app,tablet,Chrome,FR,LA,apple_pay,Holiday,Beauty,1,868.76,0.077,66.89,standard,5.36,0.0,0.0,807.23,1.16,6,False,True,False
ORD100355,C74796,2025-04-26 06:04:20,2025-05-01 06:04:20,ios_app,desktop,Firefox,US,IL,card,Holiday,Home,1,2372.16,0.176,417.5,standard,3.79,0.0486,95.0,2053.45,0.3,5,True,True,False
ORD100356,C20681,2024-12-31 22:12:11,2025-01-04 22:12:11,ios_app,desktop,Opera,US,VT,google_pay,SpringSale,Apparel,2,333.41,0.199,66.35,standard,5.09,0.09,24.04,296.19,0.1,4,True,True,False
ORD100357,C59222,2024-03-20 10:37:39,2024-03-22 10:37:39,mobile_web,mobile,Opera,US,TN,klarna,Clearance,Grocery,1,30.05,0.113,3.4,two_day,14.32,0.0864,2.3,43.27,0.35,2,True,True,False
ORD100358,C96153,2024-02-15 22:04:05,2024-02-19 22:04:05,android_app,desktop,Chrome,US,NM,google_pay,Loyalty,Automotive,1,979.32,0.024,23.5,standard,9.89,0.0931,88.99,1054.7,0.1,4,True,False,False
ORD100359,C23587,2024-01-27 22:48:01,2024-02-03 22:48:01,ios_app,mobile,Chrome,US,RI,klarna,Clearance,Beauty,1,60.07,0.229,13.76,standard,5.66,0.0467,2.16,54.13,0.45,7,False,True,False
ORD100360,C65476,2025-05-26 13:37:17,2025-05-31 13:37:17,ios_app,desktop,Edge,US,HI,paypal,Holiday,Sports,1,668.94,0.014,9.37,standard,8.01,0.0776,51.18,718.76,0.9,5,True,True,False
ORD100361,C77143,2025-03-23 06:46:21,2025-03-27 06:46:21,ios_app,desktop,Chrome,US,RI,paypal,SpringSale,Home,1,66.3,0.11,7.29,standard,4.3,0.0467,2.76,66.07,0.1,4,True,True,False
ORD100362,C97340,2024-12-29 02:48:37,2024-12-31 02:48:37,mobile_web,tablet,Opera,US,PA,klarna,SpringSale,Toys,2,291.08,0.195,56.76,two_day,10.27,0.0486,11.39,255.98,0.44,2,True,True,False
ORD100363,C60665,2024-11-07 19:22:52,2024-11-14 19:22:52,mobile_web,desktop,Edge,US,OR,google_pay,SpringSale,Sports,1,129.82,0.234,30.38,standard,3.15,0.0,0.0,102.59,0.65,7,False,True,False
ORD100364,C79852,2024-12-26 23:22:11,2024-12-30 23:22:11,android_app,tablet,Opera,US,MT,paypal,Holiday,Books,1,179.19,0.036,6.45,standard,6.55,0.0,0.0,179.29,1.08,4,True,True,False
ORD100365,C37915,2024-05-18 01:57:40,2024-05-24 01:57:40,mobile_web,desktop,Firefox,US,KY,paypal,None,Grocery,1,73.22,0.189,13.84,standard,3.36,0.0832,4.94,67.68,0.17,6,False,True,False
ORD100366,C34524,2024-11-08 14:56:17,2024-11-11 14:56:17,marketplace,mobile,Safari,US,OR,paypal,Holiday,Grocery,1,34.02,0.087,2.96,standard,3.31,0.0,0.0,34.37,0.74,3,True,True,False
ORD100367,C76169,2024-05-21 19:22:33,2024-05-23 19:22:33,android_app,tablet,Firefox,US,DE,apple_pay,None,Electronics,2,267.86,0.165,44.2,two_day,13.13,0.0,0.0,236.79,0.19,2,True,False,False
ORD100368,C93265,2025-03-01 09:47:54,2025-03-03 09:47:54,ios_app,mobile,Opera,US,MI,paypal,Holiday,Apparel,2,229.77,0.173,39.75,two_day,13.74,0.0789,14.99,218.75,0.84,2,True,False,False
ORD100369,C36918,2024-02-22 05:32:41,2024-02-24 05:32:41,mobile_web,tablet,Firefox,US,IL,card,Clearance,Electronics,2,189.02,0.131,24.76,two_day,19.38,0.0486,7.98,191.62,0.1,2,True,True,False
ORD100370,C92256,2024-01-27 02:46:16,2024-01-29 02:46:16,mobile_web,mobile,Firefox,CA,WA,card,Loyalty,Electronics,1,976.5,0.059,57.61,two_day,12.81,0.0,0.0,931.7,0.16,2,True,True,False
ORD100371,C41740,2024-04-17 11:22:53,2024-04-20 11:22:53,mobile_web,mobile,Chrome,FR,VT,card,BackToSchool,Books,1,22.44,0.134,3.01,standard,8.55,0.0,0.0,27.98,0.1,3,True,True,False
ORD100372,C69076,2025-03-08 04:28:43,2025-03-10 04:28:43,android_app,tablet,Firefox,US,KY,google_pay,Holiday,Sports,2,105.55,0.201,21.22,two_day,11.68,0.0832,7.02,103.03,0.1,2,True,False,False
ORD100373,C31730,2024-05-21 07:35:07,2024-05-28 07:35:07,web,desktop,Chrome,US,MD,card,None,Grocery,2,604.67,0.176,106.42,standard,4.3,0.0638,31.79,534.34,0.8,7,False,True,False
ORD100374,C11780,2024-07-18 19:01:15,2024-07-22 19:01:15,android_app,desktop,Chrome,US,MT,google_pay,SpringSale,Pets,1,45.15,0.32,14.45,standard,9.48,0.0,0.0,40.18,0.73,4,True,True,False
ORD100375,C87975,2024-10-17 10:12:19,2024-10-21 10:12:19,mobile_web,desktop,Edge,US,LA,paypal,Holiday,Beauty,2,203.98,0.166,33.86,standard,9.04,0.096,16.33,195.49,0.45,4,True,False,False
ORD100376,C52425,2024-09-24 02:34:19,2024-09-28 02:34:19,android_app,desktop,Opera,US,TX,paypal,None,Beauty,1,940.5,0.085,79.94,standard,5.85,0.0923,79.43,945.84,1.32,4,True,True,False
ORD100377,C80726,2024-07-25 00:27:01,2024-07-31 00:27:01,marketplace,mobile,Safari,AU,SD,klarna,SpringSale,Sports,3,937.3,0.154,144.34,standard,3.41,0.0,0.0,796.37,0.33,6,False,True,False
ORD100378,C81713,2024-01-09 10:16:05,2024-01-16 10:16:05,marketplace,mobile,Edge,US,HI,klarna,BackToSchool,Books,3,423.67,0.175,74.14,standard,3.68,0.0776,27.12,380.33,0.65,7,False,True,False
ORD100379,C37387,2024-03-12 04:22:38,2024-03-16 04:22:38,web,desktop,Chrome,US,CO,paypal,BackToSchool,Apparel,5,1203.54,0.111,133.59,standard,4.76,0.0737,78.86,1153.57,0.13,4,True,True,False
ORD100380,C30388,2025-06-04 06:37:28,2025-06-09 06:37:28,mobile_web,mobile,Edge,US,VT,google_pay,NewArrivals,Apparel,1,405.28,0.124,50.25,standard,4.3,0.09,31.95,391.28,0.46,5,True,True,False
ORD100381,C19638,2024-03-11 00:41:25,2024-03-13 00:41:25,ios_app,tablet,Chrome,US,MD,apple_pay,Holiday,Automotive,2,699.59,0.082,57.37,two_day,17.01,0.0638,40.97,700.2,1.9,2,True,True,False
ORD100382,C73043,2025-04-16 13:54:55,2025-04-18 13:54:55,ios_app,mobile,Firefox,US,MN,apple_pay,Holiday,Books,1,84.63,0.151,12.78,two_day,16.07,0.0477,3.43,91.35,0.1,2,True,False,False
ORD100383,C26352,2024-11-06 22:20:09,2024-11-12 22:20:09,marketplace,mobile,Opera,US,AR,card,SpringSale,Home,1,42.85,0.184,7.88,standard,7.5,0.0494,1.73,44.2,1.56,6,False,True,False
ORD100384,C43043,2025-04-07 18:10:31,2025-04-11 18:10:31,ios_app,desktop,Opera,US,AK,card,NewArrivals,Grocery,2,282.67,0.07,19.79,standard,6.1,0.0,0.0,268.98,0.1,4,True,False,False
ORD100385,C27358,2024-01-13 01:17:11,2024-01-16 01:17:11,web,mobile,Edge,US,AZ,apple_pay,SpringSale,Books,1,44.08,0.084,3.7,standard,4.86,0.0517,2.09,47.33,0.25,3,True,True,False
ORD100386,C52311,2024-03-27 17:06:30,2024-04-02 17:06:30,web,tablet,Firefox,US,MN,paypal,SpringSale,Electronics,2,192.15,0.206,39.58,standard,3.11,0.0477,7.28,162.96,1.38,6,False,True,False
ORD100387,C49963,2025-03-29 16:24:38,2025-04-01 16:24:38,android_app,desktop,Edge,US,NM,paypal,BackToSchool,Books,4,807.76,0.226,182.55,standard,5.74,0.0931,58.21,689.16,1.73,3,True,True,False
ORD100388,C62799,2024-08-12 00:54:45,2024-08-15 00:54:45,ios_app,desktop,Safari,US,NC,paypal,Holiday,Toys,2,321.14,0.029,9.31,standard,3.13,0.0731,22.79,337.75,1.54,3,True,True,False
ORD100389,C92516,2025-06-27 20:20:42,2025-07-01 20:20:42,android_app,tablet,Safari,US,DC,klarna,None,Books,2,264.74,0.196,51.89,standard,5.21,0.0764,16.26,234.32,0.55,4,True,True,False
ORD100390,C30471,2024-01-07 01:37:32,2024-01-10 01:37:32,web,tablet,Safari,US,CT,klarna,Holiday,Beauty,2,370.55,0.121,44.84,standard,5.23,0.0683,22.25,353.19,0.22,3,True,False,True
ORD100391,C25372,2025-06-27 01:02:32,2025-07-02 01:02:32,mobile_web,mobile,Edge,DE,AR,card,SpringSale,Books,3,305.8,0.026,7.95,standard,8.03,0.0,0.0,305.88,0.48,5,True,True,False
ORD100392,C95504,2024-06-24 18:27:01,2024-06-29 18:27:01,mobile_web,desktop,Opera,US,MA,card,SpringSale,Sports,1,2383.62,0.0,0.0,standard,8.75,0.05,119.18,2511.55,1.07,5,True,True,True
ORD100393,C94238,2024-09-04 18:30:55,2024-09-06 18:30:55,mobile_web,mobile,Opera,US,FL,card,None,Automotive,1,295.56,0.199,58.82,two_day,13.13,0.0803,19.01,268.88,0.57,2,True,True,False
ORD100394,C46660,2024-06-10 07:52:16,2024-06-15 07:52:16,mobile_web,mobile,Chrome,US,WV,card,Holiday,Sports,1,34.77,0.08,2.78,standard,5.82,0.0568,1.82,39.63,0.94,5,True,False,False
ORD100395,C17664,2024-07-03 18:52:07,2024-07-06 18:52:07,android_app,desktop,Edge,US,IA,apple_pay,Loyalty,Pets,1,130.06,0.196,25.49,standard,9.16,0.0426,4.45,118.18,1.53,3,True,False,False
ORD100396,C79001,2024-10-27 09:04:56,2024-10-31 09:04:56,android_app,tablet,Chrome,US,TN,card,BackToSchool,Home,2,92.69,0.111,10.29,standard,5.17,0.0864,7.12,94.69,0.59,4,True,True,False
ORD100397,C86948,2024-08-03 07:29:55,2024-08-05 07:29:55,web,mobile,Edge,US,DC,card,SpringSale,Electronics,5,598.66,0.147,88.0,two_day,9.83,0.0764,39.01,559.5,0.1,2,True,True,False
ORD100398,C13447,2024-10-20 09:40:39,2024-10-25 09:40:39,mobile_web,mobile,Firefox,US,NM,paypal,SpringSale,Grocery,1,1592.04,0.118,187.86,standard,4.76,0.0931,130.73,1539.67,0.32,5,True,True,False
ORD100399,C63389,2024-08-29 22:36:20,2024-08-30 22:36:20,ios_app,tablet,Chrome,US,ID,apple_pay,Holiday,Apparel,2,1111.74,0.224,249.03,overnight,21.31,0.0454,39.17,923.19,0.37,1,True,True,False
ORD100400,C21143,2024-04-12 02:15:39,2024-04-16 02:15:39,web,desktop,Firefox,US,ME,apple_pay,SpringSale,Apparel,2,24.45,0.06,1.47,standard,3.85,0.0642,1.48,28.31,0.57,4,True,True,False
ORD100401,C77136,2025-05-02 00:50:12,2025-05-07 00:50:12,android_app,tablet,Firefox,US,OK,google_pay,Holiday,Apparel,3,1560.21,0.196,305.8,standard,3.46,0.087,109.13,1367.0,0.13,5,True,True,False
ORD100402,C61222,2025-05-22 18:42:16,2025-05-26 18:42:16,ios_app,tablet,Edge,US,SD,google_pay,Holiday,Apparel,1,133.68,0.14,18.72,standard,6.67,0.0672,7.73,129.36,0.55,4,True,True,False
ORD100403,C37097,2024-03-23 23:26:05,2024-03-27 23:26:05,ios_app,mobile,Edge,AU,NM,google_pay,BackToSchool,Grocery,3,281.22,0.13,36.56,standard,7.76,0.0,0.0,252.42,0.1,4,True,True,False
ORD100404,C10704,2024-09-05 20:34:20,2024-09-12 20:34:20,marketplace,tablet,Firefox,US,RI,apple_pay,None,Sports,1,75.04,0.034,2.55,standard,7.3,0.0467,3.39,83.18,1.63,7,False,False,False
ORD100405,C36485,2024-09-15 14:10:07,2024-09-20 14:10:07,marketplace,desktop,Safari,US,ND,google_pay,None,Pets,4,838.34,0.065,54.49,standard,4.92,0.0419,32.84,821.61,0.92,5,True,True,False
ORD100406,C99711,2025-06-21 19:09:00,2025-06-26 19:09:00,web,mobile,Chrome,US,MI,apple_pay,NewArrivals,Electronics,1,64.03,0.116,7.43,standard,9.68,0.0789,4.47,70.75,0.2,5,True,True,False
ORD100407,C69453,2024-12-31 07:55:51,2025-01-06 07:55:51,ios_app,mobile,Opera,US,ME,klarna,SpringSale,Grocery,2,84.22,0.003,0.25,standard,3.81,0.0642,5.39,93.17,0.57,6,False,True,False
ORD100408,C56489,2025-02-11 17:36:55,2025-02-15 17:36:55,mobile_web,mobile,Safari,US,NM,card,SpringSale,Beauty,3,469.83,0.097,45.57,standard,8.44,0.0931,39.5,472.2,0.18,4,True,True,False
ORD100409,C90171,2024-07-06 01:30:35,2024-07-08 01:30:35,mobile_web,mobile,Safari,US,NH,google_pay,NewArrivals,Electronics,2,58.05,0.1,5.8,two_day,15.75,0.0,0.0,68.0,0.1,2,True,False,False
ORD100410,C36863,2025-06-21 12:47:49,2025-06-23 12:47:49,marketplace,desktop,Edge,US,IA,paypal,Holiday,Apparel,2,383.62,0.114,43.73,two_day,10.08,0.0426,14.48,364.45,0.29,2,True,True,False
ORD100411,C88229,2025-01-06 04:30:17,2025-01-11 04:30:17,android_app,tablet,Edge,CA,NJ,apple_pay,Clearance,Sports,1,55.86,0.144,8.04,standard,4.09,0.0,0.0,51.91,0.9,5,True,True,False
ORD100412,C18498,2024-03-16 04:29:55,2024-03-22 04:29:55,android_app,desktop,Firefox,US,KY,klarna,None,Sports,4,2524.9,0.211,532.75,standard,3.73,0.0832,165.75,2161.63,0.42,6,False,True,True
ORD100413,C92979,2024-03-18 21:23:26,2024-03-23 21:23:26,web,mobile,Edge,US,IN,card,BackToSchool,Apparel,2,68.16,0.128,8.72,standard,3.7,0.0567,3.37,66.51,1.88,5,True,True,True
ORD100414,C67295,2025-01-05 13:11:47,2025-01-10 13:11:47,web,mobile,Opera,US,MD,paypal,None,Apparel,3,58.7,0.098,5.75,standard,3.04,0.0638,3.38,59.37,0.74,5,True,True,False
ORD100415,C36539,2024-08-04 23:23:23,2024-08-09 23:23:23,mobile_web,mobile,Safari,US,WY,google_pay,Holiday,Beauty,1,793.98,0.171,135.77,standard,5.6,0.0542,35.67,699.48,0.16,5,True,True,False
ORD100416,C37476,2025-06-11 03:17:47,2025-06-13 03:17:47,mobile_web,desktop,Chrome,US,NM,apple_pay,None,Electronics,4,2407.43,0.148,356.3,two_day,9.69,0.0931,190.96,2251.78,0.35,2,True,True,True
ORD100417,C66441,2025-06-12 08:31:51,2025-06-14 08:31:51,mobile_web,mobile,Chrome,US,NM,klarna,None,Automotive,1,25.28,0.096,2.43,two_day,15.93,0.0931,2.13,40.91,0.67,2,True,True,False
ORD100418,C48623,2024-09-09 13:27:35,2024-09-11 13:27:35,ios_app,tablet,Chrome,US,MA,google_pay,Holiday,Home,1,152.82,0.144,22.01,two_day,16.11,0.05,6.54,153.46,2.26,2,True,True,False
ORD100419,C33027,2024-10-24 01:27:56,2024-10-26 01:27:56,mobile_web,tablet,Edge,US,MI,google_pay,SpringSale,Home,2,222.04,0.0,0.0,two_day,19.34,0.0789,17.52,258.9,0.66,2,True,True,False
ORD100420,C49423,2024-05-01 08:39:26,2024-05-08 08:39:26,android_app,desktop,Chrome,US,ID,card,SpringSale,Electronics,3,103.3,0.15,15.5,standard,5.5,0.0454,3.99,97.29,2.37,7,False,False,False
ORD100421,C90291,2024-02-16 13:23:30,2024-02-19 13:23:30,ios_app,desktop,Chrome,US,OR,klarna,NewArrivals,Beauty,2,550.13,0.025,13.75,standard,7.12,0.0,0.0,543.5,0.1,3,True,True,False
ORD100422,C86830,2024-11-02 23:14:42,2024-11-08 23:14:42,mobile_web,desktop,Firefox,US,FL,paypal,None,Home,1,142.72,0.242,34.54,standard,4.43,0.0803,8.69,121.3,0.32,6,False,True,True
ORD100423,C19664,2025-06-03 02:17:29,2025-06-08 02:17:29,ios_app,mobile,Edge,US,MS,klarna,Holiday,Automotive,2,1061.87,0.102,108.31,standard,8.98,0.0436,41.58,1004.12,0.1,5,True,True,False
ORD100424,C50751,2024-11-24 12:55:32,2024-11-26 12:55:32,android_app,desktop,Edge,US,CT,google_pay,SpringSale,Automotive,1,14.32,0.164,2.35,two_day,19.32,0.0683,0.82,32.11,0.83,2,True,False,False
ORD100425,C60805,2025-02-05 10:35:59,2025-02-08 10:35:59,android_app,desktop,Safari,US,MD,apple_pay,SpringSale,Automotive,1,105.06,0.184,19.33,standard,3.9,0.0638,5.47,95.1,0.22,3,True,True,False
ORD100426,C47550,2025-02-21 12:30:11,2025-02-27 12:30:11,marketplace,tablet,Firefox,US,CA,card,SpringSale,Toys,1,94.07,0.261,24.55,standard,6.01,0.0931,6.47,82.0,0.41,6,False,True,False
ORD100427,C75285,2025-03-25 17:34:19,2025-03-30 17:34:19,marketplace,tablet,Safari,US,DE,apple_pay,Clearance,Grocery,3,291.64,0.077,22.46,standard,5.43,0.0,0.0,274.61,0.63,5,True,False,False
ORD100428,C91190,2024-01-20 02:11:18,2024-01-22 02:11:18,ios_app,desktop,Opera,US,CO,apple_pay,Loyalty,Home,2,829.56,0.055,45.63,two_day,15.25,0.0737,57.78,856.96,1.19,2,True,True,False
ORD100429,C17443,2024-04-08 05:13:03,2024-04-14 05:13:03,android_app,mobile,Safari,US,KY,google_pay,NewArrivals,Toys,3,278.27,0.062,17.25,standard,9.62,0.0832,21.72,292.36,3.08,6,False,True,False
ORD100430,C76404,2024-04-06 00:04:42,2024-04-08 00:04:42,android_app,tablet,Opera,US,MO,apple_pay,None,Apparel,3,181.73,0.151,27.44,two_day,16.92,0.0689,10.63,181.84,1.74,2,True,True,False
ORD100431,C19290,2024-07-05 14:21:07,2024-07-08 14:21:07,marketplace,desktop,Opera,US,VA,card,BackToSchool,Beauty,1,263.8,0.05,13.19,standard,8.26,0.0933,23.38,282.25,0.62,3,True,True,False
ORD100432,C41509,2024-05-02 21:13:38,2024-05-08 21:13:38,web,desktop,Chrome,US,AR,paypal,BackToSchool,Toys,1,58.41,0.18,10.51,standard,5.68,0.0494,2.37,55.95,0.26,6,False,True,True
ORD100433,C55056,2024-02-10 22:50:36,2024-02-16 22:50:36,ios_app,desktop,Edge,CA,IA,paypal,NewArrivals,Toys,2,1200.58,0.158,189.69,standard,7.41,0.0,0.0,1018.3,0.47,6,False,True,False
ORD100434,C74409,2025-06-03 21:40:19,2025-06-09 21:40:19,ios_app,tablet,Chrome,US,CA,apple_pay,Clearance,Sports,1,222.8,0.242,53.92,standard,7.79,0.0931,15.72,192.39,0.32,6,False,True,False
ORD100435,C82657,2025-05-03 14:23:44,2025-05-05 14:23:44,android_app,mobile,Opera,US,MA,apple_pay,SpringSale,Sports,1,43.89,0.248,10.88,two_day,8.21,0.05,1.65,42.87,1.39,2,True,True,False
ORD100436,C13684,2025-03-17 17:35:47,2025-03-18 17:35:47,android_app,mobile,Edge,US,NY,paypal,Clearance,Electronics,1,53.9,0.158,8.52,overnight,20.31,0.0729,3.31,69.0,1.36,1,True,True,False
ORD100437,C14942,2025-03-25 14:12:11,2025-03-27 14:12:11,marketplace,desktop,Edge,DE,DE,google_pay,BackToSchool,Sports,2,110.16,0.075,8.26,two_day,14.55,0.0,0.0,116.45,0.55,2,True,True,False
ORD100438,C37967,2025-04-16 21:52:20,2025-04-22 21:52:20,mobile_web,mobile,Chrome,US,MA,paypal,Holiday,Grocery,2,342.21,0.135,46.2,standard,8.63,0.05,14.8,319.44,0.87,6,False,True,False
ORD100439,C45319,2025-03-05 04:43:58,2025-03-06 04:43:58,marketplace,mobile,Opera,DE,IN,apple_pay,None,Beauty,2,170.86,0.261,44.59,overnight,18.04,0.0,0.0,144.31,1.4,1,True,True,False
ORD100440,C65919,2025-03-21 10:23:04,2025-03-27 10:23:04,marketplace,desktop,Chrome,US,WI,apple_pay,SpringSale,Toys,1,102.18,0.136,13.9,standard,8.07,0.056,4.94,101.29,0.32,6,False,True,False
ORD100441,C11436,2025-04-11 09:51:57,2025-04-17 09:51:57,mobile_web,tablet,Opera,US,OK,apple_pay,Holiday,Beauty,1,249.07,0.227,56.54,standard,6.36,0.087,16.75,215.64,1.17,6,False,True,False
ORD100442,C70558,2025-01-15 14:10:13,2025-01-19 14:10:13,ios_app,mobile,Firefox,US,HI,klarna,None,Pets,1,12.34,0.118,1.46,standard,9.42,0.0776,0.84,21.14,0.11,4,True,True,False
ORD100443,C70857,2024-11-03 07:03:02,2024-11-08 07:03:02,android_app,mobile,Safari,US,MO,apple_pay,NewArrivals,Pets,2,146.51,0.125,18.31,standard,3.12,0.0689,8.83,140.15,1.18,5,True,True,False
ORD100444,C48785,2025-01-05 03:37:24,2025-01-12 03:37:24,web,tablet,Edge,US,MI,google_pay,Holiday,Automotive,2,505.13,0.196,99.01,standard,6.74,0.0789,32.04,444.9,0.17,7,False,True,False
ORD100445,C18724,2025-05-17 04:45:16,2025-05-19 04:45:16,web,desktop,Edge,US,WV,paypal,BackToSchool,Sports,2,419.2,0.023,9.64,two_day,12.15,0.0568,23.26,444.97,0.11,2,True,True,False
ORD100446,C68465,2025-04-07 21:20:33,2025-04-09 21:20:33,mobile_web,tablet,Chrome,US,IN,klarna,Holiday,Grocery,1,127.54,0.147,18.75,two_day,11.17,0.0567,6.17,126.13,0.1,2,True,True,False
ORD100447,C55076,2025-02-20 05:28:50,2025-02-22 05:28:50,marketplace,mobile,Firefox,US,MO,google_pay,Holiday,Electronics,1,935.53,0.219,204.88,two_day,18.64,0.0689,50.34,799.63,0.88,2,True,True,False
ORD100448,C13936,2025-03-07 04:47:02,2025-03-09 04:47:02,mobile_web,desktop,Edge,US,TN,klarna,SpringSale,Home,2,304.05,0.111,33.75,two_day,8.51,0.0864,23.35,302.16,0.12,2,True,True,False
ORD100449,C67072,2024-03-04 15:45:03,2024-03-06 15:45:03,android_app,mobile,Edge,US,NE,card,Loyalty,Electronics,2,164.87,0.153,25.23,two_day,16.01,0.0845,11.8,167.45,1.58,2,True,True,False
ORD100450,C22279,2024-06-13 21:33:10,2024-06-15 21:33:10,mobile_web,desktop,Chrome,US,MT,klarna,Loyalty,Beauty,1,153.18,0.104,15.93,two_day,10.92,0.0,0.0,148.17,1.47,2,True,True,False
ORD100451,C37025,2025-06-29 03:32:25,2025-07-02 03:32:25,mobile_web,desktop,Chrome,US,OH,paypal,Clearance,Toys,1,141.2,0.093,13.13,standard,9.47,0.0432,5.53,143.07,1.92,3,True,True,False
ORD100452,C19907,2024-02-18 05:49:02,2024-02-20 05:49:02,android_app,tablet,Chrome,US,AL,klarna,Loyalty,Apparel,3,2367.44,0.198,468.75,two_day,13.89,0.0928,176.2,2088.78,0.17,2,True,True,True
ORD100453,C66790,2024-09-21 17:23:44,2024-09-25 17:23:44,marketplace,tablet,Firefox,US,ME,card,Holiday,Electronics,1,87.28,0.156,13.62,standard,7.64,0.0642,4.73,86.03,0.52,4,True,True,False
ORD100454,C25634,2025-03-29 17:18:13,2025-04-01 17:18:13,ios_app,desktop,Safari,FR,SD,paypal,None,Sports,5,557.46,0.095,52.96,standard,4.91,0.0,0.0,509.41,0.56,3,True,True,False
ORD100455,C36255,2025-02-10 13:02:37,2025-02-16 13:02:37,mobile_web,desktop,Safari,US,NY,google_pay,None,Sports,1,72.87,0.2,14.57,standard,7.33,0.0729,4.25,69.88,0.41,6,False,True,False
ORD100456,C38184,2024-04-03 14:04:58,2024-04-08 14:04:58,marketplace,desktop,Edge,FR,NC,klarna,SpringSale,Beauty,2,354.59,0.101,35.81,standard,9.77,0.0,0.0,328.55,3.01,5,True,True,True
ORD100457,C29283,2024-04-04 19:48:54,2024-04-10 19:48:54,web,desktop,Safari,US,KY,paypal,Holiday,Home,1,151.92,0.124,18.84,standard,4.44,0.0832,11.07,148.59,0.21,6,False,False,False
ORD100458,C97486,2024-07-11 09:23:27,2024-07-13 09:23:27,ios_app,mobile,Edge,US,CT,paypal,Clearance,Toys,1,101.13,0.02,2.02,two_day,18.21,0.0683,6.77,124.09,0.57,2,True,True,False
ORD100459,C73327,2024-01-09 16:28:26,2024-01-14 16:28:26,ios_app,desktop,Safari,US,RI,klarna,SpringSale,Books,1,959.55,0.148,142.01,standard,6.06,0.0467,38.18,861.78,0.1,5,True,True,False
ORD100460,C74482,2024-11-03 05:48:56,2024-11-06 05:48:56,mobile_web,mobile,Chrome,US,RI,paypal,SpringSale,Toys,1,513.61,0.259,133.02,standard,3.36,0.0467,17.77,401.72,0.17,3,True,True,False
ORD100461,C12164,2024-05-17 22:29:29,2024-05-23 22:29:29,marketplace,mobile,Firefox,US,WV,paypal,None,Sports,1,291.01,0.213,61.99,standard,9.86,0.0568,13.01,251.89,1.12,6,False,True,False
ORD100462,C47204,2024-02-21 05:38:39,2024-02-27 05:38:39,web,mobile,Opera,US,ID,paypal,Holiday,Automotive,2,2061.6,0.29,597.86,standard,4.91,0.0454,66.45,1535.1,0.22,6,False,True,True
ORD100463,C42573,2024-08-04 11:59:23,2024-08-07 11:59:23,mobile_web,mobile,Edge,US,FL,paypal,Loyalty,Sports,2,60.2,0.079,4.76,standard,5.06,0.0803,4.45,64.95,0.1,3,True,True,False
ORD100464,C91909,2024-06-07 04:59:12,2024-06-09 04:59:12,marketplace,desktop,Opera,US,AZ,google_pay,Clearance,Toys,1,34.33,0.0,0.0,two_day,14.16,0.0517,1.77,50.26,1.16,2,True,True,False
ORD100465,C32820,2025-05-21 03:46:56,2025-05-23 03:46:56,web,tablet,Edge,US,CA,card,Holiday,Grocery,1,41.19,0.038,1.57,two_day,18.17,0.0931,3.69,61.48,0.46,2,True,False,False
ORD100466,C31236,2024-10-17 21:21:43,2024-10-19 21:21:43,ios_app,desktop,Safari,CA,SC,apple_pay,Holiday,Books,2,91.99,0.0,0.0,two_day,8.99,0.0,0.0,100.98,0.56,2,True,True,False
ORD100467,C81779,2025-05-15 23:59:48,2025-05-20 23:59:48,marketplace,desktop,Safari,US,NY,google_pay,SpringSale,Beauty,1,361.57,0.117,42.3,standard,7.32,0.0729,23.27,349.86,0.1,5,True,True,False
ORD100468,C48892,2025-01-23 01:45:01,2025-01-25 01:45:01,android_app,tablet,Edge,US,AK,card,None,Sports,1,61.83,0.171,10.57,two_day,14.84,0.0,0.0,66.1,0.13,2,True,True,False
ORD100469,C24071,2025-04-28 09:46:53,2025-04-30 09:46:53,ios_app,mobile,Firefox,US,AL,google_pay,Clearance,Grocery,1,193.83,0.211,40.9,two_day,12.85,0.0928,14.19,179.97,0.69,2,True,True,False
ORD100470,C90398,2024-11-28 17:00:00,2024-12-03 17:00:00,ios_app,mobile,Firefox,US,VA,google_pay,BackToSchool,Beauty,1,170.58,0.106,18.08,standard,6.23,0.0933,14.23,172.96,0.1,5,True,True,False
ORD100471,C34657,2025-05-03 13:14:00,2025-05-04 13:14:00,android_app,mobile,Firefox,US,CO,paypal,NewArrivals,Grocery,1,49.2,0.2,9.84,overnight,25.22,0.0737,2.9,67.48,0.83,1,True,True,False
ORD100472,C58086,2025-01-26 00:56:32,2025-01-31 00:56:32,android_app,desktop,Chrome,US,AR,google_pay,BackToSchool,Grocery,3,678.2,0.107,72.57,standard,8.36,0.0494,29.92,643.91,2.16,5,True,True,False
ORD100473,C55999,2024-09-30 14:55:11,2024-10-02 14:55:11,ios_app,mobile,Chrome,US,KY,klarna,None,Grocery,2,215.08,0.22,47.32,two_day,9.44,0.0832,13.96,191.16,0.94,2,True,True,False
ORD100474,C58720,2024-07-03 17:28:36,2024-07-07 17:28:36,web,tablet,Safari,US,IN,paypal,None,Home,1,233.94,0.143,33.45,standard,8.47,0.0567,11.37,220.33,0.32,4,True,False,False
ORD100475,C77519,2024-12-22 00:47:54,2024-12-27 00:47:54,ios_app,tablet,Safari,US,AR,klarna,None,Automotive,1,35.76,0.063,2.25,standard,4.86,0.0494,1.66,40.03,0.1,5,True,True,True
ORD100476,C46136,2024-10-29 14:42:33,2024-11-04 14:42:33,mobile_web,mobile,Edge,US,NE,google_pay,Loyalty,Beauty,1,244.36,0.169,41.3,standard,8.47,0.0845,17.16,228.69,0.4,6,False,True,False
ORD100477,C46171,2024-02-10 03:43:18,2024-02-12 03:43:18,ios_app,mobile,Edge,US,CT,card,BackToSchool,Toys,1,68.11,0.211,14.37,two_day,16.87,0.0683,3.67,74.28,0.17,2,True,True,True
ORD100478,C18833,2025-01-08 21:26:10,2025-01-13 21:26:10,android_app,mobile,Chrome,US,MS,google_pay,Clearance,Grocery,1,379.84,0.112,42.54,standard,5.82,0.0436,14.71,357.83,0.33,5,True,True,False
ORD100479,C40346,2025-06-19 06:06:05,2025-06-21 06:06:05,web,mobile,Opera,DE,TN,apple_pay,None,Beauty,1,10.89,0.119,1.3,two_day,10.3,0.0,0.0,19.89,0.74,2,True,True,False
ORD100480,C38756,2024-10-19 05:27:08,2024-10-25 05:27:08,marketplace,tablet,Firefox,US,MA,klarna,Clearance,Toys,1,157.17,0.052,8.17,standard,5.03,0.05,7.45,161.48,0.76,6,False,True,False
ORD100481,C13048,2024-07-09 23:55:40,2024-07-11 23:55:40,marketplace,tablet,Opera,US,UT,card,None,Beauty,3,341.98,0.127,43.43,two_day,12.58,0.0726,21.67,332.8,1.29,2,True,False,True
ORD100482,C88455,2024-05-05 06:24:02,2024-05-07 06:24:02,ios_app,mobile,Opera,US,RI,paypal,Clearance,Apparel,1,256.71,0.0,0.0,two_day,12.66,0.0467,11.99,281.36,1.2,2,True,True,False
ORD100483,C96805,2024-08-05 17:32:26,2024-08-08 17:32:26,mobile_web,desktop,Opera,US,MN,card,SpringSale,Grocery,3,241.74,0.0,0.0,standard,4.15,0.0477,11.53,257.42,0.13,3,True,True,False
ORD100484,C43193,2025-02-16 00:51:53,2025-02-22 00:51:53,marketplace,mobile,Safari,US,AZ,klarna,NewArrivals,Books,2,90.21,0.175,15.79,standard,6.05,0.0517,3.85,84.32,0.54,6,False,False,True
ORD100485,C34604,2025-03-11 05:19:37,2025-03-15 05:19:37,web,desktop,Edge,US,MS,paypal,Loyalty,Toys,1,151.29,0.156,23.6,standard,9.21,0.0436,5.57,142.47,0.2,4,True,True,False
ORD100486,C85885,2025-06-24 14:26:22,2025-06-29 14:26:22,web,desktop,Safari,DE,OK,google_pay,Clearance,Beauty,1,61.3,0.172,10.54,standard,8.2,0.0,0.0,58.96,0.45,5,True,True,False
ORD100487,C60317,2024-10-07 09:26:33,2024-10-10 09:26:33,marketplace,desktop,Edge,US,IN,paypal,Loyalty,Pets,1,12.21,0.087,1.06,standard,4.55,0.0567,0.63,16.33,0.28,3,True,True,False
ORD100488,C10982,2024-02-08 20:24:01,2024-02-09 20:24:01,mobile_web,tablet,Opera,US,TX,apple_pay,SpringSale,Books,1,63.4,0.11,6.97,overnight,15.49,0.0923,5.21,77.13,0.1,1,True,True,False
ORD100489,C61524,2024-01-21 05:30:44,2024-01-23 05:30:44,web,desktop,Edge,CA,AZ,apple_pay,BackToSchool,Sports,2,251.17,0.085,21.35,two_day,13.61,0.0,0.0,243.43,0.38,2,True,True,False
ORD100490,C18916,2024-08-08 17:35:51,2024-08-14 17:35:51,marketplace,desktop,Chrome,US,WI,card,SpringSale,Home,2,586.67,0.101,59.25,standard,6.31,0.056,29.54,563.27,0.95,6,False,True,True
ORD100491,C89900,2024-07-25 23:54:02,2024-07-29 23:54:02,android_app,desktop,Opera,US,WY,klarna,None,Grocery,2,807.29,0.022,17.76,standard,3.16,0.0542,42.79,835.48,0.33,4,True,True,False
ORD100492,C70021,2024-01-18 17:12:12,2024-01-22 17:12:12,mobile_web,tablet,Firefox,US,FL,klarna,BackToSchool,Automotive,1,1326.48,0.125,165.81,standard,6.76,0.0803,93.2,1260.63,0.47,4,True,True,False
ORD100493,C77690,2024-10-29 18:00:30,2024-11-03 18:00:30,ios_app,desktop,Safari,US,OH,klarna,None,Sports,2,421.15,0.045,18.95,standard,9.76,0.0432,17.38,429.34,0.52,5,True,True,False
ORD100494,C66143,2024-09-12 15:53:39,2024-09-18 15:53:39,mobile_web,desktop,Safari,US,MA,paypal,SpringSale,Apparel,4,1588.8,0.139,220.84,standard,9.77,0.05,68.4,1446.13,3.89,6,False,True,False
ORD100495,C30114,2024-02-15 17:33:30,2024-02-20 17:33:30,marketplace,mobile,Opera,US,ND,paypal,BackToSchool,Beauty,1,56.31,0.198,11.15,standard,8.54,0.0419,1.89,55.59,0.56,5,True,True,False
ORD100496,C66196,2025-04-29 04:14:45,2025-05-04 04:14:45,android_app,desktop,Chrome,US,WV,google_pay,BackToSchool,Pets,3,283.59,0.066,18.72,standard,7.13,0.0568,15.04,287.04,0.59,5,True,False,False
ORD100497,C78456,2024-08-03 16:45:09,2024-08-05 16:45:09,marketplace,mobile,Chrome,US,AK,klarna,SpringSale,Home,1,302.67,0.156,47.22,two_day,8.92,0.0,0.0,264.37,0.31,2,True,True,True
ORD100498,C47538,2024-05-01 10:19:53,2024-05-07 10:19:53,android_app,desktop,Safari,US,AZ,apple_pay,NewArrivals,Beauty,5,1418.11,0.038,53.89,standard,6.03,0.0517,70.53,1440.78,0.21,6,False,True,True
ORD100499,C92048,2024-12-05 09:25:19,2024-12-08 09:25:19,ios_app,desktop,Edge,US,IA,paypal,Clearance,Electronics,2,561.51,0.177,99.39,standard,9.46,0.0426,19.69,491.27,0.58,3,True,True,True
ORD100500,C22651,2025-03-20 19:01:02,2025-03-24 19:01:02,mobile_web,tablet,Opera,US,CO,google_pay,NewArrivals,Pets,1,105.4,0.203,21.4,standard,4.27,0.0737,6.19,94.46,0.55,4,True,False,False
ORD100501,C93138,2024-06-20 16:24:39,2024-06-22 16:24:39,mobile_web,mobile,Opera,US,VA,apple_pay,Holiday,Apparel,4,612.91,0.111,68.03,two_day,19.63,0.0933,50.84,615.35,0.13,2,True,True,False
ORD100502,C80935,2025-06-07 06:05:52,2025-06-12 06:05:52,mobile_web,tablet,Firefox,US,NC,paypal,NewArrivals,Pets,2,108.28,0.2,21.66,standard,5.47,0.0731,6.33,98.42,1.16,5,True,True,False
ORD100503,C77782,2024-03-17 14:36:31,2024-03-20 14:36:31,web,tablet,Firefox,US,MS,google_pay,Holiday,Electronics,1,43.08,0.213,9.18,standard,3.98,0.0436,1.48,39.36,0.54,3,True,True,False
ORD100504,C60420,2025-01-03 03:49:19,2025-01-07 03:49:19,mobile_web,desktop,Safari,US,IA,apple_pay,Loyalty,Books,2,356.57,0.094,33.52,standard,5.95,0.0426,13.76,342.76,0.35,4,True,False,False
ORD100505,C99893,2025-05-21 05:53:03,2025-05-27 05:53:03,android_app,tablet,Safari,US,CA,card,Holiday,Sports,1,16.97,0.116,1.97,standard,6.79,0.0931,1.4,23.19,0.17,6,False,True,False
ORD100506,C19754,2024-02-03 10:57:12,2024-02-10 10:57:12,ios_app,desktop,Firefox,US,IL,paypal,Loyalty,Sports,5,645.2,0.151,97.43,standard,6.39,0.0486,26.62,580.78,0.91,7,False,True,False
ORD100507,C70197,2024-10-19 12:53:09,2024-10-22 12:53:09,web,mobile,Firefox,DE,WV,apple_pay,NewArrivals,Pets,1,289.7,0.046,13.33,standard,6.03,0.0,0.0,282.4,0.72,3,True,False,True
ORD100508,C23698,2024-08-15 08:43:02,2024-08-17 08:43:02,marketplace,mobile,Opera,US,WY,apple_pay,Holiday,Pets,2,148.51,0.07,10.4,two_day,9.11,0.0542,7.49,154.71,0.51,2,True,True,False
ORD100509,C48062,2025-03-12 20:59:25,2025-03-14 20:59:25,android_app,desktop,Opera,UK,UT,google_pay,Holiday,Sports,2,91.25,0.221,20.17,two_day,15.91,0.0,0.0,86.99,0.1,2,True,True,False
ORD100510,C54885,2024-11-03 21:08:23,2024-11-07 21:08:23,web,desktop,Opera,US,HI,paypal,None,Pets,1,136.6,0.003,0.41,standard,6.78,0.0776,10.57,153.54,0.15,4,True,True,False
ORD100511,C16092,2025-02-24 05:25:14,2025-02-26 05:25:14,web,mobile,Edge,US,IN,klarna,None,Books,2,180.67,0.261,47.15,two_day,15.06,0.0567,7.57,156.15,0.54,2,True,True,False
ORD100512,C67320,2025-03-09 04:41:52,2025-03-15 04:41:52,mobile_web,mobile,Safari,US,OR,paypal,Holiday,Electronics,1,22.96,0.05,1.15,standard,9.22,0.0,0.0,31.03,0.1,6,False,True,False
ORD100513,C72758,2024-12-26 12:28:57,2024-12-30 12:28:57,web,mobile,Edge,US,OK,card,NewArrivals,Electronics,3,386.8,0.08,30.94,standard,7.83,0.087,30.96,394.65,1.43,4,True,True,False
ORD100514,C32030,2024-01-24 05:20:56,2024-01-28 05:20:56,marketplace,desktop,Chrome,US,MA,klarna,Holiday,Apparel,1,313.44,0.21,65.82,standard,6.19,0.05,12.38,266.19,1.13,4,True,True,True
ORD100515,C26543,2025-04-07 22:03:56,2025-04-13 22:03:56,android_app,desktop,Firefox,US,NJ,apple_pay,BackToSchool,Home,2,164.14,0.162,26.59,standard,5.71,0.0411,5.65,148.91,0.49,6,False,True,False
ORD100516,C68434,2024-12-22 12:32:07,2024-12-29 12:32:07,web,mobile,Firefox,US,IL,apple_pay,None,Sports,2,671.88,0.136,91.38,standard,6.88,0.0486,28.21,615.59,0.77,7,False,False,False
ORD100517,C36597,2025-06-09 19:00:33,2025-06-11 19:00:33,marketplace,tablet,Chrome,US,OR,apple_pay,Holiday,Home,4,1996.46,0.111,221.61,two_day,11.15,0.0,0.0,1786.0,0.1,2,True,True,True
ORD100518,C44488,2024-01-22 14:11:41,2024-01-24 14:11:41,web,tablet,Firefox,US,NE,paypal,Holiday,Electronics,2,1099.12,0.118,129.7,two_day,17.77,0.0845,81.92,1069.11,2.15,2,True,True,False
ORD100519,C38395,2024-08-17 01:24:09,2024-08-19 01:24:09,android_app,tablet,Edge,US,OR,apple_pay,SpringSale,Apparel,4,283.26,0.0,0.0,two_day,19.27,0.0,0.0,302.53,0.14,2,True,True,False
ORD100520,C16846,2025-03-30 01:28:00,2025-04-03 01:28:00,ios_app,desktop,Firefox,US,FL,klarna,NewArrivals,Apparel,1,62.27,0.129,8.03,standard,5.09,0.0803,4.36,63.69,1.31,4,True,True,False
ORD100521,C23079,2024-03-13 18:29:59,2024-03-15 18:29:59,web,tablet,Opera,US,ND,google_pay,Loyalty,Automotive,1,57.18,0.093,5.32,two_day,12.58,0.0419,2.17,66.61,0.14,2,True,True,False
ORD100522,C25437,2024-06-24 21:18:39,2024-06-27 21:18:39,android_app,desktop,Edge,US,DE,klarna,Holiday,Grocery,1,274.85,0.119,32.71,standard,4.99,0.0,0.0,247.13,1.58,3,True,True,False
ORD100523,C94738,2024-07-27 03:21:49,2024-08-03 03:21:49,android_app,desktop,Chrome,US,SD,apple_pay,Holiday,Electronics,3,1344.15,0.202,271.52,standard,5.04,0.0672,72.08,1149.75,0.18,7,False,True,False
ORD100524,C74042,2024-06-06 11:32:21,2024-06-09 11:32:21,web,tablet,Firefox,US,MA,google_pay,Holiday,Pets,1,48.98,0.245,12.0,standard,4.55,0.05,1.85,43.38,0.17,3,True,False,False
ORD100525,C61087,2024-04-09 12:44:29,2024-04-13 12:44:29,ios_app,mobile,Firefox,AU,AL,card,NewArrivals,Toys,3,486.91,0.114,55.51,standard,4.74,0.0,0.0,436.14,0.19,4,True,True,False
ORD100526,C18576,2024-04-12 04:08:18,2024-04-17 04:08:18,web,mobile,Chrome,US,AR,card,Loyalty,Toys,3,390.15,0.07,27.31,standard,8.38,0.0494,17.92,389.14,0.39,5,True,True,False
ORD100527,C63076,2024-10-21 13:48:42,2024-10-27 13:48:42,mobile_web,tablet,Edge,US,LA,klarna,None,Beauty,2,644.01,0.057,36.71,standard,6.7,0.096,58.3,672.3,0.22,6,False,False,False
ORD100528,C92319,2024-07-30 09:18:45,2024-08-01 09:18:45,marketplace,mobile,Edge,US,NY,card,Clearance,Sports,2,88.38,0.158,13.96,two_day,17.98,0.0729,5.43,97.83,0.44,2,True,True,True
ORD100529,C42400,2024-06-05 03:45:53,2024-06-10 03:45:53,marketplace,tablet,Chrome,US,PA,klarna,Clearance,Automotive,1,21.22,0.137,2.91,standard,6.58,0.0486,0.89,25.78,1.18,5,True,True,False
ORD100530,C17802,2024-09-07 19:11:50,2024-09-12 19:11:50,marketplace,mobile,Opera,US,VA,card,NewArrivals,Sports,1,169.91,0.277,47.07,standard,8.5,0.0933,11.46,142.8,0.87,5,True,True,False
ORD100531,C36835,2025-06-28 22:29:33,2025-07-02 22:29:33,android_app,mobile,Chrome,US,OR,apple_pay,Clearance,Automotive,4,881.48,0.136,119.88,standard,6.13,0.0,0.0,767.73,0.13,4,True,True,False
ORD100532,C47855,2025-01-16 23:01:03,2025-01-18 23:01:03,mobile_web,tablet,Chrome,US,MT,paypal,None,Grocery,3,219.97,0.094,20.68,two_day,9.4,0.0,0.0,208.69,0.88,2,True,True,False
ORD100533,C63544,2024-10-23 21:12:52,2024-10-28 21:12:52,web,mobile,Edge,US,NJ,google_pay,Holiday,Automotive,4,1368.07,0.148,202.47,standard,4.99,0.0411,47.91,1218.5,0.1,5,True,True,True
ORD100534,C81602,2024-04-06 18:18:54,2024-04-12 18:18:54,web,mobile,Edge,CA,NY,paypal,SpringSale,Apparel,2,1028.46,0.071,73.02,standard,9.61,0.0,0.0,965.05,0.1,6,False,False,True
ORD100535,C66388,2024-08-30 20:18:12,2024-09-03 20:18:12,mobile_web,tablet,Chrome,US,OK,apple_pay,Clearance,Automotive,1,316.68,0.083,26.28,standard,5.02,0.087,25.26,320.68,0.37,4,True,True,True
ORD100536,C28460,2024-09-06 20:30:49,2024-09-09 20:30:49,marketplace,mobile,Edge,US,FL,card,None,Books,1,96.82,0.276,26.72,standard,4.03,0.0803,5.63,79.76,1.29,3,True,True,False
ORD100537,C12438,2024-09-28 02:38:31,2024-09-30 02:38:31,web,mobile,Opera,US,WY,google_pay,None,Sports,1,364.94,0.098,35.76,two_day,13.3,0.0542,17.84,360.32,0.69,2,True,True,False
ORD100538,C50955,2024-09-26 10:11:49,2024-09-28 10:11:49,web,desktop,Edge,US,NY,card,Holiday,Books,2,482.85,0.168,81.12,two_day,10.99,0.0729,29.29,442.01,1.19,2,True,True,False
ORD100539,C95411,2025-06-20 03:27:49,2025-06-22 03:27:49,mobile_web,desktop,Firefox,US,MN,klarna,SpringSale,Electronics,2,92.1,0.006,0.55,two_day,12.98,0.0477,4.37,108.9,0.4,2,True,True,False
ORD100540,C24671,2025-06-23 17:46:05,2025-06-28 17:46:05,mobile_web,mobile,Safari,DE,NM,klarna,Holiday,Toys,2,632.1,0.148,93.55,standard,9.03,0.0,0.0,547.58,0.1,5,True,True,True
ORD100541,C17312,2024-12-03 03:12:17,2024-12-08 03:12:17,marketplace,desktop,Edge,US,RI,google_pay,None,Toys,3,861.64,0.195,168.02,standard,7.39,0.0467,32.39,733.4,0.38,5,True,True,False
ORD100542,C96826,2024-12-18 12:53:54,2024-12-23 12:53:54,marketplace,tablet,Chrome,US,AR,google_pay,Loyalty,Grocery,1,55.92,0.134,7.49,standard,3.96,0.0494,2.39,54.78,0.58,5,True,True,False
ORD100543,C26444,2024-04-10 14:13:15,2024-04-12 14:13:15,web,tablet,Firefox,US,KS,paypal,SpringSale,Pets,2,250.95,0.198,49.69,two_day,13.59,0.0922,18.56,233.41,0.16,2,True,False,False
ORD100544,C64471,2024-07-09 08:22:30,2024-07-14 08:22:30,android_app,mobile,Firefox,US,OH,paypal,Holiday,Books,4,704.06,0.134,94.34,standard,6.77,0.0432,26.34,642.83,0.95,5,True,True,False
ORD100545,C54838,2024-04-01 11:20:32,2024-04-06 11:20:32,web,desktop,Chrome,US,MS,google_pay,Loyalty,Grocery,1,43.68,0.267,11.66,standard,3.03,0.0436,1.4,36.45,0.49,5,True,True,True
ORD100546,C25701,2025-04-08 13:37:21,2025-04-13 13:37:21,mobile_web,tablet,Chrome,UK,DE,google_pay,Loyalty,Pets,2,782.23,0.145,113.42,standard,9.21,0.0,0.0,678.02,0.37,5,True,True,False
ORD100547,C98148,2024-10-29 17:14:19,2024-11-02 17:14:19,web,mobile,Safari,US,MA,google_pay,None,Home,2,390.02,0.133,51.87,standard,8.61,0.05,16.91,363.67,0.21,4,True,True,False
ORD100548,C16590,2025-03-16 09:48:26,2025-03-21 09:48:26,web,tablet,Firefox,US,ME,google_pay,Holiday,Sports,2,1535.66,0.074,113.64,standard,8.81,0.0642,91.29,1522.12,1.27,5,True,True,False
ORD100549,C37431,2025-03-01 06:14:10,2025-03-03 06:14:10,android_app,desktop,Opera,US,AK,apple_pay,SpringSale,Books,1,92.21,0.098,9.04,two_day,17.47,0.0,0.0,100.64,0.53,2,True,True,True
ORD100550,C98091,2025-02-10 22:45:01,2025-02-15 22:45:01,marketplace,tablet,Opera,US,VA,klarna,Clearance,Pets,1,258.23,0.291,75.14,standard,4.28,0.0933,17.08,204.45,0.1,5,True,True,False
ORD100551,C46583,2025-05-30 00:58:41,2025-06-01 00:58:41,web,mobile,Firefox,US,VA,apple_pay,Holiday,Apparel,1,159.57,0.121,19.31,two_day,11.29,0.0933,13.09,164.64,2.96,2,True,True,False
ORD100552,C67230,2024-06-16 22:03:28,2024-06-21 22:03:28,marketplace,mobile,Opera,DE,SC,card,Clearance,Apparel,2,1363.3,0.167,227.67,standard,9.4,0.0,0.0,1145.03,2.54,5,True,True,False
ORD100553,C67055,2024-03-06 23:27:42,2024-03-09 23:27:42,web,desktop,Opera,US,RI,klarna,None,Toys,1,60.1,0.0,0.0,standard,5.42,0.0467,2.81,68.33,0.42,3,True,True,False
ORD100554,C21394,2024-02-10 06:40:30,2024-02-15 06:40:30,ios_app,desktop,Firefox,US,OH,card,Loyalty,Toys,1,37.59,0.124,4.66,standard,8.5,0.0432,1.42,42.85,1.99,5,True,True,False
ORD100555,C96643,2025-04-04 00:13:48,2025-04-09 00:13:48,android_app,desktop,Chrome,US,NJ,card,Clearance,Electronics,2,171.64,0.169,29.01,standard,7.2,0.0411,5.86,155.69,0.59,5,True,True,False
ORD100556,C28540,2024-12-15 11:34:22,2024-12-16 11:34:22,web,desktop,Safari,US,MI,paypal,Loyalty,Books,1,646.91,0.134,86.69,overnight,36.31,0.0789,44.2,640.73,0.29,1,True,True,False
ORD100557,C50332,2024-10-04 16:47:22,2024-10-09 16:47:22,mobile_web,desktop,Edge,US,AZ,card,SpringSale,Automotive,3,577.21,0.179,103.32,standard,5.05,0.0517,24.5,503.44,0.39,5,True,True,True
ORD100558,C77078,2024-10-04 08:21:11,2024-10-07 08:21:11,android_app,desktop,Firefox,US,NJ,paypal,Holiday,Books,3,216.29,0.015,3.24,standard,9.05,0.0411,8.76,230.86,0.26,3,True,True,False
ORD100559,C37326,2025-01-29 14:05:21,2025-02-04 14:05:21,mobile_web,desktop,Opera,US,GA,card,Holiday,Grocery,3,431.48,0.136,58.68,standard,4.39,0.0876,32.66,409.85,1.46,6,False,True,False
ORD100560,C83644,2025-02-05 01:21:50,2025-02-07 01:21:50,mobile_web,tablet,Safari,US,NM,paypal,NewArrivals,Books,2,1167.24,0.031,36.18,two_day,11.41,0.0931,105.3,1247.77,0.1,2,True,False,True
ORD100561,C13582,2025-04-25 16:32:13,2025-04-29 16:32:13,android_app,desktop,Firefox,US,CA,paypal,Loyalty,Toys,1,48.53,0.184,8.93,standard,9.53,0.0931,3.69,52.82,1.57,4,True,True,False
ORD100562,C68415,2024-03-29 18:29:03,2024-04-02 18:29:03,android_app,mobile,Chrome,US,NE,paypal,SpringSale,Home,4,2270.36,0.078,177.09,standard,6.69,0.0845,176.88,2276.84,0.54,4,True,True,False
ORD100563,C75615,2024-09-05 08:55:20,2024-09-09 08:55:20,ios_app,mobile,Opera,AU,IN,apple_pay,Holiday,Apparel,1,693.18,0.086,59.61,standard,8.17,0.0,0.0,641.74,0.22,4,True,True,False
ORD100564,C29330,2024-06-03 03:52:18,2024-06-07 03:52:18,web,mobile,Opera,US,GA,paypal,Holiday,Sports,1,60.01,0.185,11.1,standard,4.58,0.0876,4.28,57.77,0.15,4,True,True,False
ORD100565,C71321,2025-03-19 02:35:50,2025-03-21 02:35:50,android_app,mobile,Firefox,US,DE,apple_pay,SpringSale,Books,1,321.02,0.115,36.92,two_day,17.9,0.0,0.0,302.0,1.19,2,True,True,False
ORD100566,C44457,2025-01-16 23:09:43,2025-01-22 23:09:43,web,mobile,Safari,US,NC,klarna,Loyalty,Beauty,2,170.9,0.09,15.38,standard,9.92,0.0731,11.37,176.81,0.63,6,False,True,False
ORD100567,C43329,2025-03-05 11:08:24,2025-03-07 11:08:24,marketplace,mobile,Chrome,US,DC,google_pay,Loyalty,Home,1,82.32,0.215,17.7,two_day,16.89,0.0764,4.94,86.45,0.27,2,True,True,True
ORD100568,C12808,2024-09-02 22:05:15,2024-09-04 22:05:15,marketplace,tablet,Safari,US,AR,google_pay,SpringSale,Books,1,15.16,0.102,1.55,two_day,10.44,0.0494,0.67,24.72,0.23,2,True,True,True
ORD100569,C44130,2024-02-03 09:15:09,2024-02-08 09:15:09,android_app,desktop,Edge,US,MO,card,BackToSchool,Books,1,48.16,0.177,8.52,standard,9.6,0.0689,2.73,51.97,0.24,5,True,False,False
ORD100570,C18800,2024-08-07 06:35:43,2024-08-12 06:35:43,marketplace,tablet,Edge,US,MT,klarna,SpringSale,Automotive,2,173.32,0.221,38.3,standard,6.4,0.0,0.0,141.42,0.16,5,True,True,False
ORD100571,C46415,2024-04-25 00:41:52,2024-04-30 00:41:52,android_app,mobile,Chrome,US,ID,google_pay,Loyalty,Sports,3,469.5,0.083,38.97,standard,9.22,0.0454,19.55,459.3,0.99,5,True,True,False
ORD100572,C50409,2025-02-06 03:07:23,2025-02-11 03:07:23,marketplace,mobile,Firefox,US,ND,google_pay,Loyalty,Pets,2,687.17,0.139,95.52,standard,4.76,0.0419,24.79,621.2,0.48,5,True,True,False
ORD100573,C22202,2025-02-22 08:29:10,2025-02-26 08:29:10,web,desktop,Chrome,US,MD,card,Clearance,Beauty,5,1738.02,0.107,185.97,standard,9.08,0.0638,99.02,1660.15,0.38,4,True,True,True
ORD100574,C20114,2024-03-29 04:54:58,2024-04-01 04:54:58,ios_app,tablet,Edge,US,CA,apple_pay,Holiday,Home,3,354.68,0.169,59.94,standard,3.2,0.0931,27.44,325.38,1.88,3,True,True,True
ORD100575,C36639,2024-04-25 07:11:32,2024-04-27 07:11:32,android_app,mobile,Edge,US,LA,paypal,Clearance,Beauty,1,33.99,0.037,1.26,two_day,12.8,0.096,3.14,48.67,0.63,2,True,True,False
ORD100576,C26959,2024-01-06 21:08:22,2024-01-11 21:08:22,ios_app,mobile,Opera,US,ID,paypal,None,Apparel,1,49.07,0.011,0.54,standard,9.45,0.0454,2.2,60.18,0.38,5,True,True,True
ORD100577,C11236,2024-11-21 10:22:04,2024-11-24 10:22:04,web,mobile,Safari,US,SD,apple_pay,BackToSchool,Electronics,1,157.88,0.115,18.16,standard,3.77,0.0672,9.39,152.88,0.1,3,True,True,False
ORD100578,C28913,2024-09-10 00:05:16,2024-09-11 00:05:16,web,desktop,Edge,UK,IN,paypal,Holiday,Sports,2,852.33,0.0,0.0,overnight,27.33,0.0,0.0,879.66,0.25,1,True,True,True
ORD100579,C26945,2024-08-29 20:42:13,2024-09-05 20:42:13,mobile_web,tablet,Safari,US,NY,apple_pay,BackToSchool,Grocery,1,22.31,0.232,5.18,standard,7.71,0.0729,1.25,26.09,0.39,7,False,True,False
ORD100580,C37924,2025-06-28 01:31:41,2025-07-02 01:31:41,web,tablet,Opera,US,ND,google_pay,Clearance,Books,2,155.98,0.21,32.76,standard,3.41,0.0419,5.16,131.79,0.52,4,True,True,False
ORD100581,C45081,2024-01-15 07:58:17,2024-01-17 07:58:17,mobile_web,mobile,Opera,US,MT,apple_pay,Holiday,Grocery,3,228.34,0.138,31.51,two_day,17.59,0.0,0.0,214.42,0.22,2,True,True,False
ORD100582,C24048,2024-03-02 19:49:48,2024-03-09 19:49:48,mobile_web,desktop,Safari,US,OR,apple_pay,SpringSale,Sports,3,106.8,0.039,4.17,standard,9.75,0.0,0.0,112.38,1.93,7,False,True,False
ORD100583,C31037,2025-01-18 15:26:52,2025-01-20 15:26:52,web,desktop,Opera,US,CO,google_pay,None,Automotive,1,149.94,0.225,33.74,two_day,19.87,0.0737,8.56,144.63,0.46,2,True,True,False
ORD100584,C48852,2024-01-31 11:50:59,2024-02-07 11:50:59,marketplace,desktop,Firefox,US,AK,apple_pay,BackToSchool,Beauty,3,472.59,0.139,65.69,standard,7.89,0.0,0.0,414.79,0.52,7,False,True,True
ORD100585,C67326,2025-05-16 07:45:58,2025-05-18 07:45:58,android_app,tablet,Safari,US,WV,klarna,Loyalty,Grocery,1,894.52,0.177,158.33,two_day,9.65,0.0568,41.82,787.66,0.78,2,True,False,False
ORD100586,C49062,2025-01-20 09:18:01,2025-01-25 09:18:01,web,tablet,Chrome,US,SC,apple_pay,SpringSale,Apparel,2,189.97,0.207,39.32,standard,9.46,0.0561,8.45,168.56,0.87,5,True,True,False
ORD100587,C53388,2024-03-27 17:13:47,2024-03-31 17:13:47,marketplace,desktop,Safari,US,CO,paypal,None,Automotive,3,432.86,0.202,87.44,standard,5.15,0.0737,25.46,376.03,0.82,4,True,True,True
ORD100588,C31553,2024-10-31 09:07:59,2024-11-05 09:07:59,android_app,mobile,Firefox,US,WY,google_pay,SpringSale,Beauty,3,1947.18,0.0,0.0,standard,6.27,0.0542,105.54,2058.99,0.26,5,True,True,False
ORD100589,C49177,2025-02-24 01:19:35,2025-02-25 01:19:35,mobile_web,desktop,Chrome,US,AR,paypal,None,Beauty,1,348.04,0.092,32.02,overnight,37.46,0.0494,15.61,369.09,0.7,1,True,True,False
ORD100590,C85017,2024-08-03 07:39:17,2024-08-08 07:39:17,android_app,mobile,Edge,US,VT,google_pay,None,Pets,2,73.18,0.064,4.68,standard,8.26,0.09,6.16,82.92,0.68,5,True,True,False
ORD100591,C31164,2024-07-26 20:30:36,2024-07-28 20:30:36,ios_app,tablet,Safari,US,IN,card,Loyalty,Apparel,1,65.08,0.226,14.71,two_day,15.68,0.0567,2.86,68.91,0.1,2,True,True,False
ORD100592,C88254,2025-06-15 17:40:51,2025-06-22 17:40:51,marketplace,mobile,Firefox,UK,NH,card,SpringSale,Apparel,2,127.94,0.296,37.87,standard,5.91,0.0,0.0,95.98,0.25,7,False,True,False
ORD100593,C54700,2024-12-13 05:09:28,2024-12-17 05:09:28,mobile_web,mobile,Opera,US,TX,card,SpringSale,Electronics,1,348.94,0.19,66.3,standard,4.42,0.0923,26.09,313.15,0.25,4,True,True,True
ORD100594,C46397,2025-04-08 16:08:56,2025-04-09 16:08:56,marketplace,tablet,Firefox,US,AZ,klarna,SpringSale,Electronics,1,40.41,0.247,9.98,overnight,36.51,0.0517,1.57,68.51,2.88,1,True,True,False
ORD100595,C66329,2024-01-30 09:58:46,2024-02-02 09:58:46,marketplace,desktop,Safari,US,AZ,apple_pay,BackToSchool,Pets,3,498.6,0.042,20.94,standard,5.47,0.0517,24.7,507.83,1.44,3,True,True,False
ORD100596,C80345,2024-11-17 11:53:45,2024-11-22 11:53:45,marketplace,tablet,Opera,UK,NM,google_pay,NewArrivals,Automotive,3,461.13,0.061,28.13,standard,9.57,0.0,0.0,442.57,1.16,5,True,True,False
ORD100597,C59284,2024-06-04 16:35:12,2024-06-06 16:35:12,ios_app,desktop,Opera,US,ND,google_pay,Loyalty,Electronics,1,35.34,0.071,2.51,two_day,17.81,0.0419,1.38,52.02,0.55,2,True,True,False
ORD100598,C86019,2025-05-25 09:45:25,2025-05-30 09:45:25,ios_app,desktop,Safari,US,NE,paypal,Holiday,Home,2,814.71,0.039,31.77,standard,7.11,0.0845,66.16,856.21,0.65,5,True,True,False
ORD100599,C98340,2024-03-30 22:12:10,2024-04-02 22:12:10,ios_app,desktop,Firefox,US,AK,apple_pay,Holiday,Books,1,1060.65,0.197,208.95,standard,3.14,0.0,0.0,854.84,0.99,3,True,True,False
ORD100600,C76973,2024-04-03 12:56:56,2024-04-05 12:56:56,android_app,desktop,Firefox,US,SD,google_pay,Loyalty,Apparel,1,43.24,0.056,2.42,two_day,14.48,0.0672,2.74,58.04,0.85,2,True,True,False
ORD100601,C20248,2024-07-05 05:49:22,2024-07-08 05:49:22,web,tablet,Firefox,US,TN,card,Loyalty,Pets,2,645.25,0.095,61.3,standard,8.21,0.0864,50.45,642.61,0.42,3,True,True,False
ORD100602,C91144,2024-12-17 23:02:22,2024-12-19 23:02:22,mobile_web,tablet,Opera,US,SC,paypal,SpringSale,Apparel,1,55.22,0.152,8.39,two_day,17.58,0.0561,2.63,67.04,0.43,2,True,True,False
ORD100603,C65810,2024-09-18 20:11:51,2024-09-24 20:11:51,android_app,desktop,Chrome,US,DC,paypal,Loyalty,Toys,2,174.7,0.122,21.31,standard,5.61,0.0764,11.72,170.72,0.8,6,False,True,False
ORD100604,C12002,2024-04-17 03:26:39,2024-04-23 03:26:39,android_app,tablet,Edge,FR,WV,google_pay,Loyalty,Toys,1,674.28,0.193,130.14,standard,6.47,0.0,0.0,550.61,1.99,6,False,True,False
ORD100605,C57511,2024-03-16 08:33:44,2024-03-22 08:33:44,android_app,mobile,Opera,US,MI,card,NewArrivals,Grocery,1,98.55,0.14,13.8,standard,5.29,0.0789,6.69,96.73,1.93,6,False,True,False
ORD100606,C54656,2024-03-01 12:45:07,2024-03-08 12:45:07,ios_app,mobile,Edge,CA,WY,apple_pay,Loyalty,Books,1,562.34,0.026,14.62,standard,5.0,0.0,0.0,552.72,0.3,7,False,True,False
ORD100607,C25904,2024-10-30 07:31:50,2024-11-04 07:31:50,marketplace,desktop,Safari,US,ND,paypal,SpringSale,Books,1,78.73,0.072,5.67,standard,4.0,0.0419,3.06,80.12,0.1,5,True,True,False
ORD100608,C35649,2025-03-05 21:49:42,2025-03-07 21:49:42,android_app,tablet,Opera,US,NM,klarna,Clearance,Toys,3,448.04,0.053,23.75,two_day,11.03,0.0931,39.5,474.82,1.47,2,True,True,False
ORD100609,C83513,2024-01-24 04:31:49,2024-01-29 04:31:49,android_app,desktop,Opera,US,WY,klarna,SpringSale,Sports,1,76.21,0.1,7.62,standard,9.86,0.0542,3.72,82.17,1.75,5,True,True,False
ORD100610,C39076,2024-10-02 09:29:15,2024-10-07 09:29:15,ios_app,mobile,Safari,US,TX,google_pay,Holiday,Toys,2,672.38,0.0,0.0,standard,9.86,0.0923,62.06,744.3,0.27,5,True,True,False
ORD100611,C84798,2025-05-24 05:36:29,2025-05-31 05:36:29,web,tablet,Chrome,US,NV,klarna,Loyalty,Beauty,1,43.06,0.152,6.55,standard,6.31,0.0734,2.68,45.5,0.1,7,False,True,False
ORD100612,C56125,2024-03-28 09:48:08,2024-04-04 09:48:08,web,desktop,Chrome,US,SD,card,Clearance,Toys,2,791.76,0.159,125.89,standard,5.92,0.0672,44.75,716.54,0.97,7,False,True,False
ORD100613,C95222,2024-01-12 01:53:37,2024-01-17 01:53:37,ios_app,tablet,Firefox,US,NY,apple_pay,Clearance,Beauty,5,1365.22,0.107,146.08,standard,6.87,0.0729,88.88,1314.89,0.72,5,True,True,False
ORD100614,C56475,2024-06-17 18:49:30,2024-06-24 18:49:30,marketplace,desktop,Safari,US,TN,klarna,NewArrivals,Apparel,4,552.65,0.033,18.24,standard,5.37,0.0864,46.17,585.95,4.41,7,False,True,False
ORD100615,C12512,2024-01-11 00:56:54,2024-01-18 00:56:54,ios_app,tablet,Edge,US,VT,google_pay,Holiday,Electronics,3,1868.19,0.093,173.74,standard,6.35,0.09,152.5,1853.3,0.1,7,False,True,False
ORD100616,C84453,2024-12-18 01:01:28,2024-12-22 01:01:28,android_app,tablet,Firefox,US,NE,apple_pay,Holiday,Toys,1,287.18,0.042,12.06,standard,5.93,0.0845,23.25,304.3,1.13,4,True,True,False
ORD100617,C70089,2024-07-04 16:27:07,2024-07-09 16:27:07,web,mobile,Firefox,US,NM,google_pay,SpringSale,Toys,1,115.72,0.175,20.25,standard,7.52,0.0931,8.89,111.88,0.57,5,True,True,False
ORD100618,C65427,2025-05-23 12:39:29,2025-05-29 12:39:29,ios_app,tablet,Opera,US,MT,paypal,BackToSchool,Toys,2,111.52,0.137,15.28,standard,3.86,0.0,0.0,100.1,0.49,6,False,False,False
ORD100619,C38528,2025-01-15 23:48:40,2025-01-18 23:48:40,ios_app,mobile,Edge,CA,IN,apple_pay,Loyalty,Apparel,4,393.98,0.097,38.22,standard,5.82,0.0,0.0,361.58,0.92,3,True,True,False
ORD100620,C15988,2025-04-08 13:20:39,2025-04-14 13:20:39,android_app,tablet,Chrome,US,DC,paypal,Loyalty,Sports,1,763.36,0.195,148.86,standard,3.58,0.0764,46.95,665.03,0.52,6,False,True,False
ORD100621,C78718,2025-05-26 03:38:19,2025-05-28 03:38:19,marketplace,mobile,Chrome,US,PA,paypal,Clearance,Beauty,2,861.24,0.069,59.43,two_day,11.76,0.0486,38.97,852.54,0.85,2,True,True,True
ORD100622,C93324,2024-07-15 01:23:34,2024-07-18 01:23:34,web,tablet,Edge,US,SC,apple_pay,BackToSchool,Sports,1,89.4,0.087,7.78,standard,9.88,0.0561,4.58,96.08,0.33,3,True,True,False
ORD100623,C87972,2024-12-28 03:24:56,2025-01-02 03:24:56,web,tablet,Edge,FR,CA,paypal,Holiday,Sports,1,10.8,0.068,0.73,standard,9.9,0.0,0.0,19.97,0.44,5,True,True,False
ORD100624,C76224,2024-09-30 08:38:45,2024-10-06 08:38:45,android_app,mobile,Edge,US,VA,paypal,Clearance,Apparel,1,181.32,0.12,21.76,standard,9.1,0.0933,14.89,183.55,0.35,6,False,True,True
ORD100625,C65833,2025-01-13 16:03:44,2025-01-16 16:03:44,ios_app,desktop,Chrome,US,UT,klarna,BackToSchool,Apparel,1,38.66,0.168,6.49,standard,4.72,0.0726,2.34,39.23,0.31,3,True,True,False
ORD100626,C49893,2025-01-06 00:09:24,2025-01-10 00:09:24,mobile_web,mobile,Edge,DE,UT,klarna,Holiday,Books,3,755.88,0.047,35.53,standard,4.72,0.0,0.0,725.07,0.88,4,True,True,False
ORD100627,C21004,2024-11-15 19:38:18,2024-11-17 19:38:18,mobile_web,desktop,Opera,US,NC,google_pay,Clearance,Automotive,2,1036.73,0.188,194.91,two_day,18.29,0.0731,61.54,921.65,1.66,2,True,True,False
ORD100628,C30750,2024-04-17 09:02:55,2024-04-19 09:02:55,web,mobile,Edge,US,MA,paypal,BackToSchool,Home,1,605.52,0.145,87.8,two_day,14.29,0.05,25.89,557.9,1.19,2,True,True,False
ORD100629,C37729,2024-05-28 12:57:59,2024-05-31 12:57:59,ios_app,tablet,Safari,US,FL,paypal,Holiday,Toys,1,36.76,0.2,7.35,standard,9.91,0.0803,2.36,41.68,0.25,3,True,True,True
ORD100630,C92526,2024-05-05 07:26:16,2024-05-10 07:26:16,mobile_web,tablet,Safari,US,FL,apple_pay,Loyalty,Sports,1,35.83,0.273,9.78,standard,6.43,0.0803,2.09,34.57,1.44,5,True,True,False
ORD100631,C25552,2024-04-18 02:46:17,2024-04-21 02:46:17,android_app,tablet,Opera,US,DE,google_pay,Clearance,Home,4,609.4,0.062,37.78,standard,6.67,0.0,0.0,578.29,0.1,3,True,True,False
ORD100632,C12766,2025-01-31 22:03:30,2025-02-05 22:03:30,mobile_web,tablet,Opera,US,NJ,apple_pay,SpringSale,Automotive,2,1547.91,0.179,277.08,standard,3.34,0.0411,52.23,1326.4,0.49,5,True,True,False
ORD100633,C22741,2024-05-27 04:00:33,2024-05-29 04:00:33,web,desktop,Firefox,US,NM,google_pay,Loyalty,Sports,2,115.89,0.162,18.77,two_day,12.98,0.0931,9.04,119.14,0.17,2,True,True,False
ORD100634,C74713,2025-01-12 10:49:10,2025-01-14 10:49:10,web,tablet,Safari,US,AL,google_pay,BackToSchool,Pets,2,339.96,0.1,34.0,two_day,10.74,0.0928,28.39,345.09,0.31,2,True,True,False
ORD100635,C93552,2024-04-10 08:05:20,2024-04-14 08:05:20,android_app,desktop,Safari,US,ND,card,Holiday,Pets,3,248.02,0.004,0.99,standard,8.85,0.0419,10.35,266.23,0.68,4,True,True,False
ORD100636,C52625,2025-05-22 15:21:37,2025-05-24 15:21:37,ios_app,desktop,Safari,US,MA,card,NewArrivals,Grocery,2,112.79,0.222,25.04,two_day,13.9,0.05,4.39,106.04,0.88,2,True,True,False
ORD100637,C88682,2025-01-10 19:33:41,2025-01-13 19:33:41,web,desktop,Chrome,US,IA,google_pay,Holiday,Home,2,508.35,0.289,146.91,standard,9.69,0.0426,15.4,386.53,1.83,3,True,True,False
ORD100638,C74586,2024-03-23 21:18:13,2024-03-27 21:18:13,marketplace,desktop,Chrome,US,KY,google_pay,Loyalty,Toys,1,182.48,0.168,30.66,standard,4.4,0.0832,12.63,168.85,1.1,4,True,True,False
ORD100639,C74046,2024-12-28 12:53:44,2025-01-03 12:53:44,marketplace,desktop,Firefox,UK,VA,apple_pay,BackToSchool,Automotive,2,98.65,0.086,8.48,standard,8.28,0.0,0.0,98.45,0.27,6,False,True,False
ORD100640,C90865,2024-04-07 06:01:30,2024-04-09 06:01:30,android_app,mobile,Firefox,US,FL,apple_pay,None,Beauty,4,331.74,0.316,104.83,two_day,8.8,0.0803,18.22,253.93,0.74,2,True,True,False
ORD100641,C19967,2024-04-18 04:11:46,2024-04-20 04:11:46,marketplace,mobile,Opera,DE,WY,klarna,Holiday,Pets,1,14.36,0.145,2.08,two_day,14.33,0.0,0.0,26.61,0.16,2,True,True,False
ORD100642,C67223,2024-01-05 08:20:31,2024-01-07 08:20:31,android_app,mobile,Firefox,US,MA,google_pay,BackToSchool,Home,2,924.6,0.042,38.83,two_day,12.51,0.05,44.29,942.57,1.59,2,True,True,False
ORD100643,C99729,2025-04-19 02:03:57,2025-04-21 02:03:57,ios_app,tablet,Safari,US,DC,card,Holiday,Apparel,1,618.88,0.213,131.82,two_day,8.84,0.0764,37.21,533.11,0.22,2,True,True,False
ORD100644,C26306,2025-06-17 21:14:33,2025-06-22 21:14:33,android_app,desktop,Firefox,UK,VA,card,Holiday,Sports,1,780.68,0.155,121.01,standard,5.43,0.0,0.0,665.1,0.68,5,True,True,False
ORD100645,C62788,2024-06-08 18:44:43,2024-06-12 18:44:43,mobile_web,mobile,Chrome,US,NJ,card,None,Home,1,1539.56,0.202,310.99,standard,4.4,0.0411,50.49,1283.46,0.1,4,True,True,False
ORD100646,C73887,2025-04-14 07:45:14,2025-04-16 07:45:14,mobile_web,desktop,Safari,US,AK,paypal,None,Automotive,1,65.68,0.018,1.18,two_day,11.11,0.0,0.0,75.61,1.46,2,True,True,False
ORD100647,C98161,2025-06-04 00:21:42,2025-06-08 00:21:42,web,desktop,Opera,US,DC,paypal,SpringSale,Sports,2,183.26,0.109,19.98,standard,4.56,0.0764,12.47,180.31,0.26,4,True,True,False
ORD100648,C78446,2024-08-21 00:50:26,2024-08-22 00:50:26,mobile_web,desktop,Firefox,US,FL,google_pay,Clearance,Grocery,1,70.3,0.212,14.9,overnight,23.27,0.0803,4.45,83.12,0.13,1,True,True,False
ORD100649,C60978,2025-05-19 03:06:27,2025-05-22 03:06:27,mobile_web,tablet,Edge,US,OK,paypal,SpringSale,Grocery,2,43.68,0.163,7.12,standard,3.68,0.087,3.18,43.42,2.67,3,True,True,False
ORD100650,C78773,2024-08-08 03:13:59,2024-08-10 03:13:59,web,desktop,Safari,US,OR,google_pay,Holiday,Electronics,1,291.65,0.0,0.0,two_day,18.18,0.0,0.0,309.83,0.46,2,True,True,True
ORD100651,C39404,2025-04-24 09:06:01,2025-04-28 09:06:01,marketplace,mobile,Edge,US,MN,apple_pay,BackToSchool,Electronics,3,101.47,0.083,8.42,standard,3.23,0.0477,4.44,100.72,1.17,4,True,True,False
ORD100652,C35594,2025-01-07 06:46:43,2025-01-13 06:46:43,android_app,desktop,Edge,US,KS,klarna,Holiday,Sports,3,536.9,0.133,71.41,standard,4.62,0.0922,42.92,513.03,0.28,6,False,True,False
ORD100653,C95406,2024-08-16 01:52:27,2024-08-19 01:52:27,ios_app,mobile,Safari,US,UT,google_pay,SpringSale,Books,1,207.47,0.135,28.01,standard,6.81,0.0726,13.03,199.3,0.23,3,True,True,False
ORD100654,C75971,2025-01-08 21:45:09,2025-01-11 21:45:09,android_app,tablet,Opera,US,NJ,card,BackToSchool,Sports,4,1667.7,0.157,261.83,standard,7.88,0.0411,57.78,1471.53,0.24,3,True,True,False
ORD100655,C18861,2024-04-23 23:37:01,2024-04-25 23:37:01,ios_app,tablet,Opera,US,MI,apple_pay,Holiday,Grocery,1,113.2,0.209,23.66,two_day,12.48,0.0789,7.06,109.08,0.46,2,True,True,False
ORD100656,C33950,2024-06-26 09:01:57,2024-06-28 09:01:57,mobile_web,desktop,Firefox,US,NJ,apple_pay,Holiday,Sports,1,30.7,0.114,3.5,two_day,9.95,0.0411,1.12,38.27,0.55,2,True,True,False
ORD100657,C34740,2024-06-07 03:07:44,2024-06-09 03:07:44,web,tablet,Firefox,US,CA,apple_pay,SpringSale,Beauty,1,85.2,0.151,12.87,two_day,10.04,0.0931,6.73,89.1,0.58,2,True,True,False
ORD100658,C75729,2024-12-26 12:54:02,2024-12-31 12:54:02,web,tablet,Firefox,US,RI,klarna,BackToSchool,Grocery,2,76.22,0.11,8.38,standard,6.16,0.0467,3.17,77.17,0.1,5,True,True,False
ORD100659,C87492,2025-01-04 05:41:22,2025-01-09 05:41:22,web,tablet,Edge,US,NJ,google_pay,Loyalty,Apparel,3,148.85,0.159,23.67,standard,5.66,0.0411,5.14,135.98,0.31,5,True,True,False
ORD100660,C36165,2025-01-25 11:07:25,2025-01-29 11:07:25,mobile_web,mobile,Safari,CA,HI,paypal,None,Sports,2,153.12,0.186,28.48,standard,5.77,0.0,0.0,130.41,0.89,4,True,False,False
ORD100661,C80656,2024-11-22 03:04:29,2024-11-27 03:04:29,marketplace,mobile,Opera,UK,OH,apple_pay,Clearance,Sports,1,132.6,0.109,14.45,standard,4.89,0.0,0.0,123.04,0.92,5,True,True,True
ORD100662,C82126,2024-10-23 07:40:20,2024-10-27 07:40:20,ios_app,mobile,Opera,US,SD,card,NewArrivals,Sports,2,365.0,0.065,23.72,standard,8.64,0.0672,22.93,372.85,0.71,4,True,True,False
ORD100663,C99897,2025-02-18 17:15:45,2025-02-21 17:15:45,android_app,mobile,Chrome,US,NE,apple_pay,SpringSale,Grocery,3,105.93,0.077,8.16,standard,5.33,0.0845,8.26,111.36,0.61,3,True,True,False
ORD100664,C17344,2024-08-16 08:25:37,2024-08-19 08:25:37,mobile_web,tablet,Safari,US,WI,apple_pay,Loyalty,Pets,1,17.73,0.097,1.72,standard,3.54,0.056,0.9,20.45,1.77,3,True,True,False
ORD100665,C83563,2024-01-01 04:31:31,2024-01-04 04:31:31,mobile_web,desktop,Opera,US,VA,google_pay,SpringSale,Home,4,782.58,0.088,68.87,standard,4.1,0.0933,66.59,784.4,0.54,3,True,True,False
ORD100666,C40036,2025-03-05 12:52:40,2025-03-08 12:52:40,ios_app,desktop,Opera,US,SD,card,SpringSale,Beauty,2,964.15,0.086,82.92,standard,7.13,0.0672,59.22,947.58,0.28,3,True,True,False
ORD100667,C77797,2025-02-04 15:13:37,2025-02-11 15:13:37,web,desktop,Chrome,US,TX,google_pay,SpringSale,Books,4,302.8,0.06,18.17,standard,6.82,0.0923,26.27,317.72,0.78,7,False,False,False
ORD100668,C36968,2025-04-26 12:50:57,2025-05-01 12:50:57,mobile_web,tablet,Edge,US,MO,paypal,BackToSchool,Apparel,4,1290.44,0.049,63.23,standard,7.73,0.0689,84.55,1319.49,0.53,5,True,True,False
ORD100669,C85018,2025-04-29 21:48:04,2025-05-04 21:48:04,web,mobile,Opera,US,DC,apple_pay,NewArrivals,Books,2,1059.57,0.028,29.67,standard,3.4,0.0764,78.68,1111.98,0.1,5,True,True,False
ORD100670,C74399,2025-02-27 12:31:57,2025-03-05 12:31:57,ios_app,desktop,Opera,US,OH,card,Loyalty,Automotive,1,415.32,0.082,34.06,standard,7.61,0.0432,16.47,405.34,0.1,6,False,True,True
ORD100671,C68936,2024-04-03 06:53:20,2024-04-08 06:53:20,web,tablet,Chrome,US,WA,card,Holiday,Electronics,2,394.37,0.208,82.03,standard,7.9,0.0858,26.8,347.04,2.12,5,True,True,False
ORD100672,C58604,2025-03-10 10:35:11,2025-03-15 10:35:11,android_app,mobile,Safari,US,TN,paypal,Holiday,Apparel,1,20.43,0.086,1.76,standard,8.06,0.0864,1.61,28.34,0.11,5,True,True,False
ORD100673,C92341,2025-05-08 14:28:19,2025-05-15 14:28:19,web,desktop,Safari,AU,KS,card,SpringSale,Beauty,3,662.76,0.191,126.59,standard,5.46,0.0,0.0,541.63,1.51,7,False,False,False
ORD100674,C93184,2025-06-21 13:31:19,2025-06-23 13:31:19,mobile_web,desktop,Edge,US,KY,paypal,None,Toys,2,457.74,0.16,73.24,two_day,18.38,0.0832,31.99,434.87,0.54,2,True,True,False
ORD100675,C87080,2024-10-08 09:41:50,2024-10-13 09:41:50,android_app,mobile,Safari,US,OK,klarna,NewArrivals,Grocery,2,233.06,0.084,19.58,standard,7.96,0.087,18.57,240.01,0.59,5,True,True,False
ORD100676,C31169,2024-10-06 12:18:37,2024-10-08 12:18:37,android_app,desktop,Edge,AU,IN,google_pay,NewArrivals,Sports,2,160.1,0.047,7.52,two_day,11.74,0.0,0.0,164.32,0.1,2,True,True,False
ORD100677,C15156,2024-01-31 18:48:40,2024-02-05 18:48:40,web,tablet,Safari,US,CO,klarna,NewArrivals,Electronics,1,2505.24,0.154,385.81,standard,4.22,0.0737,156.2,2279.85,0.18,5,True,True,False
ORD100678,C45687,2024-06-16 05:10:13,2024-06-20 05:10:13,mobile_web,tablet,Safari,US,DE,apple_pay,None,Toys,1,55.86,0.202,11.28,standard,9.36,0.0,0.0,53.94,1.18,4,True,False,False
ORD100679,C80124,2024-05-21 09:49:36,2024-05-26 09:49:36,ios_app,desktop,Edge,US,UT,google_pay,Holiday,Home,2,547.89,0.17,93.14,standard,4.42,0.0726,33.01,492.18,0.57,5,True,True,False
ORD100680,C98348,2025-04-21 08:35:29,2025-04-28 08:35:29,android_app,desktop,Chrome,UK,FL,card,BackToSchool,Automotive,2,128.37,0.158,20.28,standard,3.43,0.0,0.0,111.52,0.1,7,False,True,False
ORD100681,C80908,2024-09-03 05:03:02,2024-09-04 05:03:02,android_app,mobile,Firefox,US,LA,apple_pay,BackToSchool,Pets,1,258.8,0.097,25.1,overnight,17.98,0.096,22.44,274.12,0.12,1,True,True,False
ORD100682,C95256,2025-06-04 12:00:27,2025-06-08 12:00:27,web,tablet,Safari,US,MA,klarna,None,Beauty,3,473.84,0.196,92.87,standard,5.98,0.05,19.05,406.0,0.51,4,True,False,True
ORD100683,C18738,2025-04-03 20:46:16,2025-04-07 20:46:16,mobile_web,tablet,Chrome,US,IA,klarna,SpringSale,Books,2,202.79,0.053,10.75,standard,7.33,0.0426,8.18,207.55,0.6,4,True,True,False
ORD100684,C26090,2025-04-29 23:15:12,2025-05-05 23:15:12,android_app,desktop,Chrome,US,AR,card,Holiday,Beauty,4,938.61,0.226,212.13,standard,6.23,0.0494,35.89,768.6,0.11,6,False,True,True
ORD100685,C64501,2024-01-31 15:49:46,2024-02-04 15:49:46,web,tablet,Firefox,US,AR,apple_pay,Holiday,Beauty,2,1134.12,0.11,124.75,standard,9.77,0.0494,49.86,1069.0,0.31,4,True,True,False
ORD100686,C47962,2024-11-13 12:10:21,2024-11-18 12:10:21,web,desktop,Safari,US,AK,card,BackToSchool,Pets,2,378.97,0.233,88.3,standard,4.77,0.0,0.0,295.44,1.16,5,True,False,False
ORD100687,C79741,2024-10-25 03:21:29,2024-10-31 03:21:29,marketplace,mobile,Safari,US,UT,apple_pay,Loyalty,Beauty,1,678.18,0.194,131.57,standard,3.92,0.0726,39.68,590.21,0.77,6,False,True,False
ORD100688,C86169,2024-07-25 03:26:02,2024-07-29 03:26:02,marketplace,mobile,Opera,DE,WY,apple_pay,Loyalty,Electronics,3,1196.32,0.033,39.48,standard,5.61,0.0,0.0,1162.45,0.1,4,True,False,False
ORD100689,C67987,2024-01-09 03:49:50,2024-01-10 03:49:50,marketplace,desktop,Firefox,US,AR,card,Holiday,Books,2,90.16,0.088,7.93,overnight,16.16,0.0494,4.06,102.45,0.51,1,True,True,True
ORD100690,C53461,2024-09-27 13:05:09,2024-09-29 13:05:09,marketplace,desktop,Edge,AU,HI,paypal,None,Grocery,1,229.55,0.0,0.0,two_day,14.06,0.0,0.0,243.61,0.32,2,True,True,False
ORD100691,C40311,2024-01-09 01:49:17,2024-01-11 01:49:17,android_app,desktop,Opera,US,TX,klarna,SpringSale,Pets,2,178.93,0.027,4.83,two_day,8.16,0.0923,16.07,198.33,0.27,2,True,True,False
ORD100692,C64445,2025-03-13 23:24:22,2025-03-15 23:24:22,android_app,desktop,Edge,US,MO,klarna,BackToSchool,Books,1,40.29,0.166,6.69,two_day,16.78,0.0689,2.32,52.7,0.1,2,True,True,False
ORD100693,C98576,2024-07-16 20:54:38,2024-07-19 20:54:38,android_app,tablet,Opera,US,CA,google_pay,NewArrivals,Electronics,2,558.09,0.169,94.32,standard,5.48,0.0931,43.18,512.43,0.15,3,True,True,False
ORD100694,C23264,2024-08-30 14:34:28,2024-09-04 14:34:28,web,tablet,Opera,US,NM,card,BackToSchool,Grocery,1,884.49,0.126,111.45,standard,8.14,0.0931,71.97,853.15,1.04,5,True,True,False
ORD100695,C79269,2024-11-29 14:18:05,2024-12-04 14:18:05,android_app,desktop,Edge,US,FL,klarna,Holiday,Pets,1,341.0,0.039,13.3,standard,3.45,0.0803,26.31,357.46,0.16,5,True,True,False
ORD100696,C33434,2025-05-25 22:47:22,2025-05-30 22:47:22,android_app,desktop,Firefox,US,MN,klarna,Clearance,Electronics,1,43.04,0.108,4.65,standard,6.59,0.0477,1.83,46.81,1.04,5,True,True,True
ORD100697,C43314,2024-04-28 05:42:42,2024-05-04 05:42:42,marketplace,mobile,Firefox,US,MI,paypal,None,Home,1,302.46,0.107,32.36,standard,3.93,0.0789,21.31,295.34,0.29,6,False,True,False
ORD100698,C64470,2024-12-21 21:10:50,2024-12-26 21:10:50,ios_app,tablet,Safari,US,MS,klarna,SpringSale,Apparel,2,745.24,0.097,72.29,standard,7.85,0.0436,29.34,710.14,1.06,5,True,True,False
ORD100699,C19515,2024-12-19 16:52:49,2024-12-24 16:52:49,web,tablet,Chrome,US,VA,apple_pay,Loyalty,Grocery,1,62.56,0.087,5.44,standard,9.52,0.0933,5.33,71.97,0.1,5,True,True,False
ORD100700,C47269,2024-02-11 20:28:18,2024-02-15 20:28:18,marketplace,mobile,Firefox,US,MD,google_pay,SpringSale,Pets,1,54.12,0.05,2.71,standard,8.88,0.0638,3.28,63.57,0.73,4,True,True,False
ORD100701,C10424,2025-03-21 05:32:50,2025-03-22 05:32:50,web,tablet,Firefox,US,KY,klarna,SpringSale,Beauty,1,857.22,0.043,36.86,overnight,15.33,0.0832,68.25,903.94,0.93,1,True,True,True
ORD100702,C12843,2025-03-07 03:54:23,2025-03-10 03:54:23,android_app,mobile,Safari,US,MD,google_pay,Clearance,Electronics,2,631.68,0.17,107.39,standard,7.96,0.0638,33.45,565.7,2.3,3,True,True,True
ORD100703,C84891,2024-03-19 02:18:22,2024-03-21 02:18:22,mobile_web,desktop,Chrome,US,MD,klarna,None,Apparel,1,45.57,0.096,4.37,two_day,13.58,0.0638,2.63,57.41,1.3,2,True,True,False
ORD100704,C31803,2025-04-06 16:17:51,2025-04-08 16:17:51,marketplace,desktop,Edge,FR,NJ,klarna,SpringSale,Toys,2,221.0,0.061,13.48,two_day,12.49,0.0,0.0,220.01,1.16,2,True,True,True
ORD100705,C89944,2025-03-26 03:31:20,2025-04-01 03:31:20,android_app,mobile,Chrome,US,WV,apple_pay,BackToSchool,Beauty,2,726.9,0.152,110.49,standard,9.18,0.0568,35.01,660.6,0.11,6,False,True,False
ORD100706,C34502,2024-05-06 05:29:40,2024-05-07 05:29:40,android_app,tablet,Firefox,US,AZ,klarna,NewArrivals,Grocery,3,1077.67,0.177,190.75,overnight,26.5,0.0517,45.85,959.27,0.63,1,True,True,False
ORD100707,C97657,2024-06-16 13:07:03,2024-06-19 13:07:03,ios_app,desktop,Edge,US,ME,google_pay,Loyalty,Books,1,146.4,0.162,23.72,standard,4.9,0.0642,7.88,135.46,1.95,3,True,True,True
ORD100708,C79529,2024-12-12 02:29:58,2024-12-18 02:29:58,ios_app,desktop,Chrome,US,UT,apple_pay,SpringSale,Apparel,4,1496.28,0.195,291.77,standard,8.94,0.0726,87.45,1300.9,0.25,6,False,True,True
ORD100709,C85827,2024-10-19 15:38:15,2024-10-25 15:38:15,ios_app,tablet,Opera,US,AK,apple_pay,Holiday,Books,1,58.94,0.22,12.97,standard,3.72,0.0,0.0,49.69,0.72,6,False,True,False
ORD100710,C14758,2025-03-23 07:08:30,2025-03-28 07:08:30,marketplace,mobile,Opera,US,NJ,klarna,NewArrivals,Beauty,3,289.9,0.06,17.39,standard,6.86,0.0411,11.2,290.57,0.69,5,True,True,False
ORD100711,C72759,2024-11-21 12:44:56,2024-11-25 12:44:56,android_app,mobile,Opera,US,MO,apple_pay,BackToSchool,Electronics,3,491.04,0.203,99.68,standard,5.3,0.0689,26.96,423.62,0.6,4,True,True,False
ORD100712,C28936,2024-12-08 13:52:33,2024-12-13 13:52:33,ios_app,desktop,Firefox,US,IN,klarna,NewArrivals,Electronics,2,71.02,0.142,10.08,standard,6.25,0.0567,3.46,70.65,0.36,5,True,True,False
ORD100713,C24864,2024-01-20 07:26:56,2024-01-25 07:26:56,mobile_web,tablet,Firefox,US,OK,google_pay,Loyalty,Pets,1,391.84,0.269,105.4,standard,9.88,0.087,24.92,321.24,0.16,5,True,True,False
ORD100714,C54508,2024-07-27 02:32:30,2024-08-02 02:32:30,ios_app,mobile,Chrome,US,WA,klarna,SpringSale,Sports,1,277.32,0.2,55.46,standard,6.18,0.0858,19.04,247.08,0.23,6,False,False,False
ORD100715,C23790,2024-09-07 07:27:47,2024-09-14 07:27:47,ios_app,mobile,Opera,US,CO,paypal,SpringSale,Electronics,1,229.98,0.13,29.9,standard,6.66,0.0737,14.75,221.49,1.03,7,False,True,False
ORD100716,C52732,2025-01-07 13:27:11,2025-01-11 13:27:11,marketplace,desktop,Opera,FR,KS,card,NewArrivals,Electronics,2,1102.12,0.166,182.95,standard,7.56,0.0,0.0,926.73,0.11,4,True,False,False
ORD100717,C40785,2025-02-15 00:31:07,2025-02-17 00:31:07,mobile_web,mobile,Chrome,US,IN,paypal,None,Apparel,1,55.17,0.153,8.44,two_day,18.46,0.0567,2.65,67.84,0.69,2,True,True,False
ORD100718,C53915,2024-11-22 18:51:00,2024-11-28 18:51:00,android_app,tablet,Opera,US,RI,google_pay,None,Electronics,1,145.8,0.187,27.26,standard,6.75,0.0467,5.54,130.83,0.23,6,False,True,False
ORD100719,C38672,2025-02-22 17:53:48,2025-03-01 17:53:48,ios_app,mobile,Opera,US,MA,klarna,Holiday,Electronics,3,1188.41,0.151,179.45,standard,7.06,0.05,50.45,1066.47,0.1,7,False,True,False
ORD100720,C54254,2024-09-23 00:24:35,2024-09-25 00:24:35,mobile_web,tablet,Chrome,US,IN,google_pay,Holiday,Pets,1,403.04,0.027,10.88,two_day,18.04,0.0567,22.24,432.44,0.88,2,True,True,False
ORD100721,C84681,2024-07-22 01:40:37,2024-07-27 01:40:37,web,desktop,Edge,US,NH,google_pay,Holiday,Grocery,3,1101.37,0.209,230.19,standard,6.8,0.0,0.0,877.98,0.58,5,True,True,False
ORD100722,C18434,2024-07-17 14:54:14,2024-07-19 14:54:14,marketplace,tablet,Firefox,US,OR,paypal,Loyalty,Apparel,1,77.6,0.179,13.89,two_day,16.65,0.0,0.0,80.36,1.64,2,True,True,False
ORD100723,C53352,2024-06-11 01:54:43,2024-06-18 01:54:43,android_app,tablet,Edge,US,OK,apple_pay,Clearance,Grocery,1,23.17,0.077,1.78,standard,3.94,0.087,1.86,27.19,0.51,7,False,True,False
ORD100724,C70503,2024-01-21 23:01:30,2024-01-23 23:01:30,marketplace,desktop,Firefox,US,CO,google_pay,Holiday,Beauty,5,1282.44,0.15,192.37,two_day,15.77,0.0737,80.34,1186.18,1.32,2,True,True,False
ORD100725,C96700,2024-03-08 22:35:28,2024-03-10 22:35:28,android_app,desktop,Opera,US,ME,apple_pay,Loyalty,Electronics,1,10.85,0.155,1.68,two_day,13.03,0.0642,0.59,22.79,0.1,2,True,True,False
ORD100726,C41979,2024-11-18 03:11:51,2024-11-23 03:11:51,ios_app,desktop,Edge,US,NY,paypal,None,Beauty,1,152.2,0.06,9.13,standard,6.57,0.0729,10.43,160.07,0.49,5,True,True,False
ORD100727,C78324,2024-09-08 10:36:05,2024-09-14 10:36:05,mobile_web,desktop,Edge,CA,CT,card,NewArrivals,Electronics,1,14.22,0.093,1.32,standard,3.21,0.0,0.0,16.11,2.45,6,False,True,False
ORD100728,C86579,2025-03-14 12:49:38,2025-03-20 12:49:38,ios_app,desktop,Firefox,US,GA,paypal,Holiday,Automotive,1,69.7,0.074,5.16,standard,9.27,0.0876,5.65,79.46,1.1,6,False,True,True
ORD100729,C59649,2024-06-29 18:07:37,2024-07-03 18:07:37,android_app,tablet,Edge,US,MT,google_pay,None,Toys,1,191.28,0.149,28.5,standard,4.62,0.0,0.0,167.4,0.14,4,True,False,False
ORD100730,C45930,2024-09-10 19:41:38,2024-09-14 19:41:38,marketplace,mobile,Edge,US,KY,apple_pay,Loyalty,Apparel,2,840.76,0.132,110.98,standard,6.66,0.0832,60.72,797.16,0.64,4,True,True,False
ORD100731,C31291,2024-04-12 18:43:06,2024-04-17 18:43:06,mobile_web,tablet,Opera,DE,MO,apple_pay,Clearance,Sports,2,319.37,0.179,57.17,standard,6.19,0.0,0.0,268.39,0.56,5,True,True,False
ORD100732,C70035,2025-03-13 01:00:19,2025-03-16 01:00:19,android_app,mobile,Edge,US,MO,klarna,NewArrivals,Sports,2,1203.24,0.039,46.93,standard,7.74,0.0689,79.67,1243.72,0.87,3,True,False,False
ORD100733,C86181,2024-03-10 22:52:20,2024-03-11 22:52:20,marketplace,mobile,Safari,US,IA,google_pay,Clearance,Beauty,1,869.04,0.152,132.09,overnight,39.64,0.0426,31.39,807.98,0.38,1,True,False,True
ORD100734,C75820,2024-12-29 19:18:50,2025-01-02 19:18:50,mobile_web,desktop,Firefox,US,AK,card,None,Automotive,3,1196.58,0.188,224.96,standard,4.54,0.0,0.0,976.16,0.73,4,True,True,False
ORD100735,C70403,2024-03-07 03:55:55,2024-03-09 03:55:55,web,tablet,Chrome,US,CT,google_pay,Holiday,Toys,1,187.16,0.177,33.13,two_day,14.64,0.0683,10.52,179.19,0.8,2,True,True,False
ORD100736,C94560,2024-02-19 05:33:41,2024-02-22 05:33:41,ios_app,desktop,Edge,US,NE,apple_pay,BackToSchool,Books,1,117.48,0.104,12.22,standard,7.0,0.0845,8.89,121.15,0.29,3,True,True,False
ORD100737,C23333,2024-01-28 12:03:58,2024-01-30 12:03:58,ios_app,tablet,Firefox,US,AK,klarna,SpringSale,Electronics,2,226.37,0.103,23.32,two_day,18.75,0.0,0.0,221.8,0.63,2,True,True,False
ORD100738,C33853,2024-11-21 01:08:41,2024-11-24 01:08:41,mobile_web,mobile,Safari,UK,WV,google_pay,Holiday,Apparel,2,203.24,0.099,20.12,standard,3.94,0.0,0.0,187.06,0.4,3,True,True,True
ORD100739,C69895,2024-09-11 05:09:49,2024-09-12 05:09:49,mobile_web,tablet,Safari,US,CO,paypal,None,Beauty,3,204.66,0.211,43.18,overnight,34.71,0.0737,11.9,208.09,1.17,1,True,True,True
ORD100740,C91456,2024-06-17 21:24:15,2024-06-22 21:24:15,marketplace,desktop,Chrome,US,WY,klarna,NewArrivals,Books,2,1192.92,0.135,161.04,standard,8.73,0.0542,55.93,1096.54,0.6,5,True,True,True
ORD100741,C59803,2024-08-27 02:06:37,2024-08-29 02:06:37,web,desktop,Firefox,US,WA,card,None,Automotive,3,67.93,0.136,9.24,two_day,18.27,0.0858,5.04,82.0,1.08,2,True,True,False
ORD100742,C15922,2024-02-11 05:57:43,2024-02-12 05:57:43,ios_app,mobile,Chrome,US,AR,card,SpringSale,Automotive,1,74.88,0.09,6.74,overnight,35.07,0.0494,3.37,106.58,1.57,1,True,True,False
ORD100743,C10832,2025-04-23 09:50:58,2025-04-28 09:50:58,web,desktop,Opera,US,MT,google_pay,SpringSale,Automotive,1,275.5,0.085,23.42,standard,9.2,0.0,0.0,261.28,0.36,5,True,True,False
ORD100744,C10318,2024-02-21 21:07:39,2024-02-25 21:07:39,mobile_web,tablet,Chrome,US,NE,paypal,None,Pets,1,398.8,0.133,53.04,standard,4.68,0.0845,29.22,379.66,1.89,4,True,False,False
ORD100745,C72612,2024-09-29 10:33:05,2024-10-05 10:33:05,ios_app,tablet,Edge,US,AZ,apple_pay,Holiday,Automotive,1,462.3,0.037,17.11,standard,5.2,0.0517,23.02,473.41,0.1,6,False,True,False
ORD100746,C82353,2025-04-06 06:21:58,2025-04-11 06:21:58,android_app,desktop,Safari,US,OR,apple_pay,SpringSale,Beauty,2,284.64,0.224,63.76,standard,3.68,0.0,0.0,224.56,0.1,5,True,True,False
ORD100747,C70811,2025-04-02 19:32:23,2025-04-05 19:32:23,mobile_web,tablet,Safari,FR,NJ,paypal,None,Automotive,2,500.41,0.193,96.58,standard,7.31,0.0,0.0,411.14,1.55,3,True,True,False
ORD100748,C74366,2025-03-17 16:29:55,2025-03-23 16:29:55,marketplace,desktop,Safari,US,CT,google_pay,NewArrivals,Beauty,1,30.44,0.246,7.49,standard,6.61,0.0683,1.57,31.13,0.1,6,False,True,False
ORD100749,C14206,2024-09-17 13:30:54,2024-09-19 13:30:54,ios_app,mobile,Opera,US,VA,apple_pay,Holiday,Pets,1,145.43,0.125,18.18,two_day,16.4,0.0933,11.87,155.52,4.44,2,True,True,False
ORD100750,C94259,2024-10-19 21:17:02,2024-10-22 21:17:02,web,desktop,Safari,US,CT,paypal,BackToSchool,Automotive,1,41.99,0.056,2.35,standard,4.34,0.0683,2.71,46.69,1.78,3,True,True,False
ORD100751,C14902,2024-09-01 13:17:22,2024-09-06 13:17:22,mobile_web,mobile,Safari,US,LA,card,None,Books,1,938.84,0.283,265.69,standard,3.79,0.096,64.62,741.56,1.26,5,True,True,True
ORD100752,C12478,2024-04-16 02:07:10,2024-04-20 02:07:10,ios_app,tablet,Safari,US,MT,klarna,Holiday,Grocery,2,183.9,0.061,11.22,standard,3.02,0.0,0.0,175.7,0.1,4,True,True,False
ORD100753,C84607,2025-06-08 04:41:04,2025-06-10 04:41:04,mobile_web,mobile,Edge,AU,TN,apple_pay,Loyalty,Books,1,29.22,0.044,1.29,two_day,10.44,0.0,0.0,38.37,0.73,2,True,True,False
ORD100754,C97095,2025-04-16 00:29:09,2025-04-21 00:29:09,web,mobile,Edge,US,PA,klarna,Holiday,Apparel,2,970.55,0.102,99.0,standard,9.75,0.0486,42.36,923.66,0.13,5,True,True,False
ORD100755,C44782,2024-05-08 19:12:24,2024-05-13 19:12:24,marketplace,tablet,Chrome,US,DE,google_pay,Clearance,Pets,1,108.48,0.189,20.5,standard,7.87,0.0,0.0,95.85,1.6,5,True,True,False
ORD100756,C90067,2024-04-05 10:30:56,2024-04-08 10:30:56,web,mobile,Firefox,AU,PA,klarna,Holiday,Apparel,5,440.37,0.067,29.5,standard,6.58,0.0,0.0,417.45,0.48,3,True,True,False
ORD100757,C74994,2024-05-25 00:45:14,2024-05-29 00:45:14,web,tablet,Chrome,US,OK,klarna,Loyalty,Pets,1,133.2,0.148,19.71,standard,5.05,0.087,9.87,128.41,0.55,4,True,True,False
ORD100758,C22549,2024-04-13 07:55:49,2024-04-15 07:55:49,android_app,desktop,Chrome,US,UT,klarna,Holiday,Beauty,2,379.78,0.077,29.24,two_day,15.5,0.0726,25.45,391.49,1.12,2,True,True,False
ORD100759,C84915,2024-03-09 19:27:13,2024-03-16 19:27:13,mobile_web,mobile,Opera,US,CT,apple_pay,Holiday,Home,1,50.53,0.02,1.01,standard,7.2,0.0683,3.38,60.1,0.37,7,False,False,False
ORD100760,C64407,2024-03-26 06:46:09,2024-03-29 06:46:09,marketplace,desktop,Firefox,US,RI,card,BackToSchool,Books,1,89.08,0.076,6.77,standard,7.23,0.0467,3.84,93.38,0.53,3,True,False,False
ORD100761,C66310,2024-01-19 05:21:38,2024-01-22 05:21:38,web,desktop,Edge,US,NM,klarna,Holiday,Sports,1,17.46,0.168,2.93,standard,6.02,0.0931,1.35,21.9,0.27,3,True,True,False
ORD100762,C32247,2025-03-08 02:06:18,2025-03-12 02:06:18,web,desktop,Safari,US,DC,google_pay,BackToSchool,Apparel,3,193.24,0.188,36.33,standard,8.68,0.0764,11.99,177.58,0.31,4,True,True,True
ORD100763,C51842,2025-01-07 23:22:10,2025-01-09 23:22:10,web,desktop,Edge,US,FL,google_pay,Holiday,Apparel,2,945.28,0.062,58.61,two_day,10.33,0.0803,71.2,968.2,0.82,2,True,False,True
ORD100764,C46388,2025-01-12 02:33:43,2025-01-17 02:33:43,ios_app,tablet,Opera,US,DC,apple_pay,Holiday,Beauty,1,16.3,0.099,1.61,standard,5.38,0.0764,1.12,21.19,1.58,5,True,True,False
ORD100765,C50059,2025-06-15 00:17:16,2025-06-17 00:17:16,web,desktop,Chrome,US,DC,card,SpringSale,Toys,5,1656.7,0.193,319.74,two_day,13.99,0.0764,102.14,1453.09,0.1,2,True,True,False
ORD100766,C97189,2024-06-04 05:50:15,2024-06-09 05:50:15,mobile_web,mobile,Firefox,US,NH,google_pay,BackToSchool,Toys,2,204.06,0.24,48.97,standard,9.76,0.0,0.0,164.85,0.18,5,True,True,False
ORD100767,C84674,2024-09-28 13:31:26,2024-09-30 13:31:26,marketplace,desktop,Edge,FR,MO,klarna,Clearance,Apparel,3,308.52,0.096,29.62,two_day,11.48,0.0,0.0,290.38,0.32,2,True,True,False
ORD100768,C65131,2024-09-19 00:10:03,2024-09-24 00:10:03,ios_app,desktop,Chrome,US,ND,klarna,SpringSale,Toys,1,90.51,0.163,14.75,standard,6.21,0.0419,3.17,85.14,1.89,5,True,True,False
ORD100769,C31085,2024-12-30 10:07:47,2025-01-03 10:07:47,ios_app,mobile,Edge,US,KS,card,None,Beauty,1,518.02,0.202,104.64,standard,9.59,0.0922,38.11,461.08,2.11,4,True,True,False
ORD100770,C15877,2024-01-31 02:03:12,2024-02-02 02:03:12,marketplace,desktop,Chrome,US,NY,paypal,NewArrivals,Beauty,1,50.32,0.087,4.38,two_day,19.68,0.0729,3.35,68.97,1.39,2,True,True,False
ORD100771,C70634,2025-04-19 19:27:57,2025-04-24 19:27:57,marketplace,tablet,Opera,US,UT,card,Holiday,Apparel,1,24.58,0.033,0.81,standard,9.84,0.0726,1.73,35.34,0.1,5,True,True,False
ORD100772,C19642,2025-04-25 09:59:29,2025-04-30 09:59:29,mobile_web,tablet,Chrome,CA,WI,paypal,BackToSchool,Pets,3,509.22,0.245,124.76,standard,4.65,0.0,0.0,389.11,1.47,5,True,True,False
ORD100773,C97142,2024-08-29 14:36:34,2024-09-04 14:36:34,mobile_web,tablet,Opera,US,OR,google_pay,SpringSale,Home,2,856.52,0.147,125.91,standard,8.38,0.0,0.0,738.99,0.23,6,False,True,True
ORD100774,C75196,2024-10-01 19:57:55,2024-10-05 19:57:55,marketplace,desktop,Opera,CA,MI,apple_pay,SpringSale,Sports,1,343.73,0.084,28.87,standard,9.64,0.0,0.0,324.5,0.6,4,True,True,False
ORD100775,C66200,2024-09-24 19:19:58,2024-09-30 19:19:58,ios_app,mobile,Opera,US,CT,google_pay,Loyalty,Books,2,1948.79,0.142,276.73,standard,4.59,0.0683,114.2,1790.85,0.17,6,False,True,False
ORD100776,C47133,2024-04-15 13:34:43,2024-04-17 13:34:43,ios_app,mobile,Edge,US,OK,card,SpringSale,Books,1,34.98,0.148,5.18,two_day,13.78,0.087,2.59,46.17,3.26,2,True,True,False
ORD100777,C75681,2024-05-02 17:59:24,2024-05-06 17:59:24,web,tablet,Chrome,US,FL,apple_pay,Clearance,Pets,2,672.92,0.188,126.51,standard,8.36,0.0803,43.88,598.65,0.31,4,True,True,False
ORD100778,C45162,2024-08-01 05:41:26,2024-08-05 05:41:26,mobile_web,desktop,Chrome,US,KY,paypal,SpringSale,Automotive,3,314.05,0.066,20.73,standard,3.88,0.0832,24.4,321.6,0.3,4,True,True,False
ORD100779,C66505,2025-05-14 14:15:45,2025-05-19 14:15:45,mobile_web,tablet,Safari,US,NM,google_pay,Holiday,Beauty,1,85.74,0.044,3.77,standard,5.19,0.0931,7.63,94.79,0.6,5,True,True,False
ORD100780,C92189,2025-02-04 22:53:15,2025-02-07 22:53:15,ios_app,desktop,Edge,US,VA,klarna,Loyalty,Automotive,4,1047.94,0.184,192.82,standard,6.75,0.0933,79.78,941.65,0.51,3,True,True,True
ORD100781,C34504,2024-01-03 09:39:48,2024-01-08 09:39:48,mobile_web,mobile,Edge,US,WV,google_pay,Holiday,Home,1,28.74,0.136,3.91,standard,7.74,0.0568,1.41,33.98,0.1,5,True,True,False
ORD100782,C50727,2024-08-13 17:33:21,2024-08-14 17:33:21,ios_app,tablet,Chrome,US,MA,paypal,Loyalty,Home,2,103.62,0.051,5.28,overnight,24.61,0.05,4.92,127.87,0.1,1,True,True,True
ORD100783,C41536,2025-01-24 22:28:15,2025-01-26 22:28:15,mobile_web,desktop,Safari,US,ID,google_pay,None,Beauty,1,70.88,0.126,8.93,two_day,18.25,0.0454,2.81,83.01,1.24,2,True,True,False
ORD100784,C26198,2024-10-13 07:02:03,2024-10-18 07:02:03,web,desktop,Safari,US,MT,apple_pay,None,Apparel,2,50.1,0.0,0.0,standard,8.39,0.0,0.0,58.49,0.1,5,True,True,False
ORD100785,C96070,2024-02-26 12:50:32,2024-03-01 12:50:32,marketplace,mobile,Edge,US,AZ,google_pay,Holiday,Toys,1,53.99,0.128,6.91,standard,6.7,0.0517,2.43,56.21,0.32,4,True,True,False
ORD100786,C16458,2024-05-30 21:03:46,2024-06-05 21:03:46,mobile_web,tablet,Safari,US,UT,google_pay,Clearance,Sports,2,223.34,0.051,11.39,standard,5.53,0.0726,15.39,232.87,0.26,6,False,True,False
ORD100787,C31643,2024-09-12 13:25:48,2024-09-14 13:25:48,mobile_web,mobile,Chrome,US,IA,google_pay,None,Home,1,41.65,0.219,9.12,two_day,18.32,0.0426,1.39,52.24,0.51,2,True,True,False
ORD100788,C46329,2024-04-27 12:04:40,2024-05-01 12:04:40,android_app,mobile,Chrome,AU,OR,card,Clearance,Automotive,2,606.64,0.064,38.82,standard,5.06,0.0,0.0,572.88,2.68,4,True,True,False
ORD100789,C52042,2025-05-19 05:58:33,2025-05-24 05:58:33,android_app,tablet,Firefox,US,KY,apple_pay,Holiday,Sports,2,428.2,0.112,47.96,standard,3.36,0.0832,31.64,415.24,0.1,5,True,True,False
ORD100790,C49678,2025-05-20 19:15:01,2025-05-22 19:15:01,marketplace,desktop,Chrome,US,SD,google_pay,Loyalty,Home,3,152.61,0.24,36.63,two_day,11.45,0.0672,7.79,135.22,1.32,2,True,True,False
ORD100791,C80697,2025-06-06 15:07:48,2025-06-10 15:07:48,android_app,mobile,Firefox,US,MS,klarna,Holiday,Sports,3,281.21,0.014,3.94,standard,3.59,0.0436,12.09,292.95,0.64,4,True,True,False
ORD100792,C73902,2024-05-17 12:36:53,2024-05-19 12:36:53,marketplace,mobile,Opera,US,DE,apple_pay,Holiday,Grocery,1,79.82,0.054,4.31,two_day,14.36,0.0,0.0,89.87,0.55,2,True,True,False
ORD100793,C60627,2024-12-01 13:23:31,2024-12-03 13:23:31,marketplace,tablet,Safari,US,IL,klarna,Clearance,Books,2,1136.01,0.28,318.08,two_day,10.18,0.0486,39.75,867.86,0.3,2,True,True,False
ORD100794,C87240,2024-04-13 13:19:17,2024-04-15 13:19:17,ios_app,mobile,Opera,US,KY,card,Holiday,Automotive,2,155.48,0.117,18.19,two_day,10.5,0.0832,11.42,159.21,0.55,2,True,True,True
ORD100795,C94066,2024-01-02 12:36:17,2024-01-09 12:36:17,web,tablet,Firefox,US,ID,card,Loyalty,Apparel,1,254.72,0.188,47.89,standard,7.95,0.0454,9.39,224.17,1.18,7,False,True,False
ORD100796,C45375,2025-02-06 06:00:00,2025-02-08 06:00:00,android_app,mobile,Safari,US,IL,klarna,NewArrivals,Beauty,1,74.01,0.297,21.98,two_day,11.63,0.0486,2.53,66.19,2.38,2,True,True,False
ORD100797,C75385,2024-09-09 12:28:02,2024-09-13 12:28:02,ios_app,mobile,Opera,US,MS,klarna,Loyalty,Pets,2,1592.9,0.146,232.56,standard,7.67,0.0436,59.31,1427.32,0.37,4,True,True,False
ORD100798,C57543,2025-05-02 16:58:46,2025-05-08 16:58:46,android_app,desktop,Safari,US,WY,google_pay,SpringSale,Electronics,1,151.36,0.077,11.65,standard,5.1,0.0542,7.57,152.38,0.82,6,False,True,False
ORD100799,C96462,2024-03-09 23:40:45,2024-03-13 23:40:45,ios_app,mobile,Edge,US,NV,google_pay,None,Electronics,1,58.46,0.224,13.1,standard,9.63,0.0734,3.33,58.32,0.1,4,True,True,False
ORD100800,C66525,2024-06-17 12:19:36,2024-06-21 12:19:36,ios_app,tablet,Opera,US,VA,klarna,SpringSale,Grocery,2,117.65,0.075,8.82,standard,5.11,0.0933,10.15,124.09,0.77,4,True,False,False
ORD100801,C85618,2024-06-18 09:00:37,2024-06-20 09:00:37,web,tablet,Opera,US,TN,apple_pay,Clearance,Grocery,3,1746.51,0.0,0.0,two_day,11.8,0.0864,150.9,1909.21,0.28,2,True,True,True
ORD100802,C30096,2024-08-13 15:05:09,2024-08-14 15:05:09,android_app,tablet,Firefox,US,SD,card,SpringSale,Automotive,2,110.05,0.184,20.25,overnight,20.98,0.0672,6.03,116.81,0.65,1,True,True,False
ORD100803,C44799,2025-05-29 00:05:42,2025-06-02 00:05:42,android_app,tablet,Safari,US,NV,google_pay,BackToSchool,Sports,1,76.3,0.23,17.55,standard,7.49,0.0734,4.31,70.55,0.36,4,True,True,True
ORD100804,C44757,2024-03-27 00:04:32,2024-04-02 00:04:32,web,desktop,Firefox,AU,IL,google_pay,None,Toys,2,116.37,0.076,8.84,standard,7.95,0.0,0.0,115.48,0.6,6,False,False,False
ORD100805,C27705,2024-08-08 15:08:39,2024-08-14 15:08:39,ios_app,desktop,Safari,US,LA,klarna,Clearance,Toys,5,2288.47,0.185,423.37,standard,4.81,0.096,179.05,2048.96,1.27,6,False,True,True
ORD100806,C55262,2025-05-18 09:25:08,2025-05-23 09:25:08,android_app,tablet,Firefox,US,AL,card,SpringSale,Home,1,243.44,0.158,38.46,standard,6.16,0.0928,19.02,230.16,0.58,5,True,True,False
ORD100807,C67965,2025-06-02 13:33:19,2025-06-05 13:33:19,marketplace,tablet,Opera,US,NH,google_pay,SpringSale,Grocery,1,138.0,0.138,19.04,standard,5.37,0.0,0.0,124.33,1.1,3,True,True,False
ORD100808,C56917,2024-01-30 23:14:42,2024-02-04 23:14:42,ios_app,mobile,Edge,US,NM,google_pay,SpringSale,Toys,3,193.45,0.093,17.99,standard,5.96,0.0931,16.34,197.76,0.62,5,True,True,False
ORD100809,C63492,2024-05-06 11:36:33,2024-05-10 11:36:33,web,mobile,Safari,US,TX,klarna,Holiday,Beauty,3,1908.38,0.086,164.12,standard,8.2,0.0923,161.0,1913.46,0.65,4,True,False,True
ORD100810,C61275,2025-03-07 11:08:02,2025-03-11 11:08:02,marketplace,desktop,Firefox,CA,CA,card,SpringSale,Electronics,2,331.11,0.204,67.55,standard,8.96,0.0,0.0,272.52,0.79,4,True,True,False
ORD100811,C71437,2025-04-24 22:55:09,2025-04-29 22:55:09,android_app,mobile,Safari,US,KY,paypal,Holiday,Apparel,1,68.47,0.072,4.93,standard,6.49,0.0832,5.29,75.32,2.08,5,True,False,False
ORD100812,C99577,2025-03-23 12:51:15,2025-03-25 12:51:15,web,desktop,Safari,US,MN,card,Holiday,Apparel,2,650.76,0.155,100.87,two_day,16.43,0.0477,26.23,592.55,0.56,2,True,True,False
ORD100813,C84852,2024-01-10 19:11:17,2024-01-14 19:11:17,ios_app,mobile,Opera,US,NJ,klarna,Loyalty,Sports,3,294.27,0.082,24.13,standard,8.7,0.0411,11.1,289.94,1.2,4,True,True,True
ORD100814,C63756,2025-05-30 03:15:57,2025-06-02 03:15:57,ios_app,mobile,Safari,CA,AZ,apple_pay,NewArrivals,Automotive,1,63.17,0.152,9.6,standard,7.89,0.0,0.0,61.46,0.53,3,True,False,False
ORD100815,C50652,2024-05-31 04:59:40,2024-06-04 04:59:40,marketplace,mobile,Opera,US,TN,card,Holiday,Pets,1,25.35,0.123,3.12,standard,6.17,0.0864,1.92,30.32,1.63,4,True,True,True
ORD100816,C67977,2025-06-12 02:37:58,2025-06-14 02:37:58,marketplace,desktop,Chrome,US,NY,google_pay,Clearance,Sports,1,71.25,0.103,7.34,two_day,12.04,0.0729,4.66,80.61,0.56,2,True,True,False
ORD100817,C26552,2025-06-07 19:07:23,2025-06-10 19:07:23,web,desktop,Edge,AU,MI,paypal,SpringSale,Toys,1,48.63,0.004,0.19,standard,6.64,0.0,0.0,55.08,0.17,3,True,True,True
ORD100818,C89426,2025-01-04 23:47:18,2025-01-06 23:47:18,mobile_web,desktop,Chrome,US,NM,google_pay,None,Books,1,1537.8,0.054,83.04,two_day,14.87,0.0931,135.44,1605.07,1.14,2,True,True,False
ORD100819,C91438,2025-01-05 18:24:08,2025-01-10 18:24:08,marketplace,desktop,Opera,US,SC,apple_pay,BackToSchool,Toys,4,1186.55,0.074,87.8,standard,5.57,0.0561,61.64,1165.96,0.5,5,True,True,False
ORD100820,C71146,2024-11-28 10:52:37,2024-11-30 10:52:37,ios_app,tablet,Chrome,US,NV,apple_pay,NewArrivals,Apparel,4,781.51,0.265,207.1,two_day,19.24,0.0734,42.16,635.81,1.32,2,True,True,False
ORD100821,C50139,2024-02-11 13:48:01,2024-02-13 13:48:01,marketplace,desktop,Edge,US,MA,apple_pay,None,Automotive,1,121.65,0.178,21.65,two_day,17.99,0.05,5.0,122.99,0.21,2,True,True,False
ORD100822,C33212,2024-08-14 19:24:26,2024-08-16 19:24:26,web,mobile,Opera,US,IA,card,SpringSale,Grocery,1,392.64,0.075,29.45,two_day,15.23,0.0426,15.47,393.89,1.33,2,True,True,False
ORD100823,C34783,2025-05-17 07:39:55,2025-05-24 07:39:55,web,mobile,Opera,US,OK,apple_pay,Holiday,Electronics,2,204.74,0.14,28.66,standard,5.6,0.087,15.32,197.0,1.25,7,False,True,False
ORD100824,C21004,2025-02-13 11:23:06,2025-02-15 11:23:06,android_app,desktop,Chrome,US,VT,apple_pay,SpringSale,Pets,2,163.05,0.258,42.07,two_day,9.09,0.09,10.89,140.96,1.86,2,True,True,True
ORD100825,C81979,2024-02-19 17:44:10,2024-02-24 17:44:10,android_app,tablet,Edge,US,PA,google_pay,SpringSale,Automotive,3,933.64,0.008,7.47,standard,5.36,0.0486,45.01,976.54,0.52,5,True,True,True
ORD100826,C85696,2024-09-19 02:18:54,2024-09-23 02:18:54,ios_app,tablet,Firefox,AU,ND,card,Loyalty,Pets,2,206.78,0.112,23.16,standard,3.06,0.0,0.0,186.68,0.12,4,True,True,False
ORD100827,C14121,2025-04-27 09:25:34,2025-05-02 09:25:34,marketplace,mobile,Opera,US,NE,apple_pay,Clearance,Sports,2,436.84,0.121,52.86,standard,4.11,0.0845,32.45,420.54,0.29,5,True,True,False
ORD100828,C68336,2024-08-21 10:56:47,2024-08-23 10:56:47,web,desktop,Firefox,US,UT,google_pay,Clearance,Beauty,1,51.93,0.186,9.66,two_day,13.76,0.0726,3.07,59.1,0.24,2,True,True,True
ORD100829,C14716,2025-06-29 06:25:18,2025-07-01 06:25:18,android_app,desktop,Safari,AU,AK,klarna,Holiday,Home,2,53.17,0.028,1.49,two_day,13.42,0.0,0.0,65.1,0.9,2,True,True,True
ORD100830,C49871,2024-02-09 14:01:33,2024-02-10 14:01:33,android_app,desktop,Opera,US,GA,card,SpringSale,Grocery,1,127.58,0.148,18.88,overnight,16.14,0.0876,9.52,134.36,1.28,1,True,False,False
ORD100831,C39967,2024-11-18 16:03:15,2024-11-20 16:03:15,android_app,desktop,Safari,US,ID,klarna,Holiday,Sports,3,321.49,0.166,53.37,two_day,14.53,0.0454,12.17,294.82,1.61,2,True,True,True
ORD100832,C21339,2025-04-12 14:50:15,2025-04-17 14:50:15,mobile_web,mobile,Chrome,US,MT,card,NewArrivals,Toys,1,78.87,0.176,13.88,standard,9.98,0.0,0.0,74.97,2.03,5,True,True,False
ORD100833,C87538,2025-04-16 21:15:21,2025-04-21 21:15:21,web,tablet,Edge,US,NY,klarna,SpringSale,Apparel,2,148.37,0.114,16.91,standard,8.69,0.0729,9.58,149.73,0.3,5,True,True,False
ORD100834,C68954,2024-06-12 08:05:17,2024-06-14 08:05:17,mobile_web,desktop,Opera,DE,TN,google_pay,SpringSale,Grocery,2,1217.7,0.144,175.35,two_day,14.34,0.0,0.0,1056.69,1.23,2,True,True,True
ORD100835,C60277,2025-06-02 03:33:14,2025-06-04 03:33:14,android_app,tablet,Edge,US,CT,klarna,Holiday,Sports,1,31.23,0.092,2.87,two_day,16.69,0.0683,1.94,46.99,0.51,2,True,True,False
ORD100836,C82445,2024-08-16 11:29:32,2024-08-23 11:29:32,android_app,desktop,Chrome,US,WY,google_pay,BackToSchool,Books,2,74.2,0.144,10.68,standard,4.02,0.0542,3.44,70.98,0.4,7,False,True,False
ORD100837,C20836,2024-05-05 01:12:20,2024-05-12 01:12:20,marketplace,desktop,Safari,US,LA,google_pay,SpringSale,Grocery,1,227.65,0.177,40.29,standard,9.65,0.096,17.99,215.0,0.17,7,False,True,False
ORD100838,C18432,2025-02-09 05:32:04,2025-02-13 05:32:04,web,tablet,Chrome,US,KS,google_pay,SpringSale,Pets,2,241.57,0.199,48.07,standard,9.2,0.0922,17.84,220.54,0.1,4,True,True,False
ORD100839,C75564,2024-10-30 07:50:21,2024-11-01 07:50:21,android_app,desktop,Opera,US,MN,google_pay,SpringSale,Apparel,1,198.82,0.061,12.13,two_day,15.12,0.0477,8.91,210.72,0.23,2,True,True,False
ORD100840,C31924,2024-02-25 00:24:16,2024-03-01 00:24:16,marketplace,tablet,Edge,US,SC,google_pay,Clearance,Apparel,2,390.73,0.107,41.81,standard,7.13,0.0561,19.57,375.62,0.65,5,True,True,False
ORD100841,C47484,2024-09-15 09:20:28,2024-09-21 09:20:28,android_app,tablet,Edge,UK,IA,paypal,Clearance,Sports,2,594.6,0.039,23.19,standard,8.6,0.0,0.0,580.01,2.76,6,False,True,False
ORD100842,C29348,2024-05-26 06:49:29,2024-06-01 06:49:29,web,tablet,Chrome,US,CA,paypal,Clearance,Grocery,1,144.69,0.214,30.96,standard,6.32,0.0931,10.59,130.64,0.57,6,False,False,False
ORD100843,C23070,2025-04-01 04:03:12,2025-04-04 04:03:12,marketplace,desktop,Edge,CA,UT,google_pay,Loyalty,Books,2,120.07,0.124,14.89,standard,4.1,0.0,0.0,109.28,1.6,3,True,True,False
ORD100844,C78596,2025-04-05 07:43:22,2025-04-11 07:43:22,web,mobile,Safari,US,AK,card,NewArrivals,Home,1,386.04,0.11,42.46,standard,4.13,0.0,0.0,347.71,0.28,6,False,True,True
ORD100845,C67167,2025-06-04 15:06:14,2025-06-05 15:06:14,web,mobile,Edge,US,AK,paypal,Clearance,Home,2,104.78,0.076,7.96,overnight,19.29,0.0,0.0,116.11,0.33,1,True,False,False
ORD100846,C57711,2025-02-25 21:27:13,2025-02-27 21:27:13,web,mobile,Chrome,US,KY,paypal,Loyalty,Toys,4,643.92,0.038,24.47,two_day,15.22,0.0832,51.54,686.21,1.05,2,True,True,False
ORD100847,C46536,2025-03-12 19:41:20,2025-03-16 19:41:20,ios_app,desktop,Safari,US,UT,apple_pay,None,Apparel,1,46.53,0.063,2.93,standard,5.86,0.0726,3.17,52.63,0.12,4,True,True,False
ORD100848,C42400,2025-05-06 10:03:53,2025-05-12 10:03:53,marketplace,tablet,Chrome,US,VA,card,SpringSale,Automotive,2,289.99,0.077,22.33,standard,4.61,0.0933,24.97,297.24,0.75,6,False,True,False
ORD100849,C76542,2024-05-17 21:58:16,2024-05-20 21:58:16,mobile_web,desktop,Opera,US,AL,apple_pay,Holiday,Toys,2,282.79,0.069,19.51,standard,7.04,0.0928,24.43,294.75,0.2,3,True,True,False
ORD100850,C25637,2024-06-12 06:29:46,2024-06-18 06:29:46,ios_app,tablet,Opera,US,WI,klarna,Clearance,Beauty,1,669.4,0.0,0.0,standard,9.37,0.056,37.49,716.26,0.88,6,False,True,False
ORD100851,C58450,2024-04-04 06:54:52,2024-04-09 06:54:52,marketplace,desktop,Edge,US,LA,paypal,Holiday,Electronics,2,315.33,0.175,55.18,standard,9.58,0.096,24.97,294.7,0.55,5,True,True,False
ORD100852,C61928,2024-06-28 09:40:56,2024-07-05 09:40:56,web,tablet,Firefox,FR,OK,card,Holiday,Sports,3,718.59,0.126,90.54,standard,8.12,0.0,0.0,636.17,0.34,7,False,True,False
ORD100853,C33631,2024-09-27 02:23:43,2024-10-02 02:23:43,marketplace,desktop,Chrome,US,PA,apple_pay,BackToSchool,Automotive,1,185.99,0.232,43.15,standard,8.02,0.0486,6.94,157.8,0.71,5,True,True,True
ORD100854,C69574,2024-03-05 21:49:00,2024-03-07 21:49:00,marketplace,desktop,Safari,US,WV,card,Holiday,Sports,4,1074.49,0.056,60.17,two_day,19.85,0.0568,57.61,1091.78,0.28,2,True,True,False
ORD100855,C30310,2024-05-10 16:15:20,2024-05-12 16:15:20,web,tablet,Opera,US,AL,card,SpringSale,Sports,2,519.24,0.117,60.75,two_day,19.62,0.0928,42.55,520.66,0.17,2,True,True,False
ORD100856,C97554,2024-12-07 19:35:55,2024-12-10 19:35:55,android_app,tablet,Firefox,US,ND,apple_pay,BackToSchool,Electronics,1,428.06,0.076,32.53,standard,4.72,0.0419,16.57,416.82,0.74,3,True,True,True
ORD100857,C86596,2024-10-15 00:01:53,2024-10-17 00:01:53,ios_app,mobile,Opera,US,OH,apple_pay,Clearance,Beauty,1,50.04,0.058,2.9,two_day,16.32,0.0432,2.04,65.5,0.79,2,True,True,False
ORD100858,C97721,2024-01-25 11:51:25,2024-01-29 11:51:25,web,desktop,Safari,US,IA,google_pay,Holiday,Toys,2,196.67,0.0,0.0,standard,8.96,0.0426,8.38,214.01,1.03,4,True,True,False
ORD100859,C19334,2024-03-26 19:58:00,2024-03-29 19:58:00,android_app,mobile,Opera,US,SC,paypal,Loyalty,Home,1,98.72,0.04,3.95,standard,8.71,0.0561,5.32,108.8,0.26,3,True,True,False
ORD100860,C86653,2024-06-21 10:15:34,2024-06-27 10:15:34,web,mobile,Edge,US,GA,google_pay,NewArrivals,Toys,1,579.38,0.111,64.31,standard,7.94,0.0876,45.12,568.13,0.35,6,False,True,False
ORD100861,C79626,2024-03-25 02:41:01,2024-03-27 02:41:01,web,tablet,Edge,US,NE,card,BackToSchool,Automotive,1,236.4,0.158,37.35,two_day,12.17,0.0845,16.82,228.04,1.08,2,True,True,False
ORD100862,C80472,2024-01-07 00:56:17,2024-01-12 00:56:17,web,mobile,Edge,US,MD,card,NewArrivals,Beauty,2,408.97,0.256,104.7,standard,9.57,0.0638,19.41,333.25,0.26,5,True,True,False
ORD100863,C48635,2024-12-12 07:36:50,2024-12-13 07:36:50,web,mobile,Firefox,US,WY,paypal,None,Sports,2,115.62,0.119,13.76,overnight,17.08,0.0542,5.52,124.46,0.4,1,True,True,False
ORD100864,C15150,2025-03-01 16:03:48,2025-03-05 16:03:48,ios_app,desktop,Safari,UK,MS,google_pay,Holiday,Grocery,1,115.1,0.149,17.15,standard,4.27,0.0,0.0,102.22,0.39,4,True,True,False
ORD100865,C11937,2024-12-17 11:27:53,2024-12-21 11:27:53,marketplace,tablet,Chrome,DE,KY,google_pay,Holiday,Pets,1,56.1,0.233,13.07,standard,6.97,0.0,0.0,50.0,0.35,4,True,True,False
ORD100866,C16959,2024-01-22 17:35:23,2024-01-26 17:35:23,ios_app,desktop,Opera,US,HI,klarna,BackToSchool,Electronics,1,395.36,0.233,92.12,standard,3.94,0.0776,23.53,330.71,0.26,4,True,True,False
ORD100867,C50140,2024-11-03 14:25:40,2024-11-09 14:25:40,marketplace,mobile,Opera,US,AR,klarna,None,Electronics,2,486.1,0.088,42.78,standard,8.19,0.0494,21.9,473.41,0.8,6,False,True,False
ORD100868,C42567,2025-02-25 15:06:13,2025-03-01 15:06:13,web,mobile,Opera,US,TX,apple_pay,Loyalty,Sports,1,1079.01,0.097,104.66,standard,9.31,0.0923,89.93,1073.59,0.42,4,True,True,True
ORD100869,C42748,2024-03-03 16:13:45,2024-03-04 16:13:45,marketplace,mobile,Safari,US,ID,apple_pay,Holiday,Pets,1,114.2,0.02,2.28,overnight,29.68,0.0454,5.08,146.68,0.53,1,True,True,False
ORD100870,C77151,2024-04-06 10:54:14,2024-04-08 10:54:14,web,tablet,Safari,US,AL,google_pay,BackToSchool,Electronics,1,100.94,0.096,9.69,two_day,9.03,0.0928,8.47,108.75,0.25,2,True,True,False
ORD100871,C75146,2025-02-17 07:21:57,2025-02-23 07:21:57,marketplace,tablet,Safari,US,NV,klarna,NewArrivals,Electronics,2,98.34,0.202,19.86,standard,9.31,0.0734,5.76,93.55,0.11,6,False,True,False
ORD100872,C19723,2024-09-09 21:53:12,2024-09-15 21:53:12,mobile_web,desktop,Firefox,US,WA,paypal,Clearance,Beauty,3,214.46,0.0,0.0,standard,8.21,0.0858,18.4,241.07,0.16,6,False,True,False
ORD100873,C86418,2025-03-26 12:41:43,2025-03-29 12:41:43,mobile_web,desktop,Edge,US,NV,klarna,Clearance,Grocery,2,162.88,0.081,13.19,standard,6.3,0.0734,10.99,166.98,0.11,3,True,True,False
ORD100874,C86087,2025-05-10 20:58:00,2025-05-17 20:58:00,web,tablet,Chrome,US,LA,google_pay,Clearance,Toys,3,114.65,0.207,23.73,standard,4.22,0.096,8.73,103.87,0.1,7,False,True,False
ORD100875,C43025,2024-06-04 23:55:58,2024-06-07 23:55:58,ios_app,tablet,Opera,UK,NM,card,Loyalty,Books,2,916.93,0.091,83.44,standard,9.08,0.0,0.0,842.57,4.03,3,True,True,False
ORD100876,C41297,2024-09-27 06:04:38,2024-09-29 06:04:38,mobile_web,tablet,Opera,US,AZ,paypal,None,Home,1,217.36,0.093,20.21,two_day,18.81,0.0517,10.19,226.15,1.08,2,True,True,False
ORD100877,C21305,2024-07-19 14:47:06,2024-07-21 14:47:06,android_app,desktop,Opera,US,IL,google_pay,NewArrivals,Grocery,2,232.49,0.208,48.36,two_day,13.02,0.0486,8.95,206.1,0.36,2,True,True,False
ORD100878,C45214,2025-04-30 19:52:12,2025-05-02 19:52:12,android_app,desktop,Safari,US,MI,card,BackToSchool,Automotive,1,138.64,0.038,5.27,two_day,13.7,0.0789,10.52,157.59,0.17,2,True,True,True
ORD100879,C64738,2025-03-08 21:14:57,2025-03-11 21:14:57,mobile_web,mobile,Opera,US,TN,klarna,Loyalty,Apparel,2,103.65,0.062,6.43,standard,8.88,0.0864,8.4,114.5,0.4,3,True,True,False
ORD100880,C10607,2024-04-27 22:28:29,2024-05-02 22:28:29,mobile_web,desktop,Firefox,US,IN,klarna,Loyalty,Beauty,1,321.78,0.089,28.64,standard,6.61,0.0567,16.62,316.37,0.93,5,True,True,False
ORD100881,C77201,2025-05-18 15:59:24,2025-05-20 15:59:24,ios_app,desktop,Edge,US,WA,card,SpringSale,Apparel,3,535.56,0.071,38.02,two_day,17.26,0.0858,42.69,557.49,0.94,2,True,True,False
ORD100882,C84836,2024-01-29 00:36:54,2024-02-04 00:36:54,ios_app,desktop,Chrome,US,CO,google_pay,Holiday,Sports,2,786.97,0.103,81.06,standard,6.63,0.0737,52.03,764.57,0.56,6,False,True,False
ORD100883,C49404,2024-10-20 17:25:59,2024-10-26 17:25:59,marketplace,desktop,Firefox,US,MT,card,Holiday,Books,3,293.02,0.11,32.23,standard,4.57,0.0,0.0,265.36,0.22,6,False,True,False
ORD100884,C38093,2024-12-06 16:19:13,2024-12-12 16:19:13,ios_app,mobile,Firefox,US,VT,google_pay,Loyalty,Grocery,1,100.72,0.135,13.6,standard,7.54,0.09,7.84,102.5,0.87,6,False,True,False
ORD100885,C95620,2024-08-24 22:13:01,2024-08-27 22:13:01,android_app,tablet,Opera,US,AK,google_pay,Holiday,Home,1,23.52,0.074,1.74,standard,8.89,0.0,0.0,30.67,0.35,3,True,True,False
ORD100886,C26819,2024-04-08 22:33:55,2024-04-13 22:33:55,marketplace,mobile,Edge,US,WA,klarna,Holiday,Pets,2,340.98,0.142,48.42,standard,9.29,0.0858,25.1,326.95,0.13,5,True,True,False
ORD100887,C12698,2025-01-20 06:47:22,2025-01-22 06:47:22,mobile_web,tablet,Opera,US,ND,paypal,Holiday,Beauty,2,1254.99,0.172,215.86,two_day,19.02,0.0419,43.54,1101.69,0.17,2,True,False,False
ORD100888,C82232,2024-09-12 04:50:43,2024-09-17 04:50:43,ios_app,mobile,Firefox,US,FL,apple_pay,NewArrivals,Apparel,2,143.68,0.104,14.94,standard,9.96,0.0803,10.34,149.04,0.28,5,True,False,False
ORD100889,C34608,2024-07-04 04:11:48,2024-07-07 04:11:48,web,mobile,Safari,US,MT,paypal,Clearance,Electronics,1,357.8,0.151,54.03,standard,3.41,0.0,0.0,307.18,2.06,3,True,False,True
ORD100890,C14138,2024-05-15 13:28:40,2024-05-20 13:28:40,web,mobile,Opera,US,KY,card,None,Books,2,200.81,0.105,21.09,standard,6.92,0.0832,14.95,201.59,0.95,5,True,True,False
ORD100891,C38831,2024-02-14 04:32:15,2024-02-19 04:32:15,web,tablet,Chrome,US,VT,paypal,Holiday,Electronics,2,1862.47,0.176,327.79,standard,8.53,0.09,138.12,1681.33,0.1,5,True,True,False
ORD100892,C68169,2024-05-28 03:26:05,2024-05-31 03:26:05,ios_app,mobile,Edge,US,AL,apple_pay,None,Apparel,3,1352.06,0.007,9.46,standard,6.8,0.0928,124.59,1473.99,0.13,3,True,True,False
ORD100893,C97659,2025-06-24 19:37:44,2025-06-29 19:37:44,mobile_web,desktop,Firefox,US,IN,apple_pay,Holiday,Automotive,2,90.59,0.154,13.95,standard,6.16,0.0567,4.35,87.15,2.46,5,True,True,True
ORD100894,C33557,2025-06-07 21:22:55,2025-06-09 21:22:55,web,desktop,Edge,US,WA,card,Clearance,Electronics,1,165.19,0.072,11.89,two_day,18.1,0.0858,13.15,184.55,0.1,2,True,True,False
ORD100895,C13572,2024-05-03 14:15:12,2024-05-04 14:15:12,ios_app,tablet,Edge,US,WV,klarna,None,Automotive,2,844.65,0.124,104.74,overnight,31.35,0.0568,42.03,813.29,0.14,1,True,True,False
ORD100896,C91697,2025-06-20 00:36:29,2025-06-25 00:36:29,android_app,tablet,Chrome,US,CA,google_pay,Holiday,Apparel,1,147.3,0.329,48.46,standard,5.91,0.0931,9.2,113.95,0.1,5,True,True,False
ORD100897,C64146,2024-08-16 06:07:04,2024-08-20 06:07:04,mobile_web,mobile,Firefox,US,WA,paypal,Holiday,Books,1,277.95,0.097,26.96,standard,8.92,0.0858,21.53,281.44,1.35,4,True,True,False
ORD100898,C53727,2025-01-18 02:11:03,2025-01-21 02:11:03,ios_app,mobile,Chrome,US,HI,paypal,NewArrivals,Books,1,253.06,0.086,21.76,standard,6.73,0.0776,17.95,255.98,0.8,3,True,True,True
ORD100899,C52347,2025-05-03 11:35:22,2025-05-05 11:35:22,marketplace,mobile,Safari,US,SC,klarna,SpringSale,Home,2,253.22,0.102,25.83,two_day,17.11,0.0561,12.76,257.26,1.2,2,True,False,False
ORD100900,C51617,2024-05-17 03:59:44,2024-05-23 03:59:44,android_app,mobile,Edge,US,LA,card,BackToSchool,Automotive,2,62.06,0.191,11.85,standard,6.31,0.096,4.82,61.34,1.36,6,False,False,True
ORD100901,C12063,2025-05-10 23:32:56,2025-05-12 23:32:56,marketplace,mobile,Edge,US,UT,card,None,Pets,1,46.88,0.143,6.7,two_day,19.78,0.0726,2.92,62.88,0.4,2,True,False,False
ORD100902,C15691,2025-05-12 06:40:34,2025-05-18 06:40:34,web,tablet,Edge,US,KY,paypal,Holiday,Electronics,1,53.13,0.17,9.03,standard,6.97,0.0832,3.67,54.74,0.28,6,False,True,False
ORD100903,C61178,2025-06-06 16:24:20,2025-06-11 16:24:20,web,desktop,Chrome,US,FL,paypal,None,Books,1,48.39,0.171,8.27,standard,5.36,0.0803,3.22,48.7,0.53,5,True,True,False
ORD100904,C50909,2024-08-03 23:25:15,2024-08-06 23:25:15,mobile_web,desktop,Edge,US,NE,paypal,None,Home,1,477.1,0.093,44.37,standard,3.14,0.0845,36.57,472.44,0.73,3,True,True,True
ORD100905,C75389,2024-04-07 10:10:08,2024-04-11 10:10:08,web,mobile,Opera,US,UT,google_pay,Holiday,Home,2,965.6,0.248,239.47,standard,6.8,0.0726,52.72,785.65,0.19,4,True,True,True
ORD100906,C73594,2025-01-10 01:52:07,2025-01-12 01:52:07,android_app,desktop,Firefox,US,NE,paypal,NewArrivals,Apparel,3,444.74,0.02,8.89,two_day,8.17,0.0845,36.83,480.85,0.74,2,True,True,False
ORD100907,C39249,2025-05-27 15:23:40,2025-06-02 15:23:40,android_app,tablet,Edge,US,TN,paypal,None,Sports,1,29.35,0.137,4.02,standard,8.03,0.0864,2.19,35.55,0.33,6,False,True,False
ORD100908,C17121,2025-01-01 10:57:22,2025-01-02 10:57:22,mobile_web,desktop,Chrome,US,ME,google_pay,None,Toys,1,388.12,0.134,52.01,overnight,30.43,0.0642,21.58,388.12,2.52,1,True,True,False
ORD100909,C20281,2025-02-19 02:51:54,2025-02-22 02:51:54,ios_app,tablet,Opera,US,MN,apple_pay,SpringSale,Beauty,1,71.28,0.122,8.7,standard,7.06,0.0477,2.99,72.63,0.43,3,True,True,False
ORD100910,C55832,2024-10-27 01:56:04,2024-11-02 01:56:04,marketplace,tablet,Firefox,US,AK,apple_pay,None,Sports,2,1756.03,0.319,560.17,standard,9.4,0.0,0.0,1205.26,0.1,6,False,True,False
ORD100911,C50705,2025-04-12 20:56:45,2025-04-18 20:56:45,marketplace,tablet,Opera,US,DC,klarna,Clearance,Toys,2,361.28,0.085,30.71,standard,6.17,0.0764,25.26,362.0,0.12,6,False,True,True
ORD100912,C17240,2024-02-29 03:17:59,2024-03-05 03:17:59,mobile_web,tablet,Firefox,US,CT,card,None,Books,1,33.28,0.057,1.9,standard,5.73,0.0683,2.14,39.25,0.51,5,True,True,False
ORD100913,C12834,2024-08-24 23:04:22,2024-08-29 23:04:22,marketplace,tablet,Opera,US,IA,klarna,SpringSale,Toys,2,430.5,0.081,34.87,standard,7.8,0.0426,16.85,420.28,1.21,5,True,True,False
ORD100914,C53266,2024-01-23 06:39:30,2024-01-27 06:39:30,android_app,desktop,Safari,US,KS,paypal,SpringSale,Automotive,1,57.12,0.201,11.48,standard,8.65,0.0922,4.21,58.5,0.32,4,True,True,False
ORD100915,C22875,2024-02-04 04:24:35,2024-02-06 04:24:35,marketplace,tablet,Opera,US,MA,google_pay,NewArrivals,Books,1,23.82,0.17,4.05,two_day,11.3,0.05,0.99,32.06,0.1,2,True,True,False
ORD100916,C24439,2024-01-02 13:43:07,2024-01-08 13:43:07,web,mobile,Firefox,US,AK,card,Holiday,Pets,1,111.98,0.118,13.21,standard,3.96,0.0,0.0,102.73,0.52,6,False,True,False
ORD100917,C79676,2024-03-11 12:34:54,2024-03-13 12:34:54,marketplace,desktop,Chrome,AU,ND,google_pay,SpringSale,Toys,2,463.43,0.102,47.27,two_day,9.04,0.0,0.0,425.2,0.24,2,True,True,False
ORD100918,C63796,2025-06-20 17:45:43,2025-06-24 17:45:43,web,desktop,Firefox,US,DE,google_pay,None,Home,2,391.08,0.046,17.99,standard,7.59,0.0,0.0,380.68,0.43,4,True,True,False
ORD100919,C87558,2024-06-27 06:19:04,2024-06-29 06:19:04,android_app,desktop,Safari,US,NM,paypal,Holiday,Electronics,2,763.58,0.16,122.17,two_day,10.33,0.0931,59.72,711.46,0.31,2,True,True,False
ORD100920,C21726,2024-05-06 17:13:47,2024-05-11 17:13:47,ios_app,desktop,Firefox,US,MT,card,Holiday,Pets,3,948.94,0.052,49.34,standard,4.57,0.0,0.0,904.17,1.13,5,True,True,False
ORD100921,C76333,2025-05-03 23:44:07,2025-05-05 23:44:07,android_app,desktop,Edge,US,IL,klarna,NewArrivals,Pets,1,32.56,0.211,6.87,two_day,9.95,0.0486,1.25,36.89,2.19,2,True,True,False
ORD100922,C32897,2024-05-15 13:04:20,2024-05-16 13:04:20,web,desktop,Firefox,US,KS,paypal,None,Apparel,1,31.79,0.134,4.26,overnight,16.59,0.0922,2.54,46.66,0.83,1,True,True,False
ORD100923,C82838,2024-07-09 13:50:30,2024-07-15 13:50:30,android_app,desktop,Firefox,US,ME,klarna,None,Automotive,1,266.09,0.175,46.57,standard,4.09,0.0642,14.09,237.7,0.69,6,False,True,False
ORD100924,C31708,2025-06-15 11:37:04,2025-06-17 11:37:04,ios_app,mobile,Opera,US,HI,apple_pay,None,Beauty,2,127.89,0.051,6.52,two_day,14.71,0.0776,9.42,145.5,0.23,2,True,True,False
ORD100925,C99608,2024-11-30 22:42:30,2024-12-07 22:42:30,ios_app,mobile,Edge,US,MN,klarna,None,Apparel,1,64.72,0.212,13.72,standard,3.51,0.0477,2.43,56.94,0.46,7,False,True,True
ORD100926,C52255,2024-02-16 13:02:37,2024-02-22 13:02:37,ios_app,mobile,Edge,US,VA,paypal,Loyalty,Pets,3,161.85,0.132,21.36,standard,3.61,0.0933,13.11,157.21,1.58,6,False,True,False
ORD100927,C83210,2024-07-06 17:01:31,2024-07-10 17:01:31,ios_app,tablet,Edge,UK,WY,paypal,Holiday,Home,2,232.08,0.103,23.9,standard,6.01,0.0,0.0,214.19,0.1,4,True,False,False
ORD100928,C24057,2025-01-22 15:27:33,2025-01-25 15:27:33,mobile_web,tablet,Safari,US,CO,google_pay,None,Books,2,1236.01,0.184,227.43,standard,6.42,0.0737,74.33,1089.33,0.13,3,True,True,False
ORD100929,C44073,2025-03-30 23:24:56,2025-04-03 23:24:56,marketplace,desktop,Safari,US,AK,apple_pay,None,Pets,2,724.46,0.1,72.45,standard,9.18,0.0,0.0,661.19,0.36,4,True,True,False
ORD100930,C44620,2024-11-20 08:32:43,2024-11-22 08:32:43,mobile_web,tablet,Edge,US,OR,card,Holiday,Apparel,5,394.59,0.138,54.45,two_day,11.66,0.0,0.0,351.8,0.91,2,True,True,False
ORD100931,C68820,2024-10-03 01:36:20,2024-10-04 01:36:20,marketplace,mobile,Safari,US,SC,apple_pay,Holiday,Electronics,2,484.02,0.297,143.75,overnight,17.32,0.0561,19.09,376.68,0.76,1,True,True,False
ORD100932,C80313,2025-01-20 07:05:36,2025-01-22 07:05:36,android_app,mobile,Safari,AU,KY,google_pay,Clearance,Beauty,2,336.85,0.094,31.66,two_day,19.38,0.0,0.0,324.57,0.14,2,True,True,False
ORD100933,C44762,2024-04-22 19:29:22,2024-04-26 19:29:22,ios_app,mobile,Safari,US,ME,klarna,Loyalty,Grocery,3,161.27,0.269,43.38,standard,3.11,0.0642,7.57,128.57,0.83,4,True,True,False
ORD100934,C75658,2024-01-27 00:55:04,2024-02-03 00:55:04,web,mobile,Safari,US,IN,apple_pay,Clearance,Home,1,122.25,0.124,15.16,standard,8.73,0.0567,6.07,121.89,1.14,7,False,False,False
ORD100935,C62623,2024-02-02 11:26:06,2024-02-08 11:26:06,ios_app,mobile,Chrome,US,NJ,card,Clearance,Home,1,64.96,0.12,7.8,standard,3.93,0.0411,2.35,63.44,0.42,6,False,True,False
ORD100936,C39184,2024-10-11 06:16:58,2024-10-18 06:16:58,ios_app,mobile,Firefox,US,FL,card,SpringSale,Electronics,1,12.15,0.111,1.35,standard,4.03,0.0803,0.87,15.7,0.1,7,False,True,False
ORD100937,C77720,2024-10-05 08:48:40,2024-10-10 08:48:40,android_app,tablet,Safari,UK,VT,klarna,None,Grocery,1,37.1,0.225,8.35,standard,7.5,0.0,0.0,36.25,0.81,5,True,True,False
ORD100938,C69991,2025-05-14 08:38:20,2025-05-20 08:38:20,web,tablet,Safari,US,CO,paypal,BackToSchool,Home,5,2260.19,0.158,357.11,standard,9.76,0.0737,140.26,2053.1,2.72,6,False,True,False
ORD100939,C11794,2024-09-22 10:11:10,2024-09-23 10:11:10,ios_app,mobile,Chrome,DE,NV,klarna,None,Apparel,1,417.36,0.216,90.15,overnight,24.56,0.0,0.0,351.77,0.87,1,True,True,False
ORD100940,C31478,2024-10-06 22:06:06,2024-10-10 22:06:06,marketplace,desktop,Edge,US,OH,klarna,NewArrivals,Apparel,2,2184.46,0.093,203.15,standard,3.99,0.0432,85.59,2070.89,1.1,4,True,False,False
ORD100941,C20046,2024-03-15 14:36:20,2024-03-16 14:36:20,marketplace,tablet,Firefox,US,MI,paypal,Holiday,Beauty,2,438.72,0.305,133.81,overnight,26.76,0.0789,24.06,355.73,0.58,1,True,False,False
ORD100942,C30646,2024-06-08 23:45:26,2024-06-10 23:45:26,android_app,tablet,Chrome,DE,IA,klarna,SpringSale,Pets,2,390.14,0.287,111.97,two_day,15.68,0.0,0.0,293.85,0.62,2,True,True,True
ORD100943,C16018,2024-08-23 17:31:08,2024-08-29 17:31:08,ios_app,tablet,Safari,DE,NV,google_pay,BackToSchool,Toys,2,80.13,0.169,13.54,standard,9.25,0.0,0.0,75.84,0.11,6,False,True,False
ORD100944,C81520,2025-01-05 09:34:54,2025-01-10 09:34:54,ios_app,desktop,Chrome,US,AK,klarna,Clearance,Automotive,1,337.73,0.19,64.17,standard,5.7,0.0,0.0,279.26,1.03,5,True,True,False
ORD100945,C29481,2025-02-13 15:51:27,2025-02-15 15:51:27,web,desktop,Firefox,US,GA,paypal,Loyalty,Automotive,2,751.39,0.154,115.71,two_day,18.21,0.0876,55.69,709.58,1.05,2,True,True,False
ORD100946,C76239,2024-06-10 13:03:56,2024-06-15 13:03:56,ios_app,desktop,Opera,US,TX,klarna,Holiday,Automotive,2,1982.78,0.141,279.57,standard,4.86,0.0923,157.21,1865.28,0.34,5,True,True,False
ORD100947,C28839,2024-09-13 06:38:18,2024-09-17 06:38:18,marketplace,tablet,Safari,AU,ME,paypal,Loyalty,Beauty,1,180.48,0.059,10.65,standard,9.84,0.0,0.0,179.67,0.1,4,True,True,False
ORD100948,C37391,2024-11-23 14:31:44,2024-11-27 14:31:44,mobile_web,mobile,Edge,US,OH,card,Holiday,Sports,2,861.34,0.12,103.36,standard,5.41,0.0432,32.74,796.13,0.23,4,True,True,False
ORD100949,C61903,2024-01-25 04:41:47,2024-01-29 04:41:47,mobile_web,tablet,Chrome,US,MD,paypal,NewArrivals,Home,2,329.22,0.146,48.07,standard,6.12,0.0638,17.94,305.21,1.04,4,True,True,True
ORD100950,C60772,2024-05-28 19:39:09,2024-05-30 19:39:09,marketplace,desktop,Firefox,US,UT,klarna,Clearance,Automotive,1,266.09,0.224,59.6,two_day,8.78,0.0726,14.99,230.26,0.62,2,True,True,False
ORD100951,C47402,2025-04-20 18:53:43,2025-04-24 18:53:43,android_app,tablet,Chrome,US,DC,apple_pay,None,Apparel,2,159.79,0.05,7.99,standard,3.54,0.0764,11.6,166.94,0.32,4,True,True,False
ORD100952,C72112,2025-01-21 05:37:02,2025-01-26 05:37:02,marketplace,mobile,Opera,US,AR,google_pay,SpringSale,Automotive,3,322.15,0.152,48.97,standard,4.52,0.0494,13.5,291.2,2.98,5,True,True,False
ORD100953,C32132,2024-04-23 00:32:08,2024-04-27 00:32:08,marketplace,mobile,Firefox,US,FL,card,BackToSchool,Grocery,1,69.97,0.133,9.31,standard,7.43,0.0803,4.87,72.96,0.1,4,True,True,False
ORD100954,C39644,2025-05-06 00:57:51,2025-05-11 00:57:51,marketplace,mobile,Safari,US,ME,card,BackToSchool,Apparel,1,398.77,0.174,69.39,standard,3.81,0.0642,21.15,354.34,0.1,5,True,True,False
ORD100955,C76972,2024-08-01 19:20:55,2024-08-03 19:20:55,mobile_web,mobile,Safari,US,ID,klarna,Holiday,Books,2,286.72,0.037,10.61,two_day,10.04,0.0454,12.54,298.69,0.1,2,True,True,True
ORD100956,C39146,2024-09-24 14:29:50,2024-10-01 14:29:50,android_app,tablet,Opera,US,OH,google_pay,BackToSchool,Electronics,1,274.06,0.076,20.83,standard,9.2,0.0432,10.94,273.37,0.34,7,False,True,False
ORD100957,C96619,2024-12-23 08:15:37,2024-12-26 08:15:37,mobile_web,tablet,Edge,US,VA,card,Clearance,Home,3,445.87,0.28,124.84,standard,6.03,0.0933,29.95,357.01,0.23,3,True,True,False
ORD100958,C12642,2025-04-01 18:55:21,2025-04-06 18:55:21,web,desktop,Edge,US,MT,card,Holiday,Apparel,1,30.95,0.143,4.43,standard,6.2,0.0,0.0,32.72,1.94,5,True,True,False
ORD100959,C79642,2024-10-25 07:55:35,2024-10-27 07:55:35,marketplace,desktop,Edge,US,ME,google_pay,Loyalty,Automotive,2,1037.54,0.187,194.02,two_day,15.27,0.0642,54.15,912.94,0.52,2,True,True,True
ORD100960,C58943,2024-05-20 20:09:42,2024-05-24 20:09:42,marketplace,tablet,Edge,US,KS,klarna,None,Home,4,501.49,0.029,14.54,standard,7.46,0.0922,44.9,539.31,2.28,4,True,False,False
ORD100961,C83752,2025-04-10 02:06:14,2025-04-12 02:06:14,ios_app,desktop,Firefox,UK,AR,card,Loyalty,Grocery,1,125.82,0.041,5.16,two_day,15.41,0.0,0.0,136.07,1.35,2,True,True,False
ORD100962,C71259,2025-02-07 14:17:22,2025-02-09 14:17:22,mobile_web,tablet,Opera,US,CT,apple_pay,SpringSale,Automotive,2,836.3,0.041,34.29,two_day,13.91,0.0683,54.78,870.7,1.45,2,True,True,True
ORD100963,C34923,2025-05-29 02:23:47,2025-06-03 02:23:47,ios_app,mobile,Firefox,US,AZ,klarna,None,Sports,3,559.27,0.149,83.33,standard,7.68,0.0517,24.61,508.23,0.17,5,True,True,True
ORD100964,C22534,2024-02-26 06:40:32,2024-03-02 06:40:32,ios_app,mobile,Chrome,FR,NH,paypal,None,Sports,3,620.58,0.125,77.57,standard,3.86,0.0,0.0,546.87,0.49,5,True,True,False
ORD100965,C93254,2024-09-22 00:19:17,2024-09-24 00:19:17,android_app,desktop,Firefox,US,ME,paypal,Loyalty,Pets,2,426.3,0.144,61.39,two_day,8.6,0.0642,23.43,396.94,0.33,2,True,True,False
ORD100966,C58347,2024-10-13 16:46:55,2024-10-17 16:46:55,web,tablet,Edge,UK,TX,paypal,None,Apparel,2,294.78,0.109,32.13,standard,7.95,0.0,0.0,270.6,2.5,4,True,True,False
ORD100967,C35131,2024-01-22 11:11:28,2024-01-27 11:11:28,mobile_web,desktop,Safari,US,CT,klarna,NewArrivals,Grocery,1,76.31,0.061,4.65,standard,5.66,0.0683,4.89,82.21,0.12,5,True,True,True
ORD100968,C51120,2024-08-31 15:49:12,2024-09-05 15:49:12,ios_app,mobile,Opera,US,NV,google_pay,BackToSchool,Apparel,2,625.48,0.179,111.96,standard,8.4,0.0734,37.69,559.61,0.23,5,True,True,True
ORD100969,C69936,2024-06-25 05:17:51,2024-06-29 05:17:51,mobile_web,mobile,Edge,US,DE,card,Loyalty,Books,1,277.03,0.061,16.9,standard,8.07,0.0,0.0,268.2,1.2,4,True,True,False
ORD100970,C77122,2024-11-14 16:06:16,2024-11-17 16:06:16,mobile_web,tablet,Chrome,US,CT,apple_pay,SpringSale,Apparel,2,874.95,0.0,0.0,standard,8.46,0.0683,59.76,943.17,0.87,3,True,True,False
ORD100971,C59200,2024-09-10 04:07:06,2024-09-15 04:07:06,ios_app,mobile,Opera,US,CO,card,NewArrivals,Pets,1,22.28,0.079,1.76,standard,7.99,0.0737,1.51,30.02,0.41,5,True,True,False
ORD100972,C77799,2024-01-27 20:06:02,2024-01-29 20:06:02,android_app,mobile,Firefox,US,OK,card,Loyalty,Grocery,2,1083.97,0.109,118.15,two_day,12.86,0.087,84.03,1062.71,0.31,2,True,True,False
ORD100973,C14602,2024-03-06 00:21:37,2024-03-08 00:21:37,android_app,mobile,Opera,US,CT,google_pay,None,Beauty,2,176.9,0.049,8.67,two_day,12.97,0.0683,11.49,192.69,1.19,2,True,True,False
ORD100974,C30339,2024-10-13 11:11:25,2024-10-15 11:11:25,ios_app,mobile,Edge,UK,HI,klarna,SpringSale,Toys,2,1013.48,0.192,194.59,two_day,8.01,0.0,0.0,826.9,0.3,2,True,True,False
ORD100975,C13769,2024-10-03 11:11:30,2024-10-04 11:11:30,android_app,tablet,Safari,US,OH,google_pay,Holiday,Toys,1,244.4,0.115,28.11,overnight,37.74,0.0432,9.34,263.37,0.47,1,True,True,False
ORD100976,C88281,2024-02-20 23:01:13,2024-02-25 23:01:13,marketplace,mobile,Firefox,US,AR,klarna,BackToSchool,Pets,1,355.04,0.113,40.12,standard,3.65,0.0494,15.56,334.13,0.83,5,True,True,False
ORD100977,C75491,2024-09-09 21:47:28,2024-09-14 21:47:28,android_app,desktop,Chrome,US,VA,google_pay,Clearance,Home,1,21.45,0.119,2.55,standard,8.6,0.0933,1.76,29.26,0.1,5,True,True,False
ORD100978,C79126,2024-03-28 00:39:51,2024-04-03 00:39:51,web,desktop,Safari,US,ID,apple_pay,Holiday,Apparel,3,136.57,0.21,28.68,standard,7.46,0.0454,4.9,120.25,0.49,6,False,True,False
ORD100979,C10145,2024-10-25 03:45:49,2024-10-29 03:45:49,mobile_web,desktop,Safari,US,OK,klarna,BackToSchool,Grocery,1,45.46,0.211,9.59,standard,7.7,0.087,3.12,46.69,0.65,4,True,True,False
ORD100980,C59109,2024-06-06 20:05:06,2024-06-11 20:05:06,web,desktop,Edge,US,AR,paypal,Clearance,Electronics,1,518.97,0.14,72.66,standard,5.85,0.0494,22.05,474.21,2.73,5,True,True,False
ORD100981,C39980,2024-04-02 09:01:20,2024-04-06 09:01:20,marketplace,desktop,Firefox,US,AK,apple_pay,NewArrivals,Grocery,1,346.76,0.175,60.68,standard,9.35,0.0,0.0,295.43,0.1,4,True,True,False
ORD100982,C28976,2025-01-26 15:53:12,2025-01-28 15:53:12,marketplace,mobile,Safari,US,VA,klarna,BackToSchool,Sports,2,135.11,0.263,35.53,two_day,16.89,0.0933,9.29,125.76,0.36,2,True,True,False
ORD100983,C89817,2024-05-14 19:40:10,2024-05-15 19:40:10,android_app,desktop,Firefox,US,DC,klarna,SpringSale,Books,1,20.88,0.169,3.53,overnight,28.75,0.0764,1.33,47.43,0.29,1,True,True,False
ORD100984,C45451,2025-01-07 11:38:58,2025-01-11 11:38:58,android_app,tablet,Opera,AU,ME,apple_pay,Loyalty,Grocery,2,1022.44,0.075,76.68,standard,5.09,0.0,0.0,950.85,1.34,4,True,True,False
ORD100985,C12812,2024-01-21 23:20:13,2024-01-23 23:20:13,ios_app,tablet,Edge,US,IA,klarna,Loyalty,Apparel,1,388.73,0.187,72.69,two_day,10.32,0.0426,13.46,339.82,0.83,2,True,True,False
ORD100986,C63050,2024-04-20 00:22:13,2024-04-26 00:22:13,mobile_web,tablet,Edge,US,DE,klarna,BackToSchool,Sports,2,489.16,0.136,66.53,standard,3.26,0.0,0.0,425.89,0.14,6,False,True,False
ORD100987,C44282,2024-06-04 09:45:04,2024-06-06 09:45:04,android_app,tablet,Safari,US,FL,apple_pay,Clearance,Automotive,2,208.93,0.061,12.74,two_day,8.37,0.0803,15.75,220.31,0.2,2,True,True,False
ORD100988,C93833,2025-02-11 10:44:41,2025-02-18 10:44:41,web,mobile,Firefox,US,UT,google_pay,Holiday,Sports,1,310.42,0.279,86.61,standard,8.01,0.0726,16.25,248.07,1.21,7,False,True,True
ORD100989,C14349,2024-03-26 17:29:56,2024-03-30 17:29:56,mobile_web,desktop,Opera,US,UT,card,Loyalty,Toys,2,734.65,0.016,11.75,standard,4.67,0.0726,52.48,780.05,0.86,4,True,True,False
ORD100990,C15099,2024-10-09 18:54:39,2024-10-14 18:54:39,marketplace,tablet,Opera,US,UT,google_pay,NewArrivals,Home,3,300.82,0.073,21.96,standard,4.94,0.0726,20.25,304.05,0.45,5,True,True,False
ORD100991,C71264,2024-02-24 19:09:31,2024-03-01 19:09:31,mobile_web,mobile,Firefox,US,KY,klarna,Holiday,Toys,1,318.25,0.204,64.92,standard,5.09,0.0832,21.08,279.5,0.2,6,False,True,False
ORD100992,C39672,2024-05-02 07:20:41,2024-05-07 07:20:41,marketplace,desktop,Opera,UK,VA,klarna,SpringSale,Automotive,1,90.36,0.124,11.2,standard,9.84,0.0,0.0,89.0,1.23,5,True,True,True
ORD100993,C11837,2025-03-10 11:52:35,2025-03-15 11:52:35,android_app,desktop,Firefox,AU,MD,card,SpringSale,Electronics,5,742.12,0.02,14.84,standard,7.15,0.0,0.0,734.43,0.54,5,True,False,False
ORD100994,C51405,2024-03-19 23:48:16,2024-03-22 23:48:16,ios_app,mobile,Opera,US,ID,card,None,Automotive,3,876.99,0.126,110.5,standard,3.94,0.0454,34.8,805.23,0.39,3,True,True,False
ORD100995,C54782,2024-09-19 04:34:19,2024-09-26 04:34:19,ios_app,tablet,Edge,US,MA,klarna,SpringSale,Toys,2,85.16,0.184,15.67,standard,4.22,0.05,3.47,77.18,0.8,7,False,True,False
ORD100996,C57950,2024-09-25 01:24:34,2024-09-29 01:24:34,android_app,desktop,Opera,US,KY,card,None,Sports,2,449.95,0.128,57.59,standard,3.57,0.0832,32.64,428.57,1.02,4,True,True,False
ORD100997,C73490,2024-01-06 11:30:59,2024-01-09 11:30:59,web,mobile,Edge,US,UT,card,BackToSchool,Apparel,3,422.09,0.177,74.71,standard,5.73,0.0726,25.22,378.33,1.22,3,True,True,False
ORD100998,C15773,2024-05-11 15:34:53,2024-05-14 15:34:53,web,mobile,Firefox,US,AZ,google_pay,Holiday,Toys,1,11.65,0.072,0.84,standard,3.49,0.0517,0.56,14.86,0.3,3,True,False,False
ORD100999,C57612,2025-03-29 21:08:09,2025-04-05 21:08:09,ios_app,tablet,Safari,US,NC,google_pay,None,Toys,2,224.81,0.08,17.98,standard,8.97,0.0731,15.12,230.92,0.54,7,False,True,False
ORD101000,C38327,2025-01-30 05:09:01,2025-02-01 05:09:01,ios_app,mobile,Edge,US,ID,paypal,None,Sports,1,18.54,0.029,0.54,two_day,16.14,0.0454,0.82,34.96,0.26,2,True,True,False
ORD101001,C59349,2025-03-01 07:25:38,2025-03-02 07:25:38,marketplace,tablet,Safari,UK,PA,google_pay,NewArrivals,Grocery,1,60.16,0.244,14.68,overnight,25.31,0.0,0.0,70.79,0.13,1,True,True,False
ORD101002,C98688,2024-08-07 07:44:55,2024-08-09 07:44:55,ios_app,desktop,Edge,US,MD,klarna,SpringSale,Grocery,1,92.08,0.207,19.06,two_day,16.72,0.0638,4.66,94.4,1.93,2,True,True,False
ORD101003,C67479,2024-09-02 02:51:36,2024-09-06 02:51:36,android_app,tablet,Chrome,US,IN,google_pay,Loyalty,Grocery,2,101.32,0.193,19.55,standard,3.6,0.0567,4.64,90.01,0.14,4,True,True,False
ORD101004,C77253,2024-10-16 14:36:13,2024-10-20 14:36:13,web,tablet,Opera,US,ID,apple_pay,BackToSchool,Automotive,2,644.13,0.136,87.6,standard,8.26,0.0454,25.27,590.06,0.41,4,True,True,False
ORD101005,C85234,2025-03-03 14:13:39,2025-03-10 14:13:39,web,tablet,Edge,US,ND,paypal,SpringSale,Apparel,1,44.91,0.017,0.76,standard,7.64,0.0419,1.85,53.64,0.89,7,False,True,True
ORD101006,C46944,2025-05-13 10:31:53,2025-05-19 10:31:53,ios_app,mobile,Opera,US,LA,google_pay,None,Toys,2,138.86,0.088,12.22,standard,4.77,0.096,12.16,143.57,0.1,6,False,True,True
ORD101007,C74124,2024-10-13 22:27:26,2024-10-14 22:27:26,android_app,tablet,Opera,US,HI,paypal,Holiday,Grocery,2,76.74,0.128,9.82,overnight,26.89,0.0776,5.19,99.0,0.36,1,True,True,False
ORD101008,C32783,2025-03-13 06:45:25,2025-03-18 06:45:25,ios_app,mobile,Opera,US,MN,card,BackToSchool,Pets,1,10.08,0.067,0.68,standard,5.16,0.0477,0.45,15.01,0.9,5,True,True,True
ORD101009,C20669,2024-03-06 08:45:39,2024-03-13 08:45:39,android_app,mobile,Chrome,US,MI,paypal,BackToSchool,Grocery,5,2706.5,0.02,54.13,standard,7.2,0.0789,209.27,2868.84,1.36,7,False,True,False
ORD101010,C27228,2024-06-08 16:51:39,2024-06-12 16:51:39,android_app,desktop,Edge,UK,CO,apple_pay,NewArrivals,Automotive,1,12.34,0.244,3.01,standard,5.74,0.0,0.0,15.07,0.28,4,True,True,False
ORD101011,C31816,2024-01-28 14:52:31,2024-01-30 14:52:31,android_app,mobile,Edge,US,OH,apple_pay,SpringSale,Apparel,1,90.78,0.131,11.89,two_day,12.58,0.0432,3.41,94.88,0.1,2,True,True,False
ORD101012,C88682,2024-09-19 06:46:41,2024-09-22 06:46:41,android_app,desktop,Chrome,UK,UT,card,Holiday,Books,2,150.24,0.161,24.19,standard,6.98,0.0,0.0,133.03,1.03,3,True,True,False
ORD101013,C70293,2024-07-20 08:46:11,2024-07-24 08:46:11,marketplace,tablet,Firefox,US,UT,klarna,Holiday,Sports,1,2195.8,0.123,270.08,standard,4.59,0.0726,139.81,2070.12,0.96,4,True,True,False
ORD101014,C38008,2024-03-28 13:42:04,2024-04-04 13:42:04,ios_app,desktop,Safari,US,AL,apple_pay,Clearance,Toys,3,119.36,0.165,19.69,standard,3.95,0.0928,9.25,112.87,0.98,7,False,True,False
ORD101015,C58477,2025-04-08 06:29:34,2025-04-13 06:29:34,android_app,tablet,Safari,US,TX,google_pay,None,Apparel,1,30.07,0.126,3.79,standard,3.33,0.0923,2.43,32.04,0.18,5,True,False,False
ORD101016,C12529,2024-05-13 23:57:33,2024-05-15 23:57:33,mobile_web,tablet,Safari,US,NV,klarna,NewArrivals,Electronics,2,238.78,0.16,38.2,two_day,15.75,0.0734,14.72,231.05,2.48,2,True,False,False
ORD101017,C25344,2025-04-13 11:36:53,2025-04-16 11:36:53,web,tablet,Chrome,US,SD,apple_pay,Holiday,Home,1,12.32,0.084,1.03,standard,9.46,0.0672,0.76,21.51,0.24,3,True,True,False
ORD101018,C11809,2025-01-06 06:00:21,2025-01-08 06:00:21,ios_app,desktop,Opera,DE,CT,card,Loyalty,Sports,2,291.98,0.201,58.69,two_day,11.17,0.0,0.0,244.46,0.39,2,True,True,False
ORD101019,C82684,2025-02-16 00:35:03,2025-02-20 00:35:03,android_app,tablet,Firefox,US,AZ,google_pay,SpringSale,Automotive,2,172.68,0.15,25.9,standard,7.33,0.0517,7.59,161.7,0.76,4,True,True,False
ORD101020,C29432,2025-05-17 00:35:50,2025-05-21 00:35:50,ios_app,tablet,Edge,US,MT,klarna,None,Beauty,1,285.02,0.146,41.61,standard,3.53,0.0,0.0,246.94,0.1,4,True,True,False
ORD101021,C81496,2025-06-16 18:12:25,2025-06-17 18:12:25,android_app,mobile,Edge,US,NH,klarna,Holiday,Grocery,2,92.04,0.096,8.84,overnight,33.83,0.0,0.0,117.03,0.89,1,True,True,False
ORD101022,C42851,2025-05-21 16:21:13,2025-05-22 16:21:13,android_app,tablet,Opera,US,GA,card,BackToSchool,Apparel,2,359.46,0.152,54.64,overnight,31.43,0.0876,26.7,362.95,0.38,1,True,True,False
ORD101023,C63343,2024-06-15 12:10:41,2024-06-19 12:10:41,mobile_web,desktop,Opera,FR,MO,google_pay,Holiday,Electronics,1,99.52,0.053,5.27,standard,7.94,0.0,0.0,102.19,3.42,4,True,True,False
ORD101024,C13779,2024-10-25 14:53:10,2024-10-30 14:53:10,android_app,mobile,Safari,US,MN,google_pay,SpringSale,Pets,1,39.29,0.205,8.05,standard,9.56,0.0477,1.49,42.29,0.51,5,True,True,False
ORD101025,C35257,2024-12-01 22:28:17,2024-12-05 22:28:17,marketplace,mobile,Edge,AU,MD,card,NewArrivals,Books,4,287.73,0.239,68.77,standard,9.75,0.0,0.0,228.71,0.57,4,True,True,False
ORD101026,C80423,2024-11-12 13:56:58,2024-11-18 13:56:58,ios_app,mobile,Chrome,US,ID,klarna,Holiday,Home,3,1060.95,0.113,119.89,standard,7.18,0.0454,42.72,990.96,1.09,6,False,True,False
ORD101027,C95555,2024-07-19 09:12:25,2024-07-21 09:12:25,android_app,mobile,Chrome,US,VA,google_pay,Holiday,Sports,1,127.1,0.21,26.69,two_day,8.0,0.0933,9.37,117.78,0.56,2,True,False,False
ORD101028,C76948,2024-06-12 02:34:39,2024-06-16 02:34:39,marketplace,mobile,Safari,US,NY,paypal,BackToSchool,Automotive,1,74.07,0.237,17.55,standard,8.45,0.0729,4.12,69.09,0.35,4,True,True,False
ORD101029,C14509,2025-06-01 22:34:13,2025-06-08 22:34:13,android_app,desktop,Opera,US,MI,google_pay,BackToSchool,Electronics,1,173.64,0.035,6.08,standard,7.66,0.0789,13.22,188.44,0.44,7,False,True,True
ORD101030,C84398,2024-03-09 00:20:33,2024-03-12 00:20:33,web,desktop,Safari,US,NM,paypal,Loyalty,Apparel,1,102.26,0.213,21.78,standard,7.55,0.0931,7.49,95.52,0.7,3,True,True,False
ORD101031,C50433,2024-12-25 18:28:17,2024-12-29 18:28:17,ios_app,tablet,Opera,US,IL,card,None,Toys,2,80.17,0.246,19.72,standard,5.32,0.0486,2.94,68.71,0.62,4,True,True,False
ORD101032,C52779,2024-04-29 07:21:14,2024-05-01 07:21:14,ios_app,desktop,Opera,US,VT,paypal,Loyalty,Electronics,1,342.5,0.135,46.24,two_day,9.61,0.09,26.66,332.53,0.34,2,True,True,False
ORD101033,C69247,2024-08-03 09:51:41,2024-08-08 09:51:41,web,tablet,Edge,US,KS,google_pay,Holiday,Grocery,2,354.43,0.0,0.0,standard,9.31,0.0922,32.68,396.42,1.95,5,True,True,False
ORD101034,C17721,2024-03-31 11:28:45,2024-04-02 11:28:45,marketplace,desktop,Chrome,US,WI,card,Clearance,Beauty,2,340.75,0.071,24.19,two_day,14.28,0.056,17.73,348.57,0.86,2,True,True,False
ORD101035,C51620,2025-06-09 21:11:19,2025-06-10 21:11:19,android_app,desktop,Edge,US,LA,paypal,Clearance,Sports,2,201.47,0.18,36.26,overnight,27.71,0.096,15.86,208.78,0.1,1,True,False,False
ORD101036,C16487,2024-12-22 16:52:04,2024-12-26 16:52:04,marketplace,desktop,Safari,US,OK,apple_pay,None,Pets,2,113.7,0.242,27.52,standard,3.75,0.087,7.5,97.43,0.47,4,True,True,False
ORD101037,C80044,2025-01-02 18:43:50,2025-01-03 18:43:50,web,tablet,Edge,US,AZ,klarna,Holiday,Toys,1,104.55,0.057,5.96,overnight,21.29,0.0517,5.1,124.98,1.14,1,True,True,False
ORD101038,C18095,2025-05-25 14:33:28,2025-05-30 14:33:28,ios_app,desktop,Firefox,US,WY,paypal,Holiday,Apparel,2,264.6,0.134,35.46,standard,3.39,0.0542,12.42,244.95,0.19,5,True,True,True
ORD101039,C60421,2024-12-31 01:44:10,2025-01-02 01:44:10,ios_app,desktop,Firefox,US,NJ,apple_pay,Clearance,Grocery,1,224.28,0.003,0.67,two_day,10.78,0.0411,9.19,243.58,0.1,2,True,True,False
ORD101040,C22231,2025-06-29 04:31:14,2025-07-06 04:31:14,web,desktop,Firefox,US,MT,card,Holiday,Apparel,2,232.25,0.076,17.65,standard,7.45,0.0,0.0,222.05,0.2,7,False,True,False
ORD101041,C76748,2024-03-19 22:01:52,2024-03-21 22:01:52,ios_app,desktop,Chrome,US,DC,google_pay,Clearance,Books,1,66.07,0.043,2.84,two_day,16.19,0.0764,4.83,84.25,0.96,2,True,True,False
ORD101042,C11496,2024-03-10 23:01:06,2024-03-16 23:01:06,android_app,mobile,Edge,US,OK,klarna,BackToSchool,Apparel,2,467.32,0.16,74.77,standard,6.16,0.087,34.15,432.86,1.6,6,False,True,False
ORD101043,C98094,2024-01-19 16:46:15,2024-01-24 16:46:15,ios_app,desktop,Opera,US,UT,paypal,SpringSale,Grocery,2,109.93,0.114,12.53,standard,4.13,0.0726,7.07,108.6,1.27,5,True,True,False
ORD101044,C75263,2024-01-18 09:51:56,2024-01-23 09:51:56,mobile_web,tablet,Safari,US,FL,google_pay,None,Grocery,1,11.8,0.12,1.42,standard,6.47,0.0803,0.83,17.68,0.2,5,True,True,False
ORD101045,C76310,2024-10-17 12:17:10,2024-10-22 12:17:10,marketplace,tablet,Chrome,US,OR,paypal,NewArrivals,Beauty,3,311.29,0.173,53.85,standard,7.72,0.0,0.0,265.16,1.8,5,True,True,False
ORD101046,C70481,2025-04-06 05:45:08,2025-04-10 05:45:08,ios_app,mobile,Chrome,US,AZ,card,Holiday,Electronics,4,1728.98,0.146,252.43,standard,5.18,0.0517,76.34,1558.07,1.1,4,True,True,True
ORD101047,C45974,2024-07-26 13:44:25,2024-07-31 13:44:25,ios_app,tablet,Opera,US,WI,klarna,Clearance,Toys,3,726.57,0.172,124.97,standard,4.79,0.056,33.69,640.08,0.53,5,True,True,False
ORD101048,C99643,2025-02-23 07:16:45,2025-02-28 07:16:45,web,desktop,Firefox,US,CA,card,Clearance,Grocery,1,308.12,0.232,71.48,standard,4.98,0.0931,22.03,263.65,0.62,5,True,True,False
ORD101049,C71494,2024-04-07 07:15:26,2024-04-11 07:15:26,web,mobile,Opera,US,MI,card,NewArrivals,Home,4,523.46,0.184,96.32,standard,9.43,0.0789,33.7,470.27,0.57,4,True,True,True
ORD101050,C96391,2024-01-21 18:11:19,2024-01-26 18:11:19,android_app,tablet,Opera,US,CA,apple_pay,BackToSchool,Sports,3,133.11,0.14,18.64,standard,5.11,0.0931,10.66,130.24,4.32,5,True,True,False
ORD101051,C88617,2025-04-10 13:33:36,2025-04-17 13:33:36,marketplace,tablet,Opera,FR,TX,klarna,SpringSale,Pets,2,141.22,0.118,16.66,standard,3.78,0.0,0.0,128.34,0.76,7,False,True,False
ORD101052,C10207,2024-05-05 06:44:46,2024-05-12 06:44:46,ios_app,mobile,Chrome,US,MS,card,Loyalty,Beauty,3,154.92,0.0,0.0,standard,5.31,0.0436,6.75,166.98,0.14,7,False,True,False
ORD101053,C63366,2024-01-30 01:27:11,2024-02-06 01:27:11,web,desktop,Opera,US,NE,apple_pay,NewArrivals,Grocery,1,49.62,0.2,9.92,standard,7.48,0.0845,3.35,50.53,0.24,7,False,True,False
ORD101054,C33665,2024-07-16 13:16:05,2024-07-20 13:16:05,marketplace,desktop,Edge,US,MS,apple_pay,None,Home,2,1417.95,0.281,398.44,standard,5.24,0.0436,44.45,1069.2,2.23,4,True,True,True
ORD101055,C28471,2024-02-12 20:39:18,2024-02-18 20:39:18,web,tablet,Edge,US,MA,klarna,SpringSale,Automotive,3,1527.29,0.229,349.75,standard,4.79,0.05,58.88,1241.21,0.34,6,False,True,False
ORD101056,C99573,2025-03-12 04:56:49,2025-03-14 04:56:49,web,mobile,Firefox,US,NH,card,NewArrivals,Beauty,1,77.1,0.248,19.12,two_day,13.79,0.0,0.0,71.77,0.26,2,True,True,False
ORD101057,C68523,2024-11-22 15:27:48,2024-11-24 15:27:48,android_app,tablet,Chrome,FR,ME,google_pay,BackToSchool,Home,2,261.68,0.121,31.66,two_day,17.55,0.0,0.0,247.57,0.52,2,True,True,False
ORD101058,C43683,2025-03-13 19:05:46,2025-03-15 19:05:46,ios_app,mobile,Safari,US,OK,google_pay,SpringSale,Beauty,1,74.22,0.075,5.57,two_day,13.28,0.087,5.97,87.9,0.86,2,True,True,True
ORD101059,C85928,2025-04-26 07:58:09,2025-04-28 07:58:09,mobile_web,tablet,Firefox,US,RI,klarna,Clearance,Sports,1,27.18,0.132,3.59,two_day,16.23,0.0467,1.1,40.92,0.29,2,True,True,False
ORD101060,C57601,2024-10-23 00:42:30,2024-10-27 00:42:30,mobile_web,desktop,Opera,US,ID,card,SpringSale,Beauty,1,23.44,0.198,4.64,standard,3.3,0.0454,0.85,22.95,0.25,4,True,True,False
ORD101061,C52398,2024-11-15 06:46:25,2024-11-16 06:46:25,mobile_web,desktop,Opera,US,LA,klarna,Loyalty,Home,2,74.54,0.038,2.83,overnight,17.9,0.096,6.88,96.49,0.53,1,True,True,False
ORD101062,C88000,2025-01-26 00:00:25,2025-01-30 00:00:25,mobile_web,tablet,Chrome,US,KS,paypal,NewArrivals,Pets,2,328.14,0.225,73.83,standard,6.47,0.0922,23.45,284.23,0.16,4,True,True,False
ORD101063,C10517,2024-11-13 23:06:49,2024-11-16 23:06:49,marketplace,tablet,Chrome,US,UT,apple_pay,Holiday,Toys,2,311.11,0.071,22.09,standard,5.69,0.0726,20.98,315.69,0.12,3,True,True,False
ORD101064,C23445,2025-05-18 16:16:11,2025-05-24 16:16:11,marketplace,tablet,Opera,US,ND,apple_pay,Clearance,Toys,2,201.42,0.1,20.14,standard,4.86,0.0419,7.6,193.74,0.1,6,False,True,False
ORD101065,C96421,2024-04-29 06:08:04,2024-05-04 06:08:04,web,desktop,Opera,US,PA,apple_pay,NewArrivals,Sports,2,583.49,0.153,89.27,standard,8.09,0.0486,24.02,526.33,1.61,5,True,True,False
ORD101066,C96452,2024-01-28 20:50:01,2024-02-01 20:50:01,web,mobile,Safari,US,ND,klarna,None,Toys,1,77.69,0.142,11.03,standard,7.6,0.0419,2.79,77.05,1.07,4,True,True,True
ORD101067,C36474,2024-04-26 10:08:01,2024-05-01 10:08:01,marketplace,mobile,Opera,US,OR,klarna,SpringSale,Electronics,3,254.7,0.186,47.37,standard,5.86,0.0,0.0,213.19,0.94,5,True,False,False
ORD101068,C26988,2024-02-20 19:52:12,2024-02-22 19:52:12,ios_app,tablet,Edge,US,GA,card,Loyalty,Books,1,108.82,0.105,11.43,two_day,9.28,0.0876,8.53,115.2,0.26,2,True,True,False
ORD101069,C25805,2024-08-18 18:54:11,2024-08-23 18:54:11,android_app,mobile,Safari,US,SC,klarna,NewArrivals,Toys,1,131.12,0.101,13.24,standard,3.31,0.0561,6.61,127.8,1.58,5,True,True,False
ORD101070,C76082,2024-10-07 10:15:41,2024-10-12 10:15:41,mobile_web,desktop,Opera,US,GA,card,BackToSchool,Beauty,2,387.45,0.028,10.85,standard,8.44,0.0876,32.99,418.03,0.25,5,True,True,False
ORD101071,C62337,2024-02-29 10:21:11,2024-03-03 10:21:11,web,desktop,Edge,US,AR,klarna,Holiday,Beauty,1,179.73,0.136,24.44,standard,9.62,0.0494,7.67,172.58,0.73,3,True,True,False
ORD101072,C10118,2024-08-13 07:35:05,2024-08-18 07:35:05,mobile_web,mobile,Firefox,US,VT,klarna,BackToSchool,Toys,3,401.18,0.23,92.27,standard,7.88,0.09,27.8,344.59,1.8,5,True,True,False
ORD101073,C76875,2024-04-07 15:35:24,2024-04-09 15:35:24,mobile_web,tablet,Chrome,US,VA,apple_pay,Loyalty,Beauty,2,1261.14,0.05,63.06,two_day,12.41,0.0933,111.78,1322.27,0.14,2,True,True,False
ORD101074,C28506,2025-06-14 04:22:33,2025-06-21 04:22:33,marketplace,tablet,Opera,US,AZ,google_pay,BackToSchool,Apparel,1,81.73,0.12,9.81,standard,4.12,0.0517,3.72,79.76,0.21,7,False,True,True
ORD101075,C90370,2024-04-15 20:42:02,2024-04-20 20:42:02,ios_app,tablet,Edge,US,OR,klarna,Holiday,Toys,2,174.56,0.245,42.77,standard,3.78,0.0,0.0,135.57,1.58,5,True,True,False
ORD101076,C61105,2024-07-22 21:09:28,2024-07-24 21:09:28,mobile_web,mobile,Firefox,US,DC,card,None,Grocery,1,772.55,0.267,206.27,two_day,11.56,0.0764,43.26,621.1,0.91,2,True,True,False
ORD101077,C16553,2025-05-16 10:44:15,2025-05-18 10:44:15,marketplace,desktop,Safari,US,NH,paypal,Loyalty,Automotive,1,170.62,0.203,34.64,two_day,8.08,0.0,0.0,144.06,1.15,2,True,True,False
ORD101078,C85199,2025-03-06 03:50:12,2025-03-13 03:50:12,web,mobile,Edge,DE,PA,google_pay,SpringSale,Pets,1,44.32,0.07,3.1,standard,9.67,0.0,0.0,50.89,0.17,7,False,True,True
ORD101079,C88258,2024-01-14 04:20:06,2024-01-20 04:20:06,ios_app,tablet,Safari,US,OR,apple_pay,Loyalty,Beauty,3,988.2,0.19,187.76,standard,5.88,0.0,0.0,806.32,1.61,6,False,False,True
ORD101080,C76196,2024-05-03 02:33:14,2024-05-04 02:33:14,web,tablet,Chrome,US,TX,google_pay,None,Automotive,1,50.17,0.109,5.47,overnight,34.74,0.0923,4.13,83.57,0.21,1,True,True,False
ORD101081,C77192,2024-02-28 03:15:43,2024-02-29 03:15:43,mobile_web,mobile,Safari,US,WI,klarna,Holiday,Sports,1,159.69,0.131,20.92,overnight,23.23,0.056,7.77,169.77,1.76,1,True,True,True
ORD101082,C45061,2024-08-09 16:05:01,2024-08-11 16:05:01,android_app,mobile,Firefox,US,HI,apple_pay,Clearance,Toys,2,428.19,0.11,47.1,two_day,19.87,0.0776,29.57,430.53,0.42,2,True,True,False
ORD101083,C43741,2025-01-04 00:08:29,2025-01-07 00:08:29,marketplace,tablet,Safari,US,SC,klarna,Loyalty,Books,2,665.24,0.109,72.51,standard,6.59,0.0561,33.25,632.57,0.1,3,True,True,False
ORD101084,C61641,2025-01-19 02:47:29,2025-01-23 02:47:29,marketplace,tablet,Firefox,US,MI,card,Clearance,Toys,2,1015.22,0.234,237.56,standard,3.7,0.0789,61.36,842.72,1.46,4,True,True,False
ORD101085,C91103,2024-03-04 16:07:03,2024-03-11 16:07:03,android_app,mobile,Opera,US,ND,google_pay,NewArrivals,Home,2,699.78,0.089,62.28,standard,9.16,0.0419,26.71,673.37,0.49,7,False,True,True
ORD101086,C16286,2024-12-28 08:13:55,2024-12-30 08:13:55,marketplace,mobile,Chrome,US,NY,apple_pay,SpringSale,Pets,2,1566.94,0.003,4.7,two_day,11.41,0.0729,113.89,1687.54,0.1,2,True,True,False
ORD101087,C38737,2024-01-22 00:15:42,2024-01-27 00:15:42,ios_app,tablet,Chrome,US,MN,apple_pay,BackToSchool,Pets,4,569.1,0.136,77.4,standard,9.84,0.0477,23.45,524.99,2.17,5,True,True,False
ORD101088,C90850,2024-02-09 23:04:25,2024-02-12 23:04:25,android_app,mobile,Safari,US,MN,card,BackToSchool,Books,3,1440.4,0.074,106.59,standard,7.1,0.0477,63.62,1404.53,0.35,3,True,True,True
ORD101089,C29389,2025-06-19 09:07:02,2025-06-21 09:07:02,ios_app,mobile,Edge,AU,MI,paypal,SpringSale,Electronics,3,817.04,0.211,172.4,two_day,9.03,0.0,0.0,653.67,0.1,2,True,True,False
ORD101090,C52549,2025-02-26 07:12:15,2025-03-03 07:12:15,mobile_web,tablet,Edge,US,CA,google_pay,SpringSale,Pets,2,1378.04,0.097,133.67,standard,8.37,0.0931,115.85,1368.59,0.37,5,True,True,False
ORD101091,C43576,2024-04-18 23:12:39,2024-04-20 23:12:39,android_app,desktop,Edge,US,NY,google_pay,NewArrivals,Toys,2,103.88,0.074,7.69,two_day,9.09,0.0729,7.01,112.29,1.12,2,True,True,False
ORD101092,C36574,2025-06-17 00:42:23,2025-06-19 00:42:23,ios_app,mobile,Chrome,US,ID,card,BackToSchool,Grocery,5,623.04,0.21,130.84,two_day,19.24,0.0454,22.35,533.79,0.17,2,True,True,False
ORD101093,C53475,2024-02-12 20:09:35,2024-02-17 20:09:35,marketplace,tablet,Chrome,DE,AK,google_pay,SpringSale,Grocery,1,67.21,0.125,8.4,standard,4.9,0.0,0.0,63.71,0.43,5,True,True,False
ORD101094,C82335,2025-04-05 00:02:52,2025-04-07 00:02:52,marketplace,mobile,Firefox,US,WY,paypal,Holiday,Pets,2,341.42,0.078,26.63,two_day,9.12,0.0542,17.06,340.97,0.3,2,True,True,False
ORD101095,C44585,2025-03-26 15:26:55,2025-03-28 15:26:55,android_app,mobile,Firefox,US,TN,paypal,Loyalty,Grocery,3,1608.76,0.177,284.75,two_day,15.89,0.0864,114.39,1454.29,0.2,2,True,True,False
ORD101096,C76544,2025-03-13 12:04:12,2025-03-17 12:04:12,ios_app,mobile,Firefox,US,AL,klarna,Holiday,Electronics,2,340.19,0.131,44.56,standard,5.16,0.0928,27.43,328.22,0.36,4,True,False,False
ORD101097,C92945,2025-06-02 02:51:40,2025-06-08 02:51:40,mobile_web,desktop,Edge,US,AK,google_pay,Holiday,Apparel,1,112.7,0.23,25.92,standard,6.1,0.0,0.0,92.88,0.13,6,False,True,False
ORD101098,C85822,2025-04-26 12:08:25,2025-05-01 12:08:25,android_app,mobile,Firefox,US,MD,paypal,Loyalty,Electronics,4,576.09,0.085,48.97,standard,8.95,0.0638,33.63,569.7,0.41,5,True,True,True
ORD101099,C29309,2024-06-06 08:33:30,2024-06-07 08:33:30,mobile_web,mobile,Safari,US,UT,paypal,Clearance,Grocery,2,234.82,0.188,44.15,overnight,28.21,0.0726,13.84,232.72,0.51,1,True,True,False
ORD101100,C65912,2025-04-27 17:43:48,2025-05-04 17:43:48,marketplace,mobile,Safari,US,NH,apple_pay,Holiday,Books,1,99.84,0.11,10.98,standard,3.77,0.0,0.0,92.63,0.21,7,False,True,False
ORD101101,C26992,2024-07-09 17:47:39,2024-07-13 17:47:39,ios_app,mobile,Edge,US,AK,card,Holiday,Pets,2,1528.11,0.094,143.64,standard,6.27,0.0,0.0,1390.74,0.39,4,True,True,False
ORD101102,C63781,2024-05-12 08:17:20,2024-05-17 08:17:20,web,mobile,Opera,US,TX,google_pay,SpringSale,Grocery,2,115.24,0.184,21.2,standard,3.71,0.0923,8.68,106.43,0.17,5,True,True,False
ORD101103,C95122,2025-03-05 09:33:59,2025-03-11 09:33:59,mobile_web,desktop,Opera,US,AK,apple_pay,BackToSchool,Pets,2,300.88,0.138,41.52,standard,7.97,0.0,0.0,267.33,0.74,6,False,True,False
ORD101104,C24202,2024-07-30 02:38:59,2024-08-03 02:38:59,mobile_web,mobile,Safari,CA,TN,klarna,Clearance,Pets,2,164.59,0.113,18.6,standard,9.22,0.0,0.0,155.21,0.15,4,True,True,False
ORD101105,C29229,2024-04-13 02:59:29,2024-04-18 02:59:29,marketplace,mobile,Edge,US,SC,klarna,NewArrivals,Electronics,1,35.44,0.161,5.71,standard,5.32,0.0561,1.67,36.72,0.43,5,True,True,False
ORD101106,C67962,2024-04-28 01:09:53,2024-05-03 01:09:53,android_app,desktop,Opera,US,AZ,card,Holiday,Apparel,1,686.6,0.048,32.96,standard,3.17,0.0517,33.79,690.6,1.87,5,True,True,False
ORD101107,C73205,2024-11-13 03:23:26,2024-11-17 03:23:26,marketplace,desktop,Chrome,US,NJ,apple_pay,Clearance,Apparel,2,500.16,0.132,66.02,standard,9.41,0.0411,17.84,461.39,0.3,4,True,True,False
ORD101108,C54770,2024-06-08 09:08:17,2024-06-10 09:08:17,ios_app,mobile,Chrome,US,DC,paypal,Clearance,Sports,1,32.64,0.107,3.49,two_day,12.24,0.0764,2.23,43.62,0.41,2,True,True,False
ORD101109,C51658,2025-05-03 13:55:00,2025-05-05 13:55:00,ios_app,tablet,Opera,US,IL,paypal,None,Home,1,67.54,0.197,13.31,two_day,13.89,0.0486,2.64,70.76,0.76,2,True,True,True
ORD101110,C80982,2025-06-26 18:39:51,2025-06-28 18:39:51,marketplace,desktop,Chrome,US,IA,paypal,BackToSchool,Electronics,3,1287.0,0.266,342.34,two_day,18.33,0.0426,40.24,1003.23,0.38,2,True,True,False
ORD101111,C83184,2024-10-07 20:30:39,2024-10-10 20:30:39,marketplace,desktop,Opera,US,TX,google_pay,SpringSale,Books,1,671.04,0.104,69.79,standard,3.21,0.0923,55.5,659.96,0.26,3,True,True,False
ORD101112,C77787,2024-03-07 01:04:32,2024-03-11 01:04:32,mobile_web,desktop,Opera,US,VA,google_pay,Clearance,Automotive,2,89.64,0.068,6.1,standard,4.97,0.0933,7.79,96.3,1.61,4,True,True,False
ORD101113,C37030,2024-01-11 14:27:15,2024-01-15 14:27:15,ios_app,tablet,Edge,US,IA,google_pay,BackToSchool,Books,2,517.47,0.101,52.26,standard,7.37,0.0426,19.82,492.4,0.15,4,True,True,False
ORD101114,C73113,2025-03-09 06:06:57,2025-03-13 06:06:57,mobile_web,desktop,Safari,US,TX,klarna,BackToSchool,Sports,2,112.23,0.112,12.57,standard,8.43,0.0923,9.2,117.29,0.74,4,True,False,True
ORD101115,C77255,2024-10-10 13:29:12,2024-10-12 13:29:12,mobile_web,tablet,Firefox,US,MO,paypal,SpringSale,Beauty,1,13.41,0.168,2.25,two_day,9.75,0.0689,0.77,21.68,0.45,2,True,True,False
ORD101116,C35777,2025-04-26 12:58:34,2025-04-30 12:58:34,marketplace,desktop,Safari,DE,UT,card,BackToSchool,Books,1,23.24,0.125,2.9,standard,7.68,0.0,0.0,28.02,0.72,4,True,True,False
ORD101117,C79804,2024-08-14 10:48:55,2024-08-18 10:48:55,ios_app,mobile,Chrome,US,VT,apple_pay,Holiday,Pets,1,47.87,0.057,2.73,standard,3.42,0.09,4.06,52.62,0.4,4,True,False,False
ORD101118,C11145,2024-04-18 17:20:11,2024-04-23 17:20:11,android_app,desktop,Safari,US,KS,paypal,NewArrivals,Grocery,2,366.2,0.1,36.62,standard,6.52,0.0922,30.39,366.49,0.94,5,True,True,False
ORD101119,C48513,2025-04-16 07:54:41,2025-04-20 07:54:41,android_app,desktop,Safari,US,SD,paypal,SpringSale,Home,4,855.46,0.098,83.84,standard,8.35,0.0672,51.85,831.82,0.21,4,True,True,False
ORD101120,C73328,2024-03-13 19:32:50,2024-03-18 19:32:50,marketplace,desktop,Chrome,US,UT,google_pay,Holiday,Beauty,1,133.94,0.12,16.07,standard,7.3,0.0726,8.56,133.73,0.1,5,True,True,False
ORD101121,C95041,2024-10-18 03:30:51,2024-10-20 03:30:51,web,desktop,Firefox,FR,FL,google_pay,Clearance,Automotive,3,894.66,0.128,114.52,two_day,16.95,0.0,0.0,797.09,0.4,2,True,True,False
ORD101122,C23538,2024-03-25 12:11:17,2024-03-29 12:11:17,android_app,mobile,Edge,US,NM,klarna,BackToSchool,Beauty,1,339.83,0.169,57.43,standard,6.51,0.0931,26.29,315.2,0.78,4,True,True,False
ORD101123,C11210,2024-04-06 17:40:27,2024-04-11 17:40:27,ios_app,tablet,Opera,DE,NH,apple_pay,Holiday,Sports,2,242.58,0.181,43.91,standard,7.65,0.0,0.0,206.32,0.87,5,True,False,False
ORD101124,C89414,2025-06-14 21:03:32,2025-06-20 21:03:32,mobile_web,tablet,Chrome,US,GA,apple_pay,Loyalty,Home,2,84.7,0.105,8.89,standard,3.02,0.0876,6.64,85.47,0.3,6,False,True,False
ORD101125,C62650,2024-04-29 02:53:19,2024-05-03 02:53:19,mobile_web,desktop,Edge,US,CT,paypal,Holiday,Electronics,1,415.0,0.009,3.74,standard,8.48,0.0683,28.09,447.83,0.13,4,True,True,True
ORD101126,C28132,2024-07-10 01:34:17,2024-07-13 01:34:17,mobile_web,desktop,Firefox,US,ID,google_pay,None,Electronics,1,102.7,0.049,5.03,standard,9.19,0.0454,4.43,111.29,0.8,3,True,True,False
ORD101127,C10969,2024-05-23 04:36:39,2024-05-27 04:36:39,android_app,mobile,Edge,US,WI,paypal,NewArrivals,Apparel,1,89.24,0.155,13.83,standard,4.73,0.056,4.22,84.36,0.89,4,True,True,False
ORD101128,C62470,2024-05-13 03:43:26,2024-05-19 03:43:26,web,tablet,Opera,US,CA,klarna,Clearance,Beauty,1,34.82,0.071,2.47,standard,7.96,0.0931,3.01,43.32,0.44,6,False,True,False
ORD101129,C58879,2024-09-01 14:37:23,2024-09-05 14:37:23,ios_app,mobile,Chrome,US,OH,apple_pay,None,Sports,3,646.07,0.227,146.66,standard,6.03,0.0432,21.57,527.01,1.12,4,True,True,False
ORD101130,C65133,2024-11-03 13:33:06,2024-11-08 13:33:06,mobile_web,desktop,Edge,US,VT,card,None,Toys,2,837.8,0.049,41.05,standard,8.5,0.09,71.71,876.96,2.2,5,True,False,True
ORD101131,C26786,2024-08-05 12:49:48,2024-08-07 12:49:48,marketplace,tablet,Edge,US,FL,card,Clearance,Grocery,1,35.55,0.192,6.83,two_day,17.34,0.0803,2.31,48.37,0.32,2,True,True,False
ORD101132,C30912,2024-11-07 11:01:34,2024-11-12 11:01:34,android_app,desktop,Edge,US,WI,card,Holiday,Automotive,1,72.93,0.112,8.17,standard,7.28,0.056,3.63,75.67,0.72,5,True,True,False
ORD101133,C83685,2024-05-26 04:00:27,2024-05-28 04:00:27,web,desktop,Opera,US,NM,klarna,Loyalty,Sports,2,210.96,0.204,43.04,two_day,14.3,0.0931,15.63,197.85,2.38,2,True,True,True
ORD101134,C16803,2025-03-01 08:46:46,2025-03-08 08:46:46,marketplace,desktop,Opera,US,ME,klarna,None,Toys,4,453.84,0.181,82.15,standard,4.88,0.0642,23.86,400.43,0.29,7,False,True,False
ORD101135,C37866,2024-08-20 16:05:59,2024-08-25 16:05:59,marketplace,mobile,Firefox,US,MA,klarna,Clearance,Pets,2,611.08,0.093,56.83,standard,5.96,0.05,27.71,587.92,0.68,5,True,True,False
ORD101136,C61293,2024-07-23 17:25:34,2024-07-25 17:25:34,web,tablet,Edge,US,NC,card,NewArrivals,Books,4,235.47,0.077,18.13,two_day,13.61,0.0731,15.89,246.84,0.77,2,True,True,False
ORD101137,C71453,2024-12-01 00:12:50,2024-12-03 00:12:50,mobile_web,tablet,Opera,AU,AR,apple_pay,Loyalty,Books,2,381.04,0.15,57.16,two_day,18.49,0.0,0.0,342.37,0.77,2,True,True,False
ORD101138,C73823,2024-03-18 04:03:47,2024-03-21 04:03:47,mobile_web,mobile,Edge,US,GA,klarna,Clearance,Books,2,134.84,0.172,23.19,standard,4.89,0.0876,9.78,126.32,2.1,3,True,True,False
ORD101139,C39194,2025-01-19 07:03:03,2025-01-21 07:03:03,android_app,mobile,Edge,UK,ME,card,Holiday,Home,3,758.84,0.251,190.47,two_day,11.36,0.0,0.0,579.73,0.19,2,True,True,False
ORD101140,C14201,2025-01-04 11:03:03,2025-01-06 11:03:03,web,mobile,Edge,US,WA,apple_pay,None,Sports,1,297.92,0.109,32.47,two_day,11.97,0.0858,22.78,300.2,0.48,2,True,True,True
ORD101141,C74167,2024-05-11 01:39:18,2024-05-14 01:39:18,ios_app,tablet,Safari,US,KS,apple_pay,SpringSale,Apparel,1,32.47,0.118,3.83,standard,5.35,0.0922,2.64,36.63,1.14,3,True,True,False
ORD101142,C22219,2024-09-12 20:13:10,2024-09-17 20:13:10,web,tablet,Firefox,US,CT,card,Loyalty,Automotive,3,2190.5,0.207,453.43,standard,6.33,0.0683,118.64,1862.04,0.1,5,True,True,False
ORD101143,C69175,2024-06-12 09:55:54,2024-06-18 09:55:54,ios_app,tablet,Edge,US,DE,google_pay,Loyalty,Pets,2,554.89,0.197,109.31,standard,4.23,0.0,0.0,449.81,0.22,6,False,False,False
ORD101144,C84087,2024-07-11 01:55:08,2024-07-16 01:55:08,marketplace,mobile,Opera,US,SC,paypal,Holiday,Toys,2,232.97,0.207,48.22,standard,8.15,0.0561,10.36,203.26,0.82,5,True,True,False
ORD101145,C21036,2025-05-28 23:49:10,2025-05-31 23:49:10,web,mobile,Opera,FR,TN,klarna,None,Toys,1,68.96,0.093,6.41,standard,5.71,0.0,0.0,68.26,0.1,3,True,True,False
ORD101146,C66698,2025-06-12 12:19:18,2025-06-18 12:19:18,marketplace,tablet,Edge,US,IL,card,Clearance,Electronics,1,451.61,0.252,113.81,standard,9.13,0.0486,16.42,363.35,2.02,6,False,True,False
ORD101147,C34524,2025-04-28 18:01:55,2025-05-02 18:01:55,ios_app,mobile,Chrome,US,IN,apple_pay,NewArrivals,Electronics,4,1012.13,0.171,173.07,standard,7.43,0.0567,47.57,894.06,2.98,4,True,True,False
ORD101148,C73722,2025-06-25 14:42:50,2025-06-30 14:42:50,marketplace,tablet,Safari,US,MI,klarna,Clearance,Home,3,1077.48,0.099,106.67,standard,8.6,0.0789,76.6,1056.01,0.26,5,True,True,False
ORD101149,C24198,2025-02-23 22:40:50,2025-02-26 22:40:50,marketplace,mobile,Safari,US,IL,paypal,Clearance,Sports,2,81.36,0.094,7.65,standard,9.57,0.0486,3.58,86.86,1.63,3,True,False,False
ORD101150,C81240,2024-02-13 13:47:42,2024-02-15 13:47:42,ios_app,desktop,Safari,DE,AL,klarna,Holiday,Beauty,2,125.37,0.106,13.29,two_day,12.72,0.0,0.0,124.8,0.1,2,True,True,False
ORD101151,C26771,2025-04-15 01:47:35,2025-04-21 01:47:35,ios_app,desktop,Chrome,US,HI,klarna,None,Toys,1,1120.92,0.102,114.33,standard,9.33,0.0776,78.11,1094.03,1.8,6,False,True,False
ORD101152,C16276,2024-09-30 06:42:12,2024-10-06 06:42:12,mobile_web,mobile,Chrome,DE,OH,google_pay,BackToSchool,Home,2,708.37,0.082,58.09,standard,7.71,0.0,0.0,657.99,0.39,6,False,True,True
ORD101153,C34129,2024-03-31 06:28:02,2024-04-02 06:28:02,android_app,mobile,Firefox,US,WA,google_pay,Clearance,Pets,3,142.59,0.089,12.69,two_day,18.57,0.0858,11.15,159.62,0.42,2,True,True,False
ORD101154,C66887,2024-06-28 03:41:01,2024-07-04 03:41:01,marketplace,tablet,Chrome,US,NV,card,Holiday,Grocery,2,91.42,0.279,25.51,standard,4.59,0.0734,4.84,75.34,0.55,6,False,False,False
ORD101155,C69319,2025-05-13 12:15:18,2025-05-18 12:15:18,marketplace,mobile,Edge,US,CO,paypal,Holiday,Apparel,2,313.4,0.183,57.35,standard,4.62,0.0737,18.87,279.54,0.1,5,True,True,False
ORD101156,C82399,2025-04-25 07:17:57,2025-05-02 07:17:57,web,mobile,Safari,US,CO,paypal,BackToSchool,Books,2,257.19,0.019,4.89,standard,5.31,0.0737,18.59,276.2,0.86,7,False,True,False
ORD101157,C10740,2024-03-19 20:23:53,2024-03-25 20:23:53,web,mobile,Firefox,US,VT,google_pay,None,Toys,2,80.25,0.112,8.99,standard,6.63,0.09,6.41,84.3,0.42,6,False,False,False
ORD101158,C93200,2024-12-13 13:15:16,2024-12-15 13:15:16,android_app,desktop,Opera,US,IL,paypal,SpringSale,Electronics,2,1358.52,0.142,192.91,two_day,10.66,0.0486,56.65,1232.92,0.1,2,True,True,False
ORD101159,C16688,2024-11-19 07:55:26,2024-11-23 07:55:26,web,mobile,Opera,US,AZ,paypal,None,Beauty,1,308.25,0.23,70.9,standard,4.12,0.0517,12.27,253.74,0.33,4,True,True,True
ORD101160,C81563,2024-09-04 23:11:15,2024-09-10 23:11:15,mobile_web,desktop,Safari,US,MS,google_pay,Clearance,Pets,2,82.97,0.18,14.93,standard,6.88,0.0436,2.97,77.89,0.82,6,False,True,False
ORD101161,C54189,2025-01-14 21:19:06,2025-01-21 21:19:06,mobile_web,mobile,Safari,US,AZ,klarna,None,Home,1,53.21,0.151,8.03,standard,8.56,0.0517,2.34,56.08,0.1,7,False,True,False
ORD101162,C97846,2024-02-16 09:17:36,2024-02-22 09:17:36,ios_app,tablet,Safari,US,VT,klarna,None,Automotive,2,475.69,0.15,71.35,standard,6.18,0.09,36.39,446.91,1.78,6,False,True,False
ORD101163,C37771,2025-03-29 01:44:45,2025-04-01 01:44:45,ios_app,tablet,Safari,US,WY,paypal,None,Books,1,150.6,0.067,10.09,standard,9.71,0.0542,7.62,157.84,0.32,3,True,True,False
ORD101164,C42337,2024-12-22 03:26:45,2024-12-26 03:26:45,marketplace,tablet,Edge,UK,NC,card,Holiday,Automotive,2,112.78,0.235,26.5,standard,5.96,0.0,0.0,92.24,0.26,4,True,False,False
ORD101165,C94578,2024-12-17 01:48:53,2024-12-22 01:48:53,marketplace,desktop,Opera,US,WI,klarna,BackToSchool,Electronics,4,341.98,0.11,37.62,standard,6.46,0.056,17.04,327.86,0.31,5,True,True,False
ORD101166,C51430,2024-10-12 04:36:44,2024-10-19 04:36:44,mobile_web,tablet,Edge,US,IL,google_pay,SpringSale,Automotive,1,1082.34,0.033,35.72,standard,9.38,0.0486,50.87,1106.87,0.1,7,False,False,False
ORD101167,C67372,2025-01-07 05:44:05,2025-01-13 05:44:05,web,tablet,Safari,US,SD,paypal,Holiday,Automotive,1,154.54,0.082,12.67,standard,8.33,0.0672,9.53,159.73,0.88,6,False,True,True
ORD101168,C53327,2024-03-14 15:01:26,2024-03-17 15:01:26,android_app,mobile,Safari,US,MN,card,Clearance,Grocery,3,590.51,0.215,126.96,standard,9.52,0.0477,22.11,495.18,0.75,3,True,True,False
ORD101169,C98678,2025-05-28 16:08:06,2025-06-02 16:08:06,android_app,tablet,Chrome,UK,KS,apple_pay,BackToSchool,Apparel,1,494.14,0.122,60.29,standard,5.29,0.0,0.0,439.14,1.45,5,True,True,False
ORD101170,C39011,2024-04-03 17:05:11,2024-04-09 17:05:11,web,desktop,Chrome,US,IN,klarna,SpringSale,Toys,2,66.01,0.058,3.83,standard,5.88,0.0567,3.53,71.59,0.16,6,False,True,True
ORD101171,C34538,2024-10-23 07:24:22,2024-10-29 07:24:22,web,desktop,Opera,US,AK,apple_pay,None,Pets,2,106.96,0.085,9.09,standard,9.72,0.0,0.0,107.59,0.38,6,False,True,False
ORD101172,C33227,2024-05-23 06:48:10,2024-05-25 06:48:10,ios_app,mobile,Firefox,US,NY,apple_pay,NewArrivals,Electronics,5,1101.25,0.131,144.26,two_day,14.91,0.0729,69.76,1041.66,0.78,2,True,True,False
ORD101173,C34757,2024-03-30 10:11:58,2024-04-03 10:11:58,ios_app,tablet,Firefox,US,ID,apple_pay,Holiday,Apparel,2,522.21,0.108,56.4,standard,3.28,0.0454,21.15,490.24,0.3,4,True,True,False
ORD101174,C40372,2025-05-25 13:21:03,2025-05-27 13:21:03,ios_app,mobile,Firefox,US,HI,paypal,BackToSchool,Electronics,1,204.56,0.04,8.18,two_day,16.08,0.0776,15.24,227.7,0.32,2,True,True,False
ORD101175,C58882,2024-08-18 13:47:01,2024-08-23 13:47:01,ios_app,desktop,Firefox,US,DE,card,SpringSale,Electronics,1,122.64,0.128,15.7,standard,8.91,0.0,0.0,115.85,2.09,5,True,True,False
ORD101176,C28484,2024-07-21 20:39:45,2024-07-27 20:39:45,ios_app,tablet,Safari,US,NE,klarna,None,Electronics,1,70.81,0.143,10.13,standard,5.35,0.0845,5.13,71.16,1.37,6,False,True,False
ORD101177,C53496,2024-09-21 03:03:21,2024-09-28 03:03:21,marketplace,mobile,Safari,US,UT,apple_pay,None,Pets,2,226.0,0.217,49.04,standard,3.98,0.0726,12.85,193.79,0.95,7,False,True,False
ORD101178,C53128,2024-05-12 22:03:25,2024-05-16 22:03:25,mobile_web,mobile,Safari,US,NM,google_pay,NewArrivals,Automotive,2,41.35,0.145,6.0,standard,5.4,0.0931,3.29,44.04,0.79,4,True,True,False
ORD101179,C17927,2024-08-11 18:07:48,2024-08-18 18:07:48,web,tablet,Edge,US,SC,apple_pay,BackToSchool,Toys,2,1547.82,0.057,88.23,standard,8.54,0.0561,81.88,1550.01,0.1,7,False,True,False
ORD101180,C65155,2024-05-14 15:17:30,2024-05-21 15:17:30,android_app,mobile,Chrome,US,UT,paypal,None,Toys,2,368.7,0.068,25.07,standard,4.13,0.0726,24.95,372.71,1.33,7,False,True,False
ORD101181,C15457,2024-02-14 21:16:38,2024-02-18 21:16:38,web,tablet,Opera,UK,TN,klarna,None,Sports,1,21.15,0.06,1.27,standard,9.95,0.0,0.0,29.83,0.34,4,True,True,False
ORD101182,C20704,2025-04-05 00:48:55,2025-04-10 00:48:55,marketplace,tablet,Chrome,US,WI,apple_pay,Clearance,Pets,3,601.32,0.073,43.9,standard,8.49,0.056,31.22,597.13,0.19,5,True,True,False
ORD101183,C50544,2024-04-28 04:36:42,2024-05-01 04:36:42,mobile_web,mobile,Safari,US,CA,paypal,Holiday,Toys,1,36.28,0.225,8.16,standard,5.62,0.0931,2.62,36.36,0.1,3,True,True,False
ORD101184,C77690,2025-02-16 09:02:32,2025-02-20 09:02:32,web,desktop,Edge,US,IA,paypal,BackToSchool,Pets,2,81.33,0.056,4.55,standard,7.03,0.0426,3.27,87.08,0.28,4,True,True,False
ORD101185,C86118,2025-03-28 08:21:05,2025-04-02 08:21:05,android_app,mobile,Edge,US,WA,card,Holiday,Automotive,1,850.29,0.064,54.42,standard,3.44,0.0858,68.29,867.6,0.52,5,True,True,False
ORD101186,C95738,2025-03-25 13:35:43,2025-03-26 13:35:43,mobile_web,mobile,Firefox,US,TX,google_pay,Holiday,Sports,2,470.95,0.249,117.27,overnight,18.15,0.0923,32.64,404.47,0.89,1,True,True,False
ORD101187,C66704,2025-05-03 20:24:29,2025-05-09 20:24:29,mobile_web,tablet,Firefox,US,MI,klarna,Holiday,Grocery,1,196.77,0.159,31.29,standard,4.31,0.0789,13.06,182.85,2.71,6,False,True,False
ORD101188,C80070,2024-10-07 18:17:29,2024-10-14 18:17:29,web,mobile,Safari,US,MD,paypal,SpringSale,Home,1,624.32,0.198,123.62,standard,6.56,0.0638,31.94,539.2,0.22,7,False,False,False
ORD101189,C39134,2025-03-03 05:47:54,2025-03-09 05:47:54,android_app,tablet,Firefox,US,MO,apple_pay,Holiday,Sports,1,908.85,0.088,79.98,standard,5.19,0.0689,57.11,891.17,0.23,6,False,True,False
ORD101190,C37791,2024-11-14 13:18:50,2024-11-16 13:18:50,mobile_web,tablet,Edge,US,CA,google_pay,NewArrivals,Grocery,2,63.39,0.185,11.73,two_day,15.95,0.0931,4.81,72.42,0.1,2,True,True,False
ORD101191,C23115,2024-09-04 17:29:34,2024-09-08 17:29:34,mobile_web,tablet,Firefox,US,WA,google_pay,Holiday,Automotive,2,101.46,0.093,9.44,standard,7.22,0.0858,7.9,107.14,1.21,4,True,True,False
ORD101192,C15109,2024-01-04 07:39:36,2024-01-06 07:39:36,android_app,desktop,Firefox,US,MN,card,Clearance,Apparel,1,22.88,0.077,1.76,two_day,8.74,0.0477,1.01,30.87,0.34,2,True,True,False
ORD101193,C13051,2024-12-20 05:08:42,2024-12-26 05:08:42,web,desktop,Chrome,US,NY,apple_pay,None,Apparel,1,53.0,0.154,8.16,standard,6.76,0.0729,3.27,54.87,1.21,6,False,True,True
ORD101194,C90567,2024-05-29 20:05:04,2024-05-31 20:05:04,mobile_web,tablet,Opera,US,CT,klarna,NewArrivals,Apparel,4,423.34,0.0,0.0,two_day,10.78,0.0683,28.91,463.03,0.24,2,True,True,False
ORD101195,C20261,2025-05-07 07:20:41,2025-05-12 07:20:41,android_app,mobile,Opera,UK,CT,klarna,BackToSchool,Pets,1,447.72,0.146,65.37,standard,9.77,0.0,0.0,392.12,0.97,5,True,True,True
ORD101196,C84951,2024-04-10 04:08:52,2024-04-14 04:08:52,marketplace,tablet,Edge,CA,RI,card,Holiday,Beauty,1,44.51,0.186,8.28,standard,8.22,0.0,0.0,44.45,0.1,4,True,True,True
ORD101197,C79474,2024-02-27 08:52:19,2024-03-03 08:52:19,mobile_web,desktop,Edge,US,RI,klarna,Holiday,Apparel,3,426.93,0.223,95.21,standard,5.33,0.0467,15.49,352.54,0.23,5,True,True,False
ORD101198,C58872,2024-12-29 18:25:19,2025-01-04 18:25:19,web,mobile,Chrome,US,AK,apple_pay,None,Sports,1,489.43,0.137,67.05,standard,8.79,0.0,0.0,431.17,0.72,6,False,True,False
ORD101199,C55237,2024-12-12 08:37:26,2024-12-15 08:37:26,ios_app,mobile,Firefox,US,NM,apple_pay,Holiday,Books,1,3302.24,0.29,957.65,standard,6.15,0.0931,218.28,2569.02,0.1,3,True,True,False
ORD101200,C39703,2025-01-27 17:38:59,2025-01-30 17:38:59,android_app,mobile,Edge,US,AL,google_pay,Holiday,Apparel,1,79.82,0.017,1.36,standard,9.29,0.0928,7.28,95.03,0.49,3,True,True,False
ORD101201,C10065,2024-10-28 10:28:13,2024-11-01 10:28:13,marketplace,mobile,Firefox,FR,KY,card,SpringSale,Toys,1,44.53,0.036,1.6,standard,4.51,0.0,0.0,47.44,0.1,4,True,True,False
ORD101202,C18301,2025-02-16 14:08:26,2025-02-22 14:08:26,ios_app,mobile,Safari,US,CA,card,Loyalty,Automotive,4,1618.57,0.063,101.97,standard,7.96,0.0931,141.2,1665.76,0.78,6,False,True,False
ORD101203,C47460,2025-06-11 08:29:35,2025-06-14 08:29:35,mobile_web,desktop,Edge,US,NE,paypal,BackToSchool,Pets,1,53.67,0.078,4.19,standard,8.68,0.0845,4.18,62.34,0.46,3,True,True,False
ORD101204,C94541,2024-08-09 04:01:23,2024-08-10 04:01:23,web,tablet,Chrome,US,KY,apple_pay,None,Pets,3,190.76,0.202,38.53,overnight,37.24,0.0832,12.67,202.14,0.61,1,True,True,True
ORD101205,C69443,2025-03-14 22:52:00,2025-03-19 22:52:00,mobile_web,desktop,Edge,US,MI,apple_pay,Holiday,Automotive,1,690.49,0.164,113.24,standard,9.44,0.0789,45.55,632.24,0.1,5,True,False,False
ORD101206,C24160,2025-06-26 01:06:33,2025-07-01 01:06:33,ios_app,tablet,Edge,US,WI,klarna,None,Grocery,1,156.94,0.118,18.52,standard,3.64,0.056,7.75,149.81,0.1,5,True,True,False
ORD101207,C84936,2025-01-27 17:04:36,2025-02-01 17:04:36,marketplace,desktop,Safari,US,AZ,paypal,Clearance,Books,2,1101.48,0.111,122.26,standard,7.97,0.0517,50.63,1037.82,0.25,5,True,True,False
ORD101208,C98724,2024-11-26 18:06:36,2024-12-02 18:06:36,mobile_web,desktop,Edge,US,KS,paypal,SpringSale,Beauty,1,12.02,0.18,2.16,standard,9.94,0.0922,0.91,20.71,0.55,6,False,True,False
ORD101209,C70227,2024-02-14 09:27:15,2024-02-19 09:27:15,mobile_web,tablet,Opera,US,NM,google_pay,SpringSale,Sports,4,1399.02,0.023,32.18,standard,6.14,0.0931,127.25,1500.23,0.1,5,True,True,True
ORD101210,C45196,2024-07-28 03:31:33,2024-07-31 03:31:33,marketplace,tablet,Opera,FR,IA,google_pay,None,Home,1,36.15,0.153,5.53,standard,8.65,0.0,0.0,39.27,1.87,3,True,True,False
ORD101211,C47187,2024-12-20 07:26:44,2024-12-23 07:26:44,android_app,mobile,Opera,US,GA,apple_pay,BackToSchool,Apparel,3,927.48,0.124,115.01,standard,5.53,0.0876,71.17,889.17,0.38,3,True,True,False
ORD101212,C43696,2025-04-06 21:03:20,2025-04-08 21:03:20,web,tablet,Chrome,US,DC,google_pay,Loyalty,Home,3,796.09,0.125,99.51,two_day,19.11,0.0764,53.22,768.91,0.13,2,True,True,False
ORD101213,C99662,2024-02-13 06:21:26,2024-02-19 06:21:26,android_app,mobile,Chrome,US,NV,google_pay,NewArrivals,Beauty,1,1150.08,0.033,37.95,standard,8.16,0.0734,81.63,1201.92,0.12,6,False,True,True
ORD101214,C80858,2024-10-27 14:56:08,2024-10-29 14:56:08,marketplace,tablet,Safari,US,MD,klarna,Holiday,Beauty,1,631.24,0.142,89.64,two_day,19.49,0.0638,34.55,595.64,0.69,2,True,True,False
ORD101215,C86427,2024-03-04 15:08:44,2024-03-06 15:08:44,marketplace,desktop,Opera,US,CO,card,None,Sports,1,39.06,0.039,1.52,two_day,9.24,0.0737,2.77,49.55,0.15,2,True,False,False
ORD101216,C31791,2024-01-10 06:55:52,2024-01-15 06:55:52,mobile_web,mobile,Chrome,US,CT,klarna,BackToSchool,Pets,5,662.45,0.134,88.77,standard,3.83,0.0683,39.18,616.69,0.23,5,True,True,True
ORD101217,C29268,2024-01-31 20:02:11,2024-02-06 20:02:11,android_app,mobile,Safari,US,OH,paypal,Holiday,Electronics,2,75.33,0.037,2.79,standard,5.17,0.0432,3.13,80.84,1.03,6,False,True,False
ORD101218,C81358,2025-02-11 15:00:10,2025-02-14 15:00:10,mobile_web,mobile,Edge,US,OR,google_pay,Holiday,Home,1,81.0,0.065,5.26,standard,4.56,0.0,0.0,80.3,1.62,3,True,True,False
ORD101219,C43645,2024-03-11 15:26:26,2024-03-16 15:26:26,mobile_web,tablet,Edge,US,LA,apple_pay,Holiday,Beauty,3,146.79,0.156,22.9,standard,7.65,0.096,11.89,143.43,0.1,5,True,True,False
ORD101220,C90709,2024-05-21 08:15:02,2024-05-22 08:15:02,web,desktop,Firefox,US,WY,apple_pay,SpringSale,Beauty,2,153.92,0.09,13.85,overnight,27.35,0.0542,7.59,175.01,1.39,1,True,True,True
ORD101221,C28068,2025-04-26 10:26:08,2025-04-28 10:26:08,mobile_web,desktop,Edge,US,NY,klarna,None,Beauty,3,1378.35,0.0,0.0,two_day,10.12,0.0729,100.48,1488.95,0.33,2,True,True,False
ORD101222,C85085,2024-12-01 22:57:11,2024-12-07 22:57:11,marketplace,mobile,Safari,US,ME,card,Holiday,Beauty,2,3156.05,0.065,205.14,standard,4.11,0.0642,189.45,3144.47,0.59,6,False,True,False
ORD101223,C80250,2025-05-06 06:23:45,2025-05-08 06:23:45,mobile_web,mobile,Opera,US,OK,klarna,Loyalty,Toys,1,881.68,0.171,150.77,two_day,11.19,0.087,63.59,805.69,0.75,2,True,True,True
ORD101224,C13340,2024-07-19 14:48:53,2024-07-21 14:48:53,web,mobile,Chrome,AU,MD,paypal,NewArrivals,Home,2,131.23,0.098,12.86,two_day,9.61,0.0,0.0,127.98,0.67,2,True,True,False
ORD101225,C48821,2024-10-12 10:28:55,2024-10-16 10:28:55,marketplace,desktop,Firefox,AU,WV,apple_pay,None,Sports,1,54.89,0.198,10.87,standard,9.53,0.0,0.0,53.55,0.5,4,True,True,False
ORD101226,C15260,2025-05-10 17:46:07,2025-05-16 17:46:07,android_app,desktop,Chrome,US,NM,paypal,Holiday,Home,1,39.71,0.183,7.27,standard,5.85,0.0931,3.02,41.31,0.45,6,False,True,True
ORD101227,C23455,2024-06-28 21:06:04,2024-07-03 21:06:04,ios_app,mobile,Edge,US,TX,google_pay,SpringSale,Pets,1,140.58,0.101,14.2,standard,4.22,0.0923,11.66,142.26,0.1,5,True,True,False
ORD101228,C37883,2025-05-03 02:00:11,2025-05-06 02:00:11,ios_app,tablet,Chrome,US,HI,paypal,BackToSchool,Electronics,3,1055.04,0.291,307.02,standard,5.91,0.0776,58.05,811.98,0.52,3,True,False,False
ORD101229,C89854,2025-06-23 00:23:36,2025-06-29 00:23:36,marketplace,tablet,Firefox,US,OH,google_pay,Holiday,Toys,2,134.4,0.029,3.9,standard,4.82,0.0432,5.64,140.96,0.58,6,False,True,False
ORD101230,C74413,2024-01-20 21:37:39,2024-01-25 21:37:39,ios_app,tablet,Opera,US,MD,card,BackToSchool,Automotive,3,872.57,0.093,81.15,standard,9.99,0.0638,50.49,851.9,0.71,5,True,True,False
ORD101231,C46256,2024-02-11 20:38:17,2024-02-16 20:38:17,android_app,desktop,Chrome,US,NJ,paypal,Holiday,Electronics,1,145.77,0.148,21.57,standard,4.45,0.0411,5.1,133.75,0.65,5,True,True,False
ORD101232,C33084,2024-02-28 01:38:54,2024-02-29 01:38:54,android_app,desktop,Firefox,US,UT,google_pay,Holiday,Home,3,1887.16,0.144,271.75,overnight,23.49,0.0726,117.28,1756.18,0.92,1,True,True,False
ORD101233,C46777,2024-04-02 16:05:14,2024-04-07 16:05:14,mobile_web,tablet,Opera,US,IA,paypal,SpringSale,Grocery,4,926.23,0.082,75.95,standard,6.9,0.0426,36.22,893.4,0.74,5,True,True,False
ORD101234,C28894,2024-09-28 13:59:35,2024-09-29 13:59:35,mobile_web,tablet,Opera,US,IN,google_pay,Holiday,Electronics,2,210.72,0.167,35.19,overnight,33.06,0.0567,9.95,218.54,0.1,1,True,True,False
ORD101235,C35804,2024-01-25 17:58:26,2024-01-29 17:58:26,android_app,mobile,Edge,US,MO,apple_pay,BackToSchool,Home,3,350.37,0.084,29.43,standard,5.78,0.0689,22.11,348.83,1.49,4,True,True,False
ORD101236,C13739,2024-05-24 08:36:37,2024-05-29 08:36:37,ios_app,tablet,Chrome,US,TX,google_pay,BackToSchool,Sports,2,1226.66,0.173,212.21,standard,3.66,0.0923,93.63,1111.74,1.21,5,True,True,True
ORD101237,C38080,2024-08-14 08:45:23,2024-08-16 08:45:23,web,mobile,Firefox,US,TN,card,Loyalty,Automotive,2,1457.52,0.171,249.24,two_day,12.91,0.0864,104.4,1325.59,0.75,2,True,True,False
ORD101238,C61141,2024-02-19 05:55:48,2024-02-21 05:55:48,mobile_web,tablet,Edge,US,CA,google_pay,Holiday,Automotive,1,120.28,0.079,9.5,two_day,8.43,0.0931,10.31,129.52,0.36,2,True,True,False
ORD101239,C82539,2024-05-23 01:52:26,2024-05-27 01:52:26,android_app,mobile,Firefox,US,NJ,klarna,BackToSchool,Apparel,3,123.52,0.058,7.16,standard,5.9,0.0411,4.78,127.04,0.1,4,True,True,False
ORD101240,C69566,2025-06-02 18:20:52,2025-06-09 18:20:52,web,desktop,Edge,US,GA,paypal,SpringSale,Home,2,117.85,0.141,16.62,standard,6.4,0.0876,8.87,116.5,0.1,7,False,True,False
ORD101241,C93914,2025-06-08 00:27:53,2025-06-11 00:27:53,web,tablet,Chrome,US,OR,apple_pay,Holiday,Home,1,25.31,0.1,2.53,standard,7.76,0.0,0.0,30.54,0.1,3,True,True,False
ORD101242,C90012,2024-06-20 03:33:11,2024-06-24 03:33:11,web,desktop,Opera,UK,MD,klarna,None,Beauty,2,1094.54,0.0,0.0,standard,9.0,0.0,0.0,1103.54,0.1,4,True,True,False
ORD101243,C30715,2025-01-28 09:43:47,2025-01-31 09:43:47,marketplace,tablet,Edge,US,UT,apple_pay,None,Automotive,1,419.62,0.186,78.05,standard,5.08,0.0726,24.8,371.45,0.11,3,True,True,False
ORD101244,C90527,2025-04-17 07:49:29,2025-04-24 07:49:29,android_app,desktop,Safari,US,VA,klarna,None,Apparel,2,1879.2,0.081,152.22,standard,6.4,0.0933,161.13,1894.51,1.19,7,False,True,True
ORD101245,C35498,2025-05-13 20:16:23,2025-05-19 20:16:23,android_app,tablet,Chrome,US,UT,apple_pay,Loyalty,Grocery,1,191.78,0.156,29.92,standard,4.88,0.0726,11.75,178.49,0.63,6,False,True,False
ORD101246,C72469,2024-02-08 07:12:41,2024-02-13 07:12:41,mobile_web,desktop,Firefox,US,CA,paypal,Holiday,Sports,1,171.32,0.168,28.78,standard,7.08,0.0931,13.27,162.89,0.18,5,True,True,False
ORD101247,C94757,2024-12-26 06:52:27,2024-12-28 06:52:27,mobile_web,tablet,Edge,US,MD,card,Holiday,Automotive,1,57.05,0.211,12.04,two_day,15.12,0.0638,2.87,63.0,0.78,2,True,True,False
ORD101248,C12663,2025-01-01 02:02:23,2025-01-03 02:02:23,marketplace,tablet,Chrome,US,LA,google_pay,Holiday,Beauty,2,1285.93,0.182,234.04,two_day,19.96,0.096,100.98,1172.83,1.06,2,True,True,False
ORD101249,C90061,2025-03-28 19:35:56,2025-04-01 19:35:56,mobile_web,desktop,Chrome,US,SD,apple_pay,BackToSchool,Pets,2,1224.32,0.12,146.92,standard,3.56,0.0672,72.4,1153.36,0.69,4,True,True,False
ORD101250,C80086,2024-09-05 08:44:50,2024-09-08 08:44:50,android_app,tablet,Safari,US,CO,apple_pay,SpringSale,Apparel,1,59.99,0.054,3.24,standard,5.32,0.0737,4.18,66.25,0.1,3,True,True,False
ORD101251,C50957,2025-04-10 09:10:45,2025-04-12 09:10:45,android_app,tablet,Opera,US,FL,google_pay,Loyalty,Home,2,169.74,0.142,24.1,two_day,13.2,0.0803,11.69,170.53,1.65,2,True,True,True
ORD101252,C22198,2025-01-11 07:43:52,2025-01-16 07:43:52,mobile_web,mobile,Safari,US,CT,card,NewArrivals,Automotive,4,151.73,0.029,4.4,standard,6.36,0.0683,10.06,163.75,0.59,5,True,True,False
ORD101253,C18377,2025-06-05 03:24:34,2025-06-10 03:24:34,marketplace,mobile,Opera,US,CA,klarna,Clearance,Grocery,1,30.12,0.002,0.06,standard,9.64,0.0931,2.8,42.5,0.14,5,True,True,False
ORD101254,C45584,2024-12-03 05:36:59,2024-12-07 05:36:59,android_app,mobile,Firefox,US,MS,google_pay,NewArrivals,Electronics,1,496.17,0.088,43.66,standard,9.89,0.0436,19.73,482.13,0.1,4,True,True,True
ORD101255,C19012,2024-07-19 07:55:34,2024-07-23 07:55:34,ios_app,desktop,Safari,US,NM,card,None,Grocery,3,222.02,0.151,33.53,standard,4.06,0.0931,17.55,210.1,0.12,4,True,True,False
ORD101256,C73612,2024-02-12 00:08:37,2024-02-16 00:08:37,ios_app,desktop,Opera,US,NM,paypal,NewArrivals,Home,2,71.59,0.053,3.79,standard,7.2,0.0931,6.31,81.31,0.46,4,True,True,False
ORD101257,C72405,2025-02-03 11:22:21,2025-02-09 11:22:21,mobile_web,mobile,Firefox,US,NE,paypal,SpringSale,Sports,1,67.4,0.035,2.36,standard,4.06,0.0845,5.5,74.6,0.43,6,False,True,True
ORD101258,C79034,2024-01-02 05:53:40,2024-01-07 05:53:40,web,desktop,Edge,US,SC,card,Holiday,Sports,3,1284.8,0.16,205.57,standard,8.63,0.0561,60.54,1148.4,0.98,5,True,True,True
ORD101259,C89985,2024-07-22 18:54:20,2024-07-28 18:54:20,web,tablet,Firefox,FR,OK,google_pay,None,Books,3,434.48,0.028,12.17,standard,4.37,0.0,0.0,426.68,0.97,6,False,True,False
ORD101260,C98904,2025-02-06 06:40:10,2025-02-10 06:40:10,web,mobile,Edge,US,UT,klarna,SpringSale,Beauty,2,106.31,0.109,11.59,standard,5.86,0.0726,6.88,107.46,1.53,4,True,True,False
ORD101261,C14388,2024-05-31 00:21:26,2024-06-07 00:21:26,android_app,tablet,Edge,US,AK,google_pay,BackToSchool,Beauty,2,166.95,0.231,38.57,standard,5.47,0.0,0.0,133.85,0.35,7,False,True,False
ORD101262,C51112,2024-06-30 00:14:16,2024-07-02 00:14:16,ios_app,tablet,Chrome,US,IN,card,None,Books,1,95.34,0.276,26.31,two_day,9.78,0.0567,3.91,82.72,0.48,2,True,True,False
ORD101263,C65983,2024-04-27 22:02:51,2024-05-03 22:02:51,marketplace,tablet,Firefox,US,IA,klarna,Holiday,Pets,4,4352.42,0.126,548.4,standard,9.69,0.0426,162.05,3975.76,0.1,6,False,True,False
ORD101264,C15940,2025-01-26 00:24:17,2025-01-27 00:24:17,mobile_web,tablet,Edge,FR,ME,google_pay,SpringSale,Toys,1,2207.48,0.106,233.99,overnight,17.1,0.0,0.0,1990.59,2.15,1,True,True,False
ORD101265,C20729,2024-06-16 00:27:49,2024-06-22 00:27:49,android_app,desktop,Opera,US,PA,klarna,Clearance,Pets,2,85.37,0.071,6.06,standard,5.52,0.0486,3.85,88.68,1.28,6,False,True,False
ORD101266,C70415,2024-01-26 15:02:36,2024-02-01 15:02:36,ios_app,mobile,Safari,US,WY,paypal,Clearance,Toys,1,473.88,0.023,10.9,standard,3.87,0.0542,25.09,491.94,1.94,6,False,True,True
ORD101267,C87006,2024-06-11 12:20:59,2024-06-16 12:20:59,marketplace,mobile,Safari,US,GA,apple_pay,BackToSchool,Grocery,1,38.08,0.156,5.94,standard,7.49,0.0876,2.82,42.45,1.94,5,True,False,False
ORD101268,C27054,2024-04-07 17:19:33,2024-04-12 17:19:33,mobile_web,tablet,Safari,US,CA,paypal,Holiday,Electronics,2,997.19,0.158,157.56,standard,4.92,0.0931,78.17,922.72,1.83,5,True,True,False
ORD101269,C31927,2025-05-28 13:28:12,2025-06-01 13:28:12,ios_app,tablet,Chrome,US,NJ,apple_pay,NewArrivals,Beauty,2,491.98,0.122,60.02,standard,8.22,0.0411,17.75,457.93,0.14,4,True,True,False
ORD101270,C47068,2024-03-21 17:25:29,2024-03-25 17:25:29,mobile_web,mobile,Firefox,US,SD,klarna,None,Pets,1,1712.37,0.186,318.5,standard,3.69,0.0672,93.67,1491.23,0.74,4,True,False,False
ORD101271,C40232,2024-01-06 00:21:36,2024-01-09 00:21:36,ios_app,desktop,Firefox,US,CA,klarna,None,Toys,2,445.8,0.119,53.05,standard,6.12,0.0931,36.57,435.44,1.93,3,True,True,False
ORD101272,C39566,2024-10-12 05:17:37,2024-10-14 05:17:37,marketplace,tablet,Safari,US,MO,apple_pay,Loyalty,Books,1,33.7,0.124,4.18,two_day,8.45,0.0689,2.03,40.0,0.1,2,True,True,True
ORD101273,C26587,2024-03-24 11:39:33,2024-03-27 11:39:33,android_app,desktop,Edge,US,AZ,google_pay,Holiday,Toys,2,484.4,0.122,59.1,standard,4.6,0.0517,21.99,451.89,0.61,3,True,True,False
ORD101274,C55040,2025-06-27 00:11:07,2025-07-01 00:11:07,marketplace,mobile,Firefox,US,DC,paypal,None,Apparel,2,253.4,0.15,38.01,standard,8.67,0.0764,16.46,240.52,0.98,4,True,True,False
ORD101275,C73001,2024-04-02 01:37:29,2024-04-08 01:37:29,android_app,mobile,Opera,AU,DE,apple_pay,BackToSchool,Electronics,1,60.53,0.063,3.81,standard,5.21,0.0,0.0,61.93,1.3,6,False,True,False
ORD101276,C67590,2024-04-13 23:39:17,2024-04-15 23:39:17,mobile_web,tablet,Safari,US,MS,google_pay,BackToSchool,Beauty,3,611.6,0.109,66.66,two_day,14.96,0.0436,23.76,583.66,0.97,2,True,True,False
ORD101277,C68295,2024-06-19 19:35:15,2024-06-25 19:35:15,mobile_web,mobile,Firefox,US,WY,paypal,SpringSale,Automotive,1,334.67,0.293,98.06,standard,8.37,0.0542,12.82,257.8,3.11,6,False,True,False
ORD101278,C20413,2025-06-11 07:26:10,2025-06-15 07:26:10,ios_app,tablet,Edge,US,WV,paypal,Holiday,Books,1,19.37,0.088,1.7,standard,5.47,0.0568,1.0,24.14,0.35,4,True,False,False
ORD101279,C49552,2024-01-21 11:27:04,2024-01-25 11:27:04,mobile_web,mobile,Chrome,US,FL,card,SpringSale,Toys,1,217.69,0.169,36.79,standard,6.69,0.0803,14.53,202.12,0.32,4,True,False,False
ORD101280,C57556,2024-06-27 06:42:07,2024-06-30 06:42:07,mobile_web,desktop,Edge,US,MA,klarna,Loyalty,Beauty,2,139.78,0.264,36.9,standard,6.97,0.05,5.14,114.99,1.12,3,True,True,False
ORD101281,C32500,2025-05-02 01:50:45,2025-05-07 01:50:45,ios_app,desktop,Chrome,UK,FL,klarna,BackToSchool,Automotive,2,78.94,0.214,16.89,standard,4.27,0.0,0.0,66.32,0.12,5,True,True,False
ORD101282,C13423,2025-06-21 17:41:29,2025-06-27 17:41:29,marketplace,desktop,Safari,US,ND,paypal,NewArrivals,Home,3,798.07,0.296,236.23,standard,5.07,0.0419,23.54,590.45,2.14,6,False,True,False
ORD101283,C23128,2024-12-25 09:19:26,2024-12-29 09:19:26,android_app,tablet,Safari,US,MN,klarna,None,Sports,1,40.61,0.152,6.17,standard,9.01,0.0477,1.64,45.09,0.18,4,True,True,False
ORD101284,C73628,2024-02-23 02:58:42,2024-02-29 02:58:42,web,tablet,Edge,US,OH,apple_pay,Holiday,Toys,2,1297.55,0.066,85.64,standard,5.62,0.0432,52.35,1269.88,0.38,6,False,True,False
ORD101285,C75597,2025-04-19 15:46:15,2025-04-22 15:46:15,ios_app,mobile,Safari,US,WI,paypal,NewArrivals,Home,2,81.29,0.057,4.63,standard,9.61,0.056,4.29,90.56,0.29,3,True,True,False
ORD101286,C15833,2025-05-08 05:15:48,2025-05-13 05:15:48,mobile_web,tablet,Firefox,CA,MN,google_pay,Holiday,Sports,3,260.45,0.134,34.9,standard,5.18,0.0,0.0,230.73,0.59,5,True,True,False
ORD101287,C56718,2024-03-11 19:40:41,2024-03-13 19:40:41,web,desktop,Firefox,US,IN,paypal,Holiday,Pets,3,1233.53,0.208,256.57,two_day,10.82,0.0567,55.39,1043.17,0.89,2,True,False,False
ORD101288,C80387,2025-01-20 17:47:25,2025-01-22 17:47:25,ios_app,tablet,Opera,US,OK,google_pay,BackToSchool,Beauty,2,1006.98,0.225,226.57,two_day,13.57,0.087,67.9,861.88,0.1,2,True,True,False
ORD101289,C38807,2024-02-14 17:08:09,2024-02-17 17:08:09,marketplace,tablet,Edge,US,NM,google_pay,Holiday,Books,1,109.04,0.141,15.37,standard,8.15,0.0931,8.72,110.54,0.31,3,True,True,True
ORD101290,C21780,2025-04-29 21:13:47,2025-05-05 21:13:47,marketplace,tablet,Safari,US,DC,paypal,SpringSale,Beauty,2,715.07,0.107,76.51,standard,6.94,0.0764,48.79,694.29,0.61,6,False,True,False
ORD101291,C92304,2024-08-07 18:00:01,2024-08-11 18:00:01,web,tablet,Safari,US,UT,paypal,None,Home,2,658.28,0.087,57.27,standard,7.71,0.0726,43.63,652.35,0.8,4,True,True,False
ORD101292,C78384,2025-03-23 11:09:25,2025-03-27 11:09:25,android_app,mobile,Opera,US,VT,card,SpringSale,Grocery,2,619.78,0.088,54.54,standard,6.8,0.09,50.87,622.91,0.1,4,True,True,False
ORD101293,C15949,2024-01-27 08:37:25,2024-02-01 08:37:25,android_app,tablet,Safari,US,FL,klarna,Holiday,Electronics,1,141.52,0.307,43.45,standard,7.04,0.0803,7.88,112.99,0.56,5,True,True,False
ORD101294,C32179,2025-06-28 03:50:35,2025-06-30 03:50:35,marketplace,mobile,Opera,US,HI,google_pay,Holiday,Sports,1,33.09,0.17,5.63,two_day,16.0,0.0776,2.13,45.59,0.25,2,True,True,False
ORD101295,C68501,2024-04-25 07:08:49,2024-04-30 07:08:49,ios_app,tablet,Safari,US,ME,google_pay,BackToSchool,Home,2,467.67,0.164,76.7,standard,8.56,0.0642,25.1,424.63,0.1,5,True,True,False
ORD101296,C87781,2024-09-22 05:19:58,2024-09-24 05:19:58,mobile_web,mobile,Opera,US,ID,paypal,NewArrivals,Toys,1,30.84,0.12,3.7,two_day,18.26,0.0454,1.23,46.63,0.52,2,True,True,False
ORD101297,C39590,2025-02-21 00:08:39,2025-02-26 00:08:39,android_app,tablet,Opera,US,MD,apple_pay,SpringSale,Sports,1,60.88,0.186,11.32,standard,8.73,0.0638,3.16,61.45,0.68,5,True,False,False
ORD101298,C58393,2025-03-29 16:16:02,2025-04-03 16:16:02,ios_app,desktop,Opera,US,NY,card,SpringSale,Automotive,1,182.37,0.096,17.51,standard,5.98,0.0729,12.02,182.86,0.49,5,True,False,False
ORD101299,C79098,2025-05-23 19:31:10,2025-05-26 19:31:10,mobile_web,mobile,Edge,US,NM,google_pay,SpringSale,Automotive,1,154.92,0.139,21.53,standard,3.65,0.0931,12.42,149.46,0.6,3,True,False,True
ORD101300,C16381,2025-06-07 15:29:28,2025-06-09 15:29:28,marketplace,desktop,Edge,UK,DC,apple_pay,None,Toys,1,66.52,0.242,16.1,two_day,11.25,0.0,0.0,61.67,0.26,2,True,True,True
ORD101301,C35547,2024-02-12 10:41:49,2024-02-14 10:41:49,ios_app,mobile,Firefox,US,VT,klarna,Holiday,Sports,2,1737.4,0.089,154.63,two_day,10.82,0.09,142.45,1736.04,2.68,2,True,True,True
ORD101302,C88761,2025-01-05 06:59:31,2025-01-11 06:59:31,mobile_web,desktop,Edge,US,NM,klarna,SpringSale,Automotive,2,379.06,0.155,58.75,standard,3.73,0.0931,29.82,353.86,0.58,6,False,True,False
ORD101303,C71603,2025-01-23 14:32:30,2025-01-28 14:32:30,marketplace,tablet,Firefox,US,SD,apple_pay,None,Books,1,59.47,0.26,15.46,standard,4.64,0.0672,2.96,51.61,0.3,5,True,True,False
ORD101304,C86918,2025-03-04 11:25:43,2025-03-08 11:25:43,web,desktop,Safari,US,ME,paypal,Clearance,Books,2,199.82,0.206,41.16,standard,9.27,0.0642,10.19,178.12,0.19,4,True,True,False
ORD101305,C37385,2024-01-05 20:24:23,2024-01-10 20:24:23,ios_app,desktop,Edge,CA,DE,google_pay,Loyalty,Beauty,1,51.62,0.093,4.8,standard,9.46,0.0,0.0,56.28,1.44,5,True,True,False
ORD101306,C23341,2024-05-11 05:20:02,2024-05-16 05:20:02,mobile_web,mobile,Firefox,US,WI,card,None,Beauty,2,295.06,0.14,41.31,standard,4.1,0.056,14.21,272.06,0.86,5,True,True,False
ORD101307,C42611,2025-06-29 15:12:03,2025-07-01 15:12:03,marketplace,desktop,Firefox,US,IA,apple_pay,NewArrivals,Books,1,301.93,0.129,38.95,two_day,8.32,0.0426,11.2,282.5,0.32,2,True,True,False
ORD101308,C44125,2025-01-29 10:20:02,2025-02-04 10:20:02,marketplace,tablet,Edge,US,CA,card,Loyalty,Home,3,1272.68,0.034,43.27,standard,6.47,0.0931,114.46,1350.34,0.1,6,False,False,True
ORD101309,C61417,2025-03-05 10:12:02,2025-03-11 10:12:02,android_app,tablet,Firefox,US,UT,card,None,Automotive,1,59.7,0.214,12.78,standard,6.14,0.0726,3.41,56.47,0.1,6,False,True,False
ORD101310,C28484,2024-03-11 11:07:15,2024-03-13 11:07:15,android_app,desktop,Opera,US,TX,card,Loyalty,Electronics,2,107.93,0.105,11.33,two_day,15.88,0.0923,8.92,121.4,1.22,2,True,True,False
ORD101311,C59135,2024-04-11 14:49:03,2024-04-13 14:49:03,ios_app,desktop,Edge,US,TX,card,SpringSale,Apparel,1,57.29,0.084,4.81,two_day,15.17,0.0923,4.84,72.49,0.1,2,True,True,False
ORD101312,C93926,2025-01-14 23:34:28,2025-01-18 23:34:28,web,mobile,Chrome,US,VT,google_pay,Holiday,Sports,3,402.35,0.127,51.1,standard,6.59,0.09,31.61,389.45,0.6,4,True,True,True
ORD101313,C52290,2024-04-02 18:12:13,2024-04-07 18:12:13,ios_app,desktop,Safari,US,ME,google_pay,Holiday,Pets,3,1147.3,0.064,73.43,standard,3.4,0.0642,68.94,1146.21,0.1,5,True,True,True
ORD101314,C43565,2024-12-25 19:45:16,2024-12-26 19:45:16,marketplace,mobile,Firefox,US,WA,klarna,Holiday,Books,1,78.15,0.129,10.08,overnight,15.71,0.0858,5.84,89.62,0.1,1,True,True,False
ORD101315,C17945,2024-10-14 12:35:27,2024-10-16 12:35:27,ios_app,mobile,Chrome,US,OR,paypal,Loyalty,Home,2,209.78,0.126,26.43,two_day,8.27,0.0,0.0,191.62,0.1,2,True,False,False
ORD101316,C53933,2024-06-11 20:21:03,2024-06-17 20:21:03,marketplace,mobile,Edge,US,MN,google_pay,Holiday,Automotive,3,862.03,0.131,112.93,standard,4.91,0.0477,35.73,789.74,0.94,6,False,True,False
ORD101317,C87471,2024-04-01 12:54:30,2024-04-03 12:54:30,mobile_web,tablet,Chrome,US,WI,paypal,SpringSale,Automotive,1,171.54,0.209,35.85,two_day,16.09,0.056,7.6,159.38,0.48,2,True,True,False
ORD101318,C47098,2024-11-13 10:04:41,2024-11-18 10:04:41,android_app,tablet,Safari,US,ID,paypal,Holiday,Toys,1,66.7,0.079,5.27,standard,8.5,0.0454,2.79,72.72,0.73,5,True,True,False
ORD101319,C59494,2024-08-16 02:28:25,2024-08-21 02:28:25,android_app,tablet,Opera,US,AZ,klarna,None,Sports,3,658.37,0.15,98.76,standard,3.17,0.0517,28.93,591.71,0.69,5,True,True,False
ORD101320,C22699,2024-09-25 04:02:57,2024-09-30 04:02:57,android_app,mobile,Edge,US,ME,apple_pay,SpringSale,Toys,1,225.26,0.214,48.21,standard,9.92,0.0642,11.37,198.34,0.14,5,True,True,False
ORD101321,C57622,2024-11-08 00:09:15,2024-11-10 00:09:15,mobile_web,tablet,Safari,US,DC,klarna,SpringSale,Home,1,97.82,0.088,8.61,two_day,17.24,0.0764,6.82,113.27,0.1,2,True,True,False
ORD101322,C56954,2025-03-14 07:08:12,2025-03-17 07:08:12,web,desktop,Firefox,US,NM,card,None,Books,1,1844.9,0.143,263.82,standard,5.5,0.0931,147.2,1733.78,0.68,3,True,True,False
ORD101323,C59690,2024-11-15 05:26:00,2024-11-20 05:26:00,marketplace,desktop,Edge,US,WA,google_pay,None,Beauty,1,59.41,0.122,7.25,standard,5.58,0.0858,4.48,62.22,0.56,5,True,True,False
ORD101324,C10946,2025-04-11 05:46:51,2025-04-12 05:46:51,ios_app,tablet,Opera,US,WI,google_pay,None,Toys,4,806.76,0.09,72.61,overnight,36.34,0.056,41.11,811.6,1.55,1,True,False,False
ORD101325,C70791,2024-06-15 21:59:48,2024-06-19 21:59:48,android_app,tablet,Opera,US,MA,apple_pay,Holiday,Electronics,1,45.35,0.04,1.81,standard,3.69,0.05,2.18,49.41,0.19,4,True,True,True
ORD101326,C37398,2024-04-02 11:07:18,2024-04-04 11:07:18,marketplace,desktop,Edge,US,PA,google_pay,None,Books,2,298.43,0.114,34.02,two_day,16.33,0.0486,12.85,293.59,0.34,2,True,True,False
ORD101327,C21290,2024-07-25 07:18:00,2024-07-31 07:18:00,marketplace,tablet,Safari,US,NM,klarna,Loyalty,Grocery,2,102.69,0.012,1.23,standard,8.41,0.0931,9.45,119.32,0.1,6,False,True,False
ORD101328,C58071,2024-11-05 14:51:22,2024-11-10 14:51:22,android_app,desktop,Firefox,US,WV,google_pay,NewArrivals,Toys,1,53.4,0.219,11.69,standard,4.49,0.0568,2.37,48.57,0.87,5,True,True,True
ORD101329,C56051,2024-09-20 01:26:33,2024-09-25 01:26:33,android_app,tablet,Opera,US,NM,apple_pay,Holiday,Home,3,138.32,0.143,19.78,standard,6.5,0.0931,11.04,136.08,1.7,5,True,True,True
ORD101330,C71333,2024-06-05 06:28:46,2024-06-06 06:28:46,ios_app,mobile,Safari,US,ID,google_pay,Holiday,Books,2,79.32,0.246,19.51,overnight,25.68,0.0454,2.72,88.21,0.1,1,True,True,False
ORD101331,C13033,2024-05-31 20:29:31,2024-06-05 20:29:31,marketplace,mobile,Chrome,US,WI,google_pay,None,Sports,1,417.72,0.129,53.89,standard,6.79,0.056,20.37,390.99,0.69,5,True,True,False
ORD101332,C31306,2024-04-29 06:14:52,2024-05-04 06:14:52,ios_app,desktop,Chrome,US,NV,paypal,Clearance,Home,1,79.97,0.123,9.84,standard,6.3,0.0734,5.15,81.58,1.24,5,True,True,False
ORD101333,C81263,2025-01-09 21:24:51,2025-01-15 21:24:51,android_app,desktop,Opera,US,NE,apple_pay,None,Apparel,1,28.08,0.292,8.2,standard,5.77,0.0845,1.68,27.33,0.61,6,False,True,False
ORD101334,C49806,2025-05-07 12:47:23,2025-05-08 12:47:23,android_app,desktop,Opera,US,CA,paypal,BackToSchool,Books,1,34.02,0.202,6.87,overnight,22.35,0.0931,2.53,52.03,1.27,1,True,True,False
ORD101335,C75150,2025-05-14 16:59:44,2025-05-17 16:59:44,marketplace,tablet,Firefox,UK,UT,card,NewArrivals,Books,3,1607.88,0.237,381.07,standard,5.88,0.0,0.0,1232.69,0.68,3,True,True,False
ORD101336,C78525,2024-08-01 15:07:42,2024-08-04 15:07:42,web,mobile,Opera,US,WY,google_pay,BackToSchool,Books,2,1888.63,0.273,515.6,standard,8.43,0.0542,74.42,1455.88,1.43,3,True,True,False
ORD101337,C74690,2024-04-23 20:03:29,2024-04-29 20:03:29,mobile_web,desktop,Opera,US,TX,apple_pay,Clearance,Pets,2,123.33,0.095,11.72,standard,3.11,0.0923,10.3,125.02,0.35,6,False,True,False
ORD101338,C36805,2025-04-20 19:13:53,2025-04-22 19:13:53,mobile_web,tablet,Firefox,US,PA,apple_pay,BackToSchool,Home,5,654.65,0.152,99.51,two_day,15.66,0.0486,26.98,597.78,0.42,2,True,True,False
ORD101339,C40999,2025-01-27 16:10:58,2025-01-30 16:10:58,android_app,desktop,Edge,US,NV,google_pay,SpringSale,Grocery,4,2009.58,0.056,112.54,standard,6.96,0.0734,139.24,2043.24,0.1,3,True,True,True
ORD101340,C48906,2024-02-20 12:15:23,2024-02-27 12:15:23,android_app,mobile,Chrome,US,NJ,paypal,SpringSale,Grocery,2,786.31,0.11,86.49,standard,5.34,0.0411,28.76,733.92,1.4,7,False,True,False
ORD101341,C18346,2025-02-02 22:05:35,2025-02-06 22:05:35,mobile_web,desktop,Firefox,US,PA,card,Clearance,Apparel,2,434.08,0.065,28.22,standard,3.66,0.0486,19.72,429.24,1.36,4,True,True,False
ORD101342,C39362,2024-04-24 07:46:41,2024-04-25 07:46:41,android_app,mobile,Edge,CA,MA,klarna,None,Home,2,164.78,0.152,25.05,overnight,34.57,0.0,0.0,174.3,0.18,1,True,True,True
ORD101343,C96984,2024-09-11 08:50:30,2024-09-16 08:50:30,android_app,tablet,Chrome,US,NC,apple_pay,None,Grocery,2,1052.61,0.067,70.52,standard,5.15,0.0731,71.79,1059.03,1.03,5,True,True,False
ORD101344,C96022,2024-06-25 17:43:37,2024-06-29 17:43:37,mobile_web,mobile,Safari,US,MA,card,Loyalty,Pets,1,15.48,0.1,1.55,standard,3.89,0.05,0.7,18.52,1.44,4,True,True,False
ORD101345,C56515,2024-10-20 15:43:23,2024-10-25 15:43:23,ios_app,desktop,Safari,US,ID,klarna,Loyalty,Apparel,2,1662.56,0.236,392.36,standard,9.72,0.0454,57.67,1337.59,0.22,5,True,False,False
ORD101346,C28325,2024-01-06 11:40:37,2024-01-08 11:40:37,marketplace,mobile,Chrome,US,CA,card,Holiday,Automotive,3,91.3,0.173,15.79,two_day,12.4,0.0931,7.03,94.94,1.02,2,True,True,False
ORD101347,C76719,2024-05-12 02:27:55,2024-05-14 02:27:55,android_app,mobile,Chrome,US,CA,google_pay,SpringSale,Pets,2,92.78,0.033,3.06,two_day,12.84,0.0931,8.35,110.91,0.7,2,True,True,False
ORD101348,C90102,2024-04-24 06:44:59,2024-04-28 06:44:59,mobile_web,mobile,Opera,US,IN,card,BackToSchool,Toys,2,74.96,0.165,12.37,standard,9.27,0.0567,3.55,75.41,0.78,4,True,True,False
ORD101349,C50033,2025-06-13 21:21:33,2025-06-15 21:21:33,android_app,tablet,Chrome,US,ND,paypal,Holiday,Electronics,1,87.71,0.036,3.16,two_day,17.29,0.0419,3.54,105.38,0.34,2,True,True,False
ORD101350,C68141,2024-09-14 04:11:54,2024-09-16 04:11:54,android_app,tablet,Safari,US,WY,apple_pay,BackToSchool,Automotive,2,555.97,0.061,33.91,two_day,9.77,0.0542,28.3,560.13,0.1,2,True,True,False
ORD101351,C89006,2024-07-24 13:59:52,2024-07-26 13:59:52,ios_app,desktop,Opera,UK,TX,klarna,SpringSale,Electronics,1,50.29,0.129,6.49,two_day,16.92,0.0,0.0,60.72,0.56,2,True,True,False
ORD101352,C89601,2024-01-03 14:51:20,2024-01-10 14:51:20,ios_app,desktop,Firefox,US,PA,klarna,SpringSale,Grocery,1,75.8,0.036,2.73,standard,7.21,0.0486,3.55,83.83,0.22,7,False,True,True
ORD101353,C32680,2024-07-03 06:07:08,2024-07-05 06:07:08,mobile_web,desktop,Opera,US,WV,apple_pay,NewArrivals,Beauty,1,64.74,0.0,0.0,two_day,10.05,0.0568,3.68,78.47,0.39,2,True,False,True
ORD101354,C65697,2024-04-22 05:16:30,2024-04-28 05:16:30,web,mobile,Safari,US,FL,apple_pay,Clearance,Sports,1,275.95,0.218,60.16,standard,5.37,0.0803,17.33,238.49,0.25,6,False,True,False
ORD101355,C73636,2025-02-01 04:07:35,2025-02-05 04:07:35,mobile_web,tablet,Opera,US,MD,apple_pay,Loyalty,Grocery,1,116.58,0.256,29.84,standard,7.16,0.0638,5.53,99.43,0.98,4,True,True,False
ORD101356,C89889,2024-03-26 05:58:35,2024-03-28 05:58:35,mobile_web,desktop,Firefox,CA,OH,paypal,Holiday,Electronics,1,76.21,0.201,15.32,two_day,9.27,0.0,0.0,70.16,0.55,2,True,True,False
ORD101357,C67916,2025-05-21 10:58:45,2025-05-26 10:58:45,mobile_web,desktop,Opera,US,MO,card,Clearance,Pets,1,138.86,0.099,13.75,standard,8.25,0.0689,8.62,141.98,0.63,5,True,True,False
ORD101358,C37739,2024-04-01 17:48:16,2024-04-03 17:48:16,mobile_web,mobile,Safari,US,MA,klarna,SpringSale,Pets,5,1371.89,0.119,163.25,two_day,11.77,0.05,60.43,1280.84,1.65,2,True,False,False
ORD101359,C91092,2025-05-18 01:09:39,2025-05-22 01:09:39,ios_app,tablet,Firefox,FR,CA,klarna,BackToSchool,Sports,4,568.24,0.106,60.23,standard,5.59,0.0,0.0,513.6,0.39,4,True,True,False
ORD101360,C13658,2025-04-21 14:52:49,2025-04-24 14:52:49,android_app,desktop,Chrome,US,IN,card,SpringSale,Toys,3,272.35,0.184,50.11,standard,4.08,0.0567,12.6,238.92,0.1,3,True,True,False
ORD101361,C86642,2025-05-07 11:55:40,2025-05-12 11:55:40,mobile_web,mobile,Safari,US,OR,paypal,SpringSale,Beauty,1,21.38,0.087,1.86,standard,8.6,0.0,0.0,28.12,0.99,5,True,True,False
ORD101362,C63696,2024-01-31 01:54:08,2024-02-02 01:54:08,marketplace,mobile,Safari,US,NH,google_pay,BackToSchool,Automotive,2,174.39,0.232,40.46,two_day,12.25,0.0,0.0,146.18,0.44,2,True,True,False
ORD101363,C81384,2024-01-12 11:38:50,2024-01-14 11:38:50,web,mobile,Edge,US,SC,google_pay,BackToSchool,Books,1,152.64,0.176,26.86,two_day,10.86,0.0561,7.06,143.7,0.1,2,True,True,False
ORD101364,C10461,2025-01-14 00:42:34,2025-01-20 00:42:34,marketplace,mobile,Firefox,FR,IL,google_pay,Clearance,Apparel,1,63.72,0.263,16.76,standard,6.13,0.0,0.0,53.09,0.45,6,False,True,False
ORD101365,C38897,2024-07-16 13:29:48,2024-07-22 13:29:48,mobile_web,mobile,Firefox,US,AL,apple_pay,None,Electronics,1,30.54,0.12,3.66,standard,5.77,0.0928,2.49,35.14,0.1,6,False,True,False
ORD101366,C87304,2024-01-04 14:28:19,2024-01-09 14:28:19,ios_app,tablet,Firefox,US,OK,klarna,Loyalty,Apparel,1,438.04,0.238,104.25,standard,6.33,0.087,29.04,369.16,0.26,5,True,True,False
ORD101367,C74407,2025-06-20 19:24:27,2025-06-27 19:24:27,marketplace,mobile,Opera,US,NE,paypal,NewArrivals,Apparel,2,214.63,0.146,31.34,standard,8.96,0.0845,15.49,207.74,0.1,7,False,True,False
ORD101368,C17385,2024-02-17 06:17:35,2024-02-22 06:17:35,android_app,desktop,Firefox,US,LA,klarna,Holiday,Sports,2,80.8,0.219,17.7,standard,3.29,0.096,6.06,72.45,1.85,5,True,True,False
ORD101369,C11869,2024-03-02 07:18:00,2024-03-05 07:18:00,mobile_web,desktop,Edge,US,AL,paypal,BackToSchool,Grocery,1,34.86,0.156,5.44,standard,3.04,0.0928,2.73,35.19,0.93,3,True,True,False
ORD101370,C23384,2024-05-25 09:18:49,2024-05-28 09:18:49,web,desktop,Chrome,US,MO,apple_pay,NewArrivals,Apparel,3,1160.45,0.06,69.63,standard,8.96,0.0689,75.16,1174.94,0.1,3,True,True,False
ORD101371,C19068,2024-02-04 02:58:33,2024-02-05 02:58:33,marketplace,mobile,Chrome,US,DE,card,BackToSchool,Apparel,1,809.36,0.118,95.5,overnight,36.1,0.0,0.0,749.96,1.74,1,True,True,False
ORD101372,C13728,2024-02-25 06:53:05,2024-02-29 06:53:05,web,tablet,Safari,US,IN,klarna,Loyalty,Pets,1,164.28,0.134,22.01,standard,8.85,0.0567,8.07,159.19,0.26,4,True,True,True
ORD101373,C90737,2025-04-27 14:54:33,2025-05-03 14:54:33,ios_app,tablet,Firefox,US,KS,klarna,NewArrivals,Grocery,1,11.42,0.114,1.3,standard,4.1,0.0922,0.93,15.15,0.51,6,False,False,True
ORD101374,C35120,2024-01-11 17:23:47,2024-01-13 17:23:47,ios_app,tablet,Opera,US,OR,card,NewArrivals,Toys,5,1836.13,0.262,481.07,two_day,11.62,0.0,0.0,1366.68,1.18,2,True,True,False
ORD101375,C35534,2024-01-26 10:17:27,2024-01-28 10:17:27,android_app,mobile,Chrome,US,CT,apple_pay,Holiday,Books,4,501.94,0.111,55.72,two_day,11.63,0.0683,30.48,488.33,0.13,2,True,True,False
ORD101376,C39173,2024-02-26 17:40:53,2024-03-04 17:40:53,mobile_web,tablet,Firefox,US,DE,google_pay,SpringSale,Toys,1,244.2,0.136,33.21,standard,5.15,0.0,0.0,216.14,0.1,7,False,True,False
ORD101377,C87011,2024-05-03 09:42:16,2024-05-05 09:42:16,marketplace,mobile,Firefox,US,UT,paypal,None,Grocery,2,1628.14,0.045,73.27,two_day,11.07,0.0726,112.88,1678.82,0.1,2,True,True,False
ORD101378,C96802,2024-09-08 20:43:50,2024-09-12 20:43:50,ios_app,tablet,Firefox,US,MT,apple_pay,SpringSale,Pets,1,105.42,0.104,10.96,standard,5.76,0.0,0.0,100.22,0.92,4,True,True,False
ORD101379,C19733,2024-08-06 13:16:20,2024-08-08 13:16:20,ios_app,mobile,Edge,US,CO,apple_pay,None,Sports,2,1056.02,0.0,0.0,two_day,12.98,0.0737,77.83,1146.83,1.92,2,True,True,True
ORD101380,C89330,2025-06-25 07:41:39,2025-06-26 07:41:39,android_app,desktop,Safari,US,WA,google_pay,None,Automotive,1,46.02,0.115,5.29,overnight,19.23,0.0858,3.49,63.45,2.17,1,True,True,False
ORD101381,C78699,2024-04-12 04:54:31,2024-04-17 04:54:31,mobile_web,tablet,Edge,US,GA,apple_pay,NewArrivals,Sports,1,63.55,0.217,13.79,standard,6.52,0.0876,4.36,60.64,1.02,5,True,False,False
ORD101382,C41104,2025-03-01 18:48:01,2025-03-06 18:48:01,android_app,tablet,Firefox,US,IL,apple_pay,Holiday,Grocery,2,1007.81,0.153,154.19,standard,3.41,0.0486,41.49,898.52,0.18,5,True,True,False
ORD101383,C73813,2024-03-17 14:52:31,2024-03-23 14:52:31,ios_app,mobile,Opera,US,IL,card,SpringSale,Toys,1,394.21,0.113,44.55,standard,6.54,0.0486,16.99,373.19,0.64,6,False,True,False
ORD101384,C46374,2024-01-24 20:41:24,2024-01-26 20:41:24,android_app,mobile,Opera,US,WA,paypal,None,Sports,1,48.34,0.206,9.96,two_day,15.78,0.0858,3.29,57.45,0.3,2,True,False,False
ORD101385,C85658,2024-07-31 07:43:52,2024-08-02 07:43:52,mobile_web,desktop,Opera,US,MN,klarna,None,Toys,3,322.56,0.15,48.38,two_day,20.0,0.0477,13.08,307.26,0.3,2,True,True,False
ORD101386,C21590,2024-11-02 04:26:22,2024-11-09 04:26:22,android_app,mobile,Opera,US,AZ,apple_pay,Clearance,Home,2,52.36,0.119,6.23,standard,7.61,0.0517,2.38,56.12,0.62,7,False,True,False
ORD101387,C75179,2025-01-08 07:38:52,2025-01-13 07:38:52,web,desktop,Chrome,US,WA,google_pay,NewArrivals,Automotive,4,843.4,0.158,133.26,standard,5.82,0.0858,60.93,776.89,0.26,5,True,True,True
ORD101388,C50105,2024-08-31 06:18:09,2024-09-02 06:18:09,mobile_web,mobile,Opera,US,WY,klarna,Holiday,Books,1,95.22,0.084,8.0,two_day,9.01,0.0542,4.73,100.96,0.19,2,True,True,False
ORD101389,C26888,2024-06-10 21:40:46,2024-06-14 21:40:46,web,desktop,Opera,US,MT,apple_pay,SpringSale,Apparel,1,79.42,0.0,0.0,standard,9.03,0.0,0.0,88.45,0.63,4,True,True,True
ORD101390,C74456,2025-04-03 17:41:05,2025-04-05 17:41:05,marketplace,mobile,Edge,US,NV,paypal,BackToSchool,Beauty,2,795.41,0.067,53.29,two_day,18.87,0.0734,54.47,815.46,0.14,2,True,True,False
ORD101391,C84663,2025-04-05 07:37:18,2025-04-10 07:37:18,web,mobile,Chrome,US,FL,card,SpringSale,Pets,3,476.08,0.099,47.13,standard,8.09,0.0803,34.44,471.48,1.32,5,True,True,True
ORD101392,C13462,2024-08-04 17:11:59,2024-08-08 17:11:59,web,desktop,Firefox,US,LA,paypal,None,Electronics,2,274.59,0.061,16.75,standard,4.28,0.096,24.75,286.87,0.1,4,True,True,False
ORD101393,C24539,2024-02-22 01:10:41,2024-02-26 01:10:41,marketplace,tablet,Firefox,US,UT,card,NewArrivals,Books,1,342.1,0.123,42.08,standard,9.51,0.0726,21.78,331.31,0.12,4,True,True,False
ORD101394,C73101,2024-06-17 18:12:54,2024-06-22 18:12:54,marketplace,desktop,Edge,US,UT,card,Holiday,Home,2,1165.67,0.03,34.97,standard,4.65,0.0726,82.09,1217.44,3.49,5,True,True,False
ORD101395,C98635,2024-04-29 10:11:14,2024-05-05 10:11:14,web,mobile,Edge,US,IA,google_pay,Loyalty,Books,2,159.7,0.05,7.98,standard,9.58,0.0426,6.46,167.76,0.79,6,False,True,False
ORD101396,C35748,2024-04-19 23:54:07,2024-04-21 23:54:07,ios_app,tablet,Opera,US,UT,apple_pay,Holiday,Toys,1,33.58,0.138,4.63,two_day,16.21,0.0726,2.1,47.26,0.65,2,True,False,False
ORD101397,C24322,2025-04-02 01:52:37,2025-04-08 01:52:37,android_app,tablet,Opera,US,ME,klarna,Holiday,Home,4,3115.71,0.183,570.17,standard,9.86,0.0642,163.42,2718.82,0.39,6,False,True,False
ORD101398,C88966,2025-02-04 04:56:56,2025-02-06 04:56:56,web,mobile,Edge,US,AR,apple_pay,SpringSale,Toys,1,791.08,0.068,53.79,two_day,18.59,0.0494,36.42,792.3,0.62,2,True,True,False
ORD101399,C71594,2024-08-31 12:57:53,2024-09-02 12:57:53,android_app,mobile,Opera,US,GA,card,Holiday,Apparel,3,486.66,0.068,33.09,two_day,16.98,0.0876,39.73,510.28,2.02,2,True,True,False
ORD101400,C73867,2024-06-27 03:52:43,2024-06-30 03:52:43,ios_app,mobile,Opera,US,PA,google_pay,Holiday,Books,1,26.27,0.261,6.86,standard,5.01,0.0486,0.94,25.36,0.11,3,True,True,False
ORD101401,C57554,2024-04-27 01:08:31,2024-05-02 01:08:31,ios_app,tablet,Opera,US,NY,card,BackToSchool,Home,1,118.76,0.06,7.13,standard,3.99,0.0729,8.14,123.76,0.5,5,True,True,False
ORD101402,C23789,2024-10-13 12:42:40,2024-10-17 12:42:40,mobile_web,desktop,Opera,US,NJ,paypal,Holiday,Books,4,536.08,0.197,105.61,standard,3.23,0.0411,17.69,451.39,0.26,4,True,True,False
ORD101403,C85937,2024-09-15 07:03:45,2024-09-16 07:03:45,android_app,tablet,Safari,UK,ND,card,SpringSale,Books,1,753.33,0.111,83.62,overnight,38.89,0.0,0.0,708.6,0.16,1,True,True,False
ORD101404,C14226,2024-06-23 17:21:11,2024-06-27 17:21:11,mobile_web,mobile,Safari,US,CT,klarna,Holiday,Beauty,1,52.9,0.196,10.37,standard,6.72,0.0683,2.9,52.15,0.97,4,True,True,True
ORD101405,C40588,2025-03-25 20:02:45,2025-03-31 20:02:45,mobile_web,mobile,Firefox,AU,IN,apple_pay,None,Beauty,1,375.22,0.116,43.53,standard,3.58,0.0,0.0,335.27,1.16,6,False,True,False
ORD101406,C90748,2025-03-01 02:35:05,2025-03-05 02:35:05,mobile_web,desktop,Edge,US,RI,apple_pay,Loyalty,Beauty,2,85.27,0.085,7.25,standard,4.19,0.0467,3.64,85.85,0.2,4,True,True,True
ORD101407,C27507,2024-04-07 11:43:16,2024-04-08 11:43:16,mobile_web,desktop,Opera,US,OH,paypal,Loyalty,Pets,1,52.43,0.069,3.62,overnight,26.05,0.0432,2.11,76.97,0.1,1,True,True,True
ORD101408,C51638,2024-07-22 00:08:07,2024-07-24 00:08:07,ios_app,desktop,Edge,US,AL,apple_pay,Holiday,Toys,1,179.84,0.264,47.48,two_day,18.99,0.0928,12.28,163.63,1.56,2,True,True,False
ORD101409,C74660,2024-08-28 23:46:03,2024-08-29 23:46:03,web,desktop,Opera,US,MO,paypal,Clearance,Electronics,1,25.72,0.002,0.05,overnight,26.09,0.0689,1.77,53.53,0.26,1,True,True,True
ORD101410,C42573,2024-12-15 14:12:50,2024-12-20 14:12:50,ios_app,tablet,Opera,US,OK,paypal,Holiday,Electronics,3,197.74,0.094,18.59,standard,8.08,0.087,15.59,202.82,0.62,5,True,True,False
ORD101411,C60350,2025-06-05 13:39:41,2025-06-10 13:39:41,android_app,tablet,Edge,US,PA,apple_pay,SpringSale,Beauty,2,1102.63,0.174,191.86,standard,6.96,0.0486,44.26,961.99,0.62,5,True,True,False
ORD101412,C52440,2024-04-26 10:30:11,2024-04-30 10:30:11,android_app,desktop,Chrome,US,IN,paypal,Clearance,Apparel,1,98.0,0.196,19.21,standard,7.33,0.0567,4.47,90.59,0.1,4,True,True,False
ORD101413,C52080,2025-03-25 18:55:19,2025-03-28 18:55:19,mobile_web,tablet,Firefox,DE,WY,paypal,SpringSale,Beauty,1,124.34,0.145,18.03,standard,7.42,0.0,0.0,113.73,0.51,3,True,True,False
ORD101414,C15509,2024-04-16 18:34:03,2024-04-20 18:34:03,web,mobile,Firefox,US,FL,klarna,BackToSchool,Automotive,1,17.4,0.208,3.62,standard,5.49,0.0803,1.11,20.38,1.02,4,True,True,False
ORD101415,C53524,2024-02-16 06:51:29,2024-02-18 06:51:29,web,tablet,Chrome,FR,IN,paypal,Clearance,Beauty,3,549.57,0.126,69.25,two_day,19.74,0.0,0.0,500.06,0.34,2,True,True,False
ORD101416,C14892,2024-04-23 15:05:15,2024-04-25 15:05:15,web,desktop,Safari,US,OR,klarna,SpringSale,Grocery,2,615.79,0.185,113.92,two_day,8.94,0.0,0.0,510.81,0.34,2,True,True,False
ORD101417,C85713,2025-01-11 15:22:53,2025-01-16 15:22:53,android_app,mobile,Edge,CA,AZ,klarna,SpringSale,Apparel,2,176.32,0.0,0.0,standard,4.59,0.0,0.0,180.91,0.69,5,True,True,False
ORD101418,C37814,2024-11-06 03:09:21,2024-11-09 03:09:21,marketplace,mobile,Edge,US,UT,apple_pay,None,Pets,2,455.97,0.017,7.75,standard,4.96,0.0726,32.54,485.72,0.86,3,True,True,False
ORD101419,C28274,2024-09-15 23:48:57,2024-09-19 23:48:57,android_app,mobile,Edge,US,NM,card,None,Grocery,1,66.26,0.232,15.37,standard,9.98,0.0931,4.74,65.61,0.3,4,True,False,True
ORD101420,C14200,2024-05-16 03:17:09,2024-05-22 03:17:09,mobile_web,desktop,Firefox,US,IA,card,None,Books,1,77.12,0.078,6.02,standard,4.67,0.0426,3.03,78.8,0.73,6,False,True,True
ORD101421,C49268,2024-11-21 01:59:09,2024-11-24 01:59:09,ios_app,desktop,Safari,US,DE,card,SpringSale,Sports,2,2599.84,0.208,540.77,standard,7.62,0.0,0.0,2066.69,1.53,3,True,False,False
ORD101422,C55094,2024-09-01 10:24:04,2024-09-03 10:24:04,android_app,desktop,Opera,US,MN,klarna,None,Pets,4,192.28,0.118,22.69,two_day,14.83,0.0477,8.09,192.51,0.47,2,True,True,False
ORD101423,C78461,2025-06-11 12:53:08,2025-06-16 12:53:08,android_app,desktop,Opera,US,KY,apple_pay,Holiday,Beauty,1,56.23,0.15,8.43,standard,3.31,0.0832,3.98,55.09,0.1,5,True,True,False
ORD101424,C81637,2025-05-22 20:19:17,2025-05-23 20:19:17,web,mobile,Opera,US,MS,klarna,NewArrivals,Grocery,2,238.97,0.054,12.9,overnight,35.27,0.0436,9.86,271.2,0.83,1,True,False,False
ORD101425,C55246,2024-09-15 11:40:11,2024-09-18 11:40:11,ios_app,tablet,Safari,US,VA,klarna,Loyalty,Home,1,274.02,0.136,37.27,standard,8.54,0.0933,22.09,267.38,0.24,3,True,True,False
ORD101426,C86623,2025-01-29 18:15:46,2025-02-01 18:15:46,web,tablet,Chrome,US,IL,klarna,SpringSale,Automotive,2,683.27,0.065,44.41,standard,9.97,0.0486,31.05,679.88,0.16,3,True,True,False
ORD101427,C46194,2024-06-16 01:39:43,2024-06-19 01:39:43,android_app,tablet,Opera,US,NJ,paypal,Holiday,Books,4,801.17,0.078,62.49,standard,9.63,0.0411,30.36,778.67,0.35,3,True,True,False
ORD101428,C49994,2025-06-16 20:16:09,2025-06-18 20:16:09,android_app,tablet,Edge,US,VA,card,Loyalty,Beauty,2,212.06,0.105,22.27,two_day,16.68,0.0933,17.71,224.18,0.18,2,True,True,False
ORD101429,C61107,2025-06-14 04:49:52,2025-06-18 04:49:52,android_app,tablet,Safari,US,MS,google_pay,SpringSale,Books,2,103.95,0.083,8.63,standard,9.11,0.0436,4.16,108.59,0.83,4,True,True,False
ORD101430,C59595,2024-03-13 18:37:18,2024-03-16 18:37:18,marketplace,mobile,Edge,US,CO,klarna,Loyalty,Grocery,1,766.56,0.067,51.36,standard,7.48,0.0737,52.71,775.39,0.1,3,True,True,False
ORD101431,C55308,2024-05-14 04:49:45,2024-05-18 04:49:45,web,desktop,Edge,US,NC,paypal,Loyalty,Apparel,2,1464.56,0.098,143.53,standard,8.8,0.0731,96.57,1426.4,0.78,4,True,False,False
ORD101432,C53331,2024-11-23 14:15:16,2024-11-28 14:15:16,marketplace,desktop,Safari,US,OH,google_pay,SpringSale,Apparel,2,88.76,0.143,12.69,standard,7.74,0.0432,3.29,87.1,0.19,5,True,True,False
ORD101433,C64326,2024-08-18 01:19:26,2024-08-23 01:19:26,android_app,mobile,Safari,US,OK,klarna,BackToSchool,Grocery,3,349.76,0.293,102.48,standard,8.1,0.087,21.51,276.89,0.62,5,True,True,False
ORD101434,C96078,2024-05-22 19:29:00,2024-05-26 19:29:00,web,mobile,Firefox,US,SC,paypal,Holiday,Pets,2,658.87,0.151,99.49,standard,8.87,0.0561,31.38,599.63,0.11,4,True,True,False
ORD101435,C24495,2025-06-17 22:06:44,2025-06-22 22:06:44,android_app,mobile,Safari,US,NM,apple_pay,Holiday,Electronics,2,2501.3,0.159,397.71,standard,7.16,0.0931,195.84,2306.59,3.2,5,True,True,False
ORD101436,C50787,2024-12-22 22:50:07,2024-12-25 22:50:07,android_app,tablet,Chrome,US,MT,paypal,NewArrivals,Electronics,1,41.02,0.207,8.49,standard,3.37,0.0,0.0,35.9,0.46,3,True,True,False
ORD101437,C42079,2025-01-20 17:16:03,2025-01-22 17:16:03,web,mobile,Chrome,FR,ME,card,BackToSchool,Beauty,1,101.74,0.103,10.48,two_day,17.52,0.0,0.0,108.78,0.48,2,True,True,True
ORD101438,C74980,2025-05-26 20:35:37,2025-06-01 20:35:37,android_app,mobile,Safari,US,NY,google_pay,BackToSchool,Home,3,534.09,0.192,102.55,standard,3.46,0.0729,31.46,466.46,1.08,6,False,True,False
ORD101439,C54423,2025-02-06 10:08:53,2025-02-11 10:08:53,marketplace,tablet,Safari,US,WY,klarna,Loyalty,Automotive,3,1948.07,0.195,379.87,standard,8.92,0.0542,85.0,1662.12,0.26,5,True,True,True
ORD101440,C61244,2024-07-27 22:55:43,2024-07-31 22:55:43,web,desktop,Firefox,US,ID,klarna,Loyalty,Automotive,4,1150.12,0.164,188.62,standard,6.19,0.0454,43.65,1011.34,1.14,4,True,True,False
ORD101441,C37113,2024-12-01 22:54:39,2024-12-04 22:54:39,mobile_web,tablet,Opera,US,MT,card,Holiday,Grocery,1,64.77,0.112,7.25,standard,4.84,0.0,0.0,62.36,2.17,3,True,True,True
ORD101442,C61979,2024-03-25 05:55:11,2024-03-26 05:55:11,marketplace,desktop,Firefox,FR,AZ,google_pay,NewArrivals,Apparel,1,42.94,0.159,6.83,overnight,34.97,0.0,0.0,71.08,0.23,1,True,True,True
ORD101443,C15116,2025-01-20 19:21:33,2025-01-25 19:21:33,web,mobile,Safari,FR,OR,klarna,None,Automotive,1,370.42,0.171,63.34,standard,4.33,0.0,0.0,311.41,0.48,5,True,True,False
ORD101444,C55050,2024-01-05 20:26:59,2024-01-10 20:26:59,mobile_web,mobile,Opera,US,IL,apple_pay,SpringSale,Home,2,118.94,0.061,7.26,standard,6.47,0.0486,5.43,123.58,0.21,5,True,False,False
ORD101445,C36402,2024-03-16 22:14:42,2024-03-20 22:14:42,web,desktop,Firefox,US,FL,card,Holiday,Books,2,448.41,0.01,4.48,standard,8.27,0.0803,35.65,487.85,1.24,4,True,False,False
ORD101446,C44372,2024-02-10 00:48:52,2024-02-15 00:48:52,ios_app,desktop,Safari,AU,ND,apple_pay,Clearance,Books,3,157.35,0.141,22.19,standard,6.78,0.0,0.0,141.94,0.1,5,True,True,False
ORD101447,C86360,2024-08-10 07:31:44,2024-08-13 07:31:44,marketplace,desktop,Firefox,CA,MS,google_pay,Holiday,Toys,2,192.22,0.087,16.72,standard,7.85,0.0,0.0,183.35,1.33,3,True,True,False
ORD101448,C30530,2024-10-20 01:57:57,2024-10-26 01:57:57,android_app,tablet,Firefox,US,NC,card,Clearance,Pets,1,265.46,0.194,51.5,standard,4.73,0.0731,15.64,234.33,1.32,6,False,True,False
ORD101449,C29330,2024-03-31 17:37:47,2024-04-05 17:37:47,android_app,mobile,Chrome,US,CT,google_pay,Holiday,Beauty,2,263.78,0.008,2.11,standard,4.58,0.0683,17.87,284.12,0.57,5,True,False,False
ORD101450,C41488,2024-12-13 09:39:17,2024-12-18 09:39:17,ios_app,tablet,Chrome,US,PA,apple_pay,SpringSale,Electronics,1,77.41,0.213,16.49,standard,7.5,0.0486,2.96,71.38,0.37,5,True,False,False
ORD101451,C71541,2024-05-30 20:18:15,2024-06-03 20:18:15,ios_app,tablet,Opera,US,PA,google_pay,Holiday,Home,1,121.6,0.063,7.66,standard,6.02,0.0486,5.54,125.5,1.81,4,True,True,False
ORD101452,C44587,2025-05-07 10:57:02,2025-05-12 10:57:02,ios_app,desktop,Safari,US,WA,google_pay,Clearance,Books,2,432.65,0.085,36.78,standard,3.78,0.0858,33.97,433.62,2.05,5,True,True,False
ORD101453,C75013,2025-06-28 14:45:48,2025-06-29 14:45:48,ios_app,desktop,Safari,AU,IL,klarna,Holiday,Home,1,24.24,0.157,3.81,overnight,19.09,0.0,0.0,39.52,3.52,1,True,True,False
ORD101454,C22225,2024-07-30 23:08:11,2024-08-05 23:08:11,mobile_web,tablet,Chrome,CA,KS,google_pay,NewArrivals,Home,3,138.89,0.061,8.47,standard,6.76,0.0,0.0,137.18,0.38,6,False,True,False
ORD101455,C80614,2024-07-25 17:29:31,2024-07-27 17:29:31,android_app,desktop,Safari,US,GA,apple_pay,SpringSale,Beauty,1,62.67,0.171,10.72,two_day,11.83,0.0876,4.55,68.33,0.54,2,True,True,True
ORD101456,C53800,2025-03-04 10:33:03,2025-03-07 10:33:03,marketplace,mobile,Firefox,US,ID,google_pay,SpringSale,Toys,1,57.51,0.087,5.0,standard,7.92,0.0454,2.38,62.81,0.59,3,True,True,False
ORD101457,C72584,2025-04-06 06:04:32,2025-04-09 06:04:32,mobile_web,desktop,Edge,UK,MO,card,Holiday,Pets,1,51.79,0.109,5.65,standard,4.8,0.0,0.0,50.94,0.35,3,True,True,False
ORD101458,C38062,2024-01-06 01:49:57,2024-01-12 01:49:57,mobile_web,tablet,Edge,US,ID,google_pay,NewArrivals,Electronics,2,129.68,0.224,29.05,standard,9.08,0.0454,4.57,114.28,0.31,6,False,True,False
ORD101459,C41973,2024-03-04 23:18:35,2024-03-08 23:18:35,ios_app,desktop,Safari,US,KS,paypal,Holiday,Sports,2,581.82,0.087,50.62,standard,7.54,0.0922,48.98,587.72,0.32,4,True,True,False
ORD101460,C21815,2024-10-30 21:58:24,2024-11-04 21:58:24,web,desktop,Opera,US,UT,klarna,BackToSchool,Automotive,3,128.95,0.187,24.11,standard,8.44,0.0726,7.61,120.89,2.43,5,True,True,False
ORD101461,C92451,2024-02-26 03:40:41,2024-03-02 03:40:41,ios_app,mobile,Edge,US,KS,paypal,BackToSchool,Books,1,29.55,0.18,5.32,standard,5.3,0.0922,2.23,31.76,0.4,5,True,True,False
ORD101462,C70206,2024-02-18 08:55:03,2024-02-23 08:55:03,web,tablet,Edge,US,CO,google_pay,BackToSchool,Automotive,1,139.17,0.125,17.4,standard,7.31,0.0737,8.97,138.05,0.1,5,True,True,False
ORD101463,C45280,2024-03-23 05:48:45,2024-03-27 05:48:45,marketplace,mobile,Opera,US,KY,apple_pay,None,Automotive,2,376.94,0.031,11.69,standard,3.14,0.0832,30.39,398.78,0.51,4,True,True,False
ORD101464,C11720,2024-06-10 02:41:51,2024-06-14 02:41:51,ios_app,desktop,Opera,US,CT,paypal,SpringSale,Home,5,3757.6,0.239,898.07,standard,4.91,0.0683,195.31,3059.75,0.4,4,True,False,False
ORD101465,C54998,2024-04-16 19:47:36,2024-04-21 19:47:36,ios_app,tablet,Edge,US,TN,google_pay,Clearance,Beauty,2,106.48,0.092,9.8,standard,4.72,0.0864,8.35,109.75,0.6,5,True,True,False
ORD101466,C98993,2025-02-01 18:16:27,2025-02-07 18:16:27,marketplace,mobile,Edge,US,TX,klarna,Holiday,Electronics,3,755.59,0.007,5.29,standard,3.87,0.0923,69.25,823.42,0.1,6,False,True,False
ORD101467,C93042,2024-08-09 12:14:29,2024-08-12 12:14:29,mobile_web,tablet,Safari,US,VA,google_pay,BackToSchool,Automotive,1,166.57,0.057,9.49,standard,9.94,0.0933,14.66,181.68,0.38,3,True,False,True
ORD101468,C66064,2024-10-14 10:50:29,2024-10-18 10:50:29,android_app,mobile,Safari,US,CO,google_pay,Holiday,Sports,1,105.98,0.239,25.33,standard,9.73,0.0737,5.94,96.32,0.65,4,True,True,False
ORD101469,C17505,2025-04-15 07:04:59,2025-04-17 07:04:59,marketplace,desktop,Chrome,US,AL,klarna,Clearance,Toys,1,204.9,0.313,64.13,two_day,8.12,0.0928,13.06,161.95,0.1,2,True,True,False
ORD101470,C47696,2024-11-20 21:29:01,2024-11-22 21:29:01,android_app,tablet,Opera,US,TN,klarna,Loyalty,Automotive,1,775.4,0.192,148.88,two_day,11.78,0.0864,54.13,692.43,0.3,2,True,True,False
ORD101471,C55219,2025-02-25 22:15:03,2025-03-02 22:15:03,web,desktop,Chrome,US,SD,paypal,Clearance,Beauty,1,36.96,0.041,1.52,standard,5.04,0.0672,2.38,42.86,1.24,5,True,True,False
ORD101472,C29580,2024-12-28 21:10:01,2025-01-02 21:10:01,mobile_web,tablet,Edge,UK,OK,klarna,NewArrivals,Sports,2,196.19,0.232,45.52,standard,5.46,0.0,0.0,156.13,0.29,5,True,False,False
ORD101473,C77271,2025-06-21 06:00:29,2025-06-23 06:00:29,mobile_web,tablet,Chrome,US,OR,paypal,SpringSale,Apparel,1,125.98,0.054,6.8,two_day,14.91,0.0,0.0,134.09,0.4,2,True,True,False
ORD101474,C71914,2024-04-12 06:20:52,2024-04-13 06:20:52,android_app,mobile,Chrome,US,VT,card,None,Automotive,1,70.78,0.147,10.4,overnight,31.97,0.09,5.43,97.78,0.95,1,True,True,False
ORD101475,C63928,2024-08-15 23:10:31,2024-08-21 23:10:31,mobile_web,desktop,Chrome,AU,TN,card,Clearance,Electronics,1,15.66,0.127,1.99,standard,4.59,0.0,0.0,18.26,0.24,6,False,True,False
ORD101476,C45591,2025-01-11 13:48:46,2025-01-17 13:48:46,android_app,desktop,Opera,US,MI,google_pay,Loyalty,Automotive,4,2206.05,0.158,348.56,standard,8.77,0.0789,146.56,2012.82,0.37,6,False,True,True
ORD101477,C71442,2024-06-04 13:35:11,2024-06-09 13:35:11,ios_app,tablet,Firefox,US,NY,google_pay,BackToSchool,Electronics,2,260.07,0.032,8.32,standard,5.89,0.0729,18.35,275.99,0.45,5,True,True,True
ORD101478,C70730,2025-06-04 01:19:54,2025-06-09 01:19:54,marketplace,desktop,Chrome,US,NJ,apple_pay,Holiday,Automotive,2,364.9,0.124,45.25,standard,5.12,0.0411,13.14,337.91,0.12,5,True,False,False
ORD101479,C22708,2025-05-31 00:23:35,2025-06-02 00:23:35,web,desktop,Chrome,US,OH,klarna,NewArrivals,Books,1,75.84,0.139,10.54,two_day,12.52,0.0432,2.82,80.64,0.16,2,True,True,False
ORD101480,C94998,2025-02-23 10:16:38,2025-02-28 10:16:38,web,desktop,Edge,US,WA,klarna,Loyalty,Grocery,2,1605.84,0.079,126.86,standard,7.49,0.0858,126.9,1613.37,0.94,5,True,True,False
ORD101481,C52576,2025-05-18 14:38:04,2025-05-24 14:38:04,android_app,tablet,Safari,AU,MO,card,None,Automotive,1,65.6,0.267,17.52,standard,4.6,0.0,0.0,52.68,1.8,6,False,True,False
ORD101482,C47681,2024-04-17 23:37:12,2024-04-19 23:37:12,android_app,mobile,Opera,US,IN,apple_pay,Holiday,Electronics,2,820.56,0.144,118.16,two_day,14.25,0.0567,39.83,756.48,0.31,2,True,True,True
ORD101483,C12434,2024-04-05 09:18:13,2024-04-10 09:18:13,marketplace,tablet,Firefox,US,MO,card,Clearance,Pets,1,46.96,0.187,8.78,standard,3.44,0.0689,2.63,44.25,0.1,5,True,True,False
ORD101484,C13490,2024-09-04 18:34:45,2024-09-09 18:34:45,web,desktop,Firefox,US,MN,card,Loyalty,Automotive,1,30.58,0.137,4.19,standard,4.23,0.0477,1.26,31.88,0.33,5,True,True,False
ORD101485,C11147,2024-09-01 20:57:00,2024-09-06 20:57:00,ios_app,mobile,Chrome,US,ND,paypal,BackToSchool,Home,4,551.31,0.09,49.62,standard,9.81,0.0419,21.02,532.52,0.85,5,True,True,False
ORD101486,C76646,2025-02-15 13:48:23,2025-02-17 13:48:23,web,tablet,Chrome,US,HI,klarna,None,Apparel,2,321.7,0.218,70.13,two_day,13.11,0.0776,19.52,284.2,0.36,2,True,True,True
ORD101487,C35785,2024-03-28 14:50:15,2024-04-01 14:50:15,android_app,desktop,Edge,US,AZ,google_pay,Holiday,Pets,2,107.3,0.055,5.9,standard,4.69,0.0517,5.24,111.33,0.23,4,True,True,False
ORD101488,C42356,2024-01-13 07:00:37,2024-01-15 07:00:37,web,desktop,Opera,FR,CA,google_pay,Holiday,Books,4,820.32,0.08,65.63,two_day,12.7,0.0,0.0,767.39,1.0,2,True,False,False
ORD101489,C74650,2024-10-18 10:57:29,2024-10-22 10:57:29,marketplace,tablet,Edge,US,OK,apple_pay,None,Home,2,396.48,0.168,66.61,standard,9.51,0.087,28.7,368.08,0.1,4,True,True,False
ORD101490,C50544,2024-02-10 16:31:29,2024-02-15 16:31:29,mobile_web,desktop,Opera,US,DE,klarna,None,Automotive,4,658.87,0.185,121.89,standard,6.32,0.0,0.0,543.3,2.18,5,True,True,False
ORD101491,C19782,2025-01-13 05:09:50,2025-01-19 05:09:50,android_app,desktop,Chrome,US,MS,klarna,None,Pets,3,411.1,0.183,75.23,standard,4.25,0.0436,14.64,354.76,0.64,6,False,True,True
ORD101492,C37009,2024-05-23 23:03:14,2024-05-29 23:03:14,ios_app,desktop,Safari,US,MN,google_pay,Loyalty,Sports,4,2847.01,0.146,415.66,standard,5.67,0.0477,115.98,2553.0,0.29,6,False,True,True
ORD101493,C68328,2024-04-27 10:38:24,2024-05-01 10:38:24,marketplace,tablet,Safari,US,CA,klarna,BackToSchool,Books,4,1508.67,0.067,101.08,standard,7.63,0.0931,131.05,1546.27,0.18,4,True,True,True
ORD101494,C47011,2025-05-19 18:25:58,2025-05-23 18:25:58,web,desktop,Edge,US,TX,apple_pay,BackToSchool,Books,1,57.62,0.076,4.38,standard,5.88,0.0923,4.91,64.03,0.1,4,True,True,False
ORD101495,C40548,2025-02-01 04:51:37,2025-02-04 04:51:37,marketplace,mobile,Firefox,US,ID,klarna,SpringSale,Pets,2,2885.55,0.019,54.83,standard,6.38,0.0454,128.51,2965.61,0.19,3,True,True,False
ORD101496,C64896,2024-04-23 11:31:51,2024-04-29 11:31:51,android_app,mobile,Firefox,US,NH,klarna,SpringSale,Electronics,2,163.57,0.255,41.71,standard,4.54,0.0,0.0,126.4,0.1,6,False,True,True
ORD101497,C37669,2024-02-14 07:58:18,2024-02-16 07:58:18,web,mobile,Opera,US,ID,google_pay,Clearance,Pets,2,515.0,0.145,74.68,two_day,9.84,0.0454,19.99,470.15,0.91,2,True,True,True
ORD101498,C46324,2024-07-05 09:21:04,2024-07-08 09:21:04,android_app,tablet,Safari,AU,CO,paypal,Clearance,Pets,2,584.8,0.163,95.32,standard,9.27,0.0,0.0,498.75,0.1,3,True,True,False
ORD101499,C22215,2025-04-17 06:36:06,2025-04-24 06:36:06,ios_app,mobile,Chrome,US,NY,google_pay,Loyalty,Electronics,2,762.19,0.183,139.48,standard,7.55,0.0729,45.4,675.66,0.17,7,False,True,False
ORD101500,C49430,2025-04-15 21:20:20,2025-04-20 21:20:20,marketplace,tablet,Opera,US,LA,klarna,Clearance,Beauty,4,752.0,0.16,120.32,standard,9.96,0.096,60.64,702.28,0.1,5,True,False,True
ORD101501,C87538,2024-11-15 20:46:46,2024-11-21 20:46:46,android_app,desktop,Opera,US,IL,google_pay,NewArrivals,Home,1,16.3,0.144,2.35,standard,7.44,0.0486,0.68,22.07,0.1,6,False,True,False
ORD101502,C30581,2024-12-07 20:34:32,2024-12-13 20:34:32,mobile_web,tablet,Edge,US,IA,card,NewArrivals,Automotive,2,1669.55,0.142,237.08,standard,5.04,0.0426,61.02,1498.53,0.17,6,False,True,False
ORD101503,C64522,2024-03-09 09:29:51,2024-03-13 09:29:51,ios_app,tablet,Safari,US,OH,google_pay,SpringSale,Beauty,1,56.18,0.17,9.55,standard,6.76,0.0432,2.01,55.4,0.8,4,True,True,False
ORD101504,C18354,2025-02-03 21:46:26,2025-02-08 21:46:26,android_app,tablet,Chrome,US,ND,card,SpringSale,Pets,2,125.16,0.228,28.54,standard,6.14,0.0419,4.05,106.81,0.32,5,True,True,False
ORD101505,C88010,2024-05-29 03:25:58,2024-06-05 03:25:58,mobile_web,desktop,Firefox,US,OR,google_pay,SpringSale,Pets,2,183.3,0.17,31.16,standard,9.81,0.0,0.0,161.95,0.4,7,False,True,True
ORD101506,C98823,2024-12-30 09:52:41,2025-01-02 09:52:41,marketplace,desktop,Firefox,US,VT,klarna,SpringSale,Home,1,1646.18,0.207,340.76,standard,6.86,0.09,117.49,1429.77,0.2,3,True,True,False
ORD101507,C42235,2024-11-18 14:59:49,2024-11-23 14:59:49,android_app,mobile,Safari,US,FL,google_pay,Loyalty,Home,1,747.7,0.12,89.72,standard,7.93,0.0803,52.84,718.75,0.14,5,True,True,False
ORD101508,C38786,2024-02-06 13:55:56,2024-02-07 13:55:56,ios_app,desktop,Firefox,US,AZ,card,None,Apparel,1,102.6,0.258,26.47,overnight,33.29,0.0517,3.94,113.36,0.59,1,True,True,True
ORD101509,C52376,2024-07-08 14:05:05,2024-07-11 14:05:05,mobile_web,mobile,Chrome,US,CT,klarna,SpringSale,Home,2,191.5,0.122,23.36,standard,5.97,0.0683,11.48,185.59,1.24,3,True,False,True
ORD101510,C81328,2025-02-09 10:15:47,2025-02-14 10:15:47,ios_app,tablet,Opera,US,HI,klarna,Loyalty,Beauty,2,143.5,0.124,17.79,standard,9.38,0.0776,9.76,144.85,0.1,5,True,True,False
ORD101511,C30407,2025-05-04 12:48:23,2025-05-08 12:48:23,android_app,desktop,Safari,FR,TX,paypal,SpringSale,Automotive,3,1290.91,0.118,152.33,standard,6.48,0.0,0.0,1145.06,1.37,4,True,True,False
ORD101512,C69141,2024-11-03 00:17:50,2024-11-08 00:17:50,android_app,desktop,Firefox,US,CO,paypal,None,Electronics,2,225.93,0.152,34.34,standard,6.86,0.0737,14.12,212.57,0.1,5,True,True,False
ORD101513,C79710,2024-07-04 05:09:08,2024-07-07 05:09:08,mobile_web,mobile,Chrome,US,HI,klarna,SpringSale,Pets,5,545.3,0.074,40.35,standard,7.91,0.0776,39.18,552.04,0.78,3,True,True,False
ORD101514,C13460,2025-01-25 13:45:45,2025-01-30 13:45:45,web,mobile,Chrome,US,CA,paypal,Loyalty,Automotive,1,358.41,0.07,25.09,standard,6.43,0.0931,31.03,370.78,2.09,5,True,True,False
ORD101515,C44429,2024-06-16 00:38:10,2024-06-23 00:38:10,android_app,desktop,Edge,US,MT,paypal,SpringSale,Home,4,772.32,0.09,69.51,standard,9.12,0.0,0.0,711.93,0.45,7,False,True,False
ORD101516,C99361,2024-01-19 18:03:57,2024-01-21 18:03:57,mobile_web,mobile,Opera,US,KS,card,SpringSale,Books,1,135.06,0.154,20.8,two_day,9.82,0.0922,10.53,134.61,0.74,2,True,True,False
ORD101517,C96609,2025-05-25 23:19:04,2025-05-29 23:19:04,marketplace,tablet,Chrome,US,AK,card,Holiday,Automotive,2,307.52,0.069,21.22,standard,4.4,0.0,0.0,290.7,0.6,4,True,True,False
ORD101518,C69542,2024-10-10 06:12:59,2024-10-11 06:12:59,android_app,desktop,Firefox,US,NM,paypal,NewArrivals,Apparel,1,77.03,0.147,11.32,overnight,20.04,0.0931,6.12,91.87,0.1,1,True,False,True
ORD101519,C56999,2024-11-11 17:51:57,2024-11-13 17:51:57,web,tablet,Firefox,US,WV,google_pay,None,Automotive,2,209.24,0.18,37.66,two_day,8.85,0.0568,9.75,190.18,0.1,2,True,False,False
ORD101520,C85021,2024-04-05 21:14:39,2024-04-11 21:14:39,ios_app,tablet,Edge,AU,NJ,card,Holiday,Beauty,3,1553.4,0.152,236.12,standard,9.02,0.0,0.0,1326.3,0.1,6,False,True,False
ORD101521,C60321,2024-08-05 01:53:32,2024-08-11 01:53:32,web,mobile,Firefox,US,NY,google_pay,SpringSale,Home,1,134.48,0.015,2.02,standard,3.14,0.0729,9.66,145.26,0.33,6,False,True,False
ORD101522,C21609,2025-05-31 22:40:45,2025-06-01 22:40:45,marketplace,desktop,Firefox,US,OH,apple_pay,Loyalty,Beauty,2,98.72,0.152,15.01,overnight,21.22,0.0432,3.62,108.55,0.42,1,True,True,True
ORD101523,C47246,2024-11-18 06:44:17,2024-11-25 06:44:17,web,desktop,Firefox,US,SD,apple_pay,Holiday,Sports,2,48.21,0.077,3.71,standard,3.44,0.0672,2.99,50.93,0.15,7,False,True,False
ORD101524,C44520,2025-04-05 07:36:55,2025-04-10 07:36:55,ios_app,mobile,Edge,AU,SD,paypal,None,Beauty,3,235.45,0.115,27.08,standard,9.71,0.0,0.0,218.08,2.95,5,True,True,False
ORD101525,C90013,2024-10-05 19:10:46,2024-10-07 19:10:46,web,desktop,Firefox,US,WI,klarna,SpringSale,Home,1,68.67,0.097,6.66,two_day,19.07,0.056,3.47,84.55,0.55,2,True,True,False
ORD101526,C90131,2024-10-25 05:39:56,2024-10-31 05:39:56,android_app,desktop,Safari,US,VA,google_pay,None,Apparel,2,154.84,0.122,18.89,standard,3.87,0.0933,12.68,152.5,1.08,6,False,True,False
ORD101527,C60695,2024-03-10 08:42:48,2024-03-15 08:42:48,mobile_web,desktop,Edge,US,AZ,apple_pay,None,Apparel,2,105.08,0.092,9.67,standard,3.46,0.0517,4.93,103.8,0.45,5,True,True,False
ORD101528,C10814,2025-06-01 00:46:11,2025-06-05 00:46:11,web,desktop,Safari,CA,VT,klarna,None,Books,2,318.21,0.069,21.96,standard,3.29,0.0,0.0,299.54,1.34,4,True,True,False
ORD101529,C72811,2024-10-15 16:56:47,2024-10-17 16:56:47,ios_app,tablet,Edge,US,MS,paypal,None,Pets,1,51.16,0.234,11.97,two_day,19.08,0.0436,1.71,59.98,2.32,2,True,True,False
ORD101530,C30731,2025-04-02 01:52:39,2025-04-08 01:52:39,marketplace,desktop,Opera,US,NC,paypal,None,Pets,1,220.68,0.178,39.28,standard,3.34,0.0731,13.26,198.0,1.19,6,False,True,False
ORD101531,C24360,2024-07-31 08:05:05,2024-08-06 08:05:05,android_app,desktop,Edge,US,MD,paypal,SpringSale,Toys,2,216.29,0.077,16.65,standard,8.9,0.0638,12.74,221.28,4.68,6,False,True,False
ORD101532,C75326,2025-03-10 02:59:39,2025-03-14 02:59:39,android_app,desktop,Safari,US,KY,card,NewArrivals,Apparel,1,51.1,0.136,6.95,standard,9.08,0.0832,3.67,56.9,0.15,4,True,True,False
ORD101533,C73275,2024-08-22 10:08:32,2024-08-26 10:08:32,ios_app,tablet,Chrome,US,MD,apple_pay,SpringSale,Home,2,151.27,0.162,24.51,standard,6.81,0.0638,8.09,141.66,0.37,4,True,True,False
ORD101534,C86326,2024-05-16 18:48:33,2024-05-22 18:48:33,web,tablet,Firefox,CA,TN,paypal,Clearance,Home,1,122.42,0.163,19.95,standard,9.5,0.0,0.0,111.97,0.51,6,False,True,False
ORD101535,C73335,2024-11-15 12:47:09,2024-11-20 12:47:09,web,mobile,Chrome,FR,MO,paypal,BackToSchool,Sports,1,80.65,0.146,11.77,standard,8.91,0.0,0.0,77.79,0.1,5,True,True,False
ORD101536,C31399,2024-08-27 08:47:25,2024-08-29 08:47:25,marketplace,mobile,Safari,US,AK,paypal,NewArrivals,Electronics,3,199.61,0.271,54.09,two_day,8.07,0.0,0.0,153.59,0.35,2,True,True,False
ORD101537,C28476,2024-01-14 13:13:10,2024-01-19 13:13:10,marketplace,tablet,Firefox,US,WA,google_pay,None,Home,4,3221.31,0.0,0.0,standard,6.88,0.0858,276.39,3504.58,0.1,5,True,False,False
ORD101538,C93408,2024-03-17 20:31:27,2024-03-22 20:31:27,marketplace,tablet,Firefox,US,AR,paypal,None,Books,4,1155.22,0.139,160.58,standard,8.47,0.0494,49.14,1052.25,0.56,5,True,True,False
ORD101539,C15530,2024-01-09 09:06:24,2024-01-14 09:06:24,ios_app,tablet,Chrome,US,NM,apple_pay,Clearance,Pets,1,146.56,0.242,35.47,standard,4.03,0.0931,10.34,125.46,0.1,5,True,True,False
ORD101540,C59512,2024-08-12 20:28:45,2024-08-16 20:28:45,android_app,tablet,Safari,US,KY,apple_pay,Loyalty,Beauty,2,2433.06,0.116,282.23,standard,7.06,0.0832,178.95,2336.84,0.46,4,True,True,False
ORD101541,C46360,2025-05-11 05:15:34,2025-05-14 05:15:34,mobile_web,desktop,Firefox,US,ID,card,Holiday,Electronics,2,164.01,0.152,24.93,standard,8.92,0.0454,6.31,154.31,1.29,3,True,True,False
ORD101542,C34940,2025-02-16 10:13:41,2025-02-18 10:13:41,ios_app,mobile,Firefox,US,NV,klarna,NewArrivals,Pets,2,314.34,0.147,46.21,two_day,16.77,0.0734,19.68,304.58,0.24,2,True,True,False
ORD101543,C77651,2024-05-20 18:20:48,2024-05-22 18:20:48,mobile_web,desktop,Firefox,US,AL,paypal,None,Apparel,4,681.2,0.037,25.2,two_day,17.77,0.0928,60.88,734.65,1.75,2,True,True,False
ORD101544,C79055,2024-07-28 03:18:31,2024-07-30 03:18:31,android_app,mobile,Safari,US,UT,card,None,Beauty,1,941.43,0.112,105.44,two_day,16.26,0.0726,60.69,912.94,1.11,2,True,True,False
ORD101545,C52734,2024-10-13 14:43:54,2024-10-15 14:43:54,android_app,tablet,Safari,US,TX,card,None,Sports,1,34.96,0.0,0.0,two_day,15.53,0.0923,3.23,53.72,1.5,2,True,True,False
ORD101546,C57318,2024-11-03 11:05:14,2024-11-08 11:05:14,web,mobile,Firefox,US,UT,apple_pay,SpringSale,Home,4,1707.52,0.301,513.96,standard,8.03,0.0726,86.65,1288.24,1.11,5,True,True,True
ORD101547,C99359,2025-03-06 02:31:42,2025-03-09 02:31:42,ios_app,mobile,Safari,US,NY,apple_pay,Holiday,Beauty,1,252.2,0.255,64.31,standard,9.99,0.0729,13.7,211.58,0.4,3,True,True,False
ORD101548,C61067,2025-05-27 05:47:47,2025-06-02 05:47:47,mobile_web,desktop,Chrome,US,IL,klarna,SpringSale,Home,1,119.25,0.145,17.29,standard,9.05,0.0486,4.96,115.97,0.1,6,False,True,True
ORD101549,C67848,2024-04-13 23:42:40,2024-04-15 23:42:40,web,desktop,Opera,US,MS,google_pay,Holiday,Electronics,2,494.46,0.147,72.69,two_day,10.87,0.0436,18.39,451.03,0.45,2,True,True,False
ORD101550,C21691,2024-01-13 14:54:14,2024-01-17 14:54:14,ios_app,tablet,Firefox,US,DE,apple_pay,Holiday,Grocery,1,662.31,0.172,113.92,standard,6.95,0.0,0.0,555.34,1.23,4,True,True,True
ORD101551,C64237,2024-07-31 14:57:41,2024-08-04 14:57:41,mobile_web,desktop,Edge,US,IN,apple_pay,SpringSale,Home,1,75.87,0.146,11.08,standard,3.2,0.0567,3.67,71.66,0.1,4,True,True,False
ORD101552,C79840,2024-10-24 23:21:37,2024-10-30 23:21:37,ios_app,mobile,Safari,US,AR,google_pay,None,Toys,2,66.46,0.135,8.97,standard,8.51,0.0494,2.84,68.84,0.6,6,False,False,True
ORD101553,C80463,2024-02-25 21:02:34,2024-03-01 21:02:34,marketplace,tablet,Firefox,FR,NM,card,BackToSchool,Apparel,2,139.68,0.074,10.34,standard,6.12,0.0,0.0,135.46,0.19,5,True,True,False
ORD101554,C15524,2024-11-20 13:10:32,2024-11-21 13:10:32,ios_app,mobile,Opera,US,ME,card,None,Beauty,3,1006.44,0.118,118.76,overnight,26.93,0.0642,56.99,971.6,1.17,1,True,True,False
ORD101555,C45880,2024-10-11 21:35:56,2024-10-18 21:35:56,web,mobile,Chrome,US,VT,apple_pay,None,Apparel,1,63.06,0.162,10.22,standard,4.06,0.09,4.76,61.66,0.29,7,False,True,False
ORD101556,C62355,2025-01-17 21:05:08,2025-01-23 21:05:08,web,mobile,Firefox,CA,AL,google_pay,SpringSale,Toys,1,669.09,0.0,0.0,standard,8.33,0.0,0.0,677.42,0.1,6,False,True,False
ORD101557,C92443,2024-04-29 09:06:22,2024-05-01 09:06:22,marketplace,tablet,Chrome,UK,MI,card,None,Books,2,159.46,0.106,16.9,two_day,15.84,0.0,0.0,158.4,0.1,2,True,True,False
ORD101558,C83088,2025-06-02 19:47:40,2025-06-09 19:47:40,web,mobile,Firefox,US,HI,apple_pay,SpringSale,Sports,1,351.27,0.129,45.31,standard,9.27,0.0776,23.74,338.97,0.1,7,False,False,False
ORD101559,C21004,2025-03-05 19:30:53,2025-03-07 19:30:53,ios_app,desktop,Safari,US,IL,apple_pay,SpringSale,Pets,2,1805.18,0.2,361.04,two_day,18.64,0.0486,70.19,1532.97,0.13,2,True,True,False
ORD101560,C76836,2024-03-22 02:27:29,2024-03-23 02:27:29,mobile_web,desktop,Edge,US,NY,klarna,Holiday,Home,2,156.49,0.248,38.81,overnight,36.45,0.0729,8.58,162.71,0.33,1,True,True,True
ORD101561,C70771,2024-05-16 00:10:42,2024-05-20 00:10:42,web,mobile,Edge,US,LA,google_pay,SpringSale,Automotive,2,113.09,0.073,8.26,standard,7.73,0.096,10.06,122.62,3.9,4,True,True,False
ORD101562,C67580,2024-05-24 22:40:43,2024-05-28 22:40:43,android_app,tablet,Firefox,US,TN,paypal,Holiday,Pets,1,26.26,0.0,0.0,standard,4.6,0.0864,2.27,33.13,1.32,4,True,True,False
ORD101563,C72060,2025-05-16 18:51:08,2025-05-19 18:51:08,android_app,tablet,Chrome,US,IN,klarna,Holiday,Electronics,1,52.9,0.202,10.69,standard,4.17,0.0567,2.39,48.77,0.47,3,True,True,False
ORD101564,C33670,2024-04-16 01:52:09,2024-04-21 01:52:09,marketplace,mobile,Edge,US,AK,apple_pay,Holiday,Toys,2,123.27,0.169,20.83,standard,8.06,0.0,0.0,110.5,0.17,5,True,False,False
ORD101565,C49128,2024-05-07 14:36:14,2024-05-08 14:36:14,web,mobile,Opera,US,IL,klarna,NewArrivals,Automotive,2,917.98,0.141,129.44,overnight,15.61,0.0486,38.32,842.47,0.62,1,True,False,False
ORD101566,C65488,2025-04-25 12:31:48,2025-04-28 12:31:48,ios_app,tablet,Safari,US,NJ,apple_pay,SpringSale,Automotive,4,460.72,0.222,102.28,standard,3.29,0.0411,14.73,376.46,0.43,3,True,True,False
ORD101567,C55129,2025-06-21 14:27:57,2025-06-23 14:27:57,mobile_web,tablet,Opera,US,TX,card,None,Books,3,436.92,0.252,110.1,two_day,10.39,0.0923,30.17,367.38,0.6,2,True,True,False
ORD101568,C51312,2024-12-30 18:22:37,2025-01-03 18:22:37,web,tablet,Firefox,US,WA,google_pay,None,Books,2,1022.34,0.189,193.22,standard,7.13,0.0858,71.14,907.39,0.96,4,True,True,False
ORD101569,C37010,2024-09-23 19:33:40,2024-09-28 19:33:40,marketplace,mobile,Edge,US,PA,klarna,BackToSchool,Automotive,1,51.25,0.117,6.0,standard,4.23,0.0486,2.2,51.68,0.17,5,True,True,False
ORD101570,C58281,2024-11-13 22:46:21,2024-11-19 22:46:21,android_app,mobile,Edge,US,MA,klarna,Holiday,Pets,1,43.3,0.071,3.07,standard,8.12,0.05,2.01,50.36,0.57,6,False,True,True
ORD101571,C96334,2025-01-01 07:18:27,2025-01-06 07:18:27,ios_app,tablet,Opera,US,VT,paypal,Clearance,Pets,1,96.86,0.068,6.59,standard,3.14,0.09,8.12,101.53,0.1,5,True,True,False
ORD101572,C50022,2024-03-23 10:56:57,2024-03-27 10:56:57,web,tablet,Safari,DE,NC,google_pay,Holiday,Beauty,1,578.34,0.087,50.32,standard,3.35,0.0,0.0,531.37,0.62,4,True,True,False
ORD101573,C70210,2024-01-13 01:30:18,2024-01-18 01:30:18,mobile_web,desktop,Safari,US,MO,klarna,SpringSale,Toys,1,966.61,0.039,37.7,standard,7.84,0.0689,64.0,1000.75,1.09,5,True,True,False
ORD101574,C97519,2024-01-15 10:50:03,2024-01-20 10:50:03,marketplace,desktop,Opera,US,WV,apple_pay,None,Electronics,2,341.91,0.063,21.54,standard,9.53,0.0568,18.2,348.1,0.1,5,True,True,False
ORD101575,C61879,2024-07-29 15:32:49,2024-07-30 15:32:49,mobile_web,desktop,Edge,US,TX,klarna,BackToSchool,Automotive,3,1116.36,0.167,186.43,overnight,17.69,0.0923,85.83,1033.45,0.1,1,True,True,False
ORD101576,C43590,2024-01-14 13:31:52,2024-01-16 13:31:52,mobile_web,tablet,Safari,US,OK,paypal,Loyalty,Books,2,1979.23,0.095,188.03,two_day,19.52,0.087,155.83,1966.55,0.83,2,True,True,False
ORD101577,C36595,2025-05-29 02:56:56,2025-05-31 02:56:56,marketplace,desktop,Opera,DE,AR,apple_pay,Loyalty,Automotive,2,277.72,0.183,50.82,two_day,16.44,0.0,0.0,243.34,0.25,2,True,True,False
ORD101578,C98231,2024-07-03 05:52:38,2024-07-07 05:52:38,mobile_web,mobile,Chrome,US,MN,paypal,Loyalty,Beauty,1,165.16,0.088,14.53,standard,3.54,0.0477,7.19,161.36,0.7,4,True,True,False
ORD101579,C15290,2024-12-21 08:25:22,2024-12-23 08:25:22,android_app,mobile,Firefox,US,KS,apple_pay,NewArrivals,Grocery,3,2088.87,0.162,338.4,two_day,10.73,0.0922,161.39,1922.59,0.56,2,True,True,False
ORD101580,C50510,2025-01-11 18:53:42,2025-01-13 18:53:42,web,desktop,Opera,US,OR,apple_pay,Clearance,Electronics,1,199.58,0.074,14.77,two_day,9.25,0.0,0.0,194.06,1.01,2,True,True,False
ORD101581,C36432,2025-05-29 10:03:47,2025-06-03 10:03:47,mobile_web,tablet,Edge,FR,NV,paypal,Holiday,Pets,4,1505.2,0.031,46.66,standard,3.28,0.0,0.0,1461.82,0.51,5,True,True,False
ORD101582,C55275,2024-06-04 12:55:03,2024-06-05 12:55:03,android_app,mobile,Opera,US,CT,google_pay,BackToSchool,Grocery,2,417.77,0.098,40.94,overnight,31.51,0.0683,25.74,434.08,0.19,1,True,True,False
ORD101583,C91806,2025-06-28 21:01:46,2025-07-01 21:01:46,marketplace,mobile,Opera,US,MN,google_pay,Clearance,Electronics,2,208.16,0.0,0.0,standard,4.95,0.0477,9.93,223.04,0.21,3,True,True,False
ORD101584,C83193,2024-02-28 01:07:08,2024-03-06 01:07:08,mobile_web,desktop,Safari,US,PA,apple_pay,BackToSchool,Books,1,71.84,0.036,2.59,standard,3.02,0.0486,3.37,75.64,0.13,7,False,True,True
ORD101585,C35435,2024-09-09 02:02:00,2024-09-11 02:02:00,ios_app,desktop,Opera,CA,NY,card,Loyalty,Grocery,3,294.95,0.084,24.78,two_day,10.38,0.0,0.0,280.55,0.59,2,True,True,False
ORD101586,C38421,2025-04-23 23:55:13,2025-04-25 23:55:13,web,tablet,Safari,US,VT,klarna,Loyalty,Beauty,2,632.78,0.025,15.82,two_day,9.41,0.09,55.53,681.9,0.55,2,True,True,False
ORD101587,C39756,2024-05-20 00:10:06,2024-05-22 00:10:06,web,mobile,Firefox,AU,NM,card,Holiday,Beauty,2,148.24,0.145,21.49,two_day,12.4,0.0,0.0,139.15,0.29,2,True,False,False
ORD101588,C48344,2024-07-31 21:00:10,2024-08-02 21:00:10,android_app,desktop,Opera,US,RI,google_pay,SpringSale,Toys,2,704.28,0.039,27.47,two_day,12.18,0.0467,31.61,720.6,0.74,2,True,True,False
ORD101589,C13856,2024-08-04 16:40:21,2024-08-09 16:40:21,android_app,desktop,Chrome,US,AL,paypal,None,Beauty,3,164.93,0.236,38.92,standard,9.1,0.0928,11.69,146.8,2.61,5,True,True,False
ORD101590,C70007,2025-03-19 06:29:09,2025-03-21 06:29:09,android_app,desktop,Safari,CA,SC,paypal,Loyalty,Books,3,251.22,0.348,87.42,two_day,17.46,0.0,0.0,181.26,0.83,2,True,True,True
ORD101591,C63988,2024-04-01 11:22:56,2024-04-08 11:22:56,android_app,tablet,Opera,US,IA,paypal,Clearance,Home,1,77.25,0.0,0.0,standard,3.05,0.0426,3.29,83.59,0.19,7,False,True,False
ORD101592,C21676,2024-06-07 19:52:31,2024-06-12 19:52:31,mobile_web,tablet,Safari,US,HI,card,Holiday,Beauty,1,314.82,0.06,18.89,standard,7.32,0.0776,22.96,326.21,1.05,5,True,True,False
ORD101593,C99957,2024-07-01 11:50:51,2024-07-04 11:50:51,marketplace,tablet,Safari,US,WI,paypal,Holiday,Pets,1,1502.42,0.065,97.66,standard,3.21,0.056,78.67,1486.64,0.5,3,True,True,True
ORD101594,C66643,2024-08-05 02:29:09,2024-08-07 02:29:09,marketplace,tablet,Safari,US,NJ,card,Holiday,Home,1,998.97,0.131,130.87,two_day,18.5,0.0411,35.68,922.28,0.51,2,True,True,False
ORD101595,C97680,2024-12-23 01:49:22,2024-12-26 01:49:22,ios_app,tablet,Chrome,US,CT,google_pay,Holiday,Sports,3,2155.86,0.282,607.95,standard,6.98,0.0683,105.72,1660.61,1.06,3,True,True,False
ORD101596,C85095,2024-03-21 08:23:38,2024-03-27 08:23:38,marketplace,tablet,Safari,US,ND,google_pay,SpringSale,Home,1,52.32,0.108,5.65,standard,6.11,0.0419,1.96,54.74,0.1,6,False,True,True
ORD101597,C44553,2025-05-13 19:39:09,2025-05-18 19:39:09,mobile_web,mobile,Opera,US,ME,google_pay,SpringSale,Sports,3,399.17,0.18,71.85,standard,8.87,0.0642,21.01,357.2,0.27,5,True,True,False
ORD101598,C75169,2024-03-23 17:27:56,2024-03-24 17:27:56,android_app,tablet,Firefox,US,DE,apple_pay,Holiday,Books,1,161.48,0.085,13.73,overnight,36.72,0.0,0.0,184.47,1.03,1,True,True,False
ORD101599,C66602,2025-06-23 08:17:01,2025-06-29 08:17:01,mobile_web,mobile,Edge,US,MS,apple_pay,SpringSale,Home,2,48.15,0.072,3.47,standard,3.84,0.0436,1.95,50.47,0.58,6,False,True,False
ORD101600,C24840,2025-04-03 16:05:27,2025-04-08 16:05:27,android_app,desktop,Edge,US,NC,apple_pay,None,Home,2,1001.78,0.166,166.3,standard,4.29,0.0731,61.07,900.84,2.59,5,True,True,False
ORD101601,C22627,2024-05-24 03:30:50,2024-05-25 03:30:50,mobile_web,desktop,Opera,US,SC,card,Holiday,Toys,2,2035.17,0.076,154.67,overnight,20.89,0.0561,105.5,2006.89,0.21,1,True,False,False
ORD101602,C26979,2025-06-20 11:32:40,2025-06-24 11:32:40,marketplace,mobile,Edge,US,MI,klarna,Loyalty,Books,1,27.67,0.16,4.43,standard,3.99,0.0789,1.83,29.06,0.77,4,True,True,True
ORD101603,C60258,2024-12-18 15:44:41,2024-12-21 15:44:41,ios_app,tablet,Chrome,UK,TN,apple_pay,Holiday,Automotive,2,1079.32,0.163,175.93,standard,5.24,0.0,0.0,908.63,3.06,3,True,True,False
ORD101604,C15973,2024-01-31 06:11:13,2024-02-05 06:11:13,marketplace,desktop,Opera,US,AK,google_pay,NewArrivals,Pets,1,54.55,0.162,8.84,standard,6.22,0.0,0.0,51.93,0.56,5,True,True,True
ORD101605,C92154,2024-06-18 18:03:12,2024-06-21 18:03:12,marketplace,mobile,Safari,US,FL,google_pay,None,Sports,1,119.28,0.0,0.0,standard,4.91,0.0803,9.58,133.77,0.28,3,True,True,False
ORD101606,C43895,2025-06-14 06:42:46,2025-06-20 06:42:46,marketplace,mobile,Chrome,US,WV,paypal,Holiday,Books,1,21.64,0.122,2.64,standard,3.62,0.0568,1.08,23.7,0.1,6,False,False,True
ORD101607,C43754,2024-09-22 21:31:18,2024-09-29 21:31:18,android_app,desktop,Safari,US,NH,apple_pay,None,Electronics,1,1161.0,0.253,293.73,standard,6.13,0.0,0.0,873.4,4.92,7,False,True,False
ORD101608,C95425,2025-05-18 14:12:50,2025-05-22 14:12:50,marketplace,tablet,Safari,US,WA,paypal,SpringSale,Electronics,4,524.34,0.207,108.54,standard,9.82,0.0858,35.68,461.3,1.89,4,True,True,True
ORD101609,C39024,2025-03-08 13:24:01,2025-03-12 13:24:01,web,mobile,Chrome,US,ME,paypal,BackToSchool,Pets,5,1336.15,0.067,89.52,standard,6.34,0.0642,80.03,1333.0,1.03,4,True,True,False
ORD101610,C86666,2024-01-07 06:58:46,2024-01-13 06:58:46,marketplace,tablet,Chrome,US,VT,apple_pay,None,Toys,1,44.79,0.169,7.57,standard,4.4,0.09,3.35,44.97,1.2,6,False,False,False
ORD101611,C60465,2024-12-22 15:46:23,2024-12-24 15:46:23,web,tablet,Opera,CA,VA,apple_pay,NewArrivals,Grocery,2,218.46,0.148,32.33,two_day,12.41,0.0,0.0,198.54,2.33,2,True,True,True
ORD101612,C73523,2025-01-26 01:59:04,2025-01-28 01:59:04,web,desktop,Edge,FR,UT,card,Holiday,Grocery,1,109.12,0.107,11.68,two_day,8.21,0.0,0.0,105.65,0.61,2,True,True,False
ORD101613,C92495,2024-01-10 10:12:33,2024-01-13 10:12:33,marketplace,desktop,Edge,US,AR,paypal,Clearance,Automotive,1,108.57,0.149,16.18,standard,8.68,0.0494,4.56,105.63,0.59,3,True,False,False
ORD101614,C60617,2024-04-17 13:32:40,2024-04-20 13:32:40,marketplace,desktop,Edge,US,NE,apple_pay,None,Grocery,1,49.4,0.071,3.51,standard,4.77,0.0845,3.88,54.54,0.16,3,True,True,False
ORD101615,C84130,2025-06-29 15:18:02,2025-07-03 15:18:02,ios_app,mobile,Chrome,US,AZ,klarna,NewArrivals,Sports,3,637.28,0.1,63.73,standard,3.64,0.0517,29.65,606.84,1.5,4,True,True,False
ORD101616,C86652,2025-06-21 15:10:19,2025-06-28 15:10:19,web,desktop,Chrome,US,DC,paypal,Holiday,Home,1,58.36,0.267,15.58,standard,3.49,0.0764,3.27,49.54,0.41,7,False,True,False
ORD101617,C71508,2024-05-02 07:32:26,2024-05-07 07:32:26,marketplace,tablet,Opera,CA,NM,card,None,Toys,1,51.8,0.058,3.0,standard,4.33,0.0,0.0,53.13,1.1,5,True,True,False
ORD101618,C73148,2025-03-31 23:02:40,2025-04-05 23:02:40,mobile_web,desktop,Edge,US,LA,klarna,NewArrivals,Automotive,1,72.78,0.107,7.79,standard,7.62,0.096,6.24,78.85,1.0,5,True,True,False
ORD101619,C16012,2024-02-10 01:45:08,2024-02-11 01:45:08,marketplace,desktop,Edge,US,TX,paypal,Holiday,Pets,1,120.3,0.291,35.01,overnight,18.39,0.0923,7.87,111.55,0.36,1,True,True,False
ORD101620,C78698,2024-11-30 23:04:21,2024-12-04 23:04:21,ios_app,tablet,Opera,US,WA,google_pay,None,Home,1,1078.56,0.104,112.17,standard,3.21,0.0858,82.92,1052.52,2.84,4,True,True,False
ORD101621,C72437,2024-05-25 04:48:47,2024-05-29 04:48:47,marketplace,tablet,Firefox,US,AZ,paypal,SpringSale,Home,4,444.57,0.093,41.35,standard,6.81,0.0517,20.85,430.88,0.45,4,True,True,False
ORD101622,C76389,2024-09-30 19:52:23,2024-10-02 19:52:23,web,desktop,Edge,CA,IL,paypal,None,Toys,1,2241.69,0.135,302.63,two_day,11.25,0.0,0.0,1950.31,1.06,2,True,True,False
ORD101623,C98811,2024-10-14 14:50:36,2024-10-21 14:50:36,mobile_web,tablet,Safari,US,CO,card,NewArrivals,Beauty,2,167.13,0.016,2.67,standard,9.83,0.0737,12.12,186.41,0.44,7,False,True,False
ORD101624,C60763,2024-12-15 14:10:20,2024-12-19 14:10:20,android_app,desktop,Chrome,US,CT,apple_pay,Holiday,Automotive,2,742.5,0.166,123.26,standard,3.78,0.0683,42.29,665.31,1.24,4,True,True,False
ORD101625,C45666,2024-02-26 23:15:43,2024-02-28 23:15:43,web,tablet,Edge,US,WA,klarna,Clearance,Pets,4,1188.89,0.175,208.06,two_day,18.06,0.0858,84.16,1083.05,0.18,2,True,True,False
ORD101626,C52131,2025-06-18 12:00:57,2025-06-23 12:00:57,web,mobile,Edge,US,NH,google_pay,None,Home,1,120.3,0.06,7.22,standard,5.51,0.0,0.0,118.59,0.1,5,True,True,False
ORD101627,C63636,2025-06-01 10:55:26,2025-06-05 10:55:26,ios_app,mobile,Opera,US,MS,card,SpringSale,Sports,2,481.98,0.108,52.05,standard,8.03,0.0436,18.74,456.7,0.18,4,True,True,False
ORD101628,C62651,2024-04-29 14:31:04,2024-05-06 14:31:04,ios_app,mobile,Safari,US,MA,paypal,None,Sports,1,295.7,0.0,0.0,standard,8.6,0.05,14.78,319.08,0.24,7,False,True,True
ORD101629,C41820,2024-08-19 03:29:17,2024-08-21 03:29:17,ios_app,tablet,Safari,FR,DC,klarna,Holiday,Home,1,337.5,0.097,32.74,two_day,17.16,0.0,0.0,321.92,0.45,2,True,True,False
ORD101630,C31487,2024-11-27 15:19:24,2024-11-29 15:19:24,marketplace,tablet,Opera,US,TX,card,SpringSale,Grocery,2,206.81,0.199,41.16,two_day,17.78,0.0923,15.29,198.72,0.69,2,True,True,False
ORD101631,C40411,2025-02-03 04:12:56,2025-02-07 04:12:56,ios_app,tablet,Opera,US,KY,google_pay,None,Toys,1,158.56,0.185,29.33,standard,3.36,0.0832,10.75,143.34,1.37,4,True,True,False
ORD101632,C98709,2024-08-18 14:00:29,2024-08-20 14:00:29,web,mobile,Chrome,US,AR,apple_pay,Holiday,Books,2,172.68,0.174,30.05,two_day,12.14,0.0494,7.05,161.82,0.53,2,True,False,True
ORD101633,C81413,2024-05-11 07:01:42,2024-05-15 07:01:42,mobile_web,mobile,Firefox,US,LA,google_pay,SpringSale,Pets,1,79.0,0.121,9.56,standard,4.49,0.096,6.67,80.6,0.6,4,True,True,True
ORD101634,C11307,2024-01-10 23:32:34,2024-01-14 23:32:34,web,tablet,Safari,UK,ME,apple_pay,Clearance,Grocery,2,181.31,0.191,34.63,standard,6.57,0.0,0.0,153.25,0.1,4,True,False,False
ORD101635,C44601,2024-12-02 18:31:50,2024-12-07 18:31:50,web,mobile,Edge,US,OR,paypal,BackToSchool,Beauty,2,581.72,0.084,48.86,standard,8.24,0.0,0.0,541.1,0.87,5,True,True,True
ORD101636,C16038,2024-06-06 19:17:43,2024-06-08 19:17:43,android_app,mobile,Edge,US,MT,card,SpringSale,Sports,3,919.06,0.029,26.65,two_day,13.47,0.0,0.0,905.88,0.1,2,True,True,False
ORD101637,C48787,2025-01-04 06:35:35,2025-01-08 06:35:35,android_app,desktop,Opera,US,NM,klarna,SpringSale,Books,2,71.54,0.159,11.37,standard,3.42,0.0931,5.6,69.19,0.42,4,True,True,False
ORD101638,C18519,2024-07-06 02:13:33,2024-07-11 02:13:33,mobile_web,desktop,Opera,UK,AK,google_pay,NewArrivals,Grocery,1,174.15,0.074,12.89,standard,8.08,0.0,0.0,169.34,0.33,5,True,True,False
ORD101639,C70007,2024-05-19 01:08:28,2024-05-21 01:08:28,mobile_web,mobile,Safari,US,WI,card,None,Automotive,4,658.23,0.209,137.57,two_day,10.75,0.056,29.16,560.57,0.74,2,True,True,False
ORD101640,C99154,2024-04-22 20:55:19,2024-04-28 20:55:19,mobile_web,mobile,Opera,CA,TN,klarna,Holiday,Grocery,1,37.83,0.163,6.17,standard,5.38,0.0,0.0,37.04,0.36,6,False,True,False
ORD101641,C20806,2025-02-24 10:19:59,2025-03-02 10:19:59,mobile_web,mobile,Opera,US,RI,klarna,SpringSale,Electronics,1,337.67,0.138,46.6,standard,6.76,0.0467,13.59,311.42,0.28,6,False,True,False
ORD101642,C58478,2024-08-03 21:47:53,2024-08-09 21:47:53,android_app,tablet,Opera,US,PA,card,BackToSchool,Apparel,2,1600.16,0.13,208.02,standard,3.64,0.0486,67.66,1463.44,0.29,6,False,True,False
ORD101643,C63539,2024-09-27 07:27:27,2024-09-30 07:27:27,ios_app,tablet,Safari,US,NJ,paypal,SpringSale,Books,2,1600.78,0.153,244.92,standard,9.69,0.0411,55.73,1421.28,0.1,3,True,True,False
ORD101644,C11503,2024-11-09 02:46:51,2024-11-10 02:46:51,android_app,mobile,Opera,US,WY,klarna,Clearance,Electronics,2,163.87,0.098,16.06,overnight,22.13,0.0542,8.01,177.95,0.95,1,True,True,False
ORD101645,C47654,2025-06-08 10:56:54,2025-06-14 10:56:54,ios_app,mobile,Opera,US,PA,card,Holiday,Automotive,1,28.48,0.0,0.0,standard,3.39,0.0486,1.38,33.25,2.6,6,False,True,False
ORD101646,C36999,2024-02-03 02:58:09,2024-02-08 02:58:09,ios_app,tablet,Chrome,US,HI,paypal,None,Home,2,432.9,0.144,62.34,standard,6.59,0.0776,28.76,405.91,0.44,5,True,True,True
ORD101647,C38594,2025-06-27 06:32:36,2025-06-28 06:32:36,android_app,desktop,Safari,US,AZ,paypal,SpringSale,Toys,2,140.83,0.145,20.42,overnight,26.65,0.0517,6.23,153.29,1.05,1,True,True,False
ORD101648,C64007,2024-12-17 19:12:32,2024-12-22 19:12:32,android_app,desktop,Edge,US,LA,card,Holiday,Toys,1,859.4,0.067,57.58,standard,9.98,0.096,76.97,888.77,0.11,5,True,True,False
ORD101649,C16687,2024-07-29 19:01:33,2024-07-31 19:01:33,ios_app,tablet,Edge,CA,UT,card,Holiday,Toys,1,58.96,0.115,6.78,two_day,11.72,0.0,0.0,63.9,0.29,2,True,True,False
ORD101650,C99115,2025-04-14 18:23:20,2025-04-16 18:23:20,web,tablet,Opera,US,TX,apple_pay,Holiday,Electronics,3,708.46,0.103,72.97,two_day,17.92,0.0923,58.66,712.07,0.31,2,True,True,False
ORD101651,C69844,2024-08-31 10:57:37,2024-09-03 10:57:37,marketplace,tablet,Chrome,US,MS,klarna,None,Pets,2,244.79,0.163,39.9,standard,9.02,0.0436,8.93,222.84,0.69,3,True,True,False
ORD101652,C21251,2024-06-21 14:19:24,2024-06-23 14:19:24,android_app,mobile,Safari,US,KY,klarna,Loyalty,Home,1,13.39,0.161,2.16,two_day,18.91,0.0832,0.93,31.07,0.65,2,True,True,False
ORD101653,C74731,2024-11-04 09:26:07,2024-11-07 09:26:07,ios_app,tablet,Firefox,US,MS,google_pay,SpringSale,Automotive,3,240.69,0.148,35.62,standard,9.65,0.0436,8.94,223.66,0.16,3,True,True,False
ORD101654,C48405,2024-06-04 00:39:25,2024-06-11 00:39:25,mobile_web,desktop,Safari,US,WY,klarna,BackToSchool,Automotive,2,540.89,0.192,103.85,standard,8.7,0.0542,23.69,469.43,1.76,7,False,True,False
ORD101655,C71134,2024-06-30 07:33:59,2024-07-02 07:33:59,ios_app,mobile,Safari,US,FL,card,SpringSale,Electronics,1,144.38,0.139,20.07,two_day,11.98,0.0803,9.98,146.27,0.4,2,True,True,False
ORD101656,C80276,2024-09-28 17:44:21,2024-10-02 17:44:21,ios_app,desktop,Opera,AU,LA,klarna,Loyalty,Sports,2,249.53,0.084,20.96,standard,5.03,0.0,0.0,233.6,0.6,4,True,True,False
ORD101657,C64752,2024-07-25 23:12:55,2024-07-29 23:12:55,web,desktop,Chrome,AU,ID,google_pay,None,Grocery,1,38.68,0.199,7.7,standard,4.35,0.0,0.0,35.33,0.47,4,True,True,False
ORD101658,C45128,2024-03-20 22:53:09,2024-03-21 22:53:09,mobile_web,desktop,Opera,CA,NV,google_pay,SpringSale,Grocery,5,877.78,0.153,134.3,overnight,33.41,0.0,0.0,776.89,1.19,1,True,True,False
ORD101659,C37462,2025-01-13 20:39:29,2025-01-14 20:39:29,ios_app,mobile,Firefox,US,WV,paypal,NewArrivals,Apparel,1,37.02,0.015,0.56,overnight,19.5,0.0568,2.07,58.03,0.34,1,True,True,False
ORD101660,C44740,2024-09-10 17:59:26,2024-09-14 17:59:26,marketplace,mobile,Chrome,US,MD,google_pay,SpringSale,Automotive,3,324.09,0.0,0.0,standard,3.79,0.0638,20.68,348.56,0.1,4,True,False,False
ORD101661,C71128,2024-03-25 18:54:54,2024-03-30 18:54:54,web,mobile,Opera,US,TN,apple_pay,Holiday,Sports,2,94.25,0.084,7.92,standard,9.07,0.0864,7.46,102.86,0.14,5,True,True,True
ORD101662,C45802,2025-04-27 20:40:38,2025-05-03 20:40:38,web,tablet,Safari,US,CA,google_pay,None,Sports,1,84.4,0.199,16.8,standard,8.64,0.0931,6.29,82.53,1.62,6,False,True,False
ORD101663,C65540,2024-05-05 15:19:45,2024-05-11 15:19:45,mobile_web,mobile,Firefox,US,SC,card,Holiday,Sports,1,179.13,0.083,14.87,standard,3.77,0.0561,9.21,177.24,1.55,6,False,True,True
ORD101664,C74246,2024-10-04 05:41:16,2024-10-08 05:41:16,mobile_web,tablet,Safari,US,NV,paypal,None,Toys,1,49.94,0.164,8.19,standard,9.08,0.0734,3.06,53.89,0.55,4,True,True,False
ORD101665,C30374,2024-04-09 02:13:36,2024-04-14 02:13:36,marketplace,mobile,Chrome,US,VT,card,BackToSchool,Automotive,1,44.22,0.237,10.48,standard,6.52,0.09,3.04,43.3,0.44,5,True,True,False
ORD101666,C99997,2024-12-30 03:03:31,2025-01-04 03:03:31,mobile_web,mobile,Opera,US,AL,klarna,Loyalty,Electronics,3,293.13,0.077,22.57,standard,9.91,0.0928,25.11,305.58,0.29,5,True,True,False
ORD101667,C46901,2024-10-08 10:52:39,2024-10-12 10:52:39,ios_app,desktop,Edge,US,VA,google_pay,SpringSale,Sports,4,921.9,0.072,66.38,standard,3.68,0.0933,79.82,939.02,0.46,4,True,True,False
ORD101668,C89992,2024-02-16 10:08:03,2024-02-18 10:08:03,ios_app,desktop,Safari,US,IA,card,NewArrivals,Beauty,1,183.48,0.046,8.44,two_day,9.32,0.0426,7.46,191.82,0.74,2,True,False,False
ORD101669,C98232,2024-07-25 14:24:38,2024-07-27 14:24:38,marketplace,tablet,Safari,US,RI,paypal,BackToSchool,Electronics,5,1759.72,0.057,100.3,two_day,16.75,0.0467,77.49,1753.66,0.38,2,True,True,False
ORD101670,C48593,2024-08-08 18:37:00,2024-08-10 18:37:00,mobile_web,desktop,Chrome,US,HI,google_pay,None,Apparel,1,32.52,0.053,1.72,two_day,10.53,0.0776,2.39,43.72,0.1,2,True,True,True
ORD101671,C87495,2024-04-06 00:18:36,2024-04-10 00:18:36,android_app,tablet,Safari,DE,AK,card,BackToSchool,Apparel,1,15.65,0.147,2.3,standard,8.61,0.0,0.0,21.96,0.19,4,True,True,False
ORD101672,C65946,2024-09-19 23:03:16,2024-09-24 23:03:16,web,desktop,Opera,US,PA,klarna,None,Toys,1,297.92,0.118,35.15,standard,6.71,0.0486,12.77,282.25,0.35,5,True,True,False
ORD101673,C96927,2025-05-11 00:31:37,2025-05-12 00:31:37,ios_app,tablet,Safari,US,FL,paypal,BackToSchool,Toys,1,43.09,0.196,8.45,overnight,39.82,0.0803,2.78,77.24,0.7,1,True,True,True
ORD101674,C70079,2025-06-16 08:38:10,2025-06-22 08:38:10,marketplace,desktop,Firefox,US,NC,apple_pay,BackToSchool,Home,2,1060.23,0.182,192.96,standard,7.88,0.0731,63.4,938.55,0.18,6,False,True,False
ORD101675,C71508,2025-06-16 09:36:38,2025-06-23 09:36:38,ios_app,mobile,Chrome,US,IA,klarna,Clearance,Automotive,5,624.93,0.105,65.62,standard,5.29,0.0426,23.83,588.43,1.71,7,False,True,False
ORD101676,C43578,2024-08-12 08:12:34,2024-08-18 08:12:34,mobile_web,desktop,Edge,US,TX,paypal,SpringSale,Electronics,1,94.8,0.248,23.51,standard,4.87,0.0923,6.58,82.74,0.21,6,False,True,False
ORD101677,C64047,2024-01-23 01:51:31,2024-01-29 01:51:31,android_app,tablet,Edge,US,NY,klarna,Loyalty,Home,1,58.62,0.189,11.08,standard,7.3,0.0729,3.47,58.31,1.45,6,False,False,False
ORD101678,C85687,2024-09-22 05:19:13,2024-09-27 05:19:13,marketplace,tablet,Opera,US,SD,card,BackToSchool,Books,2,207.66,0.092,19.1,standard,4.55,0.0672,12.67,205.78,0.24,5,True,True,False
ORD101679,C61321,2024-04-06 10:40:42,2024-04-08 10:40:42,android_app,mobile,Opera,US,IN,apple_pay,NewArrivals,Pets,1,33.02,0.222,7.33,two_day,13.18,0.0567,1.46,40.33,0.17,2,True,True,False
ORD101680,C99362,2025-03-13 01:22:42,2025-03-15 01:22:42,mobile_web,tablet,Opera,US,MA,klarna,BackToSchool,Beauty,1,75.98,0.092,6.99,two_day,11.42,0.05,3.45,83.86,0.1,2,True,True,False
ORD101681,C61005,2025-01-24 02:21:45,2025-01-30 02:21:45,ios_app,mobile,Edge,US,TN,card,SpringSale,Books,3,157.42,0.088,13.85,standard,9.99,0.0864,12.4,165.96,1.34,6,False,True,False
ORD101682,C81164,2024-03-11 05:04:08,2024-03-17 05:04:08,web,tablet,Opera,US,NJ,klarna,NewArrivals,Apparel,2,1036.14,0.18,186.51,standard,9.08,0.0411,34.92,893.63,2.44,6,False,False,False
ORD101683,C28989,2024-08-22 15:31:25,2024-08-26 15:31:25,mobile_web,tablet,Edge,UK,VA,card,SpringSale,Apparel,2,738.44,0.266,196.43,standard,5.07,0.0,0.0,547.08,2.37,4,True,True,True
ORD101684,C99963,2025-03-11 09:50:24,2025-03-17 09:50:24,web,mobile,Edge,DE,WA,klarna,Clearance,Apparel,1,71.0,0.0,0.0,standard,6.87,0.0,0.0,77.87,0.13,6,False,False,False
ORD101685,C66447,2024-05-09 13:24:05,2024-05-11 13:24:05,marketplace,tablet,Edge,US,VT,google_pay,Holiday,Sports,2,120.16,0.093,11.17,two_day,9.23,0.09,9.81,128.03,1.36,2,True,True,False
ORD101686,C84920,2025-02-05 00:03:10,2025-02-08 00:03:10,android_app,desktop,Firefox,US,TX,google_pay,None,Automotive,2,826.52,0.121,100.01,standard,3.44,0.0923,67.06,797.01,0.1,3,True,True,False
ORD101687,C35975,2024-07-25 00:49:09,2024-07-31 00:49:09,web,mobile,Safari,US,NH,apple_pay,SpringSale,Automotive,5,1314.25,0.053,69.66,standard,7.52,0.0,0.0,1252.11,0.53,6,False,True,False
ORD101688,C19968,2024-09-11 14:04:51,2024-09-16 14:04:51,web,mobile,Firefox,US,UT,apple_pay,Holiday,Beauty,1,73.16,0.19,13.9,standard,3.06,0.0726,4.3,66.62,0.27,5,True,True,False
ORD101689,C80009,2024-04-05 12:51:08,2024-04-07 12:51:08,marketplace,tablet,Chrome,US,MS,paypal,NewArrivals,Beauty,1,40.88,0.0,0.0,two_day,9.08,0.0436,1.78,51.74,0.1,2,True,True,False
ORD101690,C71758,2024-01-03 12:01:28,2024-01-08 12:01:28,android_app,desktop,Safari,US,VT,google_pay,SpringSale,Electronics,1,37.61,0.087,3.27,standard,8.8,0.09,3.09,46.23,0.43,5,True,True,False
ORD101691,C64502,2024-12-25 23:32:32,2024-12-29 23:32:32,mobile_web,mobile,Firefox,US,SC,card,SpringSale,Books,1,451.56,0.088,39.74,standard,7.55,0.0561,23.1,442.47,0.12,4,True,True,False
ORD101692,C59470,2024-01-01 05:09:21,2024-01-06 05:09:21,ios_app,desktop,Opera,US,TX,klarna,SpringSale,Pets,1,65.76,0.096,6.31,standard,6.96,0.0923,5.49,71.9,0.1,5,True,True,False
ORD101693,C44378,2024-09-06 23:35:51,2024-09-10 23:35:51,ios_app,tablet,Chrome,US,VA,apple_pay,Holiday,Toys,2,422.81,0.022,9.3,standard,4.25,0.0933,38.58,456.34,0.18,4,True,True,False
ORD101694,C43606,2025-02-14 23:08:57,2025-02-15 23:08:57,mobile_web,desktop,Safari,AU,SD,card,NewArrivals,Electronics,3,752.69,0.162,121.94,overnight,18.33,0.0,0.0,649.08,0.67,1,True,True,False
ORD101695,C73974,2024-03-03 10:33:45,2024-03-06 10:33:45,web,desktop,Chrome,US,CT,google_pay,BackToSchool,Books,2,62.18,0.206,12.81,standard,4.27,0.0683,3.37,57.01,0.28,3,True,True,True
ORD101696,C84554,2025-06-27 08:47:54,2025-07-02 08:47:54,mobile_web,tablet,Firefox,US,VA,google_pay,None,Electronics,1,126.32,0.075,9.47,standard,5.24,0.0933,10.9,132.99,0.89,5,True,True,False
ORD101697,C24877,2025-04-07 02:06:33,2025-04-12 02:06:33,marketplace,desktop,Opera,US,CA,paypal,None,Apparel,2,94.41,0.072,6.8,standard,5.43,0.0931,8.16,101.2,1.65,5,True,False,False
ORD101698,C99471,2024-06-23 15:47:38,2024-06-27 15:47:38,ios_app,mobile,Edge,US,MI,klarna,None,Pets,2,751.34,0.258,193.85,standard,7.66,0.0789,43.99,609.14,0.1,4,True,True,False
ORD101699,C43243,2024-12-11 21:19:01,2024-12-16 21:19:01,web,mobile,Chrome,US,AL,apple_pay,Clearance,Sports,1,388.89,0.073,28.39,standard,7.13,0.0928,33.45,401.08,0.31,5,True,True,False
ORD101700,C62173,2024-08-16 08:06:24,2024-08-19 08:06:24,web,desktop,Safari,US,AK,card,NewArrivals,Grocery,1,160.55,0.104,16.7,standard,8.67,0.0,0.0,152.52,0.17,3,True,True,False
ORD101701,C60901,2024-02-08 12:45:18,2024-02-14 12:45:18,marketplace,desktop,Firefox,US,KY,google_pay,None,Home,1,36.5,0.048,1.75,standard,6.63,0.0832,2.89,44.27,1.11,6,False,True,True
ORD101702,C43378,2024-10-08 02:50:54,2024-10-09 02:50:54,ios_app,mobile,Opera,US,OK,klarna,None,Automotive,3,785.31,0.187,146.85,overnight,37.51,0.087,55.55,731.52,0.1,1,True,True,False
ORD101703,C74698,2025-04-17 17:31:00,2025-04-21 17:31:00,mobile_web,tablet,Chrome,US,TN,card,SpringSale,Sports,4,1052.63,0.102,107.37,standard,4.05,0.0864,81.67,1030.98,0.59,4,True,True,False
ORD101704,C24669,2025-04-21 03:33:37,2025-04-23 03:33:37,mobile_web,tablet,Edge,AU,HI,apple_pay,Holiday,Books,3,528.04,0.03,15.84,two_day,17.38,0.0,0.0,529.58,3.14,2,True,True,False
ORD101705,C72943,2024-07-20 16:13:20,2024-07-21 16:13:20,marketplace,mobile,Chrome,US,CA,apple_pay,BackToSchool,Apparel,1,65.99,0.06,3.96,overnight,15.87,0.0931,5.77,83.67,0.1,1,True,True,False
ORD101706,C98255,2024-04-21 13:45:57,2024-04-23 13:45:57,web,mobile,Safari,US,OK,klarna,NewArrivals,Apparel,2,48.57,0.07,3.4,two_day,19.09,0.087,3.93,68.19,0.26,2,True,True,True
ORD101707,C47491,2025-06-18 23:15:15,2025-06-20 23:15:15,marketplace,desktop,Firefox,FR,VA,google_pay,Holiday,Automotive,2,109.87,0.15,16.48,two_day,16.13,0.0,0.0,109.52,0.15,2,True,True,False
ORD101708,C65972,2024-06-29 09:08:17,2024-07-04 09:08:17,web,mobile,Chrome,US,AK,klarna,Holiday,Automotive,1,116.56,0.219,25.53,standard,9.24,0.0,0.0,100.27,2.42,5,True,True,True
ORD101709,C76543,2025-04-16 21:39:10,2025-04-21 21:39:10,marketplace,mobile,Edge,US,NC,apple_pay,Loyalty,Apparel,1,66.96,0.194,12.99,standard,6.83,0.0731,3.95,64.75,1.27,5,True,True,False
ORD101710,C20652,2024-09-08 18:44:28,2024-09-13 18:44:28,web,mobile,Chrome,US,WV,klarna,Holiday,Electronics,3,1195.91,0.052,62.19,standard,9.96,0.0568,64.4,1208.08,0.43,5,True,True,False
ORD101711,C81449,2025-06-09 08:51:38,2025-06-15 08:51:38,android_app,desktop,Safari,US,AZ,card,BackToSchool,Automotive,1,111.36,0.219,24.39,standard,4.49,0.0517,4.5,95.96,0.55,6,False,True,False
ORD101712,C21984,2024-02-05 16:16:14,2024-02-06 16:16:14,marketplace,desktop,Firefox,US,MD,card,SpringSale,Toys,1,36.21,0.141,5.11,overnight,26.07,0.0638,1.98,59.15,0.1,1,True,True,False
ORD101713,C67607,2024-07-18 05:18:11,2024-07-19 05:18:11,mobile_web,tablet,Firefox,US,OR,klarna,Clearance,Grocery,2,351.89,0.098,34.49,overnight,39.81,0.0,0.0,357.21,0.75,1,True,True,False
ORD101714,C63651,2024-03-05 02:26:39,2024-03-07 02:26:39,marketplace,mobile,Opera,US,HI,klarna,NewArrivals,Electronics,3,2000.52,0.16,320.08,two_day,13.5,0.0776,130.4,1824.34,0.22,2,True,True,False
ORD101715,C94482,2024-06-09 03:18:06,2024-06-14 03:18:06,android_app,desktop,Opera,CA,KY,google_pay,Holiday,Toys,1,69.4,0.064,4.44,standard,5.04,0.0,0.0,70.0,1.12,5,True,True,False
ORD101716,C44187,2024-08-21 07:26:55,2024-08-26 07:26:55,marketplace,tablet,Edge,US,TX,paypal,Clearance,Electronics,1,53.54,0.016,0.86,standard,8.37,0.0923,4.86,65.91,0.1,5,True,True,False
ORD101717,C50021,2025-02-11 04:39:40,2025-02-15 04:39:40,mobile_web,desktop,Firefox,US,HI,card,BackToSchool,Grocery,2,403.03,0.138,55.62,standard,9.89,0.0776,26.96,384.26,0.45,4,True,True,False
ORD101718,C13157,2024-10-11 01:26:11,2024-10-16 01:26:11,marketplace,tablet,Edge,AU,OK,klarna,SpringSale,Sports,1,56.43,0.13,7.34,standard,9.13,0.0,0.0,58.22,0.53,5,True,True,False
ORD101719,C61779,2024-09-05 20:21:56,2024-09-07 20:21:56,web,tablet,Edge,FR,NE,klarna,Clearance,Electronics,1,598.48,0.283,169.37,two_day,16.77,0.0,0.0,445.88,0.6,2,True,True,False
ORD101720,C53381,2025-01-16 12:41:09,2025-01-18 12:41:09,mobile_web,desktop,Firefox,US,PA,paypal,SpringSale,Electronics,1,79.49,0.084,6.68,two_day,17.97,0.0486,3.54,94.32,0.82,2,True,True,False
ORD101721,C89314,2025-03-14 15:07:51,2025-03-17 15:07:51,mobile_web,desktop,Safari,US,CT,klarna,Loyalty,Automotive,1,200.18,0.16,32.03,standard,6.12,0.0683,11.48,185.75,1.08,3,True,False,False
ORD101722,C33377,2024-11-11 20:41:57,2024-11-17 20:41:57,web,desktop,Firefox,US,IN,apple_pay,Holiday,Beauty,1,777.1,0.163,126.67,standard,5.31,0.0567,36.88,692.62,0.12,6,False,True,False
ORD101723,C77570,2024-01-01 06:22:54,2024-01-05 06:22:54,marketplace,tablet,Safari,US,ME,google_pay,Holiday,Toys,2,2263.61,0.199,450.46,standard,7.38,0.0642,116.4,1936.93,1.08,4,True,False,True
ORD101724,C57651,2025-03-26 14:58:29,2025-03-28 14:58:29,ios_app,mobile,Chrome,UK,DE,paypal,Clearance,Electronics,1,15.01,0.222,3.33,two_day,16.84,0.0,0.0,28.52,0.33,2,True,True,False
ORD101725,C31834,2025-04-01 15:37:27,2025-04-07 15:37:27,web,tablet,Safari,AU,MI,paypal,Holiday,Books,2,336.57,0.191,64.28,standard,8.18,0.0,0.0,280.47,0.1,6,False,True,False
ORD101726,C24848,2024-07-29 11:22:53,2024-08-02 11:22:53,web,tablet,Safari,US,MA,klarna,SpringSale,Pets,2,171.63,0.068,11.67,standard,9.37,0.05,8.0,177.33,0.34,4,True,True,False
ORD101727,C93258,2025-01-22 11:16:29,2025-01-24 11:16:29,marketplace,mobile,Chrome,US,OK,apple_pay,Loyalty,Home,1,1155.3,0.072,83.18,two_day,15.03,0.087,93.27,1180.42,0.11,2,True,True,False
ORD101728,C62168,2025-01-17 05:56:55,2025-01-21 05:56:55,marketplace,mobile,Opera,US,WV,apple_pay,SpringSale,Beauty,2,614.63,0.14,86.05,standard,5.94,0.0568,30.02,564.54,0.1,4,True,True,False
ORD101729,C79811,2024-12-09 11:56:44,2024-12-15 11:56:44,web,tablet,Chrome,US,VT,paypal,Holiday,Pets,1,120.59,0.179,21.59,standard,4.66,0.09,8.91,112.57,0.1,6,False,True,False
ORD101730,C34158,2024-05-31 10:25:02,2024-06-03 10:25:02,web,desktop,Edge,US,DC,google_pay,Holiday,Grocery,2,306.5,0.107,32.8,standard,4.82,0.0764,20.91,299.43,1.41,3,True,True,False
ORD101731,C26812,2025-01-28 03:02:43,2025-01-31 03:02:43,ios_app,desktop,Edge,US,MD,card,Holiday,Toys,1,14.39,0.1,1.44,standard,8.35,0.0638,0.83,22.13,0.23,3,True,True,False
ORD101732,C87969,2024-03-11 02:03:57,2024-03-14 02:03:57,android_app,mobile,Opera,US,HI,google_pay,Holiday,Home,2,964.8,0.162,156.3,standard,4.95,0.0776,62.74,876.19,0.1,3,True,True,True
ORD101733,C94661,2024-09-07 14:00:16,2024-09-13 14:00:16,mobile_web,desktop,Safari,US,FL,card,Clearance,Grocery,2,98.27,0.0,0.0,standard,4.77,0.0803,7.89,110.93,0.82,6,False,True,False
ORD101734,C83756,2024-12-20 13:10:42,2024-12-27 13:10:42,ios_app,desktop,Safari,US,DC,card,BackToSchool,Electronics,2,100.5,0.205,20.6,standard,9.98,0.0764,6.1,95.98,0.1,7,False,True,False
ORD101735,C89770,2024-08-23 08:58:24,2024-08-27 08:58:24,marketplace,desktop,Edge,US,TN,klarna,Holiday,Pets,2,92.14,0.123,11.33,standard,3.79,0.0864,6.98,91.58,0.29,4,True,True,False
ORD101736,C94862,2025-06-17 12:46:18,2025-06-24 12:46:18,marketplace,desktop,Safari,US,WI,apple_pay,Clearance,Automotive,2,75.09,0.249,18.7,standard,7.99,0.056,3.16,67.54,1.48,7,False,True,False
ORD101737,C84988,2025-01-13 14:04:21,2025-01-19 14:04:21,mobile_web,desktop,Opera,US,HI,apple_pay,BackToSchool,Sports,2,2829.93,0.298,843.32,standard,8.02,0.0776,154.16,2148.79,0.85,6,False,True,False
ORD101738,C35605,2025-04-29 07:54:20,2025-05-05 07:54:20,mobile_web,tablet,Edge,US,HI,klarna,Holiday,Pets,2,487.69,0.144,70.23,standard,4.97,0.0776,32.39,454.82,0.58,6,False,True,False
ORD101739,C89297,2024-06-05 10:03:18,2024-06-09 10:03:18,marketplace,tablet,Chrome,US,LA,card,Holiday,Home,1,106.24,0.101,10.73,standard,5.49,0.096,9.17,110.17,0.1,4,True,True,False
ORD101740,C76405,2025-04-08 12:48:00,2025-04-13 12:48:00,android_app,mobile,Edge,US,IA,apple_pay,SpringSale,Toys,1,153.9,0.167,25.7,standard,6.4,0.0426,5.46,140.06,1.28,5,True,True,False
ORD101741,C27086,2024-04-19 07:10:39,2024-04-21 07:10:39,ios_app,desktop,Firefox,US,ME,card,BackToSchool,Books,1,239.66,0.138,33.07,two_day,9.5,0.0642,13.26,229.35,0.57,2,True,True,False
ORD101742,C95874,2024-08-06 23:56:56,2024-08-12 23:56:56,marketplace,mobile,Safari,US,NE,klarna,NewArrivals,Sports,2,262.1,0.121,31.71,standard,8.79,0.0845,19.47,258.65,0.1,6,False,True,False
ORD101743,C79640,2025-04-27 08:21:40,2025-04-29 08:21:40,web,mobile,Chrome,US,DC,klarna,Clearance,Automotive,4,347.49,0.216,75.06,two_day,10.99,0.0764,20.81,304.23,0.83,2,True,False,False
ORD101744,C17098,2024-10-20 01:10:09,2024-10-24 01:10:09,mobile_web,desktop,Firefox,US,TX,apple_pay,Clearance,Pets,1,42.32,0.221,9.35,standard,6.01,0.0923,3.04,42.02,0.1,4,True,False,True
ORD101745,C11095,2025-03-31 15:01:22,2025-04-05 15:01:22,mobile_web,desktop,Opera,US,TN,paypal,SpringSale,Grocery,2,365.73,0.204,74.61,standard,6.83,0.0864,25.15,323.1,2.0,5,True,True,False
ORD101746,C17313,2025-01-24 05:55:56,2025-01-26 05:55:56,mobile_web,desktop,Edge,US,LA,klarna,Holiday,Books,2,122.69,0.054,6.63,two_day,14.88,0.096,11.14,142.08,1.57,2,True,True,False
ORD101747,C42509,2024-06-23 14:12:14,2024-06-28 14:12:14,mobile_web,mobile,Edge,US,OH,apple_pay,SpringSale,Apparel,1,64.71,0.081,5.24,standard,8.57,0.0432,2.57,70.61,1.54,5,True,True,False
ORD101748,C40080,2024-05-08 07:15:01,2024-05-13 07:15:01,web,mobile,Edge,US,MI,paypal,Holiday,Sports,1,211.84,0.03,6.36,standard,8.32,0.0789,16.21,230.01,0.47,5,True,True,True
ORD101749,C92005,2025-02-21 07:12:14,2025-02-26 07:12:14,marketplace,mobile,Safari,US,WA,klarna,Holiday,Sports,2,443.92,0.113,50.16,standard,4.1,0.0858,33.78,431.64,0.42,5,True,True,False
ORD101750,C37640,2025-03-15 18:47:26,2025-03-17 18:47:26,mobile_web,desktop,Edge,US,KY,google_pay,Loyalty,Apparel,1,740.95,0.229,169.68,two_day,16.76,0.0832,47.53,635.56,0.1,2,True,False,False
ORD101751,C19378,2025-06-07 01:02:53,2025-06-11 01:02:53,marketplace,mobile,Safari,US,NY,card,BackToSchool,Sports,3,2517.97,0.209,526.26,standard,6.24,0.0729,145.2,2143.15,0.35,4,True,True,False
ORD101752,C97706,2025-03-19 02:09:17,2025-03-23 02:09:17,web,tablet,Opera,US,SC,klarna,SpringSale,Grocery,2,63.7,0.074,4.71,standard,3.19,0.0561,3.31,65.49,0.5,4,True,True,False
ORD101753,C32896,2024-03-19 14:54:32,2024-03-22 14:54:32,ios_app,tablet,Edge,US,CA,card,SpringSale,Pets,1,310.67,0.217,67.42,standard,3.18,0.0931,22.65,269.08,1.23,3,True,True,True
ORD101754,C86778,2025-01-21 11:51:21,2025-01-25 11:51:21,marketplace,tablet,Safari,DE,CT,google_pay,Holiday,Books,1,330.69,0.104,34.39,standard,5.48,0.0,0.0,301.78,1.07,4,True,True,False
ORD101755,C41812,2024-04-19 13:24:53,2024-04-22 13:24:53,ios_app,desktop,Edge,US,RI,klarna,Holiday,Home,5,668.29,0.082,54.8,standard,6.92,0.0467,28.65,649.06,0.23,3,True,True,False
ORD101756,C22901,2024-05-04 21:28:18,2024-05-08 21:28:18,ios_app,tablet,Firefox,US,NV,google_pay,Holiday,Books,2,1640.98,0.097,159.18,standard,8.03,0.0734,108.76,1598.59,0.22,4,True,True,False
ORD101757,C18863,2024-05-03 12:05:14,2024-05-07 12:05:14,web,mobile,Firefox,FR,OR,klarna,SpringSale,Home,3,306.04,0.147,44.99,standard,6.67,0.0,0.0,267.72,0.7,4,True,True,False
ORD101758,C81331,2025-06-23 18:45:15,2025-06-25 18:45:15,web,tablet,Edge,FR,AR,card,Holiday,Beauty,1,73.71,0.154,11.35,two_day,11.84,0.0,0.0,74.2,0.27,2,True,False,False
ORD101759,C52088,2025-02-26 17:20:27,2025-02-28 17:20:27,web,mobile,Safari,US,IL,card,BackToSchool,Automotive,1,120.96,0.07,8.47,two_day,18.95,0.0486,5.47,136.91,0.24,2,True,True,False
ORD101760,C76005,2024-07-03 09:12:27,2024-07-07 09:12:27,marketplace,tablet,Firefox,DE,SC,card,SpringSale,Beauty,1,222.66,0.181,40.3,standard,6.98,0.0,0.0,189.34,0.46,4,True,True,False
ORD101761,C47132,2024-12-29 07:53:44,2025-01-05 07:53:44,marketplace,mobile,Edge,US,VA,paypal,SpringSale,Toys,1,25.07,0.104,2.61,standard,5.02,0.0933,2.1,29.58,0.1,7,False,True,False
ORD101762,C24803,2024-04-17 00:53:56,2024-04-23 00:53:56,marketplace,desktop,Firefox,US,KS,paypal,Clearance,Beauty,2,256.83,0.104,26.71,standard,7.34,0.0922,21.22,258.68,1.11,6,False,True,True
ORD101763,C51478,2025-03-05 22:19:12,2025-03-11 22:19:12,marketplace,tablet,Chrome,US,KS,paypal,None,Grocery,1,30.16,0.036,1.09,standard,8.66,0.0922,2.68,40.41,0.1,6,False,True,False
ORD101764,C27396,2025-02-06 18:12:03,2025-02-11 18:12:03,web,tablet,Firefox,US,AL,apple_pay,Clearance,Automotive,2,658.4,0.154,101.39,standard,7.43,0.0928,51.69,616.13,0.91,5,True,True,False
ORD101765,C84463,2024-02-23 05:14:03,2024-02-25 05:14:03,marketplace,tablet,Safari,AU,HI,apple_pay,None,Toys,2,103.71,0.142,14.73,two_day,11.63,0.0,0.0,100.61,0.2,2,True,True,True
ORD101766,C73511,2024-10-29 17:34:26,2024-11-04 17:34:26,mobile_web,tablet,Firefox,US,WV,google_pay,None,Automotive,1,18.53,0.107,1.98,standard,6.37,0.0568,0.94,23.86,0.64,6,False,True,False
ORD101767,C49443,2024-08-27 13:23:30,2024-08-29 13:23:30,mobile_web,tablet,Chrome,US,NV,paypal,SpringSale,Pets,1,185.72,0.068,12.63,two_day,12.44,0.0734,12.7,198.23,0.64,2,True,True,False
ORD101768,C63721,2025-02-24 00:12:03,2025-02-26 00:12:03,marketplace,desktop,Edge,AU,MO,google_pay,Loyalty,Sports,3,227.15,0.229,52.02,two_day,13.94,0.0,0.0,189.07,1.13,2,True,False,False
ORD101769,C44124,2025-02-25 08:11:08,2025-03-03 08:11:08,mobile_web,mobile,Safari,US,HI,paypal,None,Pets,1,124.08,0.256,31.76,standard,4.39,0.0776,7.16,103.87,0.1,6,False,True,True
ORD101770,C96107,2025-05-06 15:24:56,2025-05-08 15:24:56,web,mobile,Safari,US,VA,apple_pay,Holiday,Sports,3,1691.87,0.239,404.36,two_day,10.03,0.0933,120.12,1417.66,0.36,2,True,True,False
ORD101771,C38217,2024-01-22 21:18:19,2024-01-24 21:18:19,web,tablet,Edge,US,IA,google_pay,Clearance,Apparel,1,64.39,0.129,8.31,two_day,14.76,0.0426,2.39,73.23,0.42,2,True,True,False
ORD101772,C79246,2024-06-17 22:18:39,2024-06-22 22:18:39,android_app,desktop,Safari,US,NE,apple_pay,None,Electronics,3,221.92,0.244,54.15,standard,4.34,0.0845,14.18,186.29,0.43,5,True,True,False
ORD101773,C32382,2024-01-30 08:17:58,2024-02-05 08:17:58,marketplace,tablet,Safari,US,OH,paypal,Holiday,Beauty,1,61.16,0.131,8.01,standard,7.29,0.0432,2.3,62.74,1.55,6,False,True,False
ORD101774,C94643,2025-02-28 21:51:40,2025-03-07 21:51:40,android_app,mobile,Safari,US,CO,apple_pay,Holiday,Beauty,1,120.88,0.138,16.68,standard,4.82,0.0737,7.68,116.7,0.43,7,False,True,False
ORD101775,C76856,2025-05-10 05:39:55,2025-05-15 05:39:55,web,desktop,Safari,US,MD,paypal,NewArrivals,Electronics,1,337.72,0.072,24.32,standard,7.81,0.0638,19.99,341.2,1.0,5,True,True,False
ORD101776,C43618,2024-07-16 22:57:35,2024-07-20 22:57:35,android_app,tablet,Safari,US,SD,card,None,Toys,1,37.94,0.058,2.2,standard,6.91,0.0672,2.4,45.05,1.01,4,True,True,False
ORD101777,C98703,2024-08-11 09:14:51,2024-08-17 09:14:51,ios_app,tablet,Chrome,US,RI,card,BackToSchool,Apparel,1,242.52,0.079,19.16,standard,7.58,0.0467,10.43,241.37,0.18,6,False,True,False
ORD101778,C59539,2025-01-18 03:40:16,2025-01-22 03:40:16,ios_app,tablet,Opera,US,PA,card,Holiday,Beauty,2,453.97,0.1,45.4,standard,5.66,0.0486,19.86,434.09,0.28,4,True,True,True
ORD101779,C80579,2024-03-29 15:30:51,2024-03-31 15:30:51,mobile_web,tablet,Firefox,FR,SD,google_pay,Clearance,Sports,1,28.58,0.199,5.69,two_day,19.28,0.0,0.0,42.17,1.38,2,True,False,True
ORD101780,C95398,2024-02-11 10:58:10,2024-02-13 10:58:10,android_app,mobile,Edge,US,AL,paypal,BackToSchool,Toys,1,145.64,0.035,5.1,two_day,14.43,0.0928,13.04,168.01,0.42,2,True,True,False
ORD101781,C17035,2025-02-13 13:26:01,2025-02-17 13:26:01,web,mobile,Safari,CA,CT,klarna,Clearance,Home,1,50.3,0.109,5.48,standard,8.46,0.0,0.0,53.28,0.32,4,True,True,False
ORD101782,C49242,2025-04-03 22:47:54,2025-04-09 22:47:54,android_app,tablet,Edge,US,NJ,apple_pay,Holiday,Home,1,42.39,0.092,3.9,standard,6.44,0.0411,1.58,46.51,1.67,6,False,True,True
ORD101783,C94017,2024-03-07 23:33:45,2024-03-13 23:33:45,web,mobile,Edge,US,ND,card,BackToSchool,Home,1,183.67,0.173,31.77,standard,6.79,0.0419,6.36,165.05,0.74,6,False,True,False
ORD101784,C15598,2024-04-15 03:09:46,2024-04-18 03:09:46,android_app,tablet,Edge,US,WY,klarna,SpringSale,Home,1,45.84,0.144,6.6,standard,7.97,0.0542,2.13,49.34,0.71,3,True,True,False
ORD101785,C71239,2024-12-07 09:24:41,2024-12-12 09:24:41,web,tablet,Opera,US,TX,paypal,SpringSale,Books,3,184.66,0.0,0.0,standard,9.83,0.0923,17.04,211.53,0.32,5,True,True,True
ORD101786,C34200,2025-03-17 02:14:45,2025-03-19 02:14:45,ios_app,tablet,Chrome,US,NM,card,Holiday,Pets,3,3161.5,0.125,395.19,two_day,9.96,0.0931,257.54,3033.81,0.1,2,True,True,False
ORD101787,C24446,2024-09-26 10:52:07,2024-09-30 10:52:07,marketplace,tablet,Edge,US,MN,google_pay,Holiday,Home,2,96.7,0.233,22.53,standard,4.67,0.0477,3.54,82.38,0.25,4,True,True,False
ORD101788,C53740,2024-09-02 00:33:07,2024-09-05 00:33:07,web,mobile,Edge,US,IN,paypal,BackToSchool,Automotive,2,183.29,0.123,22.54,standard,4.71,0.0567,9.11,174.57,0.14,3,True,True,True
ORD101789,C35728,2025-05-14 23:06:30,2025-05-20 23:06:30,marketplace,mobile,Chrome,AU,KY,apple_pay,SpringSale,Pets,1,74.73,0.158,11.81,standard,6.23,0.0,0.0,69.15,0.54,6,False,True,False
ORD101790,C69153,2024-10-03 08:15:20,2024-10-04 08:15:20,marketplace,desktop,Chrome,US,AK,apple_pay,Holiday,Automotive,1,253.45,0.196,49.68,overnight,30.72,0.0,0.0,234.49,0.38,1,True,True,False
ORD101791,C56174,2024-12-07 06:41:33,2024-12-12 06:41:33,marketplace,desktop,Safari,CA,VT,apple_pay,BackToSchool,Grocery,4,831.71,0.131,108.95,standard,9.21,0.0,0.0,731.97,0.11,5,True,True,False
ORD101792,C67642,2025-04-21 05:31:26,2025-04-28 05:31:26,ios_app,desktop,Edge,US,CO,apple_pay,Holiday,Books,1,196.02,0.0,0.0,standard,3.36,0.0737,14.45,213.83,0.38,7,False,True,False
ORD101793,C95861,2025-03-30 16:45:40,2025-04-06 16:45:40,ios_app,mobile,Opera,US,MD,google_pay,Holiday,Automotive,1,816.84,0.184,150.3,standard,5.83,0.0638,42.53,714.9,0.41,7,False,True,False
ORD101794,C10173,2024-07-03 10:21:04,2024-07-05 10:21:04,android_app,tablet,Chrome,UK,SC,google_pay,SpringSale,Pets,3,165.21,0.048,7.93,two_day,13.99,0.0,0.0,171.27,0.99,2,True,True,False
ORD101795,C86473,2024-02-12 07:26:12,2024-02-14 07:26:12,mobile_web,mobile,Safari,US,RI,apple_pay,Clearance,Electronics,1,330.27,0.133,43.93,two_day,13.61,0.0467,13.37,313.32,0.41,2,True,True,False
ORD101796,C77346,2025-02-25 22:52:36,2025-03-03 22:52:36,ios_app,tablet,Firefox,US,TX,card,Holiday,Pets,2,473.46,0.155,73.39,standard,5.25,0.0923,36.93,442.25,1.26,6,False,True,False
ORD101797,C38080,2024-02-18 09:23:07,2024-02-24 09:23:07,marketplace,desktop,Edge,US,NY,paypal,None,Home,3,188.62,0.024,4.53,standard,3.29,0.0729,13.42,200.8,0.1,6,False,True,False
ORD101798,C32348,2024-09-22 17:39:53,2024-09-24 17:39:53,web,tablet,Edge,US,NM,card,Clearance,Sports,2,172.3,0.077,13.27,two_day,18.98,0.0931,14.81,192.82,1.09,2,True,True,False
ORD101799,C15911,2024-11-07 13:33:04,2024-11-12 13:33:04,mobile_web,tablet,Edge,US,OR,apple_pay,Holiday,Books,2,132.99,0.077,10.24,standard,5.38,0.0,0.0,128.13,2.83,5,True,False,False
ORD101800,C71158,2024-05-30 17:14:33,2024-05-31 17:14:33,ios_app,tablet,Edge,US,IA,apple_pay,Holiday,Pets,3,701.92,0.152,106.69,overnight,26.76,0.0426,25.36,647.35,0.12,1,True,True,False
ORD101801,C68137,2025-06-01 14:07:42,2025-06-05 14:07:42,marketplace,tablet,Chrome,US,UT,paypal,Holiday,Toys,1,12.35,0.159,1.96,standard,6.28,0.0726,0.75,17.42,0.94,4,True,False,False
ORD101802,C54511,2024-07-16 12:48:47,2024-07-18 12:48:47,ios_app,mobile,Firefox,US,TX,paypal,BackToSchool,Home,1,529.74,0.082,43.44,two_day,9.97,0.0923,44.89,541.16,2.31,2,True,True,False
ORD101803,C59258,2024-05-15 15:39:31,2024-05-17 15:39:31,web,mobile,Chrome,US,AL,apple_pay,BackToSchool,Toys,1,61.08,0.105,6.41,two_day,11.85,0.0928,5.07,71.59,0.95,2,True,True,False
ORD101804,C51375,2025-01-05 06:52:32,2025-01-08 06:52:32,android_app,tablet,Chrome,US,CA,klarna,None,Apparel,4,2791.42,0.096,267.98,standard,8.29,0.0931,234.93,2766.66,0.59,3,True,True,False
ORD101805,C91122,2024-05-31 02:04:56,2024-06-02 02:04:56,android_app,tablet,Chrome,US,GA,google_pay,SpringSale,Pets,1,54.06,0.185,10.0,two_day,9.29,0.0876,3.86,57.21,0.49,2,True,True,False
ORD101806,C14344,2025-06-07 14:24:36,2025-06-10 14:24:36,mobile_web,mobile,Edge,US,MN,apple_pay,Holiday,Apparel,2,311.33,0.0,0.0,standard,8.85,0.0477,14.85,335.03,1.06,3,True,True,False
ORD101807,C41112,2025-01-22 00:32:31,2025-01-24 00:32:31,web,desktop,Edge,US,OH,klarna,None,Sports,1,217.44,0.18,39.14,two_day,12.07,0.0432,7.7,198.07,2.3,2,True,True,False
ORD101808,C90826,2024-10-22 14:20:03,2024-10-24 14:20:03,mobile_web,mobile,Firefox,US,AZ,apple_pay,Holiday,Electronics,2,872.02,0.125,109.0,two_day,9.87,0.0517,39.45,812.34,0.72,2,True,False,False
ORD101809,C85124,2024-07-28 13:20:29,2024-08-02 13:20:29,web,desktop,Firefox,DE,MD,card,Holiday,Toys,3,568.6,0.103,58.57,standard,5.1,0.0,0.0,515.13,0.1,5,True,False,False
ORD101810,C58297,2025-05-31 14:55:06,2025-06-04 14:55:06,ios_app,mobile,Edge,US,IA,card,None,Automotive,2,368.42,0.012,4.42,standard,3.64,0.0426,15.51,383.15,0.16,4,True,True,False
ORD101811,C69083,2024-04-10 16:33:17,2024-04-16 16:33:17,ios_app,mobile,Firefox,US,MD,klarna,Loyalty,Electronics,2,326.13,0.086,28.05,standard,4.61,0.0638,19.02,321.71,0.49,6,False,True,False
ORD101812,C39263,2024-12-30 19:46:57,2025-01-04 19:46:57,android_app,desktop,Chrome,US,AL,paypal,Holiday,Electronics,2,744.44,0.154,114.64,standard,5.85,0.0928,58.45,694.1,0.51,5,True,True,False
ORD101813,C97835,2024-03-20 19:22:43,2024-03-25 19:22:43,web,desktop,Chrome,DE,CO,google_pay,Holiday,Books,2,156.56,0.049,7.67,standard,6.78,0.0,0.0,155.67,1.8,5,True,False,True
ORD101814,C14542,2025-02-21 05:47:48,2025-02-23 05:47:48,android_app,tablet,Opera,US,KS,klarna,Holiday,Sports,1,513.24,0.101,51.84,two_day,10.11,0.0922,42.54,514.05,0.1,2,True,True,False
ORD101815,C76276,2024-03-24 18:30:28,2024-03-30 18:30:28,mobile_web,mobile,Firefox,US,OR,card,SpringSale,Home,1,355.51,0.082,29.15,standard,3.18,0.0,0.0,329.54,0.1,6,False,True,False
ORD101816,C24863,2025-06-21 20:33:30,2025-06-27 20:33:30,ios_app,mobile,Edge,US,WV,google_pay,None,Grocery,3,297.59,0.077,22.91,standard,3.23,0.0568,15.6,293.51,0.42,6,False,True,False
ORD101817,C96527,2025-01-19 01:13:40,2025-01-24 01:13:40,ios_app,mobile,Safari,US,AL,apple_pay,BackToSchool,Grocery,3,1227.37,0.168,206.2,standard,7.9,0.0928,94.76,1123.83,0.15,5,True,True,False
ORD101818,C22119,2024-02-06 06:45:34,2024-02-11 06:45:34,marketplace,tablet,Firefox,US,MN,apple_pay,Holiday,Sports,5,666.46,0.052,34.66,standard,4.01,0.0477,30.14,665.95,0.97,5,True,True,True
ORD101819,C78812,2024-12-14 07:20:47,2024-12-19 07:20:47,android_app,mobile,Opera,AU,IN,card,None,Sports,3,372.42,0.202,75.23,standard,5.09,0.0,0.0,302.28,0.32,5,True,True,False
ORD101820,C97558,2024-05-03 02:32:11,2024-05-07 02:32:11,marketplace,mobile,Chrome,US,VT,paypal,Holiday,Home,1,43.72,0.204,8.92,standard,7.92,0.09,3.13,45.85,0.84,4,True,True,True
ORD101821,C45595,2024-02-26 11:43:52,2024-03-02 11:43:52,web,tablet,Safari,US,NC,klarna,SpringSale,Grocery,2,108.78,0.186,20.23,standard,6.46,0.0731,6.47,101.48,0.84,5,True,True,False
ORD101822,C78520,2024-10-09 00:52:04,2024-10-13 00:52:04,marketplace,mobile,Edge,US,AR,card,NewArrivals,Home,3,347.54,0.138,47.96,standard,6.51,0.0494,14.8,320.89,0.25,4,True,True,False
ORD101823,C69500,2024-02-22 18:39:01,2024-02-27 18:39:01,mobile_web,desktop,Chrome,US,RI,paypal,BackToSchool,Pets,1,78.91,0.114,9.0,standard,7.01,0.0467,3.26,80.18,0.18,5,True,True,True
ORD101824,C34298,2024-04-27 05:09:59,2024-05-01 05:09:59,android_app,desktop,Opera,US,IL,card,Clearance,Beauty,2,959.1,0.174,166.88,standard,5.84,0.0486,38.5,836.56,0.24,4,True,True,False
ORD101825,C65085,2025-01-10 01:55:24,2025-01-12 01:55:24,android_app,desktop,Firefox,UK,AZ,apple_pay,Holiday,Sports,1,48.06,0.082,3.94,two_day,15.95,0.0,0.0,60.07,0.3,2,True,True,True
ORD101826,C85361,2024-05-23 14:19:42,2024-05-24 14:19:42,marketplace,desktop,Edge,US,GA,google_pay,SpringSale,Automotive,1,15.16,0.057,0.86,overnight,22.42,0.0876,1.25,37.97,1.91,1,True,True,False
ORD101827,C76458,2025-04-15 14:42:06,2025-04-20 14:42:06,web,desktop,Safari,US,MO,klarna,NewArrivals,Books,2,375.81,0.018,6.76,standard,3.8,0.0689,25.43,398.28,0.1,5,True,True,False
ORD101828,C76204,2025-04-28 23:55:18,2025-05-04 23:55:18,mobile_web,mobile,Chrome,US,OR,apple_pay,Holiday,Toys,2,97.43,0.147,14.32,standard,3.68,0.0,0.0,86.79,0.11,6,False,True,False
ORD101829,C54840,2024-08-23 00:02:45,2024-08-29 00:02:45,android_app,mobile,Safari,US,AL,paypal,None,Grocery,2,259.2,0.209,54.17,standard,8.23,0.0928,19.03,232.29,0.1,6,False,True,False
ORD101830,C82672,2024-09-05 12:37:44,2024-09-11 12:37:44,marketplace,tablet,Chrome,US,NH,card,BackToSchool,Home,2,137.29,0.079,10.85,standard,5.2,0.0,0.0,131.64,0.1,6,False,True,False
ORD101831,C10849,2024-09-30 08:27:22,2024-10-02 08:27:22,web,mobile,Chrome,US,FL,klarna,Holiday,Beauty,1,149.95,0.081,12.15,two_day,15.2,0.0803,11.07,164.07,0.2,2,True,True,False
ORD101832,C78012,2024-02-28 08:27:31,2024-03-06 08:27:31,web,mobile,Opera,US,SC,card,Loyalty,Books,5,780.43,0.091,71.02,standard,7.05,0.0561,39.8,756.26,2.87,7,False,True,True
ORD101833,C93620,2024-05-10 18:49:48,2024-05-14 18:49:48,android_app,mobile,Opera,US,MI,klarna,SpringSale,Toys,1,203.5,0.188,38.26,standard,8.5,0.0789,13.04,186.78,3.6,4,True,True,False
ORD101834,C56467,2024-08-03 22:52:12,2024-08-07 22:52:12,mobile_web,desktop,Opera,US,OH,klarna,None,Grocery,3,921.97,0.194,178.86,standard,6.73,0.0432,32.1,781.94,0.55,4,True,True,False
ORD101835,C44574,2025-06-27 14:54:59,2025-07-02 14:54:59,marketplace,desktop,Safari,US,CA,google_pay,SpringSale,Automotive,1,144.74,0.146,21.13,standard,5.62,0.0931,11.51,140.74,0.42,5,True,True,False
ORD101836,C52881,2024-01-06 22:45:12,2024-01-09 22:45:12,web,mobile,Chrome,US,SD,apple_pay,BackToSchool,Home,3,238.8,0.016,3.82,standard,4.14,0.0672,15.79,254.91,1.95,3,True,True,False
ORD101837,C47172,2024-10-26 17:34:59,2024-11-02 17:34:59,ios_app,desktop,Edge,US,AL,klarna,SpringSale,Beauty,2,379.13,0.045,17.06,standard,4.27,0.0928,33.6,399.94,0.33,7,False,True,False
ORD101838,C24513,2024-05-10 10:02:02,2024-05-17 10:02:02,android_app,tablet,Edge,US,AR,apple_pay,BackToSchool,Electronics,1,14.99,0.122,1.83,standard,3.06,0.0494,0.65,16.87,0.19,7,False,True,True
ORD101839,C52973,2024-01-21 21:14:35,2024-01-23 21:14:35,marketplace,desktop,Chrome,US,DE,klarna,NewArrivals,Electronics,5,1063.38,0.05,53.17,two_day,16.56,0.0,0.0,1026.77,1.68,2,True,True,False
ORD101840,C50048,2024-01-11 13:26:21,2024-01-16 13:26:21,web,tablet,Chrome,US,DE,klarna,BackToSchool,Pets,2,132.5,0.199,26.37,standard,5.28,0.0,0.0,111.41,0.93,5,True,True,True
ORD101841,C98167,2024-04-27 19:50:32,2024-04-29 19:50:32,mobile_web,desktop,Safari,UK,OR,paypal,Holiday,Grocery,2,173.33,0.101,17.51,two_day,10.74,0.0,0.0,166.56,0.15,2,True,True,False
ORD101842,C26034,2025-06-10 02:07:11,2025-06-16 02:07:11,marketplace,tablet,Chrome,US,AR,card,None,Automotive,1,16.16,0.234,3.78,standard,3.0,0.0494,0.61,15.99,0.39,6,False,True,True
ORD101843,C70352,2024-12-10 05:00:23,2024-12-16 05:00:23,mobile_web,mobile,Firefox,AU,IL,card,None,Automotive,2,141.06,0.237,33.43,standard,3.32,0.0,0.0,110.95,2.91,6,False,True,False
ORD101844,C67338,2024-08-30 23:58:02,2024-09-02 23:58:02,marketplace,tablet,Opera,US,NM,apple_pay,Holiday,Automotive,1,53.24,0.045,2.4,standard,4.27,0.0931,4.73,59.84,0.61,3,True,False,False
ORD101845,C28481,2024-11-27 14:01:29,2024-12-01 14:01:29,marketplace,mobile,Firefox,US,MT,google_pay,Holiday,Electronics,1,125.24,0.256,32.06,standard,4.66,0.0,0.0,97.84,0.51,4,True,True,False
ORD101846,C36877,2025-01-07 07:10:33,2025-01-12 07:10:33,web,mobile,Opera,US,MT,klarna,Holiday,Beauty,1,309.84,0.049,15.18,standard,5.55,0.0,0.0,300.21,0.12,5,True,True,False
ORD101847,C51329,2025-04-04 12:58:11,2025-04-07 12:58:11,web,desktop,Chrome,US,MO,klarna,None,Books,2,109.86,0.01,1.1,standard,4.67,0.0689,7.49,120.92,1.21,3,True,True,False
ORD101848,C21411,2025-02-18 17:05:02,2025-02-25 17:05:02,web,desktop,Opera,US,SD,klarna,None,Apparel,2,221.89,0.18,39.94,standard,5.19,0.0672,12.23,199.37,1.82,7,False,True,False
ORD101849,C60417,2024-10-05 08:29:14,2024-10-07 08:29:14,marketplace,desktop,Chrome,US,IN,google_pay,SpringSale,Grocery,2,125.8,0.074,9.31,two_day,19.6,0.0567,6.6,142.69,0.25,2,True,True,True
ORD101850,C56804,2024-02-07 06:41:05,2024-02-08 06:41:05,android_app,tablet,Firefox,AU,NE,klarna,SpringSale,Pets,2,163.94,0.173,28.36,overnight,22.41,0.0,0.0,157.99,1.9,1,True,True,True
ORD101851,C39400,2025-04-30 00:13:34,2025-05-02 00:13:34,mobile_web,tablet,Opera,US,DE,klarna,Holiday,Beauty,2,1335.5,0.097,129.54,two_day,16.63,0.0,0.0,1222.59,1.28,2,True,True,False
ORD101852,C59739,2024-10-21 23:49:02,2024-10-27 23:49:02,mobile_web,desktop,Edge,US,VA,klarna,SpringSale,Apparel,2,1486.6,0.098,145.69,standard,4.49,0.0933,125.11,1470.51,0.42,6,False,False,False
ORD101853,C73381,2024-03-02 06:58:25,2024-03-07 06:58:25,android_app,tablet,Edge,CA,DE,google_pay,Holiday,Automotive,2,340.0,0.36,122.4,standard,9.89,0.0,0.0,227.49,0.1,5,True,True,False
ORD101854,C67405,2024-12-09 09:39:28,2024-12-16 09:39:28,ios_app,desktop,Firefox,DE,NE,apple_pay,Holiday,Beauty,4,125.3,0.025,3.13,standard,6.15,0.0,0.0,128.32,0.14,7,False,True,False
ORD101855,C40068,2025-04-15 22:40:03,2025-04-18 22:40:03,android_app,mobile,Firefox,US,TN,apple_pay,Holiday,Pets,1,314.3,0.218,68.52,standard,9.71,0.0864,21.24,276.73,2.74,3,True,True,False
ORD101856,C48402,2024-10-12 01:22:52,2024-10-16 01:22:52,web,mobile,Safari,US,TX,card,None,Books,3,334.28,0.091,30.42,standard,3.76,0.0923,28.05,335.67,0.3,4,True,True,False
ORD101857,C90564,2024-03-10 03:09:52,2024-03-17 03:09:52,web,mobile,Opera,US,CA,klarna,Holiday,Beauty,2,348.79,0.281,98.01,standard,9.51,0.0931,23.35,283.64,1.26,7,False,True,False
ORD101858,C33713,2024-10-08 07:29:41,2024-10-12 07:29:41,android_app,mobile,Edge,US,NH,apple_pay,NewArrivals,Beauty,1,109.29,0.186,20.33,standard,3.11,0.0,0.0,92.07,0.1,4,True,True,False
ORD101859,C54491,2024-10-01 22:55:36,2024-10-05 22:55:36,android_app,mobile,Edge,US,UT,google_pay,Holiday,Automotive,4,490.13,0.076,37.25,standard,9.43,0.0726,32.88,495.19,1.92,4,True,True,False
ORD101860,C34587,2024-06-01 12:45:35,2024-06-05 12:45:35,mobile_web,desktop,Chrome,US,CO,card,Loyalty,Grocery,2,127.54,0.168,21.43,standard,6.09,0.0737,7.82,120.02,1.06,4,True,True,False
ORD101861,C51021,2024-01-31 16:50:03,2024-02-05 16:50:03,android_app,tablet,Opera,US,MO,apple_pay,None,Pets,1,46.7,0.075,3.5,standard,5.89,0.0689,2.98,52.07,0.75,5,True,True,False
ORD101862,C32099,2024-02-28 10:13:26,2024-03-01 10:13:26,web,mobile,Chrome,US,NJ,klarna,Clearance,Grocery,1,69.45,0.075,5.21,two_day,15.38,0.0411,2.64,82.26,0.78,2,True,False,False
ORD101863,C99095,2024-07-31 01:37:42,2024-08-02 01:37:42,web,desktop,Edge,US,IN,paypal,BackToSchool,Grocery,1,40.82,0.137,5.59,two_day,11.24,0.0567,2.0,48.47,0.57,2,True,True,False
ORD101864,C22983,2025-02-05 07:55:00,2025-02-09 07:55:00,android_app,tablet,Chrome,US,OK,klarna,Loyalty,Automotive,2,59.7,0.057,3.4,standard,6.3,0.087,4.9,67.5,0.14,4,True,True,False
ORD101865,C52278,2024-05-01 00:16:36,2024-05-06 00:16:36,mobile_web,tablet,Edge,US,OK,klarna,Holiday,Apparel,1,48.6,0.21,10.21,standard,4.55,0.087,3.34,46.28,0.16,5,True,True,False
ORD101866,C81613,2025-04-17 05:18:43,2025-04-19 05:18:43,mobile_web,tablet,Edge,US,GA,google_pay,NewArrivals,Pets,2,403.41,0.122,49.22,two_day,11.22,0.0876,31.03,396.44,0.24,2,True,True,False
ORD101867,C35213,2025-02-08 06:41:13,2025-02-14 06:41:13,marketplace,mobile,Firefox,US,ME,card,None,Electronics,1,170.97,0.187,31.97,standard,3.36,0.0642,8.92,151.28,0.63,6,False,True,True
ORD101868,C69850,2024-05-16 15:55:10,2024-05-22 15:55:10,android_app,tablet,Firefox,US,ME,google_pay,Holiday,Sports,2,184.26,0.219,40.35,standard,8.42,0.0642,9.24,161.57,0.1,6,False,True,False
ORD101869,C37900,2025-04-10 23:09:28,2025-04-12 23:09:28,android_app,desktop,Edge,US,WY,card,Clearance,Beauty,1,34.23,0.017,0.58,two_day,13.18,0.0542,1.82,48.65,0.37,2,True,True,False
ORD101870,C87827,2024-12-12 16:17:21,2024-12-18 16:17:21,ios_app,tablet,Firefox,US,OR,klarna,Loyalty,Grocery,1,34.92,0.182,6.36,standard,9.33,0.0,0.0,37.89,0.33,6,False,True,False
ORD101871,C50511,2024-05-21 02:01:00,2024-05-26 02:01:00,mobile_web,mobile,Safari,US,HI,klarna,Clearance,Home,1,299.83,0.151,45.27,standard,3.02,0.0776,19.75,277.33,0.71,5,True,True,False
ORD101872,C47064,2024-11-03 11:02:49,2024-11-05 11:02:49,web,tablet,Firefox,UK,OH,card,Loyalty,Beauty,1,49.24,0.272,13.39,two_day,18.19,0.0,0.0,54.04,0.1,2,True,True,False
ORD101873,C71334,2024-04-08 12:53:18,2024-04-10 12:53:18,marketplace,desktop,Safari,US,LA,klarna,Holiday,Sports,1,289.6,0.211,61.11,two_day,19.03,0.096,21.94,269.46,0.25,2,True,True,False
ORD101874,C49702,2024-01-20 01:19:45,2024-01-24 01:19:45,ios_app,desktop,Chrome,US,AL,apple_pay,BackToSchool,Toys,2,227.01,0.092,20.88,standard,3.01,0.0928,19.13,228.27,0.36,4,True,True,False
ORD101875,C19493,2025-04-14 12:10:29,2025-04-20 12:10:29,ios_app,tablet,Opera,US,IN,card,Holiday,Home,2,158.92,0.247,39.25,standard,7.22,0.0567,6.79,133.68,1.29,6,False,True,True
ORD101876,C24507,2024-10-11 02:13:17,2024-10-16 02:13:17,android_app,mobile,Firefox,US,NE,apple_pay,Loyalty,Electronics,3,501.57,0.058,29.09,standard,3.88,0.0845,39.92,516.28,0.21,5,True,True,False
ORD101877,C44595,2024-02-08 22:55:39,2024-02-13 22:55:39,mobile_web,mobile,Firefox,US,MO,paypal,Holiday,Books,1,158.78,0.127,20.17,standard,5.4,0.0689,9.55,153.56,0.1,5,True,True,False
ORD101878,C40645,2025-02-02 14:55:17,2025-02-09 14:55:17,android_app,desktop,Chrome,US,NH,klarna,SpringSale,Automotive,2,532.57,0.139,74.03,standard,4.7,0.0,0.0,463.24,1.24,7,False,True,False
ORD101879,C22337,2025-05-25 10:18:49,2025-05-28 10:18:49,ios_app,mobile,Firefox,US,MI,card,SpringSale,Sports,1,615.76,0.169,104.06,standard,6.22,0.0789,40.37,558.29,0.59,3,True,True,False
ORD101880,C40649,2025-03-15 21:35:52,2025-03-21 21:35:52,android_app,tablet,Edge,US,SC,klarna,Loyalty,Books,4,411.96,0.084,34.6,standard,8.49,0.0561,21.17,407.02,0.5,6,False,True,False
ORD101881,C86399,2024-02-07 22:26:01,2024-02-09 22:26:01,web,desktop,Edge,US,TX,apple_pay,Loyalty,Apparel,1,190.52,0.163,31.05,two_day,16.51,0.0923,14.72,190.7,0.31,2,True,True,False
ORD101882,C53733,2024-10-13 12:42:08,2024-10-19 12:42:08,mobile_web,desktop,Chrome,US,KS,apple_pay,SpringSale,Automotive,1,142.88,0.0,0.0,standard,9.64,0.0922,13.17,165.69,0.49,6,False,True,False
ORD101883,C41779,2025-01-28 11:28:39,2025-02-01 11:28:39,ios_app,mobile,Safari,US,MO,paypal,Holiday,Toys,1,207.36,0.108,22.39,standard,4.21,0.0689,12.74,201.92,1.81,4,True,True,False
ORD101884,C39600,2024-08-21 10:15:38,2024-08-27 10:15:38,marketplace,desktop,Edge,US,KS,klarna,Loyalty,Automotive,2,233.62,0.169,39.48,standard,6.01,0.0922,17.9,218.05,0.1,6,False,True,False
ORD101885,C49432,2024-06-21 16:34:45,2024-06-28 16:34:45,android_app,tablet,Firefox,US,KS,paypal,Loyalty,Automotive,2,306.55,0.146,44.76,standard,5.04,0.0922,24.14,290.97,0.6,7,False,True,False
ORD101886,C65217,2024-02-16 01:14:35,2024-02-21 01:14:35,marketplace,mobile,Edge,US,PA,paypal,SpringSale,Electronics,4,1155.51,0.127,146.75,standard,4.13,0.0486,49.03,1061.92,0.1,5,True,True,True
ORD101887,C49637,2025-01-30 18:00:13,2025-02-04 18:00:13,ios_app,tablet,Edge,US,MD,klarna,BackToSchool,Pets,1,139.74,0.17,23.76,standard,3.26,0.0638,7.4,126.64,0.67,5,True,True,True
ORD101888,C41869,2024-06-18 07:12:45,2024-06-19 07:12:45,marketplace,mobile,Edge,US,WA,google_pay,Holiday,Grocery,3,578.59,0.034,19.67,overnight,19.49,0.0858,47.96,626.37,0.68,1,True,True,False
ORD101889,C42124,2024-03-02 19:37:46,2024-03-04 19:37:46,marketplace,desktop,Chrome,DE,DE,apple_pay,None,Pets,1,34.09,0.173,5.9,two_day,19.45,0.0,0.0,47.64,0.12,2,True,True,False
ORD101890,C42472,2024-12-04 23:38:32,2024-12-09 23:38:32,ios_app,desktop,Edge,US,MO,apple_pay,Holiday,Apparel,1,205.52,0.062,12.74,standard,8.08,0.0689,13.28,214.14,0.83,5,True,True,False
ORD101891,C61962,2024-04-07 21:38:00,2024-04-09 21:38:00,ios_app,mobile,Firefox,US,NJ,card,Holiday,Apparel,1,560.2,0.179,100.28,two_day,16.02,0.0411,18.9,494.84,0.63,2,True,True,False
ORD101892,C11739,2024-04-16 00:57:26,2024-04-18 00:57:26,ios_app,desktop,Firefox,US,NE,paypal,Holiday,Beauty,3,1288.99,0.162,208.82,two_day,11.47,0.0845,91.27,1182.91,0.57,2,True,True,False
ORD101893,C64827,2024-09-19 22:01:55,2024-09-22 22:01:55,web,desktop,Edge,US,KY,apple_pay,Holiday,Toys,2,83.82,0.088,7.38,standard,4.75,0.0832,6.36,87.55,1.94,3,True,True,True
ORD101894,C69850,2025-04-13 13:52:47,2025-04-14 13:52:47,marketplace,mobile,Firefox,US,TN,google_pay,SpringSale,Grocery,1,34.65,0.227,7.87,overnight,27.21,0.0864,2.31,56.3,0.66,1,True,True,True
ORD101895,C32036,2024-05-23 00:24:12,2024-05-24 00:24:12,android_app,tablet,Opera,US,OH,klarna,NewArrivals,Pets,1,112.54,0.064,7.2,overnight,19.54,0.0432,4.55,129.43,2.3,1,True,False,True
ORD101896,C82927,2025-04-11 00:16:55,2025-04-18 00:16:55,ios_app,tablet,Safari,US,MI,paypal,BackToSchool,Books,1,323.16,0.057,18.42,standard,8.96,0.0789,24.04,337.74,3.34,7,False,True,False
ORD101897,C48705,2025-04-02 09:42:44,2025-04-06 09:42:44,mobile_web,mobile,Chrome,US,NJ,card,None,Electronics,2,487.64,0.135,65.83,standard,7.85,0.0411,17.34,447.0,0.1,4,True,True,False
ORD101898,C47772,2024-02-01 17:34:32,2024-02-05 17:34:32,android_app,desktop,Opera,US,KS,apple_pay,Holiday,Electronics,5,1568.89,0.114,178.85,standard,5.28,0.0922,128.16,1523.48,0.77,4,True,True,False
ORD101899,C33249,2024-12-02 00:11:51,2024-12-06 00:11:51,mobile_web,mobile,Safari,US,MD,card,Clearance,Books,1,226.52,0.089,20.16,standard,6.17,0.0638,13.17,225.7,0.82,4,True,True,False
ORD101900,C54868,2024-04-24 22:22:12,2024-04-28 22:22:12,android_app,tablet,Edge,UK,DE,paypal,BackToSchool,Automotive,3,683.08,0.067,45.77,standard,7.59,0.0,0.0,644.9,0.48,4,True,True,False
ORD101901,C16609,2025-06-19 23:34:22,2025-06-21 23:34:22,android_app,mobile,Edge,US,DC,apple_pay,BackToSchool,Grocery,1,534.8,0.135,72.2,two_day,13.94,0.0764,35.34,511.88,1.34,2,True,True,False
ORD101902,C61003,2024-04-18 12:43:46,2024-04-22 12:43:46,marketplace,tablet,Opera,US,ND,paypal,None,Home,2,85.43,0.231,19.73,standard,8.76,0.0419,2.75,77.21,0.56,4,True,True,True
ORD101903,C41836,2024-03-20 06:47:58,2024-03-23 06:47:58,web,mobile,Chrome,US,WI,card,Holiday,Home,4,854.47,0.091,77.76,standard,7.66,0.056,43.5,827.87,0.2,3,True,True,False
ORD101904,C59239,2024-11-21 06:47:14,2024-11-22 06:47:14,web,desktop,Firefox,US,SD,google_pay,NewArrivals,Automotive,4,189.8,0.066,12.53,overnight,38.0,0.0672,11.91,227.18,0.23,1,True,False,False
ORD101905,C33847,2024-10-17 13:19:45,2024-10-20 13:19:45,android_app,mobile,Firefox,US,CO,klarna,Holiday,Beauty,1,559.18,0.196,109.6,standard,5.58,0.0737,33.13,488.29,1.81,3,True,True,False
ORD101906,C13753,2024-02-29 14:18:02,2024-03-06 14:18:02,marketplace,desktop,Opera,US,OK,apple_pay,BackToSchool,Grocery,4,512.05,0.12,61.45,standard,7.17,0.087,39.2,496.97,0.75,6,False,True,False
ORD101907,C62242,2025-02-24 09:12:11,2025-02-26 09:12:11,ios_app,desktop,Safari,US,AK,klarna,NewArrivals,Toys,2,77.07,0.145,11.18,two_day,14.39,0.0,0.0,80.28,1.28,2,True,True,False
ORD101908,C29233,2024-02-17 22:03:18,2024-02-22 22:03:18,marketplace,desktop,Opera,US,SD,google_pay,Holiday,Sports,2,968.85,0.05,48.44,standard,8.19,0.0672,61.85,990.45,0.53,5,True,True,False
ORD101909,C51741,2024-01-26 10:41:28,2024-01-30 10:41:28,ios_app,mobile,Chrome,US,UT,google_pay,Holiday,Automotive,1,347.31,0.123,42.72,standard,9.44,0.0726,22.11,336.14,1.84,4,True,True,False
ORD101910,C68234,2025-06-08 14:52:27,2025-06-14 14:52:27,ios_app,mobile,Edge,US,MS,google_pay,Holiday,Automotive,1,278.36,0.038,10.58,standard,9.16,0.0436,11.68,288.62,0.76,6,False,True,False
ORD101911,C75079,2024-12-09 13:29:14,2024-12-14 13:29:14,web,tablet,Chrome,US,VT,card,Holiday,Grocery,1,203.87,0.19,38.74,standard,8.82,0.09,14.86,188.81,0.66,5,True,True,False
ORD101912,C15918,2024-06-16 10:00:26,2024-06-20 10:00:26,android_app,tablet,Safari,US,UT,card,None,Apparel,2,187.15,0.11,20.59,standard,4.36,0.0726,12.09,183.01,1.08,4,True,True,False
ORD101913,C66755,2024-12-01 18:15:59,2024-12-04 18:15:59,android_app,tablet,Chrome,US,CO,card,None,Toys,1,146.74,0.228,33.46,standard,4.29,0.0737,8.35,125.92,0.12,3,True,True,False
ORD101914,C27338,2025-03-21 00:54:54,2025-03-23 00:54:54,mobile_web,mobile,Opera,US,WY,google_pay,None,Home,1,206.78,0.02,4.14,two_day,9.68,0.0542,10.98,223.3,1.51,2,True,True,True
ORD101915,C92981,2024-10-23 23:06:31,2024-10-28 23:06:31,mobile_web,desktop,Safari,US,WA,google_pay,Loyalty,Home,1,104.18,0.15,15.63,standard,5.73,0.0858,7.6,101.88,0.1,5,True,True,False
ORD101916,C62003,2025-02-23 01:33:41,2025-02-25 01:33:41,mobile_web,mobile,Firefox,US,ID,google_pay,Holiday,Home,1,824.32,0.124,102.22,two_day,10.87,0.0454,32.78,765.75,0.1,2,True,True,False
ORD101917,C68338,2024-06-18 03:58:49,2024-06-24 03:58:49,web,mobile,Opera,US,OK,apple_pay,SpringSale,Books,1,52.47,0.165,8.66,standard,9.56,0.087,3.81,57.18,0.31,6,False,True,True
ORD101918,C57562,2024-09-06 04:01:55,2024-09-12 04:01:55,mobile_web,mobile,Firefox,US,NJ,card,Holiday,Sports,1,874.65,0.145,126.82,standard,4.34,0.0411,30.74,782.91,0.1,6,False,True,True
ORD101919,C15515,2024-04-12 05:40:01,2024-04-16 05:40:01,marketplace,tablet,Chrome,US,WY,apple_pay,BackToSchool,Toys,4,652.59,0.147,95.93,standard,9.57,0.0542,30.17,596.4,1.11,4,True,True,False
ORD101920,C16896,2024-06-06 19:58:41,2024-06-07 19:58:41,ios_app,tablet,Safari,US,PA,klarna,Clearance,Toys,1,54.26,0.127,6.89,overnight,20.89,0.0486,2.3,70.56,2.3,1,True,True,False
ORD101921,C42566,2024-05-03 12:32:26,2024-05-07 12:32:26,mobile_web,mobile,Edge,US,MN,klarna,BackToSchool,Pets,1,58.16,0.195,11.34,standard,7.37,0.0477,2.23,56.42,0.45,4,True,True,False
ORD101922,C98209,2024-11-08 07:29:59,2024-11-15 07:29:59,android_app,mobile,Firefox,US,ND,card,BackToSchool,Automotive,3,472.45,0.08,37.8,standard,3.09,0.0419,18.21,455.95,1.79,7,False,True,False
ORD101923,C79717,2024-07-17 14:15:04,2024-07-19 14:15:04,android_app,tablet,Chrome,US,VA,google_pay,Holiday,Books,5,1127.42,0.212,239.01,two_day,15.63,0.0933,82.89,986.93,0.14,2,True,True,False
ORD101924,C11856,2024-01-29 15:38:36,2024-01-31 15:38:36,android_app,desktop,Edge,US,WV,card,None,Sports,1,67.17,0.182,12.22,two_day,15.53,0.0568,3.12,73.6,0.1,2,True,True,False
ORD101925,C63161,2024-10-02 14:56:55,2024-10-04 14:56:55,marketplace,mobile,Chrome,US,MO,card,SpringSale,Electronics,2,97.86,0.142,13.9,two_day,15.34,0.0689,5.78,105.08,0.25,2,True,True,False
ORD101926,C38569,2024-05-06 20:43:36,2024-05-08 20:43:36,android_app,desktop,Opera,US,NC,google_pay,Holiday,Automotive,1,26.52,0.037,0.98,two_day,18.0,0.0731,1.87,45.41,0.17,2,True,True,True
ORD101927,C96631,2024-03-14 20:21:44,2024-03-20 20:21:44,web,mobile,Chrome,US,DE,klarna,Clearance,Automotive,2,144.92,0.207,30.0,standard,6.11,0.0,0.0,121.03,1.49,6,False,True,False
ORD101928,C94695,2025-02-15 18:05:48,2025-02-20 18:05:48,mobile_web,tablet,Safari,UK,CT,klarna,Holiday,Automotive,2,254.06,0.21,53.35,standard,8.32,0.0,0.0,209.03,0.1,5,True,True,True
ORD101929,C17709,2025-05-31 02:20:56,2025-06-03 02:20:56,marketplace,tablet,Safari,US,MI,google_pay,Clearance,Home,2,258.19,0.098,25.3,standard,5.3,0.0789,18.38,256.57,1.33,3,True,True,False
ORD101930,C61704,2024-02-18 12:50:45,2024-02-20 12:50:45,marketplace,desktop,Chrome,US,AL,card,NewArrivals,Automotive,2,464.1,0.001,0.46,two_day,16.97,0.0928,43.03,523.64,0.71,2,True,False,False
ORD101931,C77181,2024-03-22 23:02:09,2024-03-28 23:02:09,android_app,mobile,Edge,US,MA,klarna,Loyalty,Sports,2,126.56,0.114,14.43,standard,7.44,0.05,5.61,125.18,0.1,6,False,True,False
ORD101932,C46538,2024-12-07 20:00:12,2024-12-12 20:00:12,ios_app,tablet,Edge,US,IA,google_pay,Loyalty,Books,2,135.51,0.086,11.65,standard,5.11,0.0426,5.28,134.25,0.36,5,True,True,False
ORD101933,C37505,2024-10-30 00:03:11,2024-11-03 00:03:11,ios_app,tablet,Opera,US,MD,klarna,Loyalty,Electronics,3,970.17,0.177,171.72,standard,7.24,0.0638,50.94,856.63,0.95,4,True,True,False
ORD101934,C26406,2025-06-27 19:45:15,2025-06-29 19:45:15,mobile_web,mobile,Firefox,US,IL,paypal,SpringSale,Beauty,3,691.25,0.083,57.37,two_day,13.89,0.0486,30.81,678.58,0.1,2,True,True,False
ORD101935,C68931,2025-01-22 20:49:50,2025-01-29 20:49:50,marketplace,desktop,Edge,US,UT,apple_pay,Loyalty,Pets,2,220.84,0.168,37.1,standard,9.0,0.0726,13.34,206.08,0.18,7,False,True,False
ORD101936,C35747,2024-12-01 15:58:26,2024-12-06 15:58:26,marketplace,desktop,Opera,US,TX,card,NewArrivals,Electronics,3,770.74,0.086,66.28,standard,5.94,0.0923,65.02,775.42,0.13,5,True,True,False
ORD101937,C26437,2025-02-11 07:49:55,2025-02-12 07:49:55,web,mobile,Safari,US,VA,paypal,None,Grocery,1,30.95,0.095,2.94,overnight,25.8,0.0933,2.61,56.42,1.0,1,True,False,False
ORD101938,C15515,2025-03-13 14:11:26,2025-03-15 14:11:26,mobile_web,mobile,Firefox,FR,KS,apple_pay,Holiday,Pets,3,594.15,0.0,0.0,two_day,11.12,0.0,0.0,605.27,0.54,2,True,False,False
ORD101939,C92666,2025-06-03 14:02:00,2025-06-05 14:02:00,android_app,mobile,Safari,US,CO,paypal,SpringSale,Books,1,183.45,0.153,28.07,two_day,14.71,0.0737,11.45,181.54,0.11,2,True,True,True
ORD101940,C83111,2024-07-02 13:55:55,2024-07-04 13:55:55,ios_app,tablet,Opera,US,ME,google_pay,BackToSchool,Electronics,2,629.36,0.137,86.22,two_day,12.99,0.0642,34.87,591.0,0.27,2,True,True,False
ORD101941,C22343,2024-01-31 22:38:11,2024-02-04 22:38:11,ios_app,mobile,Safari,US,IL,google_pay,SpringSale,Home,2,137.23,0.173,23.74,standard,5.34,0.0486,5.52,124.35,1.84,4,True,True,False
ORD101942,C99604,2025-06-04 12:41:48,2025-06-05 12:41:48,android_app,desktop,Edge,DE,DC,card,Loyalty,Beauty,1,22.43,0.18,4.04,overnight,18.96,0.0,0.0,37.35,0.1,1,True,True,False
ORD101943,C14448,2024-11-09 19:46:56,2024-11-12 19:46:56,web,mobile,Opera,CA,DC,card,Loyalty,Apparel,2,98.16,0.064,6.28,standard,7.74,0.0,0.0,99.62,0.76,3,True,True,False
ORD101944,C83107,2024-02-19 15:45:07,2024-02-24 15:45:07,mobile_web,mobile,Safari,CA,IN,apple_pay,Holiday,Home,1,79.53,0.189,15.03,standard,5.96,0.0,0.0,70.46,2.18,5,True,True,False
ORD101945,C98577,2025-01-16 08:40:14,2025-01-18 08:40:14,web,mobile,Edge,US,WV,klarna,NewArrivals,Automotive,2,125.36,0.108,13.54,two_day,19.82,0.0568,6.35,137.99,0.32,2,True,True,False
ORD101946,C31219,2024-01-17 21:17:23,2024-01-22 21:17:23,web,tablet,Safari,US,MD,paypal,None,Sports,2,218.14,0.116,25.3,standard,8.54,0.0638,12.3,213.68,0.48,5,True,True,False
ORD101947,C32901,2024-11-10 23:44:11,2024-11-14 23:44:11,web,mobile,Edge,US,MD,card,NewArrivals,Automotive,1,437.91,0.096,42.04,standard,6.04,0.0638,25.26,427.17,3.26,4,True,True,False
ORD101948,C25878,2024-07-06 11:31:02,2024-07-11 11:31:02,ios_app,desktop,Safari,US,OH,card,Holiday,Toys,2,548.9,0.15,82.34,standard,3.82,0.0432,20.16,490.54,0.28,5,True,True,False
ORD101949,C20321,2025-03-17 17:19:57,2025-03-23 17:19:57,ios_app,tablet,Firefox,US,KS,google_pay,None,Home,1,73.04,0.204,14.9,standard,7.81,0.0922,5.36,71.31,0.23,6,False,True,False
ORD101950,C85931,2025-01-28 03:28:20,2025-01-30 03:28:20,mobile_web,desktop,Opera,US,OK,card,SpringSale,Apparel,1,547.6,0.108,59.14,two_day,10.7,0.087,42.5,541.66,0.72,2,True,True,True
ORD101951,C26125,2024-10-02 08:23:45,2024-10-07 08:23:45,marketplace,mobile,Safari,US,ID,card,Clearance,Beauty,1,22.43,0.163,3.66,standard,5.63,0.0454,0.85,25.25,1.51,5,True,True,False
ORD101952,C91821,2024-05-26 10:51:44,2024-05-28 10:51:44,android_app,tablet,Safari,US,SC,apple_pay,SpringSale,Automotive,2,245.02,0.172,42.14,two_day,14.75,0.0561,11.38,229.01,0.1,2,True,False,False
ORD101953,C97404,2024-04-19 03:22:14,2024-04-24 03:22:14,android_app,tablet,Chrome,US,CA,klarna,BackToSchool,Electronics,1,513.46,0.092,47.24,standard,8.74,0.0931,43.41,518.37,1.62,5,True,True,False
ORD101954,C12284,2024-02-25 02:41:35,2024-02-27 02:41:35,android_app,desktop,Firefox,US,FL,klarna,Clearance,Home,3,505.85,0.162,81.95,two_day,17.81,0.0803,34.04,475.75,0.11,2,True,True,False
ORD101955,C95368,2024-06-30 01:47:39,2024-07-02 01:47:39,android_app,mobile,Chrome,CA,NV,apple_pay,Holiday,Pets,2,349.34,0.0,0.0,two_day,13.35,0.0,0.0,362.69,0.8,2,True,True,True
ORD101956,C52945,2024-05-17 12:22:36,2024-05-22 12:22:36,web,tablet,Edge,US,ME,apple_pay,Holiday,Sports,1,99.96,0.219,21.89,standard,7.13,0.0642,5.01,90.21,0.1,5,True,True,False
ORD101957,C36597,2025-06-25 13:26:29,2025-06-28 13:26:29,mobile_web,mobile,Chrome,US,MI,paypal,BackToSchool,Sports,1,576.0,0.213,122.69,standard,7.7,0.0789,35.77,496.78,1.03,3,True,True,False
ORD101958,C72262,2025-05-01 17:50:02,2025-05-02 17:50:02,ios_app,tablet,Safari,US,MA,klarna,BackToSchool,Books,1,265.87,0.145,38.55,overnight,29.88,0.05,11.37,268.57,0.79,1,True,True,True
ORD101959,C50122,2024-07-10 10:34:38,2024-07-14 10:34:38,mobile_web,desktop,Safari,US,KY,paypal,Clearance,Electronics,5,2228.15,0.213,474.6,standard,9.64,0.0832,145.9,1909.09,0.85,4,True,True,False
ORD101960,C81651,2024-11-27 03:10:08,2024-12-02 03:10:08,android_app,mobile,Safari,US,MT,apple_pay,None,Home,1,127.36,0.261,33.24,standard,3.09,0.0,0.0,97.21,0.1,5,True,True,False
ORD101961,C17348,2024-10-06 14:00:49,2024-10-10 14:00:49,android_app,tablet,Safari,US,NV,apple_pay,None,Electronics,5,986.6,0.1,98.66,standard,5.57,0.0734,65.17,958.68,0.65,4,True,True,False
ORD101962,C36482,2024-10-20 11:34:19,2024-10-23 11:34:19,mobile_web,mobile,Opera,FR,AZ,paypal,Clearance,Pets,1,740.96,0.193,143.01,standard,4.31,0.0,0.0,602.26,0.12,3,True,False,False
ORD101963,C52924,2024-06-30 10:33:30,2024-07-06 10:33:30,web,mobile,Edge,US,TX,card,Loyalty,Apparel,2,161.46,0.119,19.21,standard,9.09,0.0923,13.13,164.47,0.88,6,False,True,True
ORD101964,C29832,2024-03-05 06:45:02,2024-03-12 06:45:02,web,desktop,Safari,US,CA,apple_pay,NewArrivals,Home,2,575.42,0.161,92.64,standard,3.74,0.0931,44.95,531.47,1.94,7,False,True,True
ORD101965,C48039,2025-01-28 03:09:05,2025-01-30 03:09:05,android_app,mobile,Opera,US,ID,card,BackToSchool,Sports,1,35.2,0.183,6.44,two_day,17.88,0.0454,1.31,47.95,0.1,2,True,True,False
ORD101966,C15227,2024-05-21 04:20:27,2024-05-27 04:20:27,marketplace,desktop,Safari,US,KY,klarna,Clearance,Toys,1,107.94,0.205,22.13,standard,8.04,0.0832,7.14,100.99,2.17,6,False,True,True
ORD101967,C67527,2024-10-27 08:31:21,2024-10-28 08:31:21,marketplace,desktop,Firefox,US,MT,klarna,Clearance,Beauty,1,127.84,0.168,21.48,overnight,15.4,0.0,0.0,121.76,0.17,1,True,True,False
ORD101968,C31955,2025-05-13 08:03:02,2025-05-19 08:03:02,marketplace,tablet,Opera,US,AZ,klarna,Loyalty,Home,2,862.01,0.146,125.85,standard,6.03,0.0517,38.06,780.25,0.52,6,False,True,False
ORD101969,C90111,2024-11-13 11:13:15,2024-11-16 11:13:15,ios_app,tablet,Safari,US,NE,apple_pay,Loyalty,Sports,3,1826.83,0.134,244.8,standard,4.23,0.0845,133.68,1719.94,2.96,3,True,False,False
ORD101970,C32187,2024-03-23 15:59:30,2024-03-29 15:59:30,web,desktop,Edge,US,FL,paypal,BackToSchool,Beauty,2,477.26,0.04,19.09,standard,5.42,0.0803,36.79,500.38,0.18,6,False,True,False
ORD101971,C93749,2024-10-14 17:59:09,2024-10-15 17:59:09,web,desktop,Firefox,US,CO,apple_pay,Holiday,Apparel,1,37.78,0.028,1.06,overnight,38.27,0.0737,2.71,77.7,2.25,1,True,True,False
ORD101972,C27974,2024-09-05 12:03:45,2024-09-12 12:03:45,ios_app,mobile,Opera,US,NV,google_pay,None,Toys,2,372.16,0.102,37.96,standard,4.27,0.0734,24.53,363.0,1.61,7,False,True,False
ORD101973,C31940,2024-10-22 17:18:15,2024-10-27 17:18:15,mobile_web,mobile,Chrome,UK,PA,paypal,Holiday,Pets,2,353.01,0.175,61.78,standard,7.95,0.0,0.0,299.18,0.47,5,True,True,False
ORD101974,C76068,2025-06-15 06:30:28,2025-06-18 06:30:28,mobile_web,mobile,Firefox,US,PA,google_pay,None,Grocery,5,771.63,0.143,110.34,standard,6.42,0.0486,32.14,699.85,0.93,3,True,True,False
ORD101975,C19711,2024-06-13 06:28:52,2024-06-14 06:28:52,web,tablet,Opera,US,CA,klarna,NewArrivals,Toys,3,235.82,0.204,48.11,overnight,29.43,0.0931,17.48,234.62,0.17,1,True,True,False
ORD101976,C41345,2024-09-05 13:29:53,2024-09-10 13:29:53,android_app,mobile,Safari,US,FL,klarna,Holiday,Home,2,190.61,0.163,31.07,standard,9.14,0.0803,12.81,181.49,0.87,5,True,True,False
ORD101977,C52109,2025-04-22 22:59:13,2025-04-27 22:59:13,android_app,desktop,Edge,US,MI,google_pay,NewArrivals,Automotive,3,381.09,0.219,83.46,standard,6.61,0.0789,23.48,327.72,0.11,5,True,True,True
ORD101978,C73709,2024-09-12 19:00:05,2024-09-16 19:00:05,web,desktop,Opera,US,AR,apple_pay,None,Automotive,1,18.59,0.094,1.75,standard,5.99,0.0494,0.83,23.66,0.45,4,True,True,False
ORD101979,C25118,2024-01-20 14:05:22,2024-01-22 14:05:22,android_app,desktop,Edge,AU,WV,paypal,NewArrivals,Electronics,2,1244.58,0.142,176.73,two_day,15.53,0.0,0.0,1083.38,0.3,2,True,True,False
ORD101980,C11066,2025-02-14 22:31:39,2025-02-18 22:31:39,ios_app,mobile,Safari,US,NV,paypal,Holiday,Grocery,2,250.52,0.1,25.05,standard,5.0,0.0734,16.55,247.02,1.14,4,True,True,False
ORD101981,C43775,2024-06-11 06:59:44,2024-06-15 06:59:44,mobile_web,desktop,Edge,CA,TN,paypal,Holiday,Beauty,1,64.44,0.0,0.0,standard,6.92,0.0,0.0,71.36,0.1,4,True,True,False
ORD101982,C73291,2024-01-20 05:40:17,2024-01-22 05:40:17,android_app,tablet,Firefox,US,FL,card,None,Electronics,5,1481.91,0.177,262.3,two_day,18.18,0.0803,97.93,1335.72,1.51,2,True,True,False
ORD101983,C19854,2024-03-25 21:39:43,2024-03-27 21:39:43,ios_app,mobile,Edge,FR,NY,klarna,SpringSale,Beauty,2,1874.46,0.21,393.64,two_day,8.38,0.0,0.0,1489.2,0.1,2,True,True,False
ORD101984,C53579,2024-11-14 13:55:32,2024-11-16 13:55:32,web,desktop,Chrome,US,AL,klarna,SpringSale,Apparel,1,47.83,0.256,12.24,two_day,14.59,0.0928,3.3,53.48,0.96,2,True,True,True
ORD101985,C88228,2024-04-25 07:56:26,2024-04-30 07:56:26,android_app,desktop,Firefox,US,NE,apple_pay,BackToSchool,Automotive,1,27.83,0.119,3.31,standard,8.11,0.0845,2.07,34.7,0.42,5,True,True,False
ORD101986,C99738,2025-05-22 05:43:56,2025-05-24 05:43:56,marketplace,mobile,Edge,US,VA,apple_pay,SpringSale,Beauty,3,1519.87,0.027,41.04,two_day,13.86,0.0933,137.97,1630.66,0.42,2,True,True,False
ORD101987,C96174,2025-03-29 01:18:08,2025-03-31 01:18:08,marketplace,desktop,Safari,US,ND,apple_pay,Holiday,Electronics,1,57.67,0.141,8.13,two_day,15.23,0.0419,2.08,66.85,0.1,2,True,True,False
ORD101988,C57053,2025-06-05 22:33:49,2025-06-07 22:33:49,web,mobile,Edge,US,IA,card,Clearance,Beauty,1,172.2,0.031,5.34,two_day,18.62,0.0426,7.11,192.59,0.1,2,True,True,True
ORD101989,C64139,2024-12-27 10:19:50,2024-12-29 10:19:50,ios_app,desktop,Chrome,US,VT,card,Holiday,Electronics,3,1218.29,0.246,299.7,two_day,11.82,0.09,82.67,1013.08,0.82,2,True,False,False
ORD101990,C67690,2024-04-11 01:35:40,2024-04-16 01:35:40,android_app,desktop,Firefox,US,NC,card,None,Automotive,1,207.57,0.131,27.19,standard,5.94,0.0731,13.19,199.51,0.35,5,True,True,False
ORD101991,C57815,2025-01-18 06:22:48,2025-01-22 06:22:48,marketplace,desktop,Firefox,US,NY,apple_pay,Holiday,Sports,1,70.64,0.081,5.72,standard,8.79,0.0729,4.73,78.44,0.62,4,True,True,True
ORD101992,C49984,2025-02-05 20:35:55,2025-02-07 20:35:55,android_app,tablet,Chrome,AU,GA,klarna,Holiday,Apparel,1,37.99,0.092,3.5,two_day,10.48,0.0,0.0,44.97,0.36,2,True,True,True
ORD101993,C84960,2025-03-07 23:47:58,2025-03-09 23:47:58,marketplace,tablet,Firefox,US,MD,card,SpringSale,Automotive,2,700.03,0.119,83.3,two_day,15.88,0.0638,39.35,671.96,1.07,2,True,True,False
ORD101994,C54445,2024-06-15 06:50:04,2024-06-18 06:50:04,ios_app,desktop,Firefox,US,WY,klarna,Clearance,Home,1,65.61,0.153,10.04,standard,5.78,0.0542,3.01,64.36,0.89,3,True,True,False
ORD101995,C30476,2024-10-29 03:52:24,2024-10-31 03:52:24,marketplace,desktop,Chrome,US,MI,google_pay,Holiday,Apparel,2,188.14,0.165,31.04,two_day,14.18,0.0789,12.4,183.68,0.79,2,True,True,False
ORD101996,C49688,2024-11-10 15:13:25,2024-11-15 15:13:25,web,tablet,Firefox,US,NH,apple_pay,BackToSchool,Electronics,1,96.9,0.217,21.03,standard,9.24,0.0,0.0,85.11,3.53,5,True,True,False
ORD101997,C49613,2025-03-17 14:24:27,2025-03-19 14:24:27,marketplace,mobile,Chrome,CA,AL,klarna,Holiday,Sports,4,1852.69,0.227,420.56,two_day,18.05,0.0,0.0,1450.18,4.3,2,True,True,False
ORD101998,C46134,2024-07-14 20:25:39,2024-07-21 20:25:39,mobile_web,tablet,Chrome,US,KS,paypal,None,Home,2,401.62,0.141,56.63,standard,9.19,0.0922,31.81,385.99,0.58,7,False,True,False
ORD101999,C71099,2025-03-28 10:18:22,2025-03-30 10:18:22,marketplace,mobile,Opera,US,FL,paypal,Loyalty,Apparel,2,289.37,0.098,28.36,two_day,18.56,0.0803,20.96,300.53,0.58,2,True,True,False
ORD102000,C26447,2025-01-24 09:58:13,2025-01-29 09:58:13,mobile_web,mobile,Safari,US,NH,card,None,Books,1,60.72,0.201,12.2,standard,9.17,0.0,0.0,57.69,2.32,5,True,True,True
ORD102001,C23517,2024-02-09 09:08:58,2024-02-11 09:08:58,android_app,mobile,Chrome,US,IN,google_pay,SpringSale,Pets,4,685.99,0.0,0.0,two_day,12.57,0.0567,38.9,737.46,0.6,2,True,True,False
ORD102002,C23129,2024-03-13 03:14:06,2024-03-17 03:14:06,marketplace,desktop,Safari,US,DC,klarna,Holiday,Toys,4,602.49,0.102,61.45,standard,9.7,0.0764,41.34,592.08,1.14,4,True,True,True
ORD102003,C73724,2024-09-28 19:01:19,2024-10-04 19:01:19,web,desktop,Opera,AU,AR,card,Holiday,Automotive,2,248.52,0.118,29.33,standard,9.85,0.0,0.0,229.04,1.73,6,False,True,False
ORD102004,C49055,2025-06-26 20:02:06,2025-06-30 20:02:06,android_app,desktop,Chrome,US,WY,card,Holiday,Home,1,18.99,0.195,3.7,standard,8.61,0.0542,0.83,24.73,0.41,4,True,True,False
ORD102005,C52600,2024-04-24 11:46:33,2024-04-28 11:46:33,marketplace,mobile,Edge,US,MS,paypal,BackToSchool,Pets,1,572.74,0.177,101.37,standard,4.25,0.0436,20.55,496.17,0.1,4,True,True,True
ORD102006,C53820,2024-09-10 17:00:40,2024-09-17 17:00:40,ios_app,desktop,Safari,US,LA,apple_pay,Clearance,Toys,1,87.52,0.106,9.28,standard,7.94,0.096,7.51,93.69,0.1,7,False,True,True
ORD102007,C26745,2024-10-12 16:44:19,2024-10-18 16:44:19,web,desktop,Opera,US,PA,klarna,Clearance,Home,2,90.28,0.153,13.81,standard,4.31,0.0486,3.72,84.5,1.49,6,False,True,False
ORD102008,C99438,2024-01-26 19:06:03,2024-01-27 19:06:03,ios_app,mobile,Edge,US,DE,klarna,SpringSale,Pets,2,841.75,0.054,45.45,overnight,21.21,0.0,0.0,817.51,1.66,1,True,True,False
ORD102009,C53584,2024-11-14 15:43:30,2024-11-18 15:43:30,android_app,tablet,Chrome,US,SC,google_pay,NewArrivals,Electronics,2,97.28,0.139,13.52,standard,3.24,0.0561,4.7,91.7,0.1,4,True,True,False
ORD102010,C86150,2024-02-18 07:38:17,2024-02-22 07:38:17,ios_app,tablet,Edge,US,ME,apple_pay,None,Sports,2,111.51,0.206,22.97,standard,9.24,0.0642,5.68,103.46,0.62,4,True,True,False
ORD102011,C54296,2024-10-02 10:31:20,2024-10-08 10:31:20,mobile_web,mobile,Safari,US,IA,card,Loyalty,Toys,2,466.57,0.129,60.19,standard,7.13,0.0426,17.31,430.82,1.07,6,False,True,False
ORD102012,C51822,2024-04-16 19:21:15,2024-04-22 19:21:15,mobile_web,tablet,Firefox,US,ME,paypal,SpringSale,Pets,2,112.94,0.0,0.0,standard,7.47,0.0642,7.25,127.66,0.66,6,False,True,False
ORD102013,C58403,2025-04-12 18:44:12,2025-04-14 18:44:12,marketplace,desktop,Chrome,US,MA,paypal,None,Pets,1,40.53,0.083,3.36,two_day,14.51,0.05,1.86,53.54,1.26,2,True,True,False
ORD102014,C70967,2024-09-09 13:22:36,2024-09-13 13:22:36,marketplace,desktop,Opera,US,CO,paypal,BackToSchool,Grocery,2,253.58,0.185,46.91,standard,6.41,0.0737,15.23,228.31,0.12,4,True,True,False
ORD102015,C11817,2025-02-03 23:54:01,2025-02-09 23:54:01,android_app,mobile,Edge,CA,AL,card,Holiday,Toys,1,242.99,0.049,11.91,standard,5.21,0.0,0.0,236.29,0.34,6,False,True,False
ORD102016,C95331,2024-10-19 14:27:14,2024-10-22 14:27:14,marketplace,tablet,Edge,US,IA,card,Clearance,Automotive,2,271.34,0.136,36.9,standard,7.41,0.0426,9.99,251.84,0.1,3,True,True,False
ORD102017,C74026,2024-01-03 05:39:34,2024-01-07 05:39:34,marketplace,desktop,Edge,US,KS,apple_pay,Loyalty,Apparel,1,73.68,0.108,7.96,standard,6.87,0.0922,6.06,78.65,0.64,4,True,True,False
ORD102018,C69882,2024-03-24 23:35:38,2024-03-29 23:35:38,web,tablet,Firefox,US,ID,klarna,NewArrivals,Books,1,11.51,0.278,3.2,standard,8.1,0.0454,0.38,16.79,0.2,5,True,True,False
ORD102019,C66161,2025-06-05 21:33:13,2025-06-09 21:33:13,web,tablet,Firefox,US,LA,paypal,Holiday,Apparel,1,74.66,0.17,12.69,standard,3.15,0.096,5.95,71.07,0.21,4,True,True,False
ORD102020,C45822,2024-11-06 00:53:20,2024-11-08 00:53:20,marketplace,tablet,Safari,US,OR,apple_pay,Loyalty,Automotive,2,740.35,0.027,19.99,two_day,17.39,0.0,0.0,737.75,0.1,2,True,True,False
ORD102021,C38689,2024-06-22 09:03:10,2024-06-28 09:03:10,ios_app,mobile,Edge,AU,NM,google_pay,NewArrivals,Grocery,1,214.19,0.162,34.7,standard,7.08,0.0,0.0,186.57,1.38,6,False,True,False
ORD102022,C88586,2025-06-22 19:16:41,2025-06-27 19:16:41,web,desktop,Chrome,US,VT,klarna,Holiday,Automotive,3,820.44,0.238,195.26,standard,8.9,0.09,56.27,690.35,0.9,5,True,False,False
ORD102023,C79078,2024-08-05 02:16:05,2024-08-10 02:16:05,ios_app,tablet,Chrome,US,WV,google_pay,Loyalty,Sports,1,77.32,0.099,7.65,standard,6.18,0.0568,3.96,79.81,0.16,5,True,True,False
ORD102024,C39323,2024-12-15 05:10:05,2024-12-21 05:10:05,marketplace,tablet,Firefox,US,MO,card,Holiday,Automotive,1,71.74,0.144,10.33,standard,3.74,0.0689,4.23,69.38,0.1,6,False,True,True
ORD102025,C56429,2024-01-22 10:28:52,2024-01-27 10:28:52,ios_app,desktop,Opera,AU,IL,google_pay,Holiday,Pets,2,313.49,0.178,55.8,standard,9.51,0.0,0.0,267.2,0.1,5,True,True,False
ORD102026,C42983,2024-10-10 22:42:18,2024-10-17 22:42:18,ios_app,desktop,Opera,US,IN,klarna,BackToSchool,Books,1,177.4,0.125,22.18,standard,5.91,0.0567,8.8,169.93,0.83,7,False,False,False
ORD102027,C18066,2025-02-19 13:41:09,2025-02-21 13:41:09,android_app,mobile,Firefox,FR,ME,klarna,Holiday,Toys,1,13.58,0.052,0.71,two_day,18.73,0.0,0.0,31.6,0.57,2,True,True,False
ORD102028,C38025,2025-04-10 00:16:38,2025-04-12 00:16:38,mobile_web,mobile,Edge,US,DE,paypal,SpringSale,Apparel,1,503.86,0.092,46.36,two_day,11.24,0.0,0.0,468.74,0.23,2,True,False,True
ORD102029,C26603,2024-08-12 06:16:45,2024-08-19 06:16:45,web,mobile,Safari,US,NE,card,Holiday,Pets,1,33.85,0.066,2.23,standard,9.41,0.0845,2.67,43.7,0.36,7,False,True,False
ORD102030,C83086,2025-04-14 10:07:24,2025-04-16 10:07:24,mobile_web,tablet,Edge,US,ME,paypal,BackToSchool,Sports,1,47.66,0.086,4.1,two_day,17.07,0.0642,2.8,63.43,0.53,2,True,False,False
ORD102031,C59656,2024-04-13 15:58:01,2024-04-15 15:58:01,android_app,desktop,Chrome,US,ND,klarna,NewArrivals,Books,1,62.43,0.126,7.87,two_day,10.78,0.0419,2.29,67.63,0.51,2,True,True,False
ORD102032,C88001,2025-03-10 03:31:53,2025-03-14 03:31:53,android_app,tablet,Edge,US,NM,klarna,NewArrivals,Beauty,2,1403.72,0.137,192.31,standard,3.77,0.0931,112.78,1327.96,0.23,4,True,True,False
ORD102033,C55615,2024-12-18 11:30:27,2024-12-23 11:30:27,ios_app,desktop,Edge,US,MO,google_pay,Clearance,Books,1,344.88,0.055,18.97,standard,7.87,0.0689,22.46,356.24,0.35,5,True,True,False
ORD102034,C61592,2024-07-31 13:26:31,2024-08-06 13:26:31,android_app,tablet,Opera,US,AR,paypal,SpringSale,Grocery,2,116.9,0.136,15.9,standard,5.34,0.0494,4.99,111.33,1.05,6,False,True,False
ORD102035,C16164,2024-04-24 00:26:35,2024-05-01 00:26:35,mobile_web,tablet,Chrome,AU,CO,klarna,Holiday,Toys,5,219.95,0.195,42.89,standard,7.29,0.0,0.0,184.35,0.1,7,False,True,False
ORD102036,C12828,2025-03-24 10:55:34,2025-03-26 10:55:34,android_app,desktop,Edge,US,RI,google_pay,NewArrivals,Books,2,66.24,0.0,0.0,two_day,14.39,0.0467,3.09,83.72,1.26,2,True,True,False
ORD102037,C33744,2024-06-04 13:40:11,2024-06-11 13:40:11,web,tablet,Safari,US,IN,card,Clearance,Electronics,2,691.98,0.123,85.11,standard,7.67,0.0567,34.41,648.95,0.16,7,False,True,False
ORD102038,C88802,2024-07-09 07:50:11,2024-07-15 07:50:11,android_app,desktop,Chrome,US,CO,google_pay,NewArrivals,Books,3,254.39,0.128,32.56,standard,7.1,0.0737,16.35,245.28,0.63,6,False,True,False
ORD102039,C98605,2024-06-27 20:05:49,2024-07-02 20:05:49,ios_app,mobile,Opera,US,VA,apple_pay,None,Apparel,1,332.58,0.144,47.89,standard,9.78,0.0933,26.56,321.03,0.14,5,True,True,False
ORD102040,C41705,2024-10-06 04:24:35,2024-10-09 04:24:35,android_app,mobile,Firefox,US,GA,apple_pay,Holiday,Pets,4,387.83,0.226,87.65,standard,6.67,0.0876,26.3,333.15,3.03,3,True,True,False
ORD102041,C64502,2024-10-25 03:05:44,2024-10-30 03:05:44,mobile_web,desktop,Safari,FR,IA,card,Holiday,Grocery,1,94.84,0.118,11.19,standard,6.27,0.0,0.0,89.92,0.98,5,True,True,False
ORD102042,C85966,2024-03-08 09:36:40,2024-03-14 09:36:40,android_app,tablet,Chrome,US,SD,card,Holiday,Grocery,3,302.46,0.197,59.58,standard,6.94,0.0672,16.32,266.14,2.7,6,False,True,False
ORD102043,C41770,2025-04-12 14:49:59,2025-04-17 14:49:59,marketplace,mobile,Chrome,US,GA,klarna,None,Pets,2,332.06,0.211,70.06,standard,5.27,0.0876,22.95,290.22,2.08,5,True,True,False
ORD102044,C45656,2024-11-01 21:41:50,2024-11-05 21:41:50,marketplace,tablet,Chrome,CA,FL,google_pay,Holiday,Beauty,1,349.82,0.063,22.04,standard,7.99,0.0,0.0,335.77,0.85,4,True,False,False
ORD102045,C99008,2024-02-04 04:22:47,2024-02-08 04:22:47,ios_app,desktop,Chrome,CA,CT,klarna,Loyalty,Beauty,1,148.74,0.0,0.0,standard,5.63,0.0,0.0,154.37,0.17,4,True,True,False
ORD102046,C91710,2025-05-09 15:47:55,2025-05-11 15:47:55,android_app,tablet,Safari,US,VA,card,Holiday,Electronics,4,1057.64,0.149,157.59,two_day,18.41,0.0933,83.97,1002.43,0.51,2,True,True,False
ORD102047,C18274,2025-06-12 20:30:29,2025-06-17 20:30:29,web,desktop,Safari,DE,WA,apple_pay,BackToSchool,Toys,2,257.14,0.228,58.63,standard,9.54,0.0,0.0,208.05,0.74,5,True,True,True
ORD102048,C81354,2024-04-25 23:42:40,2024-05-01 23:42:40,web,mobile,Opera,US,IL,paypal,SpringSale,Books,2,103.56,0.164,16.98,standard,8.9,0.0486,4.21,99.69,1.4,6,False,True,False
ORD102049,C20714,2024-06-19 12:43:10,2024-06-21 12:43:10,marketplace,desktop,Chrome,DE,NV,apple_pay,SpringSale,Sports,2,59.92,0.166,9.95,two_day,13.98,0.0,0.0,63.95,1.0,2,True,True,False
ORD102050,C93951,2024-11-10 09:46:23,2024-11-13 09:46:23,marketplace,mobile,Chrome,US,NM,apple_pay,Clearance,Electronics,2,830.45,0.195,161.94,standard,8.57,0.0931,62.24,739.32,2.29,3,True,True,False
ORD102051,C88840,2025-03-21 13:08:34,2025-03-23 13:08:34,android_app,mobile,Firefox,US,CT,google_pay,BackToSchool,Pets,2,160.29,0.138,22.12,two_day,13.24,0.0683,9.44,160.85,1.01,2,True,True,False
ORD102052,C89768,2024-07-24 18:27:44,2024-07-30 18:27:44,ios_app,tablet,Edge,US,VT,paypal,BackToSchool,Pets,2,444.57,0.039,17.34,standard,3.56,0.09,38.45,469.24,2.88,6,False,True,False
ORD102053,C96666,2024-02-15 08:46:51,2024-02-17 08:46:51,marketplace,mobile,Safari,US,NC,klarna,SpringSale,Pets,1,512.8,0.066,33.84,two_day,8.86,0.0731,35.01,522.83,0.1,2,True,True,False
ORD102054,C64115,2024-09-28 22:47:27,2024-10-02 22:47:27,mobile_web,desktop,Edge,US,MD,card,None,Home,1,59.47,0.106,6.3,standard,3.59,0.0638,3.39,60.15,0.22,4,True,True,False
ORD102055,C11394,2024-07-08 11:14:12,2024-07-11 11:14:12,android_app,desktop,Firefox,US,ND,google_pay,SpringSale,Electronics,2,418.7,0.093,38.94,standard,8.92,0.0419,15.91,404.59,0.1,3,True,True,True
ORD102056,C41901,2024-01-03 04:00:57,2024-01-07 04:00:57,marketplace,desktop,Firefox,US,IA,card,Clearance,Pets,5,425.4,0.121,51.47,standard,7.87,0.0426,15.93,397.73,0.44,4,True,True,False
ORD102057,C28221,2024-10-27 22:00:26,2024-10-30 22:00:26,web,tablet,Edge,US,MI,apple_pay,Holiday,Apparel,1,69.54,0.2,13.91,standard,3.26,0.0789,4.39,63.28,1.25,3,True,True,True
ORD102058,C19109,2024-04-26 17:56:20,2024-04-28 17:56:20,web,desktop,Firefox,US,NM,card,Holiday,Pets,1,62.22,0.121,7.53,two_day,8.55,0.0931,5.09,68.33,0.26,2,True,True,True
ORD102059,C72419,2025-03-13 10:07:22,2025-03-16 10:07:22,android_app,mobile,Chrome,US,GA,google_pay,SpringSale,Toys,1,23.48,0.053,1.24,standard,9.34,0.0876,1.95,33.53,0.56,3,True,False,True
ORD102060,C43468,2024-08-23 13:39:24,2024-08-28 13:39:24,android_app,tablet,Opera,US,RI,klarna,SpringSale,Apparel,1,18.28,0.154,2.82,standard,9.45,0.0467,0.72,25.63,1.08,5,True,True,True
ORD102061,C49483,2025-05-07 09:28:20,2025-05-11 09:28:20,ios_app,tablet,Firefox,US,AR,paypal,SpringSale,Toys,2,964.41,0.164,158.16,standard,7.49,0.0494,39.83,853.57,1.5,4,True,True,False
ORD102062,C65421,2024-11-18 02:23:04,2024-11-20 02:23:04,web,mobile,Safari,US,ID,klarna,Clearance,Toys,2,35.9,0.175,6.28,two_day,12.26,0.0454,1.34,43.22,0.26,2,True,True,False
ORD102063,C73276,2024-01-07 22:32:11,2024-01-12 22:32:11,android_app,desktop,Edge,US,WV,card,None,Toys,3,329.2,0.148,48.72,standard,8.63,0.0568,15.93,305.04,0.61,5,True,True,False
ORD102064,C39461,2025-02-07 16:02:56,2025-02-12 16:02:56,android_app,tablet,Firefox,US,MO,card,None,Sports,5,3505.48,0.125,438.18,standard,8.91,0.0689,211.34,3287.55,0.87,5,True,True,False
ORD102065,C89771,2025-06-04 11:26:55,2025-06-08 11:26:55,ios_app,desktop,Firefox,CA,KS,card,Clearance,Toys,2,162.01,0.102,16.53,standard,4.84,0.0,0.0,150.32,0.46,4,True,True,False
ORD102066,C20087,2024-05-18 07:30:35,2024-05-23 07:30:35,marketplace,desktop,Firefox,US,NY,apple_pay,Loyalty,Apparel,3,946.39,0.187,176.97,standard,3.51,0.0729,56.09,829.02,0.2,5,True,True,False
ORD102067,C43223,2024-10-07 03:26:04,2024-10-08 03:26:04,web,tablet,Firefox,US,OR,paypal,Clearance,Apparel,2,610.47,0.197,120.26,overnight,30.77,0.0,0.0,520.98,0.65,1,True,True,False
ORD102068,C22587,2024-08-12 23:17:23,2024-08-17 23:17:23,ios_app,desktop,Chrome,US,ND,google_pay,BackToSchool,Apparel,2,238.18,0.216,51.45,standard,9.92,0.0419,7.82,204.47,0.1,5,True,True,False
ORD102069,C62635,2024-06-06 14:13:47,2024-06-08 14:13:47,android_app,desktop,Opera,US,NJ,card,NewArrivals,Apparel,2,87.67,0.144,12.62,two_day,15.88,0.0411,3.08,94.01,0.82,2,True,True,False
ORD102070,C33788,2025-02-12 08:53:29,2025-02-17 08:53:29,mobile_web,mobile,Chrome,US,TN,paypal,None,Sports,4,1424.82,0.257,366.18,standard,5.77,0.0864,91.47,1155.88,1.23,5,True,True,False
ORD102071,C96965,2024-01-15 05:56:01,2024-01-17 05:56:01,ios_app,tablet,Safari,US,MD,apple_pay,BackToSchool,Books,1,1129.26,0.062,70.01,two_day,9.61,0.0638,67.58,1136.44,0.11,2,True,True,False
ORD102072,C68339,2025-06-12 03:39:49,2025-06-14 03:39:49,mobile_web,desktop,Edge,US,TX,apple_pay,Clearance,Home,1,13.08,0.093,1.22,two_day,13.01,0.0923,1.09,25.96,0.91,2,True,True,False
ORD102073,C74248,2024-08-08 15:12:57,2024-08-10 15:12:57,marketplace,desktop,Firefox,US,NH,apple_pay,Loyalty,Toys,1,31.25,0.173,5.41,two_day,10.19,0.0,0.0,36.03,0.12,2,True,True,False
ORD102074,C34130,2024-06-02 00:19:34,2024-06-06 00:19:34,web,mobile,Firefox,US,TX,card,None,Electronics,1,247.31,0.18,44.52,standard,9.7,0.0923,18.72,231.21,2.26,4,True,True,False
ORD102075,C46207,2024-11-07 00:12:22,2024-11-09 00:12:22,marketplace,desktop,Opera,US,WI,google_pay,Holiday,Beauty,3,224.19,0.08,17.94,two_day,14.33,0.056,11.55,232.13,1.33,2,True,True,False
ORD102076,C22629,2024-09-17 08:58:03,2024-09-19 08:58:03,marketplace,desktop,Firefox,US,MO,card,Loyalty,Home,3,137.39,0.163,22.39,two_day,18.67,0.0689,7.92,141.59,0.1,2,True,True,False
ORD102077,C49664,2025-02-27 03:34:36,2025-03-04 03:34:36,ios_app,tablet,Safari,US,NM,klarna,Loyalty,Electronics,2,677.59,0.24,162.62,standard,9.27,0.0931,47.94,572.18,1.58,5,True,True,False
ORD102078,C57188,2025-05-06 05:27:50,2025-05-12 05:27:50,web,desktop,Edge,US,OH,google_pay,None,Grocery,2,192.1,0.077,14.79,standard,3.68,0.0432,7.66,188.65,1.15,6,False,True,True
ORD102079,C41733,2025-06-07 09:31:06,2025-06-09 09:31:06,ios_app,tablet,Chrome,FR,VT,google_pay,None,Home,1,415.98,0.062,25.79,two_day,14.39,0.0,0.0,404.58,0.26,2,True,True,False
ORD102080,C73249,2024-04-30 12:31:43,2024-05-05 12:31:43,mobile_web,tablet,Edge,US,CA,klarna,Holiday,Beauty,1,45.65,0.301,13.74,standard,8.76,0.0931,2.97,43.64,0.11,5,True,True,True
ORD102081,C24199,2024-04-17 15:19:20,2024-04-22 15:19:20,web,tablet,Firefox,US,NH,paypal,SpringSale,Beauty,4,4273.88,0.063,269.25,standard,9.75,0.0,0.0,4014.38,0.25,5,True,True,False
ORD102082,C79278,2024-10-21 12:26:34,2024-10-27 12:26:34,mobile_web,desktop,Safari,US,MN,card,Clearance,Toys,3,118.24,0.0,0.0,standard,6.18,0.0477,5.64,130.06,0.55,6,False,True,True
ORD102083,C98579,2024-08-31 21:01:26,2024-09-05 21:01:26,android_app,mobile,Safari,CA,AZ,paypal,SpringSale,Apparel,1,298.76,0.129,38.54,standard,8.52,0.0,0.0,268.74,0.65,5,True,True,False
ORD102084,C62325,2024-03-07 21:58:44,2024-03-09 21:58:44,marketplace,desktop,Opera,CA,AR,paypal,NewArrivals,Grocery,1,209.45,0.102,21.36,two_day,14.2,0.0,0.0,202.29,0.32,2,True,True,False
ORD102085,C17742,2024-04-28 13:22:36,2024-05-05 13:22:36,marketplace,tablet,Chrome,US,ID,google_pay,SpringSale,Electronics,1,261.78,0.187,48.95,standard,4.14,0.0454,9.66,226.63,0.57,7,False,True,False
ORD102086,C15357,2024-04-08 10:44:24,2024-04-12 10:44:24,android_app,desktop,Firefox,US,NY,card,None,Pets,1,836.52,0.233,194.91,standard,7.19,0.0729,46.77,695.57,0.1,4,True,True,False
ORD102087,C46669,2024-12-23 15:46:06,2024-12-25 15:46:06,marketplace,tablet,Opera,US,VA,google_pay,BackToSchool,Sports,1,750.81,0.07,52.56,two_day,14.54,0.0933,65.15,777.94,0.12,2,True,True,False
ORD102088,C62217,2024-09-26 23:00:30,2024-09-28 23:00:30,marketplace,mobile,Chrome,US,IA,card,SpringSale,Grocery,3,397.46,0.147,58.43,two_day,8.69,0.0426,14.44,362.16,0.41,2,True,True,False
ORD102089,C83866,2025-03-24 14:49:48,2025-03-26 14:49:48,mobile_web,desktop,Safari,US,LA,paypal,Loyalty,Home,1,73.37,0.094,6.9,two_day,11.12,0.096,6.38,83.97,0.62,2,True,True,True
ORD102090,C61164,2025-01-24 03:14:55,2025-01-30 03:14:55,marketplace,tablet,Edge,US,GA,apple_pay,Loyalty,Toys,2,1282.35,0.054,69.25,standard,7.37,0.0876,106.27,1326.74,0.33,6,False,False,False
ORD102091,C33357,2024-07-09 12:56:07,2024-07-14 12:56:07,web,tablet,Chrome,US,CO,google_pay,SpringSale,Home,2,425.97,0.082,34.93,standard,7.47,0.0737,28.82,427.33,0.32,5,True,True,False
ORD102092,C24699,2024-07-08 10:27:09,2024-07-11 10:27:09,android_app,mobile,Safari,US,NJ,klarna,Clearance,Beauty,2,171.36,0.09,15.42,standard,4.19,0.0411,6.41,166.54,2.55,3,True,True,False
ORD102093,C30625,2024-10-22 07:32:18,2024-10-24 07:32:18,ios_app,tablet,Edge,US,TX,klarna,Clearance,Automotive,1,75.07,0.096,7.21,two_day,9.75,0.0923,6.26,83.87,0.21,2,True,False,False
ORD102094,C52845,2024-05-16 10:44:48,2024-05-21 10:44:48,android_app,desktop,Chrome,US,KS,google_pay,Holiday,Home,2,329.71,0.153,50.45,standard,9.91,0.0922,25.75,314.92,0.29,5,True,True,False
ORD102095,C12829,2025-04-10 08:04:00,2025-04-14 08:04:00,marketplace,desktop,Safari,US,WV,paypal,Holiday,Pets,3,1691.24,0.152,257.07,standard,5.4,0.0568,81.46,1521.03,0.18,4,True,False,False
ORD102096,C89987,2025-03-14 10:03:19,2025-03-18 10:03:19,ios_app,tablet,Edge,US,GA,google_pay,BackToSchool,Home,1,460.08,0.15,69.01,standard,4.18,0.0876,34.26,429.51,0.46,4,True,True,False
ORD102097,C43501,2024-04-03 03:49:58,2024-04-05 03:49:58,android_app,mobile,Firefox,US,DE,klarna,NewArrivals,Books,2,275.25,0.11,30.28,two_day,11.63,0.0,0.0,256.6,0.1,2,True,True,False
ORD102098,C99633,2024-10-09 23:36:23,2024-10-11 23:36:23,android_app,mobile,Opera,US,GA,google_pay,Holiday,Toys,3,2085.58,0.145,302.41,two_day,10.52,0.0876,156.21,1949.9,0.12,2,True,True,False
ORD102099,C75491,2024-04-25 01:15:05,2024-04-27 01:15:05,ios_app,desktop,Safari,US,WY,klarna,BackToSchool,Books,1,137.4,0.038,5.22,two_day,8.01,0.0542,7.16,147.35,0.95,2,True,True,False
ORD102100,C87163,2025-03-26 17:25:09,2025-03-30 17:25:09,mobile_web,tablet,Safari,US,MD,google_pay,Holiday,Grocery,2,1859.43,0.264,490.89,standard,4.14,0.0638,87.31,1459.99,0.1,4,True,True,False
ORD102101,C35350,2024-03-08 13:47:24,2024-03-10 13:47:24,ios_app,tablet,Chrome,US,IN,google_pay,Loyalty,Electronics,1,110.28,0.173,19.08,two_day,8.35,0.0567,5.17,104.72,2.35,2,True,True,False
ORD102102,C84257,2024-01-01 21:57:58,2024-01-03 21:57:58,web,tablet,Edge,US,NV,klarna,SpringSale,Pets,1,16.86,0.075,1.26,two_day,18.83,0.0734,1.15,35.58,0.1,2,True,True,False
ORD102103,C70995,2024-04-08 06:57:06,2024-04-12 06:57:06,mobile_web,mobile,Firefox,AU,LA,google_pay,SpringSale,Books,1,1960.4,0.097,190.16,standard,3.79,0.0,0.0,1774.03,0.38,4,True,True,False
ORD102104,C65668,2025-01-13 09:47:27,2025-01-19 09:47:27,marketplace,mobile,Opera,US,AR,card,None,Sports,3,554.54,0.175,97.04,standard,5.04,0.0494,22.6,485.14,0.16,6,False,True,False
ORD102105,C96772,2025-06-21 06:41:19,2025-06-25 06:41:19,android_app,tablet,Opera,US,DC,klarna,SpringSale,Automotive,1,30.45,0.06,1.83,standard,9.9,0.0764,2.19,40.71,0.1,4,True,True,False
ORD102106,C75136,2024-05-14 21:17:41,2024-05-17 21:17:41,web,mobile,Opera,US,DE,card,Loyalty,Sports,2,131.39,0.274,36.0,standard,7.55,0.0,0.0,102.94,2.14,3,True,True,False
ORD102107,C87080,2025-03-23 01:14:45,2025-03-26 01:14:45,mobile_web,tablet,Chrome,US,NC,apple_pay,SpringSale,Apparel,5,909.34,0.111,100.94,standard,6.13,0.0731,59.09,873.62,0.29,3,True,True,True
ORD102108,C69367,2024-08-30 23:25:46,2024-09-06 23:25:46,marketplace,tablet,Opera,US,CT,google_pay,SpringSale,Toys,2,1987.89,0.133,264.39,standard,6.33,0.0683,117.72,1847.55,1.94,7,False,True,False
ORD102109,C88855,2025-04-10 14:46:39,2025-04-12 14:46:39,android_app,mobile,Firefox,US,HI,klarna,SpringSale,Home,2,295.73,0.23,68.02,two_day,17.53,0.0776,17.67,262.91,0.2,2,True,True,True
ORD102110,C68853,2024-12-08 12:35:29,2024-12-10 12:35:29,web,mobile,Edge,US,HI,paypal,BackToSchool,Sports,1,59.12,0.247,14.6,two_day,14.98,0.0776,3.45,62.95,0.23,2,True,True,True
ORD102111,C78587,2024-07-31 06:41:30,2024-08-02 06:41:30,marketplace,mobile,Chrome,US,ND,apple_pay,None,Electronics,3,2714.15,0.177,480.4,two_day,12.96,0.0419,93.59,2340.3,0.1,2,True,True,False
ORD102112,C72187,2025-05-20 06:49:28,2025-05-24 06:49:28,mobile_web,mobile,Firefox,US,KY,paypal,Loyalty,Sports,2,576.15,0.086,49.55,standard,8.87,0.0832,43.81,579.28,0.72,4,True,True,False
ORD102113,C47705,2025-05-19 11:33:45,2025-05-21 11:33:45,web,tablet,Firefox,US,ND,google_pay,None,Sports,2,662.05,0.132,87.39,two_day,12.26,0.0419,24.08,611.0,1.67,2,True,True,False
ORD102114,C12626,2025-06-10 07:15:14,2025-06-15 07:15:14,ios_app,desktop,Safari,US,NV,google_pay,None,Grocery,2,219.24,0.232,50.86,standard,6.68,0.0734,12.36,187.42,1.89,5,True,True,False
ORD102115,C35342,2024-05-07 14:04:45,2024-05-13 14:04:45,android_app,desktop,Opera,US,PA,card,Clearance,Books,2,177.78,0.134,23.82,standard,6.67,0.0486,7.48,168.11,0.93,6,False,True,False
ORD102116,C47928,2024-04-14 15:42:45,2024-04-20 15:42:45,web,mobile,Opera,US,WV,klarna,NewArrivals,Automotive,2,278.18,0.051,14.19,standard,9.64,0.0568,14.99,288.62,0.53,6,False,True,False
ORD102117,C68721,2025-01-16 19:05:29,2025-01-21 19:05:29,marketplace,tablet,Opera,US,MS,paypal,BackToSchool,Grocery,1,52.8,0.167,8.82,standard,5.14,0.0436,1.92,51.04,2.79,5,True,True,True
ORD102118,C77948,2024-07-18 00:39:01,2024-07-22 00:39:01,android_app,mobile,Firefox,US,ND,klarna,None,Electronics,1,18.42,0.119,2.19,standard,3.72,0.0419,0.68,20.63,0.46,4,True,True,False
ORD102119,C11456,2025-03-20 21:19:58,2025-03-22 21:19:58,marketplace,mobile,Chrome,US,KS,paypal,Holiday,Sports,1,40.83,0.116,4.74,two_day,18.56,0.0922,3.33,57.98,0.25,2,True,True,False
ORD102120,C30143,2025-05-14 16:40:54,2025-05-19 16:40:54,android_app,tablet,Firefox,US,DE,klarna,Holiday,Toys,4,380.3,0.0,0.0,standard,7.86,0.0,0.0,388.16,0.37,5,True,True,False
ORD102121,C36042,2025-04-19 07:28:36,2025-04-25 07:28:36,mobile_web,mobile,Chrome,US,AL,paypal,Holiday,Beauty,5,1176.7,0.079,92.96,standard,6.97,0.0928,100.57,1191.28,0.1,6,False,True,False
ORD102122,C93583,2024-08-01 15:42:49,2024-08-07 15:42:49,ios_app,tablet,Opera,US,DE,paypal,BackToSchool,Books,3,1146.38,0.242,277.42,standard,3.7,0.0,0.0,872.66,0.26,6,False,True,False
ORD102123,C89568,2025-05-06 16:11:22,2025-05-10 16:11:22,ios_app,tablet,Edge,US,HI,paypal,Holiday,Electronics,2,232.6,0.054,12.56,standard,8.31,0.0776,17.08,245.43,0.49,4,True,True,False
ORD102124,C84580,2024-01-04 10:05:45,2024-01-09 10:05:45,ios_app,tablet,Edge,US,DE,apple_pay,SpringSale,Books,2,425.06,0.234,99.46,standard,6.04,0.0,0.0,331.64,0.69,5,True,True,False
ORD102125,C74262,2025-05-19 13:35:24,2025-05-21 13:35:24,marketplace,tablet,Edge,UK,AL,paypal,Holiday,Beauty,1,28.22,0.138,3.89,two_day,10.21,0.0,0.0,34.54,0.52,2,True,True,False
ORD102126,C39570,2024-06-03 04:04:40,2024-06-05 04:04:40,web,mobile,Edge,US,ND,apple_pay,Holiday,Sports,3,431.56,0.085,36.68,two_day,9.84,0.0419,16.55,421.27,1.78,2,True,True,True
ORD102127,C30642,2024-10-12 09:30:55,2024-10-18 09:30:55,web,desktop,Opera,US,AL,google_pay,SpringSale,Books,2,148.14,0.077,11.41,standard,4.42,0.0928,12.69,153.84,0.99,6,False,True,False
ORD102128,C40500,2024-05-04 21:58:40,2024-05-07 21:58:40,marketplace,mobile,Firefox,US,FL,apple_pay,NewArrivals,Toys,3,798.69,0.089,71.08,standard,5.66,0.0803,58.43,791.7,0.66,3,True,False,False
ORD102129,C26084,2024-08-15 17:18:27,2024-08-19 17:18:27,marketplace,mobile,Firefox,US,NH,klarna,Loyalty,Grocery,1,74.19,0.151,11.2,standard,4.97,0.0,0.0,67.96,0.32,4,True,True,False
ORD102130,C16350,2024-02-12 00:26:07,2024-02-14 00:26:07,marketplace,desktop,Opera,US,MT,paypal,SpringSale,Pets,2,397.61,0.118,46.92,two_day,10.87,0.0,0.0,361.56,0.19,2,True,True,True
ORD102131,C16679,2025-04-18 07:29:47,2025-04-25 07:29:47,marketplace,tablet,Edge,US,VA,paypal,SpringSale,Beauty,3,182.91,0.188,34.39,standard,5.49,0.0933,13.86,167.87,0.47,7,False,True,False
ORD102132,C96115,2025-04-26 08:42:27,2025-04-30 08:42:27,mobile_web,desktop,Opera,US,PA,apple_pay,NewArrivals,Sports,3,4256.46,0.077,327.75,standard,7.42,0.0486,190.94,4127.07,0.49,4,True,True,True
ORD102133,C29948,2024-05-31 11:50:19,2024-06-06 11:50:19,mobile_web,desktop,Opera,UK,RI,apple_pay,BackToSchool,Grocery,1,64.3,0.076,4.89,standard,8.93,0.0,0.0,68.34,0.52,6,False,True,True
ORD102134,C12057,2024-11-27 15:45:02,2024-12-02 15:45:02,android_app,tablet,Edge,US,OK,apple_pay,NewArrivals,Books,2,680.6,0.115,78.27,standard,3.02,0.087,52.4,657.75,0.51,5,True,True,False
ORD102135,C27780,2025-03-16 02:02:18,2025-03-18 02:02:18,web,desktop,Chrome,US,MD,google_pay,SpringSale,Apparel,2,81.2,0.162,13.15,two_day,17.24,0.0638,4.34,89.63,1.07,2,True,True,True
ORD102136,C61776,2024-10-14 21:01:14,2024-10-20 21:01:14,mobile_web,tablet,Safari,US,LA,klarna,SpringSale,Pets,3,606.65,0.067,40.65,standard,8.63,0.096,54.34,628.97,1.08,6,False,True,True
ORD102137,C70846,2024-08-02 00:29:21,2024-08-07 00:29:21,marketplace,tablet,Opera,US,VA,apple_pay,NewArrivals,Sports,2,535.62,0.166,88.91,standard,8.81,0.0933,41.68,497.2,1.71,5,True,True,False
ORD102138,C16991,2025-01-28 10:12:51,2025-01-29 10:12:51,ios_app,desktop,Edge,US,VT,klarna,Holiday,Electronics,2,99.79,0.15,14.97,overnight,34.24,0.09,7.63,126.69,0.19,1,True,True,False
ORD102139,C65253,2025-03-02 06:25:16,2025-03-05 06:25:16,mobile_web,desktop,Firefox,US,MO,card,BackToSchool,Grocery,1,14.65,0.048,0.7,standard,3.6,0.0689,0.96,18.51,0.18,3,True,False,False
ORD102140,C39312,2024-02-16 19:46:06,2024-02-18 19:46:06,ios_app,desktop,Safari,US,MD,paypal,NewArrivals,Toys,5,3427.36,0.138,472.98,two_day,11.58,0.0638,188.49,3154.45,0.1,2,True,True,False
ORD102141,C20234,2024-07-23 06:37:21,2024-07-25 06:37:21,ios_app,desktop,Chrome,US,NV,paypal,None,Pets,4,408.61,0.133,54.35,two_day,11.69,0.0734,26.0,391.95,0.14,2,True,True,False
ORD102142,C96385,2025-05-03 04:29:51,2025-05-04 04:29:51,web,mobile,Edge,US,LA,google_pay,None,Pets,3,184.89,0.057,10.54,overnight,32.91,0.096,16.74,224.0,0.25,1,True,True,True
ORD102143,C83099,2024-01-11 05:54:26,2024-01-14 05:54:26,mobile_web,mobile,Chrome,US,TX,google_pay,SpringSale,Apparel,1,23.31,0.012,0.28,standard,6.65,0.0923,2.13,31.81,0.92,3,True,False,False
ORD102144,C35350,2025-04-25 01:29:36,2025-04-26 01:29:36,marketplace,mobile,Edge,FR,MA,google_pay,BackToSchool,Toys,1,63.8,0.221,14.1,overnight,16.93,0.0,0.0,66.63,1.16,1,True,False,False
ORD102145,C54829,2024-04-09 23:46:47,2024-04-15 23:46:47,android_app,tablet,Firefox,US,WA,klarna,BackToSchool,Books,2,110.75,0.109,12.07,standard,8.31,0.0858,8.47,115.46,0.22,6,False,True,True
ORD102146,C71018,2025-03-25 15:04:24,2025-03-27 15:04:24,android_app,desktop,Opera,CA,TX,card,SpringSale,Grocery,1,317.72,0.074,23.51,two_day,13.19,0.0,0.0,307.4,2.35,2,True,True,True
ORD102147,C78682,2024-03-29 21:55:26,2024-04-05 21:55:26,mobile_web,mobile,Chrome,US,WA,klarna,None,Grocery,2,199.73,0.051,10.19,standard,5.09,0.0858,16.26,210.89,0.38,7,False,False,False
ORD102148,C99085,2024-11-22 16:16:48,2024-11-24 16:16:48,android_app,desktop,Safari,US,MD,card,Loyalty,Pets,1,64.05,0.167,10.7,two_day,10.77,0.0638,3.4,67.52,0.22,2,True,True,False
ORD102149,C13256,2025-01-04 07:14:04,2025-01-06 07:14:04,mobile_web,tablet,Firefox,US,VT,klarna,BackToSchool,Pets,1,355.39,0.233,82.81,two_day,16.52,0.09,24.53,313.63,1.29,2,True,True,False
ORD102150,C98596,2025-02-28 18:29:18,2025-03-04 18:29:18,web,tablet,Opera,US,PA,card,None,Grocery,1,22.84,0.086,1.96,standard,3.02,0.0486,1.01,24.91,0.64,4,True,True,False
ORD102151,C82321,2024-01-01 12:17:15,2024-01-06 12:17:15,web,tablet,Safari,US,MO,google_pay,SpringSale,Pets,3,407.61,0.213,86.82,standard,6.44,0.0689,22.1,349.33,0.1,5,True,True,True
ORD102152,C44815,2024-08-01 23:40:00,2024-08-03 23:40:00,ios_app,desktop,Safari,UK,NV,google_pay,SpringSale,Toys,2,525.12,0.129,67.74,two_day,8.18,0.0,0.0,465.56,0.1,2,True,False,False
ORD102153,C67175,2024-11-25 18:32:36,2024-11-29 18:32:36,marketplace,desktop,Opera,US,HI,paypal,None,Grocery,2,457.85,0.036,16.48,standard,6.45,0.0776,34.25,482.07,1.26,4,True,True,False
ORD102154,C99450,2024-04-29 01:28:41,2024-05-05 01:28:41,ios_app,mobile,Firefox,US,VT,apple_pay,None,Automotive,1,41.43,0.186,7.71,standard,6.36,0.09,3.03,43.11,0.63,6,False,True,False
ORD102155,C19299,2025-03-14 15:21:27,2025-03-19 15:21:27,web,mobile,Chrome,US,VT,paypal,BackToSchool,Toys,1,23.6,0.056,1.32,standard,7.32,0.09,2.01,31.61,0.1,5,True,True,False
ORD102156,C44306,2024-02-25 01:15:37,2024-03-02 01:15:37,marketplace,tablet,Chrome,US,OK,google_pay,None,Automotive,1,155.16,0.287,44.53,standard,5.88,0.087,9.62,126.13,3.18,6,False,True,False
ORD102157,C62946,2024-07-13 06:01:32,2024-07-15 06:01:32,ios_app,mobile,Edge,US,KY,card,BackToSchool,Beauty,1,34.52,0.0,0.0,two_day,8.97,0.0832,2.87,46.36,2.5,2,True,True,False
ORD102158,C11353,2024-06-29 04:00:46,2024-07-05 04:00:46,ios_app,mobile,Edge,US,DE,card,BackToSchool,Apparel,1,156.18,0.117,18.27,standard,6.52,0.0,0.0,144.43,3.05,6,False,True,False
ORD102159,C10341,2024-08-27 06:20:33,2024-08-29 06:20:33,marketplace,desktop,Opera,US,NE,paypal,Clearance,Sports,2,257.29,0.158,40.65,two_day,13.24,0.0845,18.31,248.19,1.62,2,True,False,False
ORD102160,C47540,2025-02-24 01:31:29,2025-02-26 01:31:29,marketplace,desktop,Opera,US,VA,card,None,Toys,2,323.8,0.052,16.84,two_day,8.49,0.0933,28.64,344.09,1.24,2,True,True,True
ORD102161,C30961,2025-05-18 21:04:17,2025-05-23 21:04:17,web,mobile,Opera,US,NY,paypal,Holiday,Home,2,974.4,0.207,201.7,standard,4.23,0.0729,56.33,833.26,0.1,5,True,False,False
ORD102162,C13092,2025-04-09 11:11:15,2025-04-13 11:11:15,ios_app,desktop,Firefox,DE,MD,klarna,NewArrivals,Pets,1,231.26,0.036,8.33,standard,4.39,0.0,0.0,227.32,0.5,4,True,True,False
ORD102163,C82551,2025-05-10 04:24:56,2025-05-12 04:24:56,android_app,desktop,Firefox,US,WA,google_pay,NewArrivals,Home,2,411.68,0.174,71.63,two_day,19.13,0.0858,29.18,388.36,1.17,2,True,False,False
ORD102164,C84179,2024-04-10 07:50:37,2024-04-15 07:50:37,web,mobile,Edge,US,MS,google_pay,None,Apparel,2,695.51,0.213,148.14,standard,7.62,0.0436,23.87,578.86,0.83,5,True,True,False
ORD102165,C51611,2024-07-09 19:51:56,2024-07-11 19:51:56,android_app,mobile,Opera,US,NH,apple_pay,NewArrivals,Electronics,1,753.9,0.164,123.64,two_day,17.48,0.0,0.0,647.74,0.11,2,True,True,True
ORD102166,C62515,2025-02-15 03:57:44,2025-02-21 03:57:44,ios_app,mobile,Edge,US,KY,apple_pay,Holiday,Sports,1,45.63,0.086,3.92,standard,9.7,0.0832,3.47,54.88,0.17,6,False,False,False
ORD102167,C39108,2024-04-14 04:00:55,2024-04-16 04:00:55,ios_app,desktop,Safari,US,WA,apple_pay,NewArrivals,Pets,1,15.13,0.009,0.14,two_day,19.28,0.0858,1.29,35.56,0.9,2,True,True,False
ORD102168,C54952,2024-12-21 13:19:55,2024-12-25 13:19:55,mobile_web,desktop,Firefox,US,MT,paypal,BackToSchool,Books,1,46.02,0.02,0.92,standard,3.11,0.0,0.0,48.21,0.39,4,True,True,False
ORD102169,C31535,2024-02-18 20:45:45,2024-02-19 20:45:45,android_app,mobile,Firefox,CA,MS,paypal,SpringSale,Sports,2,2878.34,0.195,561.28,overnight,29.95,0.0,0.0,2347.01,1.49,1,True,True,True
ORD102170,C54888,2025-01-29 12:09:06,2025-02-01 12:09:06,marketplace,desktop,Edge,US,WY,google_pay,Clearance,Sports,3,717.2,0.223,159.94,standard,7.37,0.0542,30.2,594.83,1.16,3,True,True,True
ORD102171,C89174,2024-04-21 13:58:13,2024-04-27 13:58:13,marketplace,desktop,Chrome,US,NC,apple_pay,None,Sports,1,97.63,0.146,14.25,standard,4.11,0.0731,6.1,93.59,0.12,6,False,True,False
ORD102172,C86000,2024-07-08 12:21:49,2024-07-15 12:21:49,mobile_web,desktop,Firefox,US,MI,apple_pay,Clearance,Grocery,1,45.14,0.134,6.05,standard,4.16,0.0789,3.08,46.33,0.75,7,False,True,True
ORD102173,C52640,2025-06-24 18:02:11,2025-06-26 18:02:11,web,tablet,Firefox,US,SC,card,SpringSale,Beauty,2,2136.41,0.196,418.74,two_day,14.43,0.0561,96.36,1828.46,0.63,2,True,True,False
ORD102174,C94516,2024-12-13 05:02:17,2024-12-18 05:02:17,ios_app,tablet,Opera,US,AK,paypal,SpringSale,Automotive,3,293.38,0.081,23.76,standard,4.02,0.0,0.0,273.64,0.42,5,True,True,False
ORD102175,C72906,2024-11-05 20:09:14,2024-11-10 20:09:14,mobile_web,desktop,Safari,US,TN,apple_pay,None,Automotive,3,194.3,0.0,0.0,standard,5.15,0.0864,16.79,216.24,0.91,5,True,True,False
ORD102176,C89379,2024-02-05 20:35:27,2024-02-11 20:35:27,marketplace,mobile,Firefox,US,NE,card,None,Grocery,2,949.25,0.173,164.22,standard,7.9,0.0845,66.34,859.27,0.41,6,False,True,False
ORD102177,C35103,2025-06-24 15:48:51,2025-06-26 15:48:51,web,desktop,Edge,DE,MN,google_pay,Loyalty,Electronics,1,29.64,0.163,4.83,two_day,12.1,0.0,0.0,36.91,0.51,2,True,False,False
ORD102178,C61466,2025-06-04 21:30:37,2025-06-11 21:30:37,android_app,tablet,Firefox,US,IN,google_pay,SpringSale,Sports,2,65.29,0.263,17.17,standard,8.89,0.0567,2.73,59.74,0.52,7,False,False,False
ORD102179,C32127,2024-04-02 14:40:17,2024-04-08 14:40:17,ios_app,mobile,Opera,US,WI,klarna,NewArrivals,Toys,2,1058.34,0.134,141.82,standard,4.44,0.056,51.33,972.29,0.47,6,False,True,True
ORD102180,C18899,2024-08-09 14:12:38,2024-08-14 14:12:38,ios_app,tablet,Edge,US,PA,google_pay,Holiday,Toys,1,73.96,0.106,7.84,standard,8.6,0.0486,3.21,77.93,0.78,5,True,True,False
ORD102181,C25703,2024-01-01 01:48:15,2024-01-08 01:48:15,web,mobile,Safari,FR,DC,card,Holiday,Home,2,1036.96,0.127,131.69,standard,3.56,0.0,0.0,908.83,0.54,7,False,True,False
ORD102182,C61058,2024-12-13 09:59:10,2024-12-17 09:59:10,mobile_web,tablet,Edge,US,CT,card,None,Electronics,1,321.65,0.055,17.69,standard,7.83,0.0683,20.76,332.55,1.16,4,True,True,False
ORD102183,C84055,2024-10-22 16:10:52,2024-10-28 16:10:52,web,mobile,Opera,US,MA,klarna,NewArrivals,Pets,2,98.83,0.111,10.97,standard,9.42,0.05,4.39,101.67,1.97,6,False,True,False
ORD102184,C90037,2024-02-15 08:11:49,2024-02-18 08:11:49,ios_app,tablet,Safari,US,UT,apple_pay,SpringSale,Electronics,2,1570.26,0.218,342.32,standard,3.4,0.0726,89.15,1320.49,0.22,3,True,True,False
ORD102185,C46514,2025-03-26 09:21:43,2025-03-28 09:21:43,mobile_web,mobile,Firefox,US,FL,paypal,NewArrivals,Toys,1,211.04,0.215,45.37,two_day,16.4,0.0803,13.3,195.37,0.32,2,True,True,False
ORD102186,C78962,2025-01-01 20:12:35,2025-01-05 20:12:35,ios_app,mobile,Opera,US,AZ,google_pay,Loyalty,Home,1,77.07,0.08,6.17,standard,3.77,0.0517,3.67,78.34,0.17,4,True,True,False
ORD102187,C98570,2024-02-10 14:02:42,2024-02-13 14:02:42,android_app,mobile,Chrome,US,GA,klarna,BackToSchool,Books,1,27.91,0.121,3.38,standard,7.06,0.0876,2.15,33.74,0.92,3,True,True,False
ORD102188,C93744,2025-03-05 17:38:30,2025-03-10 17:38:30,android_app,tablet,Edge,US,SC,paypal,Loyalty,Beauty,1,29.46,0.168,4.95,standard,6.43,0.0561,1.38,32.32,1.07,5,True,False,False
ORD102189,C48717,2025-02-13 15:38:33,2025-02-15 15:38:33,mobile_web,mobile,Chrome,FR,MI,google_pay,Loyalty,Toys,1,61.98,0.178,11.03,two_day,13.25,0.0,0.0,64.2,0.14,2,True,True,False
ORD102190,C48528,2024-03-24 18:03:09,2024-03-25 18:03:09,web,desktop,Opera,US,UT,klarna,SpringSale,Toys,2,1399.7,0.058,81.18,overnight,18.39,0.0726,95.72,1432.63,0.38,1,True,True,False
ORD102191,C34438,2025-01-28 16:40:42,2025-02-03 16:40:42,marketplace,mobile,Firefox,US,NM,google_pay,Clearance,Home,1,158.86,0.096,15.25,standard,4.33,0.0931,13.37,161.31,0.92,6,False,True,False
ORD102192,C51295,2024-11-06 14:22:35,2024-11-11 14:22:35,web,mobile,Edge,US,OK,apple_pay,Loyalty,Pets,2,179.09,0.051,9.13,standard,9.56,0.087,14.79,194.31,0.1,5,True,True,False
ORD102193,C54444,2025-05-14 15:19:58,2025-05-16 15:19:58,mobile_web,desktop,Firefox,US,MN,klarna,Holiday,Home,2,313.85,0.073,22.91,two_day,16.88,0.0477,13.88,321.7,0.1,2,True,True,True
ORD102194,C86901,2025-06-17 22:27:41,2025-06-23 22:27:41,android_app,mobile,Firefox,CA,ME,klarna,BackToSchool,Home,1,32.7,0.038,1.24,standard,4.43,0.0,0.0,35.89,1.07,6,False,True,False
ORD102195,C79892,2025-06-11 01:33:52,2025-06-13 01:33:52,android_app,desktop,Opera,US,NY,paypal,BackToSchool,Grocery,1,32.3,0.128,4.13,two_day,16.74,0.0729,2.05,46.96,0.39,2,True,True,False
ORD102196,C57278,2024-07-26 20:44:36,2024-07-28 20:44:36,marketplace,mobile,Firefox,US,WY,card,Holiday,Beauty,2,813.31,0.0,0.0,two_day,11.41,0.0542,44.08,868.8,1.21,2,True,True,False
ORD102197,C12969,2025-02-04 14:37:01,2025-02-05 14:37:01,ios_app,mobile,Firefox,US,WI,paypal,BackToSchool,Electronics,1,399.54,0.136,54.34,overnight,24.16,0.056,19.33,388.69,0.24,1,True,True,False
ORD102198,C74187,2024-12-13 12:20:15,2024-12-14 12:20:15,marketplace,mobile,Edge,US,NC,paypal,SpringSale,Apparel,2,1811.9,0.159,288.09,overnight,24.99,0.0731,111.39,1660.19,0.92,1,True,True,False
ORD102199,C50196,2024-01-27 22:43:19,2024-01-29 22:43:19,marketplace,tablet,Chrome,US,NH,google_pay,Loyalty,Home,2,88.04,0.065,5.72,two_day,12.64,0.0,0.0,94.96,0.24,2,True,False,False
ORD102200,C45297,2024-04-08 21:58:34,2024-04-10 21:58:34,mobile_web,tablet,Edge,US,PA,card,Holiday,Apparel,1,159.45,0.14,22.32,two_day,14.75,0.0486,6.66,158.54,0.97,2,True,True,False
ORD102201,C72060,2025-01-02 20:38:49,2025-01-04 20:38:49,ios_app,desktop,Safari,US,CA,apple_pay,NewArrivals,Home,1,133.6,0.17,22.71,two_day,13.2,0.0931,10.32,134.41,0.1,2,True,True,False
ORD102202,C55750,2024-10-18 22:02:12,2024-10-24 22:02:12,web,desktop,Opera,US,MO,apple_pay,NewArrivals,Sports,2,171.76,0.145,24.91,standard,8.99,0.0689,10.12,165.96,2.15,6,False,True,False
ORD102203,C24528,2025-02-22 00:42:37,2025-02-26 00:42:37,mobile_web,tablet,Chrome,AU,MD,google_pay,BackToSchool,Apparel,1,283.02,0.193,54.62,standard,6.66,0.0,0.0,235.06,1.06,4,True,True,False
ORD102204,C18618,2025-02-10 02:12:39,2025-02-12 02:12:39,marketplace,desktop,Edge,US,WV,apple_pay,Loyalty,Beauty,1,204.27,0.137,27.98,two_day,18.64,0.0568,10.01,204.94,1.74,2,True,True,False
ORD102205,C51755,2024-01-09 06:38:13,2024-01-11 06:38:13,android_app,tablet,Firefox,US,GA,apple_pay,SpringSale,Pets,1,33.98,0.135,4.59,two_day,12.29,0.0876,2.57,44.25,0.36,2,True,True,False
ORD102206,C28171,2025-06-29 12:07:52,2025-07-05 12:07:52,ios_app,desktop,Edge,US,SD,card,Holiday,Grocery,2,78.15,0.143,11.18,standard,6.47,0.0672,4.5,77.94,0.47,6,False,True,True
ORD102207,C76138,2024-03-16 08:35:06,2024-03-18 08:35:06,android_app,tablet,Opera,US,PA,card,Holiday,Pets,2,1498.62,0.113,169.34,two_day,18.16,0.0486,64.6,1412.04,0.13,2,True,True,False
ORD102208,C18595,2024-06-12 03:50:20,2024-06-19 03:50:20,mobile_web,mobile,Safari,US,MO,google_pay,SpringSale,Electronics,4,221.61,0.003,0.66,standard,8.51,0.0689,15.22,244.68,0.96,7,False,True,False
ORD102209,C84391,2025-04-11 04:59:51,2025-04-16 04:59:51,marketplace,desktop,Safari,US,IL,paypal,Clearance,Pets,2,468.53,0.07,32.8,standard,5.21,0.0486,21.18,462.12,0.36,5,True,True,False
ORD102210,C39468,2024-07-06 08:18:26,2024-07-11 08:18:26,marketplace,tablet,Safari,US,KS,apple_pay,Holiday,Sports,2,259.67,0.096,24.93,standard,9.16,0.0922,21.64,265.54,0.37,5,True,True,False
ORD102211,C36152,2025-02-18 21:29:33,2025-02-22 21:29:33,mobile_web,desktop,Chrome,US,NC,paypal,Clearance,Automotive,2,2490.81,0.111,276.48,standard,4.91,0.0731,161.87,2381.11,2.12,4,True,True,False
ORD102212,C20097,2024-07-11 17:59:41,2024-07-16 17:59:41,web,mobile,Chrome,AU,LA,paypal,SpringSale,Books,1,39.09,0.111,4.34,standard,4.75,0.0,0.0,39.5,2.35,5,True,False,True
ORD102213,C85116,2024-03-04 21:46:47,2024-03-06 21:46:47,android_app,tablet,Safari,US,WY,card,Holiday,Home,2,139.33,0.036,5.02,two_day,13.93,0.0542,7.28,155.52,0.1,2,True,True,False
ORD102214,C69777,2025-01-12 23:51:54,2025-01-13 23:51:54,web,tablet,Firefox,CA,FL,klarna,Clearance,Apparel,2,259.65,0.095,24.67,overnight,25.41,0.0,0.0,260.39,0.1,1,True,True,False
ORD102215,C14882,2025-06-09 15:40:38,2025-06-10 15:40:38,mobile_web,mobile,Edge,FR,KY,google_pay,Loyalty,Sports,1,68.06,0.198,13.48,overnight,25.64,0.0,0.0,80.22,0.37,1,True,True,True
ORD102216,C83681,2025-02-18 06:18:04,2025-02-20 06:18:04,marketplace,desktop,Safari,US,NY,google_pay,Loyalty,Books,4,1272.51,0.124,157.79,two_day,10.0,0.0729,81.26,1205.98,1.95,2,True,True,True
ORD102217,C92409,2024-12-16 12:25:59,2024-12-22 12:25:59,android_app,tablet,Safari,US,IL,paypal,NewArrivals,Grocery,1,77.84,0.09,7.01,standard,3.06,0.0486,3.44,77.33,0.38,6,False,True,True
ORD102218,C85993,2025-04-13 23:46:32,2025-04-16 23:46:32,web,desktop,Opera,US,KY,apple_pay,BackToSchool,Books,1,984.92,0.104,102.43,standard,8.06,0.0832,73.42,963.97,0.34,3,True,False,True
ORD102219,C71855,2024-08-24 10:26:34,2024-08-28 10:26:34,mobile_web,tablet,Chrome,US,MS,card,NewArrivals,Home,2,83.55,0.0,0.0,standard,3.77,0.0436,3.64,90.96,0.1,4,True,True,False
ORD102220,C18646,2025-05-14 16:43:34,2025-05-21 16:43:34,web,mobile,Safari,US,ID,apple_pay,BackToSchool,Apparel,2,178.58,0.123,21.97,standard,3.31,0.0454,7.11,167.03,0.7,7,False,True,False
ORD102221,C70384,2024-01-24 16:16:15,2024-01-29 16:16:15,android_app,desktop,Firefox,US,ME,google_pay,None,Apparel,3,392.57,0.157,61.63,standard,9.08,0.0642,21.25,361.27,0.75,5,True,True,False
ORD102222,C29743,2024-10-27 21:19:41,2024-10-29 21:19:41,marketplace,desktop,Opera,DE,DC,klarna,Clearance,Toys,2,2520.05,0.15,378.01,two_day,8.93,0.0,0.0,2150.97,0.34,2,True,True,False
ORD102223,C52325,2024-08-23 14:25:16,2024-08-30 14:25:16,mobile_web,mobile,Firefox,DE,AR,paypal,Loyalty,Home,1,271.86,0.179,48.66,standard,5.38,0.0,0.0,228.58,6.8,7,False,True,False
ORD102224,C61756,2025-04-17 05:42:58,2025-04-19 05:42:58,marketplace,tablet,Chrome,US,IA,card,SpringSale,Apparel,1,452.96,0.056,25.37,two_day,15.76,0.0426,18.22,461.57,0.27,2,True,True,False
ORD102225,C10249,2024-12-06 11:26:12,2024-12-11 11:26:12,mobile_web,mobile,Chrome,US,NE,google_pay,None,Home,2,635.34,0.145,92.12,standard,9.52,0.0845,45.9,598.64,1.92,5,True,True,False
ORD102226,C17723,2025-01-25 20:00:33,2025-01-27 20:00:33,android_app,tablet,Safari,US,NV,google_pay,None,Grocery,2,208.48,0.157,32.73,two_day,14.2,0.0734,12.9,202.85,0.58,2,True,True,False
ORD102227,C89415,2024-04-27 15:21:37,2024-04-29 15:21:37,mobile_web,desktop,Opera,US,NH,paypal,Loyalty,Sports,1,41.52,0.025,1.04,two_day,19.41,0.0,0.0,59.89,0.6,2,True,True,False
ORD102228,C34597,2024-02-26 02:55:41,2024-02-28 02:55:41,android_app,mobile,Opera,US,LA,card,Holiday,Sports,1,44.98,0.205,9.22,two_day,16.98,0.096,3.43,56.17,1.16,2,True,True,False
ORD102229,C36478,2025-05-16 00:28:32,2025-05-21 00:28:32,marketplace,desktop,Firefox,US,UT,apple_pay,Holiday,Grocery,3,624.72,0.168,104.95,standard,8.12,0.0726,37.74,565.63,0.1,5,True,True,False
ORD102230,C86224,2025-03-02 19:06:35,2025-03-05 19:06:35,mobile_web,mobile,Edge,AU,CA,card,Holiday,Pets,2,313.99,0.139,43.64,standard,4.23,0.0,0.0,274.58,1.34,3,True,True,False
ORD102231,C65131,2025-01-10 07:56:27,2025-01-17 07:56:27,android_app,mobile,Safari,US,SC,klarna,NewArrivals,Apparel,2,146.39,0.08,11.71,standard,4.66,0.0561,7.56,146.9,0.23,7,False,True,False
ORD102232,C36841,2025-05-03 00:07:30,2025-05-09 00:07:30,ios_app,mobile,Firefox,US,WA,klarna,SpringSale,Apparel,2,111.6,0.108,12.05,standard,6.3,0.0858,8.54,114.39,0.25,6,False,True,False
ORD102233,C22653,2024-03-03 10:57:23,2024-03-07 10:57:23,mobile_web,tablet,Edge,US,AZ,paypal,Clearance,Pets,2,1637.16,0.088,144.07,standard,3.62,0.0517,77.19,1573.9,0.4,4,True,True,True
ORD102234,C18590,2024-08-01 21:34:04,2024-08-04 21:34:04,ios_app,mobile,Safari,US,LA,apple_pay,BackToSchool,Grocery,1,47.87,0.192,9.19,standard,5.55,0.096,3.71,47.94,0.83,3,True,True,False
ORD102235,C45583,2024-04-06 17:37:41,2024-04-12 17:37:41,android_app,tablet,Safari,US,UT,google_pay,Loyalty,Home,2,188.8,0.049,9.25,standard,9.36,0.0726,13.04,201.95,1.04,6,False,True,False
ORD102236,C65016,2024-10-02 02:48:53,2024-10-07 02:48:53,web,tablet,Chrome,US,KY,apple_pay,Holiday,Home,2,455.74,0.216,98.44,standard,5.93,0.0832,29.73,392.96,0.4,5,True,True,False
ORD102237,C54445,2024-09-13 22:45:59,2024-09-17 22:45:59,android_app,mobile,Safari,US,TN,apple_pay,Clearance,Sports,1,304.52,0.076,23.14,standard,8.6,0.0864,24.31,314.29,1.14,4,True,True,True
ORD102238,C33711,2024-08-11 09:03:53,2024-08-16 09:03:53,mobile_web,tablet,Firefox,US,PA,apple_pay,None,Beauty,1,76.04,0.164,12.47,standard,6.23,0.0486,3.09,72.89,0.1,5,True,True,False
ORD102239,C35908,2024-01-14 09:50:48,2024-01-20 09:50:48,android_app,mobile,Safari,US,OK,klarna,NewArrivals,Pets,2,371.29,0.132,49.01,standard,7.29,0.087,28.04,357.61,2.98,6,False,True,False
ORD102240,C31815,2024-11-11 12:21:19,2024-11-18 12:21:19,android_app,desktop,Firefox,US,OR,paypal,SpringSale,Sports,2,174.37,0.205,35.75,standard,5.65,0.0,0.0,144.27,2.08,7,False,True,False
ORD102241,C32654,2025-06-19 21:35:34,2025-06-23 21:35:34,android_app,desktop,Chrome,US,PA,klarna,Loyalty,Beauty,2,504.72,0.081,40.88,standard,9.06,0.0486,22.54,495.44,0.68,4,True,True,False
ORD102242,C54567,2025-06-19 18:10:42,2025-06-22 18:10:42,android_app,tablet,Chrome,US,AZ,google_pay,Holiday,Books,3,138.81,0.209,29.01,standard,4.19,0.0517,5.68,119.67,0.62,3,True,True,False
ORD102243,C39207,2025-01-02 16:03:37,2025-01-05 16:03:37,ios_app,mobile,Safari,US,NV,paypal,NewArrivals,Electronics,4,2276.03,0.155,352.78,standard,8.0,0.0734,141.17,2072.42,0.88,3,True,True,False
ORD102244,C99607,2025-03-01 17:45:29,2025-03-03 17:45:29,web,mobile,Firefox,US,NV,klarna,Holiday,Toys,1,77.13,0.241,18.59,two_day,16.31,0.0734,4.3,79.15,1.05,2,True,True,False
ORD102245,C43557,2024-09-27 02:18:47,2024-10-02 02:18:47,marketplace,tablet,Safari,US,OK,card,Loyalty,Pets,2,130.29,0.133,17.33,standard,7.6,0.087,9.83,130.39,0.1,5,True,True,False
ORD102246,C25998,2024-11-30 23:54:19,2024-12-02 23:54:19,android_app,tablet,Opera,DE,AR,card,Holiday,Grocery,2,69.01,0.083,5.73,two_day,18.19,0.0,0.0,81.47,1.01,2,True,True,False
ORD102247,C59227,2025-05-12 18:17:29,2025-05-14 18:17:29,marketplace,mobile,Firefox,US,OR,card,Holiday,Toys,1,403.81,0.051,20.59,two_day,19.27,0.0,0.0,402.49,2.17,2,True,True,False
ORD102248,C52688,2024-02-24 23:24:09,2024-02-29 23:24:09,mobile_web,desktop,Edge,US,NV,google_pay,NewArrivals,Beauty,3,741.62,0.041,30.41,standard,9.08,0.0734,52.2,772.49,0.14,5,True,True,False
ORD102249,C30694,2024-08-26 02:08:48,2024-08-30 02:08:48,ios_app,mobile,Firefox,US,TN,klarna,BackToSchool,Pets,1,560.34,0.13,72.84,standard,7.8,0.0864,42.12,537.42,1.54,4,True,True,True
ORD102250,C58606,2025-03-18 02:57:41,2025-03-22 02:57:41,web,mobile,Edge,US,NC,card,Holiday,Books,3,510.75,0.127,64.87,standard,6.76,0.0731,32.59,485.23,0.11,4,True,False,False
ORD102251,C63429,2024-03-06 19:34:15,2024-03-08 19:34:15,android_app,mobile,Safari,US,GA,klarna,Holiday,Home,1,516.76,0.017,8.78,two_day,17.71,0.0876,44.5,570.19,0.26,2,True,False,True
ORD102252,C59336,2024-03-28 16:44:23,2024-03-30 16:44:23,web,tablet,Chrome,US,MT,google_pay,Holiday,Electronics,2,370.66,0.229,84.88,two_day,18.25,0.0,0.0,304.03,0.35,2,True,True,False
ORD102253,C33761,2024-11-06 01:27:23,2024-11-12 01:27:23,ios_app,tablet,Firefox,US,ID,card,Loyalty,Beauty,1,199.08,0.137,27.27,standard,4.83,0.0454,7.8,184.44,0.19,6,False,True,False
ORD102254,C99942,2024-07-22 08:50:50,2024-07-29 08:50:50,marketplace,mobile,Chrome,US,AL,card,NewArrivals,Grocery,1,15.86,0.16,2.54,standard,6.13,0.0928,1.24,20.69,2.39,7,False,False,True
ORD102255,C35252,2025-02-27 22:32:16,2025-03-02 22:32:16,ios_app,mobile,Chrome,US,ME,google_pay,Loyalty,Toys,2,334.88,0.189,63.29,standard,9.43,0.0642,17.44,298.46,0.81,3,True,True,False
ORD102256,C94862,2025-05-06 15:37:32,2025-05-12 15:37:32,ios_app,tablet,Firefox,US,AK,apple_pay,Loyalty,Beauty,1,832.0,0.154,128.13,standard,9.6,0.0,0.0,713.47,1.46,6,False,True,False
ORD102257,C92803,2024-04-23 10:24:41,2024-04-25 10:24:41,mobile_web,tablet,Firefox,US,DC,card,Loyalty,Home,4,449.02,0.176,79.03,two_day,9.51,0.0764,28.27,407.77,0.48,2,True,True,True
ORD102258,C26868,2025-04-18 22:50:20,2025-04-23 22:50:20,ios_app,mobile,Edge,CA,AL,card,SpringSale,Electronics,2,455.04,0.176,80.09,standard,9.46,0.0,0.0,384.41,0.45,5,True,True,True
ORD102259,C73355,2025-04-23 10:08:45,2025-04-24 10:08:45,mobile_web,tablet,Edge,US,CO,paypal,Holiday,Beauty,5,365.68,0.218,79.72,overnight,21.0,0.0737,21.08,328.04,0.68,1,True,True,True
ORD102260,C59995,2024-08-16 02:41:11,2024-08-21 02:41:11,marketplace,mobile,Safari,US,CO,klarna,Clearance,Electronics,1,54.89,0.036,1.98,standard,8.14,0.0737,3.9,64.95,2.85,5,True,True,True
ORD102261,C66664,2025-02-20 23:41:41,2025-02-23 23:41:41,marketplace,tablet,Chrome,FR,AZ,google_pay,SpringSale,Pets,2,101.0,0.075,7.57,standard,9.98,0.0,0.0,103.41,1.54,3,True,True,False
ORD102262,C12067,2024-04-18 18:20:43,2024-04-22 18:20:43,android_app,tablet,Opera,US,NE,paypal,NewArrivals,Pets,2,122.2,0.27,32.99,standard,9.43,0.0845,7.54,106.18,0.94,4,True,True,False
ORD102263,C28680,2025-04-18 07:04:58,2025-04-22 07:04:58,marketplace,mobile,Edge,US,CT,apple_pay,Loyalty,Toys,4,406.55,0.162,65.86,standard,8.25,0.0683,23.27,372.21,1.29,4,True,True,True
ORD102264,C43757,2024-11-30 14:30:56,2024-12-05 14:30:56,mobile_web,mobile,Edge,US,NM,paypal,SpringSale,Pets,2,393.89,0.005,1.97,standard,3.48,0.0931,36.49,431.89,1.88,5,True,True,False
ORD102265,C54608,2025-02-01 05:42:14,2025-02-07 05:42:14,web,tablet,Edge,UK,IA,apple_pay,SpringSale,Pets,1,28.04,0.097,2.72,standard,5.03,0.0,0.0,30.35,1.14,6,False,True,True
ORD102266,C68317,2024-04-01 22:51:34,2024-04-06 22:51:34,mobile_web,tablet,Safari,US,VT,card,BackToSchool,Beauty,1,112.7,0.0,0.0,standard,8.77,0.09,10.14,131.61,3.15,5,True,True,False
ORD102267,C82021,2024-05-06 04:07:04,2024-05-10 04:07:04,android_app,desktop,Chrome,US,NH,paypal,None,Pets,1,292.47,0.1,29.25,standard,5.73,0.0,0.0,268.95,1.62,4,True,False,False
ORD102268,C75795,2025-02-22 21:28:52,2025-02-26 21:28:52,mobile_web,tablet,Chrome,US,IL,google_pay,BackToSchool,Automotive,1,183.99,0.219,40.29,standard,4.29,0.0486,6.98,154.97,0.17,4,True,True,False
ORD102269,C74873,2024-11-05 21:30:12,2024-11-10 21:30:12,marketplace,desktop,Firefox,DE,AZ,card,Holiday,Toys,2,600.1,0.106,63.61,standard,3.45,0.0,0.0,539.94,0.61,5,True,True,False
ORD102270,C65659,2025-05-26 01:16:00,2025-05-29 01:16:00,marketplace,tablet,Edge,US,NJ,klarna,BackToSchool,Electronics,2,450.09,0.161,72.46,standard,3.51,0.0411,15.52,396.66,1.19,3,True,True,False
ORD102271,C49657,2024-09-07 07:38:06,2024-09-09 07:38:06,web,desktop,Edge,US,SD,card,Holiday,Apparel,1,914.08,0.128,117.0,two_day,15.01,0.0672,53.56,865.65,0.1,2,True,False,True
ORD102272,C72555,2024-08-04 10:21:59,2024-08-06 10:21:59,android_app,tablet,Edge,US,PA,klarna,Holiday,Electronics,1,234.66,0.131,30.74,two_day,14.2,0.0486,9.91,228.03,0.2,2,True,True,False
ORD102273,C60281,2024-04-03 02:26:50,2024-04-05 02:26:50,android_app,desktop,Edge,US,CA,apple_pay,None,Sports,2,304.05,0.153,46.52,two_day,15.25,0.0931,23.98,296.76,0.11,2,True,True,True
ORD102274,C72575,2024-10-22 20:53:24,2024-10-24 20:53:24,android_app,desktop,Chrome,US,MS,paypal,Clearance,Grocery,2,85.65,0.077,6.6,two_day,19.32,0.0436,3.45,101.82,1.13,2,True,True,False
ORD102275,C18709,2025-05-01 17:20:08,2025-05-04 17:20:08,marketplace,tablet,Firefox,FR,FL,google_pay,BackToSchool,Sports,1,187.56,0.174,32.64,standard,9.88,0.0,0.0,164.8,0.59,3,True,True,False
ORD102276,C12710,2025-04-17 17:22:58,2025-04-20 17:22:58,web,mobile,Chrome,US,GA,card,Clearance,Electronics,3,428.41,0.105,44.98,standard,3.04,0.0876,33.59,420.06,0.36,3,True,True,False
ORD102277,C80966,2025-05-29 04:57:49,2025-06-01 04:57:49,web,tablet,Edge,US,MT,google_pay,Clearance,Grocery,1,130.0,0.111,14.43,standard,3.67,0.0,0.0,119.24,0.48,3,True,True,False
ORD102278,C69126,2024-09-30 11:37:01,2024-10-02 11:37:01,mobile_web,mobile,Edge,US,WI,klarna,Clearance,Apparel,2,314.32,0.185,58.15,two_day,16.31,0.056,14.35,286.83,0.59,2,True,True,False
ORD102279,C30642,2024-10-25 16:38:46,2024-10-27 16:38:46,android_app,desktop,Chrome,US,OH,paypal,Loyalty,Beauty,1,90.09,0.167,15.05,two_day,17.05,0.0432,3.24,95.33,0.11,2,True,True,False
ORD102280,C80599,2024-02-01 01:50:55,2024-02-06 01:50:55,marketplace,desktop,Edge,US,WY,apple_pay,NewArrivals,Apparel,1,674.22,0.091,61.35,standard,4.36,0.0542,33.22,650.45,0.1,5,True,True,False
ORD102281,C92897,2024-06-25 20:09:36,2024-06-30 20:09:36,mobile_web,mobile,Safari,US,OK,google_pay,SpringSale,Toys,1,638.24,0.161,102.76,standard,6.83,0.087,46.59,588.9,0.79,5,True,True,False
ORD102282,C24966,2025-01-16 23:43:29,2025-01-18 23:43:29,mobile_web,desktop,Edge,US,WI,paypal,Loyalty,Home,2,950.11,0.081,76.96,two_day,13.23,0.056,48.9,935.28,0.93,2,True,False,False
ORD102283,C43621,2024-03-18 11:52:05,2024-03-20 11:52:05,web,desktop,Chrome,FR,NH,apple_pay,Holiday,Grocery,3,442.79,0.157,69.52,two_day,9.55,0.0,0.0,382.82,0.46,2,True,True,True
ORD102284,C94538,2024-12-02 18:45:18,2024-12-06 18:45:18,mobile_web,tablet,Chrome,AU,IA,paypal,BackToSchool,Electronics,2,969.95,0.181,175.56,standard,6.89,0.0,0.0,801.28,0.71,4,True,True,True
ORD102285,C13762,2025-03-18 10:29:46,2025-03-19 10:29:46,mobile_web,mobile,Chrome,US,VT,apple_pay,BackToSchool,Toys,3,1986.13,0.247,490.57,overnight,17.12,0.09,134.6,1647.28,0.1,1,True,False,False
ORD102286,C28305,2025-05-31 21:47:18,2025-06-02 21:47:18,marketplace,tablet,Edge,US,KS,paypal,Holiday,Electronics,2,696.18,0.057,39.68,two_day,11.48,0.0922,60.53,728.51,0.7,2,True,True,False
ORD102287,C67191,2024-11-23 13:37:12,2024-11-29 13:37:12,web,tablet,Safari,US,ID,klarna,None,Apparel,1,78.04,0.106,8.27,standard,3.55,0.0454,3.17,76.49,1.09,6,False,True,False
ORD102288,C88195,2024-05-09 00:55:07,2024-05-13 00:55:07,marketplace,tablet,Opera,US,WA,paypal,NewArrivals,Pets,2,412.5,0.068,28.05,standard,6.51,0.0858,32.99,423.95,0.11,4,True,True,False
ORD102289,C18564,2024-01-22 19:40:54,2024-01-24 19:40:54,marketplace,tablet,Firefox,US,GA,paypal,Clearance,Automotive,1,1715.44,0.053,90.92,two_day,16.39,0.0876,142.31,1783.22,0.39,2,True,True,False
ORD102290,C91789,2024-01-23 15:30:57,2024-01-24 15:30:57,marketplace,mobile,Firefox,DE,AZ,card,None,Electronics,2,285.44,0.112,31.97,overnight,23.37,0.0,0.0,276.84,0.16,1,True,True,False
ORD102291,C95985,2025-02-20 15:35:57,2025-02-26 15:35:57,ios_app,tablet,Chrome,US,OR,google_pay,NewArrivals,Sports,1,227.13,0.23,52.24,standard,6.7,0.0,0.0,181.59,0.3,6,False,True,False
ORD102292,C22912,2025-05-12 09:45:07,2025-05-14 09:45:07,web,desktop,Edge,FR,HI,paypal,Holiday,Beauty,1,57.12,0.059,3.37,two_day,17.01,0.0,0.0,70.76,0.1,2,True,True,False
ORD102293,C62120,2024-11-05 13:10:54,2024-11-08 13:10:54,mobile_web,mobile,Safari,US,NM,klarna,SpringSale,Toys,2,379.72,0.0,0.0,standard,4.62,0.0931,35.35,419.69,0.14,3,True,True,False
ORD102294,C47195,2024-10-19 14:34:47,2024-10-23 14:34:47,web,mobile,Opera,US,CO,klarna,Loyalty,Home,1,16.06,0.134,2.15,standard,9.06,0.0737,1.03,24.0,0.29,4,True,True,False
ORD102295,C36084,2024-10-14 20:09:34,2024-10-16 20:09:34,mobile_web,mobile,Safari,US,MO,paypal,None,Beauty,2,265.88,0.064,17.02,two_day,8.55,0.0689,17.15,274.56,1.55,2,True,False,False
ORD102296,C79419,2024-08-06 21:08:42,2024-08-11 21:08:42,web,mobile,Safari,US,NH,card,Holiday,Toys,1,69.65,0.108,7.52,standard,4.73,0.0,0.0,66.86,0.86,5,True,True,False
ORD102297,C32188,2024-11-15 00:00:09,2024-11-19 00:00:09,android_app,desktop,Chrome,US,OK,apple_pay,None,Books,3,319.26,0.019,6.07,standard,7.45,0.087,27.25,347.89,0.35,4,True,True,False
ORD102298,C47391,2024-03-27 12:46:11,2024-04-02 12:46:11,android_app,tablet,Safari,DE,NY,paypal,None,Beauty,2,124.58,0.099,12.33,standard,8.93,0.0,0.0,121.18,1.45,6,False,True,False
ORD102299,C95495,2024-12-26 13:31:59,2025-01-01 13:31:59,marketplace,desktop,Firefox,US,IA,card,SpringSale,Pets,2,283.72,0.071,20.14,standard,5.85,0.0426,11.23,280.66,0.47,6,False,True,False
ORD102300,C31388,2024-04-28 15:33:24,2024-05-02 15:33:24,marketplace,desktop,Edge,US,IL,google_pay,BackToSchool,Sports,2,284.05,0.155,44.03,standard,7.09,0.0486,11.66,258.77,0.55,4,True,False,False
ORD102301,C33641,2025-04-05 11:41:22,2025-04-11 11:41:22,android_app,tablet,Safari,US,NC,paypal,BackToSchool,Books,2,768.67,0.074,56.88,standard,6.67,0.0731,52.03,770.49,0.87,6,False,True,False
ORD102302,C23352,2025-04-26 09:21:12,2025-05-02 09:21:12,marketplace,tablet,Chrome,US,CT,apple_pay,BackToSchool,Books,1,62.24,0.073,4.54,standard,6.43,0.0683,3.94,68.07,0.88,6,False,True,False
ORD102303,C87039,2024-01-25 11:08:11,2024-01-27 11:08:11,web,mobile,Opera,US,KY,paypal,BackToSchool,Apparel,2,283.74,0.053,15.04,two_day,18.29,0.0832,22.36,309.35,0.62,2,True,True,False
ORD102304,C29941,2025-04-09 19:00:53,2025-04-14 19:00:53,mobile_web,desktop,Edge,US,OK,klarna,Holiday,Electronics,1,668.08,0.142,94.87,standard,9.77,0.087,49.87,632.85,1.62,5,True,True,False
ORD102305,C46229,2025-04-04 09:28:58,2025-04-07 09:28:58,mobile_web,mobile,Opera,US,OR,paypal,BackToSchool,Home,1,1029.12,0.123,126.58,standard,6.38,0.0,0.0,908.92,0.13,3,True,True,False
ORD102306,C66542,2024-10-02 02:34:35,2024-10-04 02:34:35,marketplace,mobile,Firefox,US,FL,klarna,BackToSchool,Toys,1,567.5,0.205,116.34,two_day,13.74,0.0803,36.23,501.13,0.14,2,True,True,True
ORD102307,C42665,2025-04-29 15:31:39,2025-05-01 15:31:39,marketplace,tablet,Firefox,US,AK,apple_pay,NewArrivals,Home,1,71.82,0.146,10.49,two_day,16.07,0.0,0.0,77.4,4.08,2,True,True,False
ORD102308,C23440,2025-03-29 05:01:39,2025-04-04 05:01:39,web,tablet,Firefox,US,PA,paypal,None,Beauty,1,551.95,0.109,60.16,standard,5.96,0.0486,23.9,521.65,0.21,6,False,True,True
ORD102309,C66664,2024-05-25 04:16:03,2024-05-30 04:16:03,marketplace,mobile,Opera,US,OR,paypal,Clearance,Automotive,1,44.11,0.173,7.63,standard,3.78,0.0,0.0,40.26,0.52,5,True,True,False
ORD102310,C82768,2024-09-21 15:00:48,2024-09-25 15:00:48,android_app,mobile,Opera,US,MO,apple_pay,Loyalty,Grocery,2,166.29,0.094,15.63,standard,8.92,0.0689,10.38,169.96,0.1,4,True,True,False
ORD102311,C13307,2024-09-30 16:19:54,2024-10-05 16:19:54,android_app,tablet,Opera,US,MO,apple_pay,NewArrivals,Apparel,1,190.86,0.129,24.62,standard,7.46,0.0689,11.45,185.15,0.81,5,True,True,False
ORD102312,C42522,2024-09-03 06:04:40,2024-09-08 06:04:40,marketplace,tablet,Safari,US,ME,paypal,NewArrivals,Beauty,2,1538.22,0.085,130.75,standard,3.18,0.0642,90.36,1501.01,0.47,5,True,False,False
ORD102313,C57857,2024-11-04 13:07:30,2024-11-07 13:07:30,android_app,desktop,Edge,US,VT,paypal,SpringSale,Beauty,2,882.51,0.172,151.79,standard,5.97,0.09,65.76,802.45,0.17,3,True,True,False
ORD102314,C72582,2024-09-24 11:02:31,2024-09-29 11:02:31,mobile_web,desktop,Edge,US,IN,klarna,BackToSchool,Grocery,2,438.95,0.102,44.77,standard,7.56,0.0567,22.35,424.09,1.26,5,True,True,True
ORD102315,C20788,2024-05-16 20:52:54,2024-05-21 20:52:54,mobile_web,tablet,Firefox,US,HI,klarna,SpringSale,Automotive,1,20.93,0.169,3.54,standard,8.49,0.0776,1.35,27.23,1.6,5,True,True,True
ORD102316,C93803,2024-04-24 07:01:46,2024-04-26 07:01:46,ios_app,mobile,Chrome,US,RI,klarna,BackToSchool,Books,1,380.09,0.149,56.63,two_day,8.58,0.0467,15.11,347.15,0.32,2,True,True,False
ORD102317,C83927,2024-07-23 18:12:16,2024-07-25 18:12:16,ios_app,desktop,Firefox,US,IN,paypal,BackToSchool,Electronics,3,639.5,0.119,76.1,two_day,10.61,0.0567,31.94,605.95,1.04,2,True,True,False
ORD102318,C12743,2024-11-17 18:51:50,2024-11-21 18:51:50,marketplace,mobile,Edge,US,OR,klarna,Holiday,Pets,1,67.93,0.21,14.27,standard,5.92,0.0,0.0,59.58,0.1,4,True,True,True
ORD102319,C90514,2025-05-15 14:44:52,2025-05-17 14:44:52,android_app,mobile,Chrome,US,PA,card,SpringSale,Electronics,2,925.74,0.197,182.37,two_day,12.23,0.0486,36.13,791.73,2.2,2,True,True,False
ORD102320,C23047,2024-11-20 10:04:06,2024-11-25 10:04:06,marketplace,tablet,Safari,US,LA,apple_pay,SpringSale,Automotive,3,197.89,0.221,43.73,standard,3.77,0.096,14.8,172.73,0.21,5,True,True,False
ORD102321,C12022,2024-07-30 16:38:24,2024-08-04 16:38:24,ios_app,desktop,Edge,US,IA,card,BackToSchool,Electronics,2,322.77,0.153,49.38,standard,4.72,0.0426,11.65,289.76,0.1,5,True,True,False
ORD102322,C49229,2024-11-23 00:50:01,2024-11-25 00:50:01,mobile_web,mobile,Safari,US,SC,klarna,Loyalty,Pets,2,115.69,0.169,19.55,two_day,18.79,0.0561,5.39,120.32,0.13,2,True,True,True
ORD102323,C78119,2024-11-25 20:15:27,2024-11-28 20:15:27,web,desktop,Edge,US,MO,google_pay,SpringSale,Grocery,1,48.38,0.076,3.68,standard,7.13,0.0689,3.08,54.91,1.61,3,True,True,False
ORD102324,C78056,2025-03-19 09:38:12,2025-03-23 09:38:12,ios_app,desktop,Edge,US,CT,card,None,Sports,5,1004.01,0.212,212.85,standard,5.83,0.0683,54.04,851.03,0.32,4,True,False,False
ORD102325,C63356,2024-05-31 10:21:19,2024-06-05 10:21:19,web,desktop,Edge,US,NC,google_pay,Holiday,Sports,2,259.68,0.081,21.03,standard,4.71,0.0731,17.45,260.81,0.1,5,True,False,False
ORD102326,C37790,2025-03-26 14:04:48,2025-03-28 14:04:48,ios_app,mobile,Edge,US,OK,card,Clearance,Toys,1,47.72,0.024,1.15,two_day,19.4,0.087,4.05,70.02,0.87,2,True,True,False
ORD102327,C82995,2025-03-11 12:14:06,2025-03-12 12:14:06,android_app,tablet,Safari,US,NM,klarna,Holiday,Pets,1,62.6,0.134,8.39,overnight,16.11,0.0931,5.05,75.37,0.34,1,True,True,False
ORD102328,C76556,2024-12-02 20:34:36,2024-12-04 20:34:36,web,tablet,Edge,DE,OH,paypal,Holiday,Sports,2,192.56,0.071,13.67,two_day,8.79,0.0,0.0,187.68,0.1,2,True,True,False
ORD102329,C97838,2025-03-19 16:40:37,2025-03-24 16:40:37,mobile_web,mobile,Firefox,US,MD,card,BackToSchool,Beauty,3,1069.89,0.147,157.27,standard,7.11,0.0638,58.23,977.96,0.1,5,True,True,False
ORD102330,C22907,2025-02-11 20:14:23,2025-02-13 20:14:23,android_app,mobile,Safari,US,MN,klarna,Clearance,Electronics,4,1379.48,0.211,291.07,two_day,11.16,0.0477,51.92,1151.49,0.29,2,True,True,True
ORD102331,C75257,2024-10-25 18:58:14,2024-10-31 18:58:14,web,desktop,Firefox,US,AL,google_pay,Holiday,Pets,1,207.48,0.076,15.77,standard,6.99,0.0928,17.79,216.49,0.35,6,False,True,False
ORD102332,C19713,2025-06-10 06:52:36,2025-06-13 06:52:36,web,desktop,Safari,US,CA,paypal,None,Electronics,2,58.07,0.239,13.88,standard,3.42,0.0931,4.11,51.72,1.04,3,True,True,False
ORD102333,C37820,2024-01-22 17:11:11,2024-01-26 17:11:11,mobile_web,mobile,Firefox,FR,MS,apple_pay,None,Sports,5,619.33,0.214,132.54,standard,6.51,0.0,0.0,493.3,0.45,4,True,True,False
ORD102334,C21231,2025-03-29 15:47:10,2025-04-04 15:47:10,android_app,desktop,Chrome,UK,OR,apple_pay,None,Sports,3,239.86,0.247,59.25,standard,9.33,0.0,0.0,189.94,1.57,6,False,True,False
ORD102335,C20593,2025-03-14 11:19:39,2025-03-15 11:19:39,ios_app,mobile,Edge,US,NV,paypal,None,Toys,3,4340.19,0.163,707.45,overnight,37.28,0.0734,266.64,3936.66,0.89,1,True,True,False
ORD102336,C94972,2024-03-25 13:16:09,2024-03-31 13:16:09,ios_app,tablet,Edge,FR,WA,apple_pay,None,Apparel,1,44.73,0.154,6.89,standard,6.28,0.0,0.0,44.12,0.1,6,False,True,False
ORD102337,C70328,2024-09-20 19:37:26,2024-09-25 19:37:26,mobile_web,desktop,Edge,US,MO,klarna,SpringSale,Sports,1,871.17,0.0,0.0,standard,4.94,0.0689,60.02,936.13,0.1,5,True,True,False
ORD102338,C98419,2024-04-13 08:19:29,2024-04-15 08:19:29,web,tablet,Edge,US,AZ,google_pay,Holiday,Grocery,3,266.98,0.154,41.11,two_day,13.62,0.0517,11.68,251.17,0.54,2,True,True,False
ORD102339,C73325,2024-11-07 23:12:46,2024-11-14 23:12:46,ios_app,desktop,Edge,US,DC,card,NewArrivals,Toys,3,800.22,0.191,152.84,standard,5.09,0.0764,49.46,701.93,0.72,7,False,True,False
ORD102340,C38606,2024-06-05 18:06:39,2024-06-07 18:06:39,ios_app,desktop,Chrome,US,FL,card,BackToSchool,Toys,1,852.32,0.126,107.39,two_day,17.26,0.0803,59.82,822.01,0.14,2,True,True,True
ORD102341,C90760,2024-09-29 10:38:21,2024-10-06 10:38:21,android_app,desktop,Safari,US,MA,klarna,SpringSale,Grocery,1,200.32,0.026,5.21,standard,8.31,0.05,9.76,213.18,1.11,7,False,True,False
ORD102342,C74706,2024-01-05 23:32:52,2024-01-08 23:32:52,ios_app,desktop,Opera,US,FL,klarna,Loyalty,Pets,1,173.22,0.066,11.43,standard,4.96,0.0803,12.99,179.74,0.23,3,True,True,False
ORD102343,C56532,2024-12-26 20:45:43,2024-12-30 20:45:43,android_app,mobile,Firefox,US,GA,klarna,BackToSchool,Sports,2,208.52,0.159,33.15,standard,4.33,0.0876,15.36,195.06,1.16,4,True,True,False
ORD102344,C79228,2024-12-13 20:16:40,2024-12-15 20:16:40,marketplace,mobile,Safari,US,OK,google_pay,SpringSale,Automotive,4,825.18,0.0,0.0,two_day,14.32,0.087,71.79,911.29,0.1,2,True,True,False
ORD102345,C24376,2025-04-29 10:21:06,2025-05-02 10:21:06,mobile_web,mobile,Opera,US,RI,klarna,Holiday,Toys,3,331.01,0.193,63.88,standard,4.27,0.0467,12.47,283.87,1.01,3,True,True,False
ORD102346,C69616,2024-11-04 08:53:11,2024-11-11 08:53:11,web,desktop,Chrome,US,DE,card,SpringSale,Books,1,19.91,0.037,0.74,standard,4.02,0.0,0.0,23.19,0.75,7,False,True,False
ORD102347,C55519,2024-10-14 15:35:03,2024-10-18 15:35:03,marketplace,tablet,Chrome,US,IL,google_pay,SpringSale,Electronics,1,176.23,0.167,29.43,standard,5.2,0.0486,7.13,159.13,0.7,4,True,True,False
ORD102348,C80136,2024-04-03 16:18:01,2024-04-09 16:18:01,mobile_web,mobile,Edge,US,OH,paypal,NewArrivals,Home,2,119.96,0.187,22.43,standard,4.18,0.0432,4.21,105.92,0.23,6,False,True,False
ORD102349,C57938,2024-08-30 17:47:10,2024-09-01 17:47:10,mobile_web,desktop,Chrome,US,FL,klarna,Loyalty,Beauty,2,440.48,0.0,0.0,two_day,14.02,0.0803,35.37,489.87,0.46,2,True,True,False
ORD102350,C52108,2025-04-27 17:56:51,2025-04-29 17:56:51,android_app,mobile,Opera,US,OK,klarna,Clearance,Beauty,2,221.37,0.209,46.27,two_day,16.63,0.087,15.23,206.96,0.1,2,True,True,False
ORD102351,C20339,2024-12-21 04:08:47,2024-12-27 04:08:47,ios_app,tablet,Safari,US,LA,google_pay,BackToSchool,Electronics,2,989.5,0.206,203.84,standard,8.74,0.096,75.42,869.82,0.48,6,False,True,True
ORD102352,C12291,2024-10-29 12:35:56,2024-11-04 12:35:56,android_app,desktop,Safari,US,SC,klarna,Loyalty,Pets,2,2394.4,0.093,222.68,standard,6.03,0.0561,121.83,2299.58,1.6,6,False,True,False
ORD102353,C71184,2024-03-27 03:18:36,2024-04-03 03:18:36,marketplace,mobile,Safari,US,AL,paypal,Holiday,Pets,1,190.8,0.108,20.61,standard,5.92,0.0928,15.79,191.9,1.13,7,False,True,False
ORD102354,C13823,2025-05-29 15:10:13,2025-06-05 15:10:13,mobile_web,mobile,Safari,US,ID,klarna,None,Grocery,2,676.55,0.049,33.15,standard,5.58,0.0454,29.21,678.19,2.47,7,False,True,False
ORD102355,C44860,2024-05-18 20:48:09,2024-05-20 20:48:09,ios_app,tablet,Chrome,US,MS,paypal,Holiday,Pets,1,53.9,0.0,0.0,two_day,15.57,0.0436,2.35,71.82,3.3,2,True,True,False
ORD102356,C91954,2024-06-15 22:29:33,2024-06-21 22:29:33,mobile_web,mobile,Firefox,US,OR,paypal,None,Electronics,2,387.83,0.205,79.51,standard,3.22,0.0,0.0,311.54,0.13,6,False,False,False
ORD102357,C11859,2024-03-15 22:15:26,2024-03-21 22:15:26,android_app,tablet,Safari,US,NE,klarna,SpringSale,Apparel,3,1345.01,0.155,208.48,standard,4.07,0.0845,96.04,1236.64,1.14,6,False,True,True
ORD102358,C38727,2024-05-14 20:01:51,2024-05-20 20:01:51,android_app,mobile,Opera,CA,SD,paypal,Clearance,Pets,1,104.06,0.174,18.11,standard,5.52,0.0,0.0,91.47,3.43,6,False,False,False
ORD102359,C75773,2025-04-12 09:05:01,2025-04-17 09:05:01,web,desktop,Safari,AU,MT,google_pay,SpringSale,Grocery,1,111.02,0.076,8.44,standard,5.25,0.0,0.0,107.83,1.2,5,True,True,False
ORD102360,C55875,2024-04-09 10:46:35,2024-04-11 10:46:35,web,mobile,Opera,US,DE,klarna,Loyalty,Electronics,1,123.88,0.182,22.55,two_day,19.23,0.0,0.0,120.56,1.1,2,True,True,False
ORD102361,C17111,2024-03-07 05:10:57,2024-03-12 05:10:57,mobile_web,tablet,Firefox,US,NY,google_pay,Holiday,Pets,2,652.74,0.263,171.67,standard,6.79,0.0729,35.07,522.93,0.1,5,True,True,True
ORD102362,C16087,2025-04-07 07:47:24,2025-04-13 07:47:24,android_app,desktop,Safari,US,ME,apple_pay,Holiday,Grocery,2,1212.97,0.157,190.44,standard,7.31,0.0642,65.65,1095.49,0.14,6,False,False,False
ORD102363,C26573,2024-01-07 05:00:34,2024-01-08 05:00:34,mobile_web,tablet,Opera,US,AR,apple_pay,NewArrivals,Electronics,5,1385.06,0.162,224.38,overnight,38.66,0.0494,57.34,1256.68,0.69,1,True,True,False
ORD102364,C72784,2024-08-23 03:24:45,2024-08-27 03:24:45,web,desktop,Chrome,US,MN,card,Holiday,Electronics,1,297.85,0.221,65.82,standard,6.9,0.0477,11.07,250.0,0.56,4,True,True,False
ORD102365,C55354,2024-03-11 08:07:27,2024-03-13 08:07:27,marketplace,tablet,Safari,US,PA,paypal,SpringSale,Automotive,2,685.0,0.2,137.0,two_day,9.7,0.0486,26.63,584.33,0.64,2,True,True,False
ORD102366,C27287,2024-07-19 01:57:04,2024-07-21 01:57:04,web,mobile,Firefox,US,MA,paypal,SpringSale,Toys,4,716.98,0.101,72.41,two_day,12.84,0.05,32.23,689.64,0.1,2,True,True,False
ORD102367,C47077,2024-06-23 19:13:22,2024-06-28 19:13:22,marketplace,tablet,Opera,US,KS,paypal,Holiday,Apparel,1,72.5,0.084,6.09,standard,6.91,0.0922,6.12,79.44,3.2,5,True,True,False
ORD102368,C96627,2024-05-21 00:13:29,2024-05-23 00:13:29,mobile_web,mobile,Firefox,US,NE,paypal,Holiday,Apparel,1,11.66,0.153,1.78,two_day,11.67,0.0845,0.83,22.38,0.64,2,True,True,False
ORD102369,C52889,2025-02-23 12:53:49,2025-02-25 12:53:49,web,tablet,Opera,US,NH,apple_pay,Holiday,Pets,2,284.62,0.124,35.29,two_day,10.42,0.0,0.0,259.75,0.48,2,True,True,False
ORD102370,C79021,2024-07-17 07:32:21,2024-07-22 07:32:21,web,desktop,Safari,US,WI,klarna,None,Toys,1,56.13,0.249,13.98,standard,6.5,0.056,2.36,51.01,1.31,5,True,True,True
ORD102371,C67176,2025-03-04 08:32:09,2025-03-11 08:32:09,android_app,tablet,Chrome,US,WI,paypal,None,Home,4,409.28,0.128,52.39,standard,8.56,0.056,19.99,385.44,0.88,7,False,True,False
ORD102372,C11191,2024-11-11 15:02:31,2024-11-15 15:02:31,android_app,desktop,Chrome,US,TX,paypal,Holiday,Pets,2,704.15,0.12,84.5,standard,4.27,0.0923,57.19,681.11,0.23,4,True,True,False
ORD102373,C10630,2025-05-23 09:19:45,2025-05-30 09:19:45,ios_app,tablet,Edge,US,VT,google_pay,None,Toys,1,65.96,0.077,5.08,standard,6.01,0.09,5.48,72.37,0.81,7,False,True,False
ORD102374,C93076,2024-09-01 16:03:35,2024-09-02 16:03:35,android_app,mobile,Edge,US,MO,google_pay,Holiday,Books,3,352.5,0.21,74.02,overnight,27.04,0.0689,19.19,324.71,0.16,1,True,True,False
ORD102375,C64922,2025-02-03 02:52:06,2025-02-08 02:52:06,ios_app,tablet,Chrome,US,AK,google_pay,Holiday,Automotive,1,50.07,0.065,3.25,standard,4.5,0.0,0.0,51.32,1.12,5,True,True,False
ORD102376,C33890,2024-03-08 11:37:18,2024-03-12 11:37:18,marketplace,desktop,Firefox,US,MI,google_pay,None,Books,1,1066.64,0.093,99.2,standard,6.17,0.0789,76.33,1049.94,0.1,4,True,True,True
ORD102377,C40012,2025-03-13 13:53:20,2025-03-19 13:53:20,web,tablet,Safari,AU,ND,apple_pay,Holiday,Automotive,4,743.83,0.077,57.27,standard,4.55,0.0,0.0,691.11,1.18,6,False,True,True
ORD102378,C26324,2024-01-21 01:37:33,2024-01-28 01:37:33,mobile_web,tablet,Opera,US,ND,paypal,SpringSale,Toys,1,158.92,0.168,26.7,standard,8.65,0.0419,5.54,146.41,0.52,7,False,True,False
ORD102379,C30941,2024-04-28 12:10:13,2024-05-02 12:10:13,ios_app,desktop,Edge,US,NJ,paypal,BackToSchool,Grocery,3,293.14,0.195,57.16,standard,4.68,0.0411,9.7,250.36,1.84,4,True,True,False
ORD102380,C68062,2025-03-09 14:20:51,2025-03-11 14:20:51,marketplace,tablet,Firefox,US,UT,apple_pay,None,Pets,2,82.06,0.001,0.08,two_day,18.32,0.0726,5.95,106.25,1.46,2,True,False,False
ORD102381,C52560,2024-01-31 09:05:07,2024-02-05 09:05:07,android_app,tablet,Safari,US,NE,card,SpringSale,Beauty,1,680.1,0.129,87.73,standard,6.46,0.0845,50.06,648.89,0.11,5,True,True,False
ORD102382,C23783,2025-01-25 08:55:10,2025-01-28 08:55:10,android_app,desktop,Chrome,US,NY,google_pay,SpringSale,Toys,1,57.54,0.219,12.6,standard,9.7,0.0729,3.28,57.92,0.59,3,True,True,False
ORD102383,C62190,2025-05-22 22:55:05,2025-05-26 22:55:05,ios_app,mobile,Firefox,US,OK,klarna,Loyalty,Books,3,522.15,0.064,33.42,standard,5.34,0.087,42.52,536.59,0.96,4,True,True,False
ORD102384,C34670,2024-12-02 14:17:37,2024-12-04 14:17:37,android_app,mobile,Safari,US,TN,paypal,Holiday,Pets,2,641.19,0.178,114.13,two_day,19.51,0.0864,45.54,592.11,0.27,2,True,False,False
ORD102385,C54156,2024-11-28 01:18:29,2024-12-02 01:18:29,android_app,desktop,Opera,US,MN,google_pay,SpringSale,Home,2,256.25,0.171,43.82,standard,6.23,0.0477,10.13,228.79,0.56,4,True,True,False
ORD102386,C52452,2024-12-28 22:31:45,2024-12-31 22:31:45,ios_app,tablet,Opera,AU,MN,card,Holiday,Automotive,2,502.84,0.026,13.07,standard,5.25,0.0,0.0,495.02,1.02,3,True,True,False
ORD102387,C83631,2025-01-06 06:02:08,2025-01-11 06:02:08,marketplace,desktop,Opera,US,IN,paypal,Loyalty,Sports,1,100.58,0.126,12.67,standard,6.48,0.0567,4.98,99.37,0.29,5,True,True,False
ORD102388,C21495,2025-02-27 22:13:29,2025-03-03 22:13:29,mobile_web,mobile,Edge,US,MN,klarna,NewArrivals,Home,2,925.3,0.177,163.78,standard,8.32,0.0477,36.32,806.16,0.24,4,True,True,False
ORD102389,C22759,2024-02-06 03:12:25,2024-02-11 03:12:25,web,mobile,Firefox,US,ID,card,Loyalty,Electronics,3,1652.64,0.119,196.66,standard,4.09,0.0454,66.1,1526.17,0.3,5,True,True,False
ORD102390,C65696,2024-02-19 14:02:40,2024-02-24 14:02:40,ios_app,tablet,Edge,US,IN,paypal,Loyalty,Toys,1,58.74,0.08,4.7,standard,4.96,0.0567,3.06,62.06,0.17,5,True,True,False
ORD102391,C97971,2024-01-06 00:59:07,2024-01-12 00:59:07,marketplace,tablet,Opera,US,WV,card,BackToSchool,Sports,1,303.34,0.061,18.5,standard,5.86,0.0568,16.18,306.88,2.53,6,False,True,False
ORD102392,C30653,2024-06-18 03:15:45,2024-06-20 03:15:45,android_app,tablet,Opera,US,ME,paypal,Holiday,Home,1,288.6,0.256,73.88,two_day,18.34,0.0642,13.79,246.85,0.4,2,True,True,False
ORD102393,C77534,2025-05-27 20:52:50,2025-05-31 20:52:50,android_app,mobile,Opera,US,MS,klarna,Holiday,Sports,2,273.06,0.17,46.42,standard,7.94,0.0436,9.88,244.46,0.26,4,True,True,False
ORD102394,C81873,2024-07-03 15:40:44,2024-07-08 15:40:44,mobile_web,mobile,Chrome,US,KY,apple_pay,BackToSchool,Books,3,410.08,0.174,71.35,standard,7.56,0.0832,28.18,374.47,1.04,5,True,True,False
ORD102395,C19817,2025-03-18 17:46:30,2025-03-23 17:46:30,web,mobile,Safari,US,WY,paypal,Clearance,Toys,1,537.93,0.166,89.3,standard,4.66,0.0542,24.32,477.61,1.45,5,True,True,False
ORD102396,C66951,2024-04-23 16:25:48,2024-04-28 16:25:48,ios_app,mobile,Firefox,US,WY,card,Loyalty,Sports,3,312.84,0.112,35.04,standard,9.98,0.0542,15.06,302.84,0.1,5,True,True,False
ORD102397,C90999,2024-12-22 16:08:22,2024-12-27 16:08:22,mobile_web,desktop,Safari,US,KY,google_pay,Clearance,Books,1,104.14,0.072,7.5,standard,9.94,0.0832,8.04,114.62,0.64,5,True,True,False
ORD102398,C21247,2025-02-01 02:00:07,2025-02-05 02:00:07,android_app,desktop,Firefox,US,ND,paypal,SpringSale,Sports,2,442.83,0.212,93.88,standard,8.25,0.0419,14.62,371.82,0.6,4,True,True,False
ORD102399,C93593,2024-05-15 00:11:05,2024-05-21 00:11:05,ios_app,tablet,Opera,US,OH,klarna,SpringSale,Automotive,2,74.92,0.032,2.4,standard,3.26,0.0432,3.13,78.91,0.12,6,False,True,False
ORD102400,C24905,2025-01-14 06:36:36,2025-01-16 06:36:36,marketplace,desktop,Firefox,US,SC,apple_pay,BackToSchool,Beauty,1,15.98,0.131,2.09,two_day,10.61,0.0561,0.78,25.28,1.37,2,True,True,True
ORD102401,C70690,2024-05-19 07:32:38,2024-05-22 07:32:38,mobile_web,tablet,Safari,US,ND,klarna,Holiday,Electronics,1,46.14,0.025,1.15,standard,8.62,0.0419,1.89,55.5,1.55,3,True,False,False
ORD102402,C77738,2024-01-10 07:00:22,2024-01-14 07:00:22,mobile_web,mobile,Edge,US,TX,paypal,Holiday,Grocery,2,135.16,0.08,10.81,standard,9.23,0.0923,11.48,145.06,0.1,4,True,True,False
ORD102403,C81810,2025-01-11 18:35:37,2025-01-13 18:35:37,android_app,desktop,Firefox,US,MI,google_pay,NewArrivals,Sports,1,196.98,0.02,3.94,two_day,19.05,0.0789,15.23,227.32,0.42,2,True,True,False
ORD102404,C27202,2024-10-09 08:53:02,2024-10-11 08:53:02,web,tablet,Edge,US,WA,card,None,Books,1,724.11,0.128,92.69,two_day,10.28,0.0858,54.18,695.88,0.13,2,True,True,False
ORD102405,C43851,2024-07-13 20:06:27,2024-07-14 20:06:27,ios_app,tablet,Opera,US,NC,klarna,Holiday,Grocery,1,150.76,0.155,23.37,overnight,28.97,0.0731,9.31,165.67,0.29,1,True,True,False
ORD102406,C55614,2024-02-19 07:52:46,2024-02-26 07:52:46,ios_app,mobile,Chrome,US,MN,klarna,SpringSale,Pets,1,68.39,0.132,9.03,standard,7.33,0.0477,2.83,69.52,0.26,7,False,True,False
ORD102407,C70390,2025-06-10 15:39:14,2025-06-16 15:39:14,android_app,tablet,Safari,US,TN,google_pay,Holiday,Apparel,2,796.23,0.101,80.42,standard,3.48,0.0864,61.85,781.14,2.22,6,False,False,False
ORD102408,C44225,2025-03-10 04:47:22,2025-03-11 04:47:22,mobile_web,tablet,Opera,US,NJ,google_pay,BackToSchool,Apparel,2,98.11,0.033,3.24,overnight,28.73,0.0411,3.9,127.5,0.65,1,True,True,False
ORD102409,C95404,2025-05-29 10:34:33,2025-05-31 10:34:33,ios_app,mobile,Safari,US,WV,apple_pay,Holiday,Apparel,4,440.77,0.174,76.69,two_day,14.64,0.0568,20.68,399.4,1.77,2,True,True,False
ORD102410,C87977,2024-05-24 00:04:40,2024-05-29 00:04:40,ios_app,desktop,Safari,US,RI,card,None,Books,2,1432.49,0.188,269.31,standard,4.95,0.0467,54.32,1222.45,1.27,5,True,True,False
ORD102411,C98893,2024-04-19 14:41:14,2024-04-24 14:41:14,mobile_web,mobile,Safari,US,GA,klarna,Clearance,Books,1,634.62,0.0,0.0,standard,8.99,0.0876,55.59,699.2,0.56,5,True,True,False
ORD102412,C85448,2025-04-09 16:36:52,2025-04-15 16:36:52,mobile_web,mobile,Safari,US,NY,google_pay,NewArrivals,Pets,2,383.94,0.112,43.0,standard,4.11,0.0729,24.85,369.9,0.5,6,False,True,False
ORD102413,C84366,2024-02-26 03:41:47,2024-03-02 03:41:47,ios_app,mobile,Chrome,AU,AK,google_pay,Holiday,Sports,1,55.39,0.005,0.28,standard,5.35,0.0,0.0,60.46,0.51,5,True,True,False
ORD102414,C70747,2025-04-29 04:24:33,2025-05-04 04:24:33,web,tablet,Chrome,US,KS,google_pay,None,Beauty,1,462.28,0.071,32.82,standard,8.32,0.0922,39.6,477.38,1.48,5,True,True,False
ORD102415,C37782,2024-05-16 21:18:06,2024-05-19 21:18:06,marketplace,desktop,Opera,US,HI,paypal,SpringSale,Home,2,300.42,0.174,52.27,standard,8.08,0.0776,19.26,275.49,0.1,3,True,True,False
ORD102416,C40156,2024-02-09 22:03:30,2024-02-14 22:03:30,web,mobile,Chrome,US,AR,google_pay,Loyalty,Books,2,614.96,0.139,85.48,standard,5.89,0.0494,26.16,561.53,0.42,5,True,True,False
ORD102417,C46104,2025-04-22 20:58:45,2025-04-25 20:58:45,marketplace,mobile,Firefox,US,WA,paypal,Loyalty,Pets,2,935.88,0.073,68.32,standard,5.52,0.0858,74.44,947.52,0.47,3,True,True,True
ORD102418,C68007,2025-06-09 01:12:17,2025-06-14 01:12:17,web,desktop,Opera,FR,OH,google_pay,Holiday,Electronics,2,266.18,0.243,64.68,standard,6.95,0.0,0.0,208.45,0.14,5,True,True,False
ORD102419,C61502,2025-02-28 15:33:00,2025-03-04 15:33:00,marketplace,mobile,Edge,US,ME,google_pay,Holiday,Home,2,65.29,0.199,12.99,standard,8.38,0.0642,3.36,64.04,0.22,4,True,True,False
ORD102420,C29333,2025-01-09 11:07:42,2025-01-11 11:07:42,android_app,tablet,Safari,US,OR,paypal,None,Electronics,1,37.04,0.058,2.15,two_day,15.37,0.0,0.0,50.26,0.31,2,True,True,False
ORD102421,C71736,2024-05-03 20:58:23,2024-05-08 20:58:23,marketplace,tablet,Chrome,US,NC,paypal,SpringSale,Grocery,1,719.6,0.16,115.14,standard,5.5,0.0731,44.19,654.15,0.27,5,True,True,False
ORD102422,C54544,2024-01-14 14:13:41,2024-01-18 14:13:41,android_app,tablet,Chrome,US,AZ,card,SpringSale,Books,1,352.53,0.195,68.74,standard,4.72,0.0517,14.67,303.18,0.58,4,True,True,False
ORD102423,C20995,2024-02-01 10:16:09,2024-02-06 10:16:09,web,tablet,Opera,US,HI,card,Loyalty,Home,1,1655.36,0.05,82.77,standard,9.03,0.0776,122.03,1703.65,0.58,5,True,True,False
ORD102424,C43082,2025-01-22 00:21:19,2025-01-24 00:21:19,android_app,mobile,Opera,US,SD,paypal,BackToSchool,Apparel,1,129.88,0.111,14.42,two_day,14.3,0.0672,7.76,137.52,0.1,2,True,True,False
ORD102425,C54766,2025-05-04 23:41:20,2025-05-09 23:41:20,web,mobile,Chrome,US,WY,google_pay,Loyalty,Grocery,1,1029.27,0.146,150.27,standard,9.01,0.0542,47.64,935.65,0.78,5,True,True,False
ORD102426,C14910,2025-06-13 01:14:55,2025-06-17 01:14:55,web,tablet,Edge,US,WY,klarna,NewArrivals,Books,1,14.95,0.122,1.82,standard,3.7,0.0542,0.71,17.54,1.29,4,True,False,False
ORD102427,C49738,2024-10-28 10:39:39,2024-11-03 10:39:39,mobile_web,tablet,Safari,US,AL,google_pay,NewArrivals,Books,1,16.95,0.175,2.97,standard,8.84,0.0928,1.3,24.12,1.34,6,False,True,False
ORD102428,C18962,2024-07-16 14:50:51,2024-07-23 14:50:51,web,desktop,Firefox,US,VA,card,Clearance,Automotive,1,39.46,0.137,5.41,standard,6.51,0.0933,3.18,43.74,0.37,7,False,True,False
ORD102429,C73185,2024-08-10 09:38:24,2024-08-12 09:38:24,web,mobile,Opera,US,UT,klarna,None,Sports,1,72.58,0.156,11.32,two_day,19.55,0.0726,4.45,85.26,0.66,2,True,True,False
ORD102430,C65247,2025-06-17 03:56:22,2025-06-24 03:56:22,ios_app,tablet,Safari,US,OK,card,None,Sports,2,104.49,0.149,15.57,standard,3.02,0.087,7.74,99.68,0.34,7,False,False,False
ORD102431,C50035,2024-08-30 02:32:52,2024-09-02 02:32:52,ios_app,desktop,Safari,US,KY,klarna,Clearance,Beauty,1,56.49,0.236,13.33,standard,8.91,0.0832,3.59,55.66,0.1,3,True,False,False
ORD102432,C49198,2024-07-17 23:05:56,2024-07-22 23:05:56,web,mobile,Edge,US,MI,paypal,BackToSchool,Sports,5,1202.71,0.184,221.3,standard,6.55,0.0789,77.43,1065.39,1.34,5,True,True,True
ORD102433,C46323,2025-05-04 08:13:14,2025-05-09 08:13:14,marketplace,tablet,Edge,US,CO,google_pay,BackToSchool,Automotive,1,202.6,0.105,21.27,standard,3.84,0.0737,13.36,198.53,0.12,5,True,True,False
ORD102434,C76888,2024-07-11 03:10:42,2024-07-16 03:10:42,marketplace,desktop,Firefox,US,AR,card,SpringSale,Beauty,2,246.52,0.123,30.32,standard,7.3,0.0494,10.68,234.18,0.44,5,True,True,False
ORD102435,C20595,2024-12-13 19:00:42,2024-12-17 19:00:42,web,desktop,Safari,US,GA,card,None,Toys,2,25.28,0.005,0.13,standard,7.66,0.0876,2.2,35.01,0.35,4,True,True,False
ORD102436,C34507,2025-01-22 19:40:21,2025-01-26 19:40:21,android_app,tablet,Edge,US,IN,apple_pay,None,Beauty,3,1181.12,0.09,106.3,standard,3.91,0.0567,60.94,1139.67,0.48,4,True,True,False
ORD102437,C73655,2025-06-01 18:16:42,2025-06-04 18:16:42,android_app,desktop,Edge,US,VT,apple_pay,SpringSale,Apparel,2,427.59,0.106,45.32,standard,6.25,0.09,34.4,422.92,0.19,3,True,True,False
ORD102438,C33741,2025-04-01 08:08:44,2025-04-05 08:08:44,android_app,tablet,Opera,US,OK,card,Holiday,Beauty,2,58.74,0.078,4.58,standard,7.64,0.087,4.71,66.51,0.63,4,True,True,True
ORD102439,C17068,2024-08-28 12:02:58,2024-09-02 12:02:58,android_app,desktop,Opera,US,TX,paypal,None,Books,1,52.47,0.083,4.36,standard,7.08,0.0923,4.44,59.63,0.76,5,True,True,True
ORD102440,C30022,2025-02-14 23:33:05,2025-02-21 23:33:05,ios_app,desktop,Firefox,US,CA,google_pay,NewArrivals,Books,1,234.17,0.155,36.3,standard,7.82,0.0931,18.42,224.11,0.12,7,False,True,False
ORD102441,C25395,2024-12-08 12:37:04,2024-12-10 12:37:04,mobile_web,tablet,Safari,US,AZ,klarna,Holiday,Sports,1,56.76,0.001,0.06,two_day,10.89,0.0517,2.93,70.52,3.4,2,True,True,False
ORD102442,C90042,2024-02-26 02:31:17,2024-03-02 02:31:17,marketplace,desktop,Chrome,US,SC,apple_pay,BackToSchool,Toys,1,230.31,0.246,56.66,standard,6.74,0.0561,9.74,190.13,0.46,5,True,True,False
ORD102443,C49487,2024-12-05 18:34:25,2024-12-10 18:34:25,android_app,tablet,Edge,US,NJ,apple_pay,SpringSale,Sports,2,407.75,0.144,58.72,standard,6.29,0.0411,14.35,369.67,0.5,5,True,True,False
ORD102444,C67996,2024-02-17 20:06:11,2024-02-21 20:06:11,android_app,desktop,Firefox,US,AK,apple_pay,Loyalty,Books,2,559.6,0.065,36.37,standard,4.05,0.0,0.0,527.28,0.46,4,True,True,False
ORD102445,C53288,2025-04-24 19:10:03,2025-04-29 19:10:03,web,tablet,Edge,US,NE,klarna,None,Beauty,2,1041.07,0.087,90.57,standard,3.11,0.0845,80.32,1033.93,0.79,5,True,True,False
ORD102446,C51949,2024-04-24 23:37:18,2024-04-28 23:37:18,ios_app,tablet,Firefox,CA,SD,klarna,BackToSchool,Electronics,2,109.44,0.158,17.29,standard,9.94,0.0,0.0,102.09,0.87,4,True,True,False
ORD102447,C41663,2025-03-22 05:37:23,2025-03-26 05:37:23,ios_app,tablet,Opera,US,TN,google_pay,BackToSchool,Electronics,2,310.99,0.029,9.02,standard,3.96,0.0864,26.09,332.02,0.79,4,True,True,False
ORD102448,C98670,2024-03-17 15:38:44,2024-03-21 15:38:44,mobile_web,tablet,Chrome,US,CT,apple_pay,None,Books,2,171.64,0.136,23.34,standard,7.39,0.0683,10.13,165.82,1.41,4,True,True,False
ORD102449,C85807,2024-06-14 07:24:49,2024-06-16 07:24:49,android_app,desktop,Edge,US,PA,klarna,Holiday,Electronics,1,208.02,0.226,47.01,two_day,8.75,0.0486,7.83,177.59,0.29,2,True,True,False
ORD102450,C29136,2024-07-09 23:47:13,2024-07-11 23:47:13,marketplace,tablet,Chrome,US,MD,klarna,Holiday,Beauty,1,65.93,0.251,16.55,two_day,15.28,0.0638,3.15,67.81,0.73,2,True,True,False
ORD102451,C59506,2025-05-15 17:13:29,2025-05-17 17:13:29,web,tablet,Opera,US,SD,google_pay,Holiday,Pets,4,209.67,0.128,26.84,two_day,13.31,0.0672,12.29,208.43,2.34,2,True,False,False
ORD102452,C79793,2024-03-24 20:48:42,2024-03-26 20:48:42,ios_app,desktop,Edge,US,CO,paypal,Holiday,Electronics,1,793.94,0.027,21.44,two_day,9.43,0.0737,56.93,838.86,0.43,2,True,True,False
ORD102453,C95654,2024-10-17 19:34:43,2024-10-24 19:34:43,web,desktop,Edge,US,DC,google_pay,Clearance,Toys,3,737.35,0.167,123.14,standard,9.58,0.0764,46.93,670.72,1.41,7,False,True,False
ORD102454,C32937,2024-03-08 21:05:05,2024-03-14 21:05:05,ios_app,desktop,Edge,FR,FL,google_pay,NewArrivals,Beauty,5,854.1,0.256,218.65,standard,4.12,0.0,0.0,639.57,0.37,6,False,True,False
ORD102455,C83948,2025-02-02 13:44:46,2025-02-08 13:44:46,marketplace,tablet,Chrome,US,TX,apple_pay,Holiday,Sports,2,846.49,0.274,231.94,standard,4.54,0.0923,56.72,675.81,0.17,6,False,True,False
ORD102456,C19519,2024-04-14 02:28:44,2024-04-18 02:28:44,mobile_web,tablet,Opera,US,CA,google_pay,SpringSale,Home,1,880.68,0.179,157.64,standard,6.38,0.0931,67.32,796.74,0.28,4,True,True,False
ORD102457,C57774,2024-04-02 02:57:40,2024-04-04 02:57:40,ios_app,mobile,Firefox,US,AL,card,SpringSale,Grocery,1,67.87,0.102,6.92,two_day,10.55,0.0928,5.66,77.16,0.2,2,True,True,True
ORD102458,C47420,2025-01-16 14:37:34,2025-01-23 14:37:34,android_app,desktop,Safari,DE,KY,paypal,Holiday,Pets,2,50.51,0.059,2.98,standard,4.63,0.0,0.0,52.16,3.25,7,False,True,True
ORD102459,C11442,2024-12-30 11:01:32,2025-01-05 11:01:32,web,desktop,Opera,US,AK,card,Clearance,Pets,1,278.99,0.086,23.99,standard,7.04,0.0,0.0,262.04,0.1,6,False,True,False
ORD102460,C22842,2024-06-27 16:12:14,2024-07-04 16:12:14,web,desktop,Firefox,US,KS,paypal,Clearance,Electronics,2,412.85,0.256,105.69,standard,4.08,0.0922,28.32,339.56,0.22,7,False,True,False
ORD102461,C70794,2024-11-06 00:43:50,2024-11-08 00:43:50,web,desktop,Safari,US,ID,card,None,Pets,1,66.64,0.1,6.66,two_day,18.26,0.0454,2.72,80.96,0.48,2,True,True,True
ORD102462,C59518,2024-02-09 04:27:43,2024-02-14 04:27:43,android_app,tablet,Safari,US,OK,apple_pay,Holiday,Beauty,1,591.52,0.133,78.67,standard,3.69,0.087,44.62,561.16,0.43,5,True,True,False
ORD102463,C35558,2024-06-28 13:44:09,2024-07-02 13:44:09,ios_app,mobile,Edge,UK,DE,google_pay,Holiday,Beauty,2,150.91,0.172,25.96,standard,5.62,0.0,0.0,130.57,0.56,4,True,True,False
ORD102464,C30444,2024-01-10 16:57:31,2024-01-14 16:57:31,web,desktop,Safari,CA,FL,klarna,Clearance,Grocery,4,585.92,0.199,116.6,standard,5.3,0.0,0.0,474.62,0.56,4,True,True,False
ORD102465,C84847,2025-02-27 16:01:54,2025-03-04 16:01:54,android_app,desktop,Edge,US,MI,klarna,None,Sports,4,424.88,0.096,40.79,standard,7.82,0.0789,30.3,422.21,0.66,5,True,True,False
ORD102466,C99270,2024-12-16 03:59:49,2024-12-22 03:59:49,web,tablet,Chrome,US,KS,klarna,None,Apparel,1,116.13,0.228,26.48,standard,5.21,0.0922,8.27,103.13,0.32,6,False,True,False
ORD102467,C89862,2025-01-18 03:54:04,2025-01-23 03:54:04,mobile_web,mobile,Edge,US,LA,paypal,Holiday,Automotive,3,598.61,0.287,171.8,standard,9.85,0.096,40.97,477.63,0.4,5,True,True,False
ORD102468,C21741,2024-07-23 11:54:51,2024-07-25 11:54:51,web,desktop,Firefox,US,AL,apple_pay,None,Home,1,202.08,0.167,33.75,two_day,15.84,0.0928,15.62,199.79,0.1,2,True,True,False
ORD102469,C32517,2024-04-04 03:05:35,2024-04-09 03:05:35,web,tablet,Opera,US,MN,paypal,Holiday,Electronics,2,848.24,0.061,51.74,standard,5.13,0.0477,37.99,839.62,1.31,5,True,True,False
ORD102470,C79526,2024-07-06 14:41:14,2024-07-13 14:41:14,web,tablet,Firefox,US,WY,apple_pay,BackToSchool,Toys,2,1930.21,0.174,335.86,standard,4.7,0.0542,86.41,1685.46,0.17,7,False,True,False
ORD102471,C21913,2024-11-30 14:50:14,2024-12-02 14:50:14,marketplace,desktop,Firefox,US,TX,paypal,SpringSale,Pets,1,112.68,0.126,14.2,two_day,12.5,0.0923,9.09,120.07,0.71,2,True,True,False
ORD102472,C47453,2024-04-13 08:13:45,2024-04-18 08:13:45,ios_app,tablet,Firefox,US,OH,klarna,SpringSale,Electronics,2,1340.01,0.086,115.24,standard,8.77,0.0432,52.91,1286.45,1.46,5,True,True,False
ORD102473,C13858,2024-11-06 16:38:29,2024-11-09 16:38:29,marketplace,mobile,Opera,US,IL,apple_pay,SpringSale,Automotive,1,1460.88,0.15,219.13,standard,8.58,0.0486,60.35,1310.68,2.58,3,True,True,False
ORD102474,C21714,2025-06-10 01:34:18,2025-06-13 01:34:18,web,tablet,Firefox,US,OR,klarna,Loyalty,Pets,2,92.38,0.135,12.47,standard,3.28,0.0,0.0,83.19,2.59,3,True,True,False
ORD102475,C87508,2024-07-09 11:13:16,2024-07-11 11:13:16,mobile_web,desktop,Safari,US,TX,paypal,BackToSchool,Beauty,3,314.71,0.028,8.81,two_day,19.29,0.0923,28.23,353.42,0.24,2,True,True,False
ORD102476,C29589,2025-01-03 15:13:54,2025-01-08 15:13:54,web,tablet,Opera,FR,NJ,klarna,Clearance,Pets,2,327.67,0.108,35.39,standard,5.47,0.0,0.0,297.75,3.34,5,True,True,False
ORD102477,C67473,2024-07-29 04:18:35,2024-08-05 04:18:35,android_app,mobile,Edge,US,AL,google_pay,BackToSchool,Books,1,342.84,0.159,54.51,standard,3.04,0.0928,26.76,318.13,0.99,7,False,True,True
ORD102478,C39233,2024-01-02 21:04:30,2024-01-06 21:04:30,marketplace,mobile,Edge,US,WY,klarna,NewArrivals,Pets,2,131.32,0.071,9.32,standard,6.15,0.0542,6.61,134.76,1.11,4,True,False,False
ORD102479,C77150,2025-06-25 15:27:15,2025-06-29 15:27:15,marketplace,tablet,Chrome,US,KY,apple_pay,Holiday,Pets,1,185.35,0.157,29.1,standard,5.78,0.0832,13.0,175.03,0.98,4,True,True,False
ORD102480,C84036,2024-08-14 12:55:14,2024-08-16 12:55:14,marketplace,desktop,Chrome,US,WY,apple_pay,SpringSale,Apparel,1,180.47,0.114,20.57,two_day,18.94,0.0542,8.67,187.51,0.27,2,True,True,False
ORD102481,C33247,2025-02-25 04:35:24,2025-02-27 04:35:24,ios_app,tablet,Firefox,US,ND,google_pay,SpringSale,Home,2,832.3,0.151,125.68,two_day,8.9,0.0419,29.61,745.13,0.15,2,True,True,False
ORD102482,C55834,2025-06-25 05:16:16,2025-06-30 05:16:16,android_app,tablet,Chrome,US,VT,google_pay,Holiday,Sports,1,112.66,0.083,9.35,standard,9.55,0.09,9.3,122.16,0.97,5,True,True,False
ORD102483,C45886,2025-02-01 16:06:47,2025-02-03 16:06:47,marketplace,tablet,Safari,US,CT,card,SpringSale,Home,2,118.99,0.024,2.86,two_day,8.69,0.0683,7.93,132.75,0.21,2,True,True,False
ORD102484,C74514,2024-12-13 07:58:04,2024-12-15 07:58:04,android_app,mobile,Chrome,US,UT,apple_pay,Holiday,Toys,2,266.74,0.11,29.34,two_day,11.99,0.0726,17.24,266.63,0.94,2,True,True,False
ORD102485,C64764,2025-02-17 12:25:54,2025-02-24 12:25:54,marketplace,mobile,Safari,US,WA,paypal,None,Beauty,1,136.94,0.002,0.27,standard,6.43,0.0858,11.73,154.83,0.53,7,False,True,False
ORD102486,C14586,2025-03-15 16:57:45,2025-03-21 16:57:45,marketplace,mobile,Chrome,US,OH,google_pay,Loyalty,Automotive,3,405.46,0.031,12.57,standard,4.79,0.0432,16.97,414.65,0.21,6,False,True,False
ORD102487,C36499,2024-08-13 10:13:32,2024-08-19 10:13:32,ios_app,tablet,Chrome,US,KY,klarna,BackToSchool,Toys,3,1560.89,0.081,126.43,standard,9.98,0.0832,119.35,1563.79,0.57,6,False,True,False
ORD102488,C94038,2025-01-08 21:54:26,2025-01-13 21:54:26,android_app,tablet,Safari,US,ME,klarna,SpringSale,Books,2,240.17,0.048,11.53,standard,9.48,0.0642,14.68,252.8,0.69,5,True,True,False
ORD102489,C51914,2025-01-05 11:15:55,2025-01-11 11:15:55,ios_app,tablet,Firefox,CA,KY,apple_pay,Loyalty,Sports,2,2955.82,0.183,540.92,standard,7.9,0.0,0.0,2422.8,1.53,6,False,False,False
ORD102490,C72565,2025-05-20 14:39:18,2025-05-21 14:39:18,android_app,tablet,Safari,US,MT,apple_pay,SpringSale,Sports,1,28.67,0.182,5.22,overnight,34.71,0.0,0.0,58.16,2.24,1,True,True,False
ORD102491,C49371,2025-01-13 05:25:50,2025-01-15 05:25:50,ios_app,desktop,Edge,US,KY,klarna,Holiday,Beauty,3,531.08,0.104,55.23,two_day,17.01,0.0832,39.59,532.45,0.61,2,True,True,False
ORD102492,C29474,2025-05-08 11:08:48,2025-05-10 11:08:48,android_app,desktop,Opera,US,MT,google_pay,Holiday,Books,2,191.03,0.117,22.35,two_day,11.47,0.0,0.0,180.15,0.1,2,True,True,False
ORD102493,C45775,2025-03-19 20:01:58,2025-03-21 20:01:58,marketplace,tablet,Opera,US,LA,card,Holiday,Electronics,1,38.66,0.207,8.0,two_day,17.82,0.096,2.94,51.42,1.2,2,True,True,False
ORD102494,C77367,2025-01-19 02:03:28,2025-01-24 02:03:28,ios_app,mobile,Firefox,US,ID,google_pay,Loyalty,Sports,1,525.42,0.237,124.52,standard,3.54,0.0454,18.2,422.64,0.81,5,True,True,False
ORD102495,C48812,2024-06-20 07:45:17,2024-06-22 07:45:17,mobile_web,mobile,Chrome,US,OR,apple_pay,BackToSchool,Toys,2,684.44,0.138,94.45,two_day,8.82,0.0,0.0,598.81,0.17,2,True,False,False
ORD102496,C39044,2024-03-05 00:38:38,2024-03-07 00:38:38,ios_app,mobile,Firefox,UK,GA,google_pay,Holiday,Toys,1,148.56,0.111,16.49,two_day,12.56,0.0,0.0,144.63,0.32,2,True,True,False
ORD102497,C28200,2025-06-02 23:20:47,2025-06-07 23:20:47,mobile_web,mobile,Opera,US,LA,card,BackToSchool,Pets,1,32.2,0.248,7.99,standard,4.1,0.096,2.32,30.63,0.51,5,True,True,False
ORD102498,C76155,2024-04-14 19:40:46,2024-04-20 19:40:46,mobile_web,mobile,Safari,US,IN,klarna,Holiday,Sports,1,24.19,0.329,7.96,standard,9.01,0.0567,0.92,26.16,0.1,6,False,True,False
ORD102499,C36013,2024-03-04 11:17:19,2024-03-05 11:17:19,marketplace,mobile,Edge,US,NM,klarna,NewArrivals,Sports,2,1197.92,0.08,95.83,overnight,25.47,0.0931,102.6,1230.16,0.17,1,True,True,False
