edge_id,from_node_id,from_node_type,to_node_id,to_node_type,relationship,timestamp,order_id,category,customer_segment,edge_strength,price_bucket,region,state,campaign,same_household,prior_interactions,dwell_seconds,product_id,unit_price_usd,quantity,returned_flag,auth_approved
EDGE300000,C65482,Customer,P2261,Product,RETURNS,2024-01-27 13:42:26,ORD100938,Books,New,0.348,>$250,EU,WA,SpringSale,False,3,66,P2261,315.87,2,False,False
EDGE300001,C59599,Customer,P7625,Product,PURCHASED,2025-02-07 10:22:55,ORD102431,Toys,Loyal,0.376,<$25,APAC,WI,Holiday,False,4,62,P7625,19.21,1,False,True
EDGE300002,C44719,Customer,P8677,Product,ADDED_TO_CART,2024-01-06 14:04:37,,Pets,Active,0.173,$50-$100,EU,KS,Loyalty,False,5,16,P8677,68.68,2,False,False
EDGE300003,C13897,Customer,P7883,Product,VIEWED,2024-06-04 21:36:14,,Grocery,Active,0.873,$50-$100,NA,NV,Clearance,False,3,44,P7883,74.7,1,False,False
EDGE300004,C30350,Customer,P2015,Product,ADDED_TO_CART,2024-06-23 20:00:17,,Toys,Active,0.167,$50-$100,EU,AR,SpringSale,False,2,17,P2015,52.71,1,False,False
EDGE300005,C53455,Customer,P9721,Product,VIEWED,2025-04-23 17:40:23,,Apparel,Loyal,0.197,$25-$50,LATAM,PA,BackToSchool,False,4,54,P9721,43.96,1,False,False
EDGE300006,C98461,Customer,P8497,Product,PURCHASED,2024-11-07 13:23:24,ORD102371,Apparel,Active,0.172,<$25,NA,CT,SpringSale,False,2,72,P8497,10.91,3,False,True
EDGE300007,C33872,Customer,P7973,Product,PURCHASED,2024-01-20 15:56:17,ORD101522,Beauty,Active,0.975,$25-$50,APAC,KS,Loyalty,False,1,5,P7973,46.83,1,False,True
EDGE300008,C52715,Customer,C69045,Customer,REFERRED_FRIEND,2025-06-06 10:09:40,,Home,New,0.808,$100-$250,EU,TN,None,False,2,30,P4006,220.91,3,False,False
EDGE300009,C19855,Customer,P7609,Product,ADDED_TO_CART,2025-02-14 08:57:26,,Beauty,New,0.569,<$25,APAC,AR,NewArrivals,False,3,44,P7609,12.58,1,False,False
EDGE300010,C53907,Customer,P4469,Product,VIEWED,2025-05-06 19:46:11,,Electronics,Active,0.17,$25-$50,EU,SD,None,False,1,55,P4469,44.81,1,False,False
EDGE300011,C67841,Customer,C46157,Customer,REFERRED_FRIEND,2024-01-07 13:08:15,,Automotive,New,0.28,$100-$250,APAC,OR,BackToSchool,True,4,65,P9100,133.28,1,False,False
EDGE300012,C74251,Customer,P6522,Product,PURCHASED,2025-05-24 21:25:16,ORD102201,Home,AtRisk,0.368,$25-$50,LATAM,MS,Clearance,False,4,72,P6522,47.67,1,False,True
EDGE300013,C40264,Customer,P3828,Product,VIEWED,2024-07-03 05:50:23,,Sports,Active,0.461,$50-$100,EU,KY,NewArrivals,False,4,44,P3828,68.23,1,False,False
EDGE300014,C45254,Customer,P3505,Product,VIEWED,2025-01-25 05:06:09,,Automotive,Active,0.865,>$250,EU,MD,SpringSale,False,4,41,P3505,378.33,1,False,False
EDGE300015,C68296,Customer,P7000,Product,ADDED_TO_CART,2024-06-26 21:19:05,,Pets,Active,0.522,$50-$100,EU,ID,SpringSale,False,6,25,P7000,53.09,1,False,False
EDGE300016,C62925,Customer,P9340,Product,VIEWED,2024-07-05 03:56:58,,Electronics,Active,0.294,>$250,APAC,WY,Holiday,False,4,46,P9340,367.64,1,False,False
EDGE300017,C85139,Customer,C48631,Customer,REFERRED_FRIEND,2024-01-21 14:27:28,,Grocery,Active,0.478,$100-$250,LATAM,IL,Clearance,False,2,29,P5281,169.93,2,False,False
EDGE300018,C62930,Customer,P6061,Product,RETURNS,2024-05-21 08:31:55,ORD100212,Pets,AtRisk,0.551,<$25,NA,NC,SpringSale,False,0,59,P6061,21.35,1,False,False
EDGE300019,C96746,Customer,P7618,Product,PURCHASED,2024-01-13 18:05:43,ORD101776,Pets,New,0.423,$100-$250,NA,WI,BackToSchool,False,4,5,P7618,139.17,1,False,True
EDGE300020,C71041,Customer,P5323,Product,VIEWED,2025-02-14 03:39:12,,Home,Active,0.64,$25-$50,LATAM,IA,Clearance,False,2,36,P5323,40.43,1,False,False
EDGE300021,C69064,Customer,P9081,Product,VIEWED,2024-05-09 22:44:45,,Home,Loyal,0.256,$50-$100,EU,CA,Clearance,False,3,35,P9081,77.5,1,False,False
EDGE300022,P1682,Product,P7548,Product,ALSO_BOUGHT_WITH,2025-03-03 22:23:25,ORD100832,Automotive,Dormant,0.65,$100-$250,LATAM,NJ,BackToSchool,False,3,41,P1682,145.05,1,False,False
EDGE300023,C33580,Customer,P7390,Product,RETURNS,2025-06-13 19:06:38,ORD100615,Grocery,Active,0.153,>$250,NA,PA,NewArrivals,False,4,42,P7390,311.02,2,False,False
EDGE300024,C33227,Customer,P2807,Product,PURCHASED,2024-07-29 08:18:38,ORD100471,Sports,AtRisk,0.769,$50-$100,NA,OH,Clearance,False,4,43,P2807,66.78,1,True,True
EDGE300025,C31312,Customer,P5704,Product,VIEWED,2024-12-04 07:10:27,,Grocery,New,0.584,$100-$250,APAC,GA,BackToSchool,False,3,47,P5704,161.38,2,False,False
EDGE300026,C21155,Customer,C60797,Customer,REFERRED_FRIEND,2025-05-05 19:37:35,,Pets,New,0.736,$25-$50,LATAM,OR,Holiday,True,2,36,P8870,37.83,1,False,False
EDGE300027,C65012,Customer,P5507,Product,PURCHASED,2024-10-04 19:41:54,ORD100668,Beauty,Active,0.686,$25-$50,APAC,ND,SpringSale,False,3,82,P5507,43.83,1,True,True
EDGE300028,C93997,Customer,P3476,Product,RETURNS,2024-02-21 12:23:51,ORD100553,Electronics,Loyal,0.426,$25-$50,NA,AL,NewArrivals,False,2,104,P3476,33.78,3,False,False
EDGE300029,C93975,Customer,C81798,Customer,REFERRED_FRIEND,2024-11-11 19:45:19,,Toys,Loyal,0.624,$25-$50,LATAM,WA,NewArrivals,False,9,59,P7316,37.33,1,False,False
EDGE300030,C68710,Customer,P5248,Product,ADDED_TO_CART,2025-04-24 00:19:58,,Pets,AtRisk,0.125,>$250,NA,AZ,BackToSchool,False,0,36,P5248,290.78,1,False,False
EDGE300031,C16493,Customer,P1317,Product,ADDED_TO_CART,2025-05-07 22:12:44,,Pets,Loyal,0.559,$50-$100,EU,OH,BackToSchool,False,2,54,P1317,51.62,1,False,False
EDGE300032,C98475,Customer,P9114,Product,RETURNS,2025-01-09 01:48:23,ORD102087,Automotive,Active,0.851,<$25,EU,AK,Holiday,False,4,19,P9114,11.19,2,False,False
EDGE300033,C61673,Customer,P3990,Product,ADDED_TO_CART,2024-01-15 18:47:36,,Toys,New,0.757,$25-$50,EU,NH,Loyalty,False,3,5,P3990,29.56,1,False,False
EDGE300034,C56492,Customer,P6242,Product,PURCHASED,2024-04-21 21:43:00,ORD101681,Home,Active,0.28,$25-$50,APAC,AZ,BackToSchool,False,2,48,P6242,30.18,1,True,True
EDGE300035,C26819,Customer,P7093,Product,RETURNS,2024-10-07 14:33:56,ORD101471,Beauty,Active,0.706,$25-$50,APAC,NH,SpringSale,False,3,55,P7093,35.28,2,False,False
EDGE300036,C19546,Customer,P8534,Product,VIEWED,2024-01-24 05:55:55,,Apparel,Active,0.244,$100-$250,APAC,SD,None,False,1,59,P8534,235.17,1,False,False
EDGE300037,C56834,Customer,C99773,Customer,REFERRED_FRIEND,2024-01-21 07:46:02,,Pets,Active,0.43,$50-$100,APAC,VA,Clearance,False,4,39,P6786,76.9,1,False,False
EDGE300038,C41220,Customer,P7203,Product,VIEWED,2024-08-13 00:16:49,,Beauty,Active,0.757,$25-$50,LATAM,NJ,NewArrivals,False,1,56,P7203,37.98,1,False,False
EDGE300039,C17539,Customer,P7437,Product,ADDED_TO_CART,2024-10-10 16:35:49,,Automotive,AtRisk,0.759,$25-$50,APAC,OK,NewArrivals,False,3,5,P7437,38.58,3,False,False
EDGE300040,C24502,Customer,P4312,Product,ADDED_TO_CART,2024-07-03 14:15:27,,Grocery,Active,0.566,<$25,LATAM,IN,Loyalty,False,3,43,P4312,11.98,1,False,False
EDGE300041,C63269,Customer,P8330,Product,ADDED_TO_CART,2024-01-16 00:27:52,,Sports,AtRisk,0.582,$25-$50,NA,MS,SpringSale,False,3,69,P8330,25.75,1,False,False
EDGE300042,C42957,Customer,P3723,Product,ADDED_TO_CART,2025-01-13 04:48:43,,Apparel,New,0.23,$50-$100,APAC,IA,Holiday,False,5,45,P3723,51.04,1,False,False
EDGE300043,C36438,Customer,P3688,Product,PURCHASED,2024-11-12 03:41:09,ORD101448,Sports,Active,0.279,$50-$100,LATAM,NH,Clearance,False,5,77,P3688,50.12,1,False,True
EDGE300044,C35927,Customer,P3723,Product,VIEWED,2024-12-29 19:25:55,,Apparel,Active,0.827,$50-$100,EU,MO,Holiday,False,3,86,P3723,64.68,1,False,False
EDGE300045,C40420,Customer,P9431,Product,PURCHASED,2024-07-01 17:53:03,ORD101541,Toys,AtRisk,0.173,$100-$250,LATAM,CT,Holiday,False,1,26,P9431,246.06,1,False,True
EDGE300046,C98311,Customer,P5334,Product,VIEWED,2024-07-18 02:08:17,,Books,Active,0.584,$25-$50,NA,ME,BackToSchool,False,3,25,P5334,48.25,1,False,False
EDGE300047,C11157,Customer,P5067,Product,ADDED_TO_CART,2025-01-18 01:56:07,,Sports,Active,0.638,$100-$250,EU,UT,BackToSchool,False,4,41,P5067,229.82,2,False,False
EDGE300048,C63308,Customer,P9404,Product,VIEWED,2024-12-18 09:35:35,,Electronics,Loyal,0.85,<$25,NA,UT,None,False,1,57,P9404,13.54,1,False,False
EDGE300049,C83477,Customer,C83064,Customer,REFERRED_FRIEND,2025-02-01 21:04:28,,Books,AtRisk,0.862,>$250,LATAM,KY,BackToSchool,False,3,47,P4531,334.28,1,False,False
EDGE300050,P8352,Product,P3628,Product,ALSO_BOUGHT_WITH,2025-02-26 19:07:56,ORD100978,Apparel,New,0.741,$100-$250,NA,DC,Clearance,False,0,94,P8352,235.64,2,False,False
EDGE300051,C73810,Customer,P2480,Product,VIEWED,2024-03-10 13:37:35,,Toys,New,0.697,$100-$250,EU,LA,NewArrivals,False,1,63,P2480,107.31,2,False,False
EDGE300052,C27319,Customer,P9314,Product,VIEWED,2024-01-05 14:09:27,,Pets,AtRisk,0.653,>$250,APAC,ME,None,False,3,38,P9314,328.05,1,False,False
EDGE300053,C18457,Customer,P9804,Product,VIEWED,2025-04-15 15:53:46,,Books,Active,0.997,>$250,APAC,PA,BackToSchool,False,3,67,P9804,257.71,1,False,False
EDGE300054,C93058,Customer,P6673,Product,VIEWED,2024-07-21 19:47:11,,Grocery,Active,0.812,$50-$100,NA,CO,Loyalty,False,2,45,P6673,63.82,1,False,False
EDGE300055,C83062,Customer,P5408,Product,PURCHASED,2024-08-28 07:09:30,ORD101526,Grocery,Active,0.188,>$250,NA,IA,Holiday,False,0,5,P5408,285.53,2,False,True
EDGE300056,C24850,Customer,P2731,Product,VIEWED,2025-04-11 09:31:46,,Toys,Active,0.929,$100-$250,EU,NC,None,False,1,5,P2731,223.99,2,False,False
EDGE300057,C50776,Customer,P4774,Product,ADDED_TO_CART,2024-12-31 17:26:12,,Pets,AtRisk,0.844,$25-$50,LATAM,TN,Holiday,False,5,55,P4774,32.8,1,False,False
EDGE300058,C11113,Customer,P2215,Product,PURCHASED,2024-12-21 07:07:43,ORD100167,Automotive,Loyal,0.253,<$25,APAC,FL,Holiday,False,3,52,P2215,10.72,3,False,True
EDGE300059,C68091,Customer,P1925,Product,ADDED_TO_CART,2024-12-22 01:56:29,,Grocery,New,0.481,$100-$250,NA,NH,Holiday,False,1,14,P1925,197.51,1,False,False
EDGE300060,C43709,Customer,C21802,Customer,REFERRED_FRIEND,2024-12-07 15:40:12,,Electronics,Active,0.481,$50-$100,APAC,VA,Clearance,False,3,5,P1207,88.8,1,False,False
EDGE300061,C79644,Customer,P3476,Product,RETURNS,2025-03-07 20:56:12,ORD102111,Beauty,Active,0.917,$50-$100,EU,KY,BackToSchool,False,3,13,P3476,65.06,2,False,False
EDGE300062,C79291,Customer,P5928,Product,VIEWED,2025-06-19 07:56:22,,Books,Loyal,0.399,$100-$250,NA,GA,Holiday,False,2,44,P5928,195.03,1,False,False
EDGE300063,C29274,Customer,P8933,Product,VIEWED,2024-02-09 00:11:16,,Sports,Loyal,0.417,$25-$50,NA,AR,NewArrivals,False,0,51,P8933,44.87,3,False,False
EDGE300064,C36164,Customer,P9263,Product,VIEWED,2024-07-05 01:49:15,,Grocery,Active,0.563,$25-$50,APAC,MO,Holiday,False,4,45,P9263,43.93,2,False,False
EDGE300065,C24540,Customer,P8273,Product,PURCHASED,2024-01-21 16:59:29,ORD100726,Books,New,0.569,<$25,EU,NJ,BackToSchool,False,4,55,P8273,18.47,1,False,False
EDGE300066,C59946,Customer,P5254,Product,ADDED_TO_CART,2025-03-30 23:46:48,,Books,Active,0.584,<$25,EU,AK,Loyalty,False,4,50,P5254,17.94,1,False,False
EDGE300067,P1602,Product,P7582,Product,ALSO_BOUGHT_WITH,2024-03-10 22:48:37,ORD100989,Apparel,Loyal,0.169,$50-$100,EU,NM,SpringSale,False,2,59,P1602,52.86,1,False,False
EDGE300068,P9493,Product,P9821,Product,ALSO_BOUGHT_WITH,2024-06-12 03:09:55,ORD101992,Sports,Active,0.343,$25-$50,LATAM,MN,None,False,3,21,P9493,26.05,3,False,False
EDGE300069,P1751,Product,P3756,Product,ALSO_BOUGHT_WITH,2024-02-25 07:58:39,ORD100472,Sports,AtRisk,0.316,<$25,APAC,LA,Clearance,False,4,65,P1751,24.56,2,False,False
EDGE300070,C71916,Customer,P4163,Product,ADDED_TO_CART,2024-05-10 03:41:36,,Home,Active,0.496,$100-$250,LATAM,NE,BackToSchool,False,3,72,P4163,126.08,1,False,False
EDGE300071,C64558,Customer,P5701,Product,PURCHASED,2025-03-30 11:21:00,ORD100860,Books,Loyal,0.862,$100-$250,EU,TX,Loyalty,False,4,49,P5701,118.37,3,False,True
EDGE300072,C32692,Customer,P6118,Product,VIEWED,2024-11-08 04:18:13,,Electronics,Active,0.591,$100-$250,LATAM,WV,SpringSale,False,4,39,P6118,207.31,2,False,False
EDGE300073,C92969,Customer,P5735,Product,VIEWED,2024-12-08 20:55:46,,Toys,New,0.775,>$250,LATAM,NJ,NewArrivals,False,3,12,P5735,782.55,1,False,False
EDGE300074,C74338,Customer,P2923,Product,ADDED_TO_CART,2024-09-18 07:53:50,,Pets,Loyal,0.539,>$250,EU,NM,Holiday,False,3,58,P2923,368.38,4,False,False
EDGE300075,C58220,Customer,P7183,Product,PURCHASED,2025-06-13 09:25:06,ORD102138,Grocery,New,0.249,$50-$100,NA,TX,Loyalty,False,2,14,P7183,68.43,1,False,True
EDGE300076,C32139,Customer,P3614,Product,VIEWED,2024-04-13 09:26:49,,Apparel,New,0.97,$50-$100,EU,NC,BackToSchool,False,5,10,P3614,94.0,1,False,False
EDGE300077,P3278,Product,P8583,Product,ALSO_BOUGHT_WITH,2024-08-29 13:52:53,ORD100017,Apparel,Active,0.59,$25-$50,NA,NE,Loyalty,False,1,60,P3278,36.87,3,False,False
EDGE300078,C49811,Customer,P4436,Product,VIEWED,2024-10-25 01:09:15,,Sports,Active,0.783,$50-$100,NA,KY,Clearance,False,4,98,P4436,63.34,1,False,False
EDGE300079,C68581,Customer,P8965,Product,PURCHASED,2024-07-21 23:37:30,ORD101492,Grocery,Active,0.53,<$25,APAC,ID,None,False,5,13,P8965,20.87,1,True,True
EDGE300080,C35589,Customer,P7288,Product,VIEWED,2025-03-27 17:18:50,,Sports,New,0.519,$25-$50,NA,VT,None,False,1,55,P7288,30.43,1,False,False
EDGE300081,C54089,Customer,P5009,Product,VIEWED,2024-08-22 13:45:11,,Home,Loyal,0.822,$50-$100,EU,IL,BackToSchool,False,3,48,P5009,60.3,1,False,False
EDGE300082,P4709,Product,P4612,Product,ALSO_BOUGHT_WITH,2025-03-31 05:59:28,ORD101518,Toys,New,0.725,<$25,APAC,AR,SpringSale,False,1,63,P4709,18.49,1,False,False
EDGE300083,C44293,Customer,P6387,Product,PURCHASED,2024-06-09 16:04:54,ORD102470,Apparel,AtRisk,0.781,$100-$250,APAC,ME,Loyalty,False,2,53,P6387,195.69,1,False,True
EDGE300084,P4840,Product,P3882,Product,ALSO_BOUGHT_WITH,2024-10-13 22:57:17,ORD102368,Books,Loyal,0.787,$100-$250,EU,AR,None,False,1,32,P4840,173.35,3,False,False
EDGE300085,C88724,Customer,P8838,Product,PURCHASED,2024-11-10 03:06:48,ORD100564,Home,New,0.525,>$250,APAC,DC,Holiday,False,2,37,P8838,365.72,3,True,True
EDGE300086,C78897,Customer,P1653,Product,PURCHASED,2024-09-13 01:51:49,ORD102156,Apparel,Loyal,0.159,$100-$250,NA,NH,Clearance,False,4,5,P1653,206.0,1,False,True
EDGE300087,P1217,Product,P1671,Product,ALSO_BOUGHT_WITH,2024-05-28 10:49:25,ORD101134,Sports,Dormant,0.706,$25-$50,EU,MT,NewArrivals,False,2,36,P1217,40.17,1,False,False
EDGE300088,C20167,Customer,P6964,Product,ADDED_TO_CART,2025-03-20 00:49:12,,Electronics,Active,0.551,>$250,NA,SD,Holiday,False,6,54,P6964,329.17,3,False,False
EDGE300089,C84575,Customer,C62455,Customer,REFERRED_FRIEND,2024-08-04 21:28:07,,Apparel,Dormant,0.321,<$25,EU,WY,None,False,1,49,P7542,19.38,1,False,False
EDGE300090,C79091,Customer,P8131,Product,VIEWED,2024-09-02 03:10:56,,Toys,New,0.742,$50-$100,LATAM,IL,Clearance,False,3,83,P8131,55.65,1,False,False
EDGE300091,C76053,Customer,P2158,Product,ADDED_TO_CART,2024-10-12 00:56:32,,Electronics,Active,0.54,<$25,LATAM,MI,Clearance,False,1,64,P2158,18.02,1,False,False
EDGE300092,C55887,Customer,P8406,Product,VIEWED,2024-07-20 19:35:51,,Apparel,AtRisk,0.798,>$250,APAC,NH,Holiday,False,0,71,P8406,294.17,2,False,False
EDGE300093,P7945,Product,P8454,Product,ALSO_BOUGHT_WITH,2025-02-07 08:38:42,ORD101157,Grocery,Active,0.519,$50-$100,NA,CA,Holiday,False,6,69,P7945,57.83,1,False,False
EDGE300094,C33812,Customer,P6707,Product,VIEWED,2024-08-05 06:58:55,,Apparel,Active,0.379,$25-$50,LATAM,NH,Holiday,False,6,5,P6707,35.36,2,False,False
EDGE300095,C77696,Customer,P1783,Product,PURCHASED,2024-06-30 15:27:42,ORD101882,Books,New,0.93,$25-$50,LATAM,IN,SpringSale,False,3,13,P1783,36.1,2,False,True
EDGE300096,P3116,Product,P4407,Product,ALSO_BOUGHT_WITH,2025-04-12 18:11:00,ORD101293,Electronics,New,0.33,<$25,LATAM,CT,NewArrivals,False,7,38,P3116,15.86,2,False,False
EDGE300097,C63286,Customer,P2153,Product,ADDED_TO_CART,2025-01-19 00:21:52,,Beauty,New,0.974,>$250,LATAM,OR,SpringSale,False,4,10,P2153,688.66,2,False,False
EDGE300098,P7893,Product,P8165,Product,ALSO_BOUGHT_WITH,2025-02-22 11:16:29,ORD100696,Toys,Active,0.4,>$250,NA,FL,Clearance,False,0,43,P7893,254.39,1,False,False
EDGE300099,C58975,Customer,P3113,Product,VIEWED,2025-02-09 09:18:41,,Toys,Loyal,0.183,>$250,EU,MA,Loyalty,False,0,37,P3113,828.04,1,False,False
EDGE300100,C24986,Customer,P4571,Product,PURCHASED,2024-03-28 17:07:24,ORD102230,Apparel,AtRisk,0.904,>$250,NA,WI,BackToSchool,False,2,32,P4571,341.28,1,False,False
EDGE300101,P9939,Product,P1584,Product,ALSO_BOUGHT_WITH,2024-04-24 01:23:37,ORD100207,Beauty,New,0.497,$50-$100,EU,HI,Loyalty,False,3,65,P9939,91.66,1,False,False
EDGE300102,C27099,Customer,P9608,Product,VIEWED,2025-06-19 00:34:34,,Electronics,AtRisk,0.202,$100-$250,APAC,VT,NewArrivals,False,3,53,P9608,238.1,1,False,False
EDGE300103,C12776,Customer,P9800,Product,PURCHASED,2024-10-30 01:17:53,ORD100794,Grocery,New,0.446,>$250,APAC,CA,Loyalty,False,2,56,P9800,315.86,1,False,False
EDGE300104,C59091,Customer,C29304,Customer,REFERRED_FRIEND,2025-06-12 10:39:50,,Electronics,AtRisk,0.136,$50-$100,LATAM,HI,Loyalty,False,3,44,P7201,56.33,1,False,False
EDGE300105,C16468,Customer,P8076,Product,VIEWED,2024-02-18 00:33:23,,Beauty,Loyal,0.199,$100-$250,LATAM,MS,NewArrivals,False,4,37,P8076,233.27,1,False,False
EDGE300106,C44180,Customer,P4381,Product,VIEWED,2024-10-10 18:38:47,,Electronics,Active,0.964,$25-$50,LATAM,GA,SpringSale,False,4,76,P4381,32.3,1,False,False
EDGE300107,C20517,Customer,P3950,Product,ADDED_TO_CART,2024-05-07 12:41:11,,Toys,New,0.299,$25-$50,LATAM,VT,NewArrivals,False,5,5,P3950,27.08,1,False,False
EDGE300108,C56121,Customer,P1015,Product,VIEWED,2024-12-01 18:56:27,,Sports,AtRisk,0.604,$25-$50,APAC,MA,BackToSchool,False,3,5,P1015,29.89,1,False,False
EDGE300109,C69606,Customer,P1910,Product,VIEWED,2024-08-16 04:02:24,,Books,Active,0.468,$25-$50,APAC,MA,BackToSchool,False,3,71,P1910,40.46,1,False,False
EDGE300110,C42018,Customer,P7721,Product,ADDED_TO_CART,2024-06-06 22:03:10,,Sports,Active,0.982,$50-$100,NA,CO,Loyalty,False,3,32,P7721,62.5,1,False,False
EDGE300111,P8579,Product,P2439,Product,ALSO_BOUGHT_WITH,2024-12-19 23:45:03,ORD100689,Automotive,AtRisk,0.927,<$25,NA,UT,Clearance,False,3,57,P8579,14.1,4,False,False
EDGE300112,C74092,Customer,P1880,Product,VIEWED,2024-09-29 22:16:58,,Pets,AtRisk,0.148,$25-$50,NA,NH,Loyalty,False,3,7,P1880,46.7,1,False,False
EDGE300113,C82150,Customer,P3555,Product,VIEWED,2024-07-11 03:28:13,,Grocery,New,0.247,$25-$50,NA,AR,Holiday,False,3,53,P3555,35.41,1,False,False
EDGE300114,C46799,Customer,P5062,Product,VIEWED,2024-09-22 11:43:02,,Toys,Active,0.655,$25-$50,EU,WA,Clearance,False,3,36,P5062,35.77,1,False,False
EDGE300115,C70482,Customer,P7972,Product,ADDED_TO_CART,2025-02-07 01:45:09,,Grocery,Loyal,0.337,$50-$100,NA,IA,NewArrivals,False,4,67,P7972,72.24,1,False,False
EDGE300116,C21089,Customer,C98494,Customer,REFERRED_FRIEND,2024-07-11 11:20:25,,Grocery,New,0.619,>$250,LATAM,SD,Loyalty,False,7,23,P7485,372.26,1,False,False
EDGE300117,C55517,Customer,P4045,Product,VIEWED,2025-05-17 13:28:14,,Books,AtRisk,0.754,$25-$50,APAC,VA,SpringSale,False,1,52,P4045,38.0,2,False,False
EDGE300118,C99843,Customer,P8367,Product,PURCHASED,2024-03-02 07:55:55,ORD100075,Pets,Active,0.479,<$25,EU,MD,SpringSale,False,5,59,P8367,19.64,1,False,True
EDGE300119,C89822,Customer,P4360,Product,ADDED_TO_CART,2025-01-12 09:36:02,,Books,AtRisk,0.311,$50-$100,NA,AK,None,False,3,5,P4360,59.4,1,False,False
EDGE300120,C43445,Customer,P2487,Product,PURCHASED,2024-11-29 21:46:23,ORD101848,Beauty,AtRisk,0.591,$25-$50,APAC,SD,SpringSale,False,1,20,P2487,31.2,1,False,True
EDGE300121,C89961,Customer,P6342,Product,RETURNS,2024-02-10 09:40:09,ORD102224,Electronics,Active,0.121,>$250,APAC,VT,Clearance,False,5,28,P6342,364.53,1,False,False
EDGE300122,C30223,Customer,C67607,Customer,REFERRED_FRIEND,2024-12-23 23:17:00,,Toys,Active,0.457,$50-$100,APAC,DC,Loyalty,False,4,36,P5546,76.22,1,False,False
EDGE300123,C72094,Customer,P5561,Product,VIEWED,2024-12-26 20:55:08,,Books,Active,0.636,$100-$250,LATAM,WA,NewArrivals,False,4,49,P5561,220.03,1,False,False
EDGE300124,C14228,Customer,C15353,Customer,REFERRED_FRIEND,2024-12-12 21:29:17,,Apparel,New,0.786,>$250,NA,UT,Clearance,False,3,65,P2874,398.15,1,False,False
EDGE300125,C52597,Customer,P9611,Product,ADDED_TO_CART,2024-08-02 04:52:45,,Beauty,Loyal,0.117,$50-$100,LATAM,AZ,Loyalty,False,3,77,P9611,74.92,2,False,False
EDGE300126,P9114,Product,P2817,Product,ALSO_BOUGHT_WITH,2024-04-18 14:21:15,ORD101980,Home,New,0.631,<$25,LATAM,WA,Loyalty,False,1,64,P9114,20.64,1,False,False
EDGE300127,C69654,Customer,P2553,Product,PURCHASED,2024-05-26 12:14:30,ORD101120,Pets,Loyal,0.856,$100-$250,APAC,OK,Holiday,False,2,26,P2553,201.07,1,True,True
EDGE300128,C83369,Customer,P9154,Product,ADDED_TO_CART,2024-08-03 23:15:02,,Electronics,Active,0.428,$100-$250,LATAM,NE,SpringSale,False,2,7,P9154,234.16,2,False,False
EDGE300129,C62016,Customer,P9715,Product,VIEWED,2024-07-16 10:42:19,,Sports,Active,0.805,<$25,APAC,LA,SpringSale,False,2,88,P9715,20.91,2,False,False
EDGE300130,C63584,Customer,P4730,Product,ADDED_TO_CART,2025-04-28 20:24:48,,Books,Active,0.879,>$250,APAC,OH,NewArrivals,False,2,47,P4730,286.05,1,False,False
EDGE300131,C14253,Customer,P8410,Product,PURCHASED,2024-09-23 12:53:26,ORD102351,Pets,Active,0.151,$50-$100,NA,NE,SpringSale,False,2,65,P8410,75.81,1,False,False
EDGE300132,P6311,Product,P8758,Product,ALSO_BOUGHT_WITH,2024-12-03 10:45:33,ORD100034,Electronics,AtRisk,0.142,<$25,EU,WI,BackToSchool,False,5,56,P6311,13.87,1,False,False
EDGE300133,C34746,Customer,P2756,Product,ADDED_TO_CART,2024-05-06 14:33:22,,Pets,New,0.528,$100-$250,EU,WI,Clearance,False,6,12,P2756,247.33,4,False,False
EDGE300134,C73550,Customer,P2402,Product,VIEWED,2025-06-06 12:37:05,,Automotive,Active,0.845,$25-$50,LATAM,CO,Clearance,False,2,33,P2402,49.51,3,False,False
EDGE300135,C35202,Customer,C95108,Customer,REFERRED_FRIEND,2024-07-11 19:58:37,,Apparel,Active,0.841,>$250,APAC,IL,None,False,0,83,P6760,258.66,1,False,False
EDGE300136,C94065,Customer,P5488,Product,VIEWED,2024-05-07 07:12:47,,Books,New,0.161,$50-$100,EU,VT,Clearance,False,6,24,P5488,60.59,1,False,False
EDGE300137,C18793,Customer,P5389,Product,VIEWED,2024-12-19 10:23:06,,Grocery,New,0.184,$100-$250,APAC,MN,NewArrivals,False,2,62,P5389,225.79,1,False,False
EDGE300138,C62274,Customer,P6551,Product,PURCHASED,2024-10-12 07:19:28,ORD101647,Sports,Dormant,0.21,$50-$100,EU,VA,BackToSchool,False,3,17,P6551,68.14,1,False,True
EDGE300139,C36035,Customer,C20900,Customer,REFERRED_FRIEND,2024-11-01 04:56:51,,Grocery,New,0.406,>$250,LATAM,PA,Holiday,True,6,25,P8689,429.88,1,False,False
EDGE300140,C62025,Customer,P9579,Product,RETURNS,2024-07-25 10:03:57,ORD101603,Toys,Dormant,0.785,$25-$50,EU,NJ,None,False,5,38,P9579,45.38,1,False,False
EDGE300141,C80066,Customer,P9768,Product,VIEWED,2025-01-27 22:36:34,,Toys,Active,0.765,$50-$100,LATAM,AZ,Holiday,False,8,51,P9768,52.67,2,False,False
EDGE300142,C41580,Customer,P2697,Product,VIEWED,2024-07-30 21:57:29,,Home,Dormant,0.7,$25-$50,EU,AR,Loyalty,False,3,73,P2697,28.68,1,False,False
EDGE300143,P8077,Product,P9568,Product,ALSO_BOUGHT_WITH,2024-01-30 03:32:59,ORD100645,Sports,New,0.326,$50-$100,APAC,OR,BackToSchool,False,7,62,P8077,72.57,2,False,False
EDGE300144,C63451,Customer,C91752,Customer,REFERRED_FRIEND,2024-10-12 23:27:21,,Grocery,Active,0.12,>$250,EU,TN,Loyalty,False,1,58,P4444,728.63,1,False,False
EDGE300145,C50426,Customer,P7225,Product,PURCHASED,2024-05-20 01:12:25,ORD100486,Automotive,Dormant,0.583,$50-$100,LATAM,TN,NewArrivals,False,3,18,P7225,62.96,1,False,True
EDGE300146,P6356,Product,P8934,Product,ALSO_BOUGHT_WITH,2024-11-29 03:52:57,ORD100900,Sports,Loyal,0.705,>$250,LATAM,ID,Clearance,False,2,19,P6356,343.56,3,False,False
EDGE300147,C85498,Customer,P4304,Product,VIEWED,2025-05-21 12:30:34,,Automotive,New,0.141,<$25,APAC,AR,BackToSchool,False,1,39,P4304,10.85,2,False,False
EDGE300148,C22584,Customer,P2826,Product,ADDED_TO_CART,2024-04-01 04:30:45,,Home,New,0.437,$25-$50,LATAM,OH,None,False,3,38,P2826,33.07,1,False,False
EDGE300149,C71107,Customer,P9929,Product,VIEWED,2024-02-12 15:19:56,,Sports,New,0.692,$100-$250,EU,MT,Loyalty,False,1,18,P9929,184.76,1,False,False
EDGE300150,P7068,Product,P1855,Product,ALSO_BOUGHT_WITH,2025-04-23 16:20:38,ORD100306,Sports,Loyal,0.681,<$25,LATAM,GA,BackToSchool,False,5,80,P7068,21.52,3,False,False
EDGE300151,C59130,Customer,P7746,Product,VIEWED,2024-03-22 05:21:39,,Grocery,New,0.948,$50-$100,APAC,NH,NewArrivals,False,5,39,P7746,59.26,1,False,False
EDGE300152,C88412,Customer,P6538,Product,VIEWED,2024-08-27 15:44:04,,Beauty,AtRisk,0.306,<$25,APAC,NJ,None,False,2,14,P6538,13.62,1,False,False
EDGE300153,C36646,Customer,P6594,Product,VIEWED,2024-07-15 03:32:14,,Grocery,New,0.123,$50-$100,EU,AZ,Clearance,False,6,28,P6594,57.09,1,False,False
EDGE300154,C53188,Customer,P2231,Product,VIEWED,2025-04-24 00:24:32,,Automotive,Loyal,0.24,$25-$50,APAC,NY,None,False,3,69,P2231,43.5,1,False,False
EDGE300155,C77600,Customer,P8904,Product,ADDED_TO_CART,2024-05-25 02:21:57,,Grocery,New,0.537,$25-$50,EU,AK,BackToSchool,False,4,19,P8904,35.34,1,False,False
EDGE300156,P1569,Product,P3508,Product,ALSO_BOUGHT_WITH,2025-02-10 08:06:20,ORD102285,Pets,AtRisk,0.791,$50-$100,APAC,MT,Clearance,False,0,57,P1569,69.04,1,False,False
EDGE300157,C26931,Customer,C17850,Customer,REFERRED_FRIEND,2024-12-14 15:04:18,,Apparel,Active,0.216,>$250,EU,AZ,SpringSale,False,5,5,P5085,370.19,2,False,False
EDGE300158,C47884,Customer,P1841,Product,PURCHASED,2024-06-22 07:31:26,ORD101714,Beauty,Loyal,0.106,$50-$100,NA,WI,Clearance,False,3,5,P1841,70.79,1,True,True
EDGE300159,C46635,Customer,P4150,Product,PURCHASED,2025-04-20 21:50:33,ORD100439,Apparel,New,0.592,$50-$100,NA,NM,Loyalty,False,3,30,P4150,94.07,1,False,True
EDGE300160,C42065,Customer,P1933,Product,PURCHASED,2024-04-11 11:56:34,ORD101181,Beauty,Loyal,0.836,$25-$50,NA,AZ,BackToSchool,False,3,74,P1933,32.65,1,False,True
EDGE300161,C75763,Customer,P3440,Product,ADDED_TO_CART,2025-06-11 03:45:05,,Sports,New,0.467,$50-$100,LATAM,NJ,None,False,4,49,P3440,62.39,1,False,False
EDGE300162,P5587,Product,P7379,Product,ALSO_BOUGHT_WITH,2025-02-23 13:00:59,ORD102308,Sports,AtRisk,0.224,<$25,APAC,PA,Loyalty,False,2,50,P5587,16.68,1,False,False
EDGE300163,C70147,Customer,P8945,Product,ADDED_TO_CART,2024-05-10 01:40:38,,Sports,Active,0.126,<$25,APAC,HI,Clearance,False,4,81,P8945,13.96,1,False,False
EDGE300164,C90544,Customer,P8485,Product,VIEWED,2025-02-03 23:41:17,,Grocery,New,0.338,$50-$100,LATAM,MT,NewArrivals,False,3,31,P8485,84.71,1,False,False
EDGE300165,C89932,Customer,P2786,Product,VIEWED,2024-01-16 09:48:38,,Toys,Loyal,0.675,>$250,NA,RI,Clearance,False,2,53,P2786,268.82,2,False,False
EDGE300166,C68644,Customer,P3802,Product,RETURNS,2025-03-19 17:10:50,ORD100488,Beauty,Active,0.976,$100-$250,EU,CT,None,False,4,24,P3802,199.08,1,False,False
EDGE300167,C74673,Customer,C10561,Customer,REFERRED_FRIEND,2025-06-28 19:59:03,,Apparel,Active,0.252,$50-$100,EU,GA,BackToSchool,False,5,58,P6477,70.98,1,False,False
EDGE300168,P5914,Product,P5480,Product,ALSO_BOUGHT_WITH,2024-11-28 12:27:26,ORD102266,Books,Active,0.691,$100-$250,EU,MS,Loyalty,False,8,103,P5914,120.06,2,False,False
EDGE300169,C32336,Customer,P2759,Product,VIEWED,2024-09-26 12:08:25,,Grocery,Active,0.277,$50-$100,LATAM,CA,None,False,0,68,P2759,50.37,2,False,False
EDGE300170,P1191,Product,P2019,Product,ALSO_BOUGHT_WITH,2024-01-15 23:32:35,ORD102156,Automotive,Active,0.908,>$250,APAC,IA,Clearance,False,4,58,P1191,346.45,1,False,False
EDGE300171,C21109,Customer,P7244,Product,VIEWED,2025-01-18 21:26:02,,Apparel,Active,0.433,$100-$250,LATAM,UT,NewArrivals,False,8,5,P7244,178.78,1,False,False
EDGE300172,C75672,Customer,P6185,Product,VIEWED,2024-06-11 10:54:35,,Books,New,0.408,$50-$100,LATAM,VA,NewArrivals,False,0,45,P6185,65.25,1,False,False
EDGE300173,C73195,Customer,P5827,Product,VIEWED,2024-11-14 16:17:08,,Automotive,AtRisk,0.967,$25-$50,LATAM,CT,Holiday,False,0,79,P5827,46.07,1,False,False
EDGE300174,C53438,Customer,C43650,Customer,REFERRED_FRIEND,2024-06-26 01:30:37,,Home,Loyal,0.797,$50-$100,EU,VT,Holiday,False,0,21,P4693,65.16,3,False,False
EDGE300175,C77189,Customer,P2867,Product,VIEWED,2024-04-28 08:36:55,,Sports,Loyal,0.402,<$25,NA,AL,Holiday,False,5,30,P2867,12.84,1,False,False
EDGE300176,C54417,Customer,P6782,Product,VIEWED,2025-03-15 15:46:02,,Sports,AtRisk,0.82,$100-$250,APAC,LA,Holiday,False,2,30,P6782,129.64,2,False,False
EDGE300177,C13601,Customer,P8428,Product,VIEWED,2024-08-21 14:37:23,,Grocery,Loyal,0.18,$50-$100,EU,WY,BackToSchool,False,4,55,P8428,85.94,1,False,False
EDGE300178,C94700,Customer,P3439,Product,PURCHASED,2024-02-04 14:08:53,ORD100866,Beauty,Active,0.137,>$250,EU,SC,None,False,4,44,P3439,871.95,2,False,True
EDGE300179,P1132,Product,P1849,Product,ALSO_BOUGHT_WITH,2024-11-21 18:01:05,ORD101966,Grocery,Active,0.228,$100-$250,APAC,PA,None,False,2,5,P1132,224.61,1,False,False
EDGE300180,C62272,Customer,C60191,Customer,REFERRED_FRIEND,2024-04-25 23:29:21,,Toys,Dormant,0.39,$25-$50,EU,CT,Clearance,False,2,63,P6798,30.97,1,False,False
EDGE300181,C73935,Customer,P9147,Product,VIEWED,2024-04-19 06:39:28,,Books,New,0.64,$50-$100,NA,AZ,Loyalty,False,3,56,P9147,60.71,3,False,False
EDGE300182,C81643,Customer,P1950,Product,VIEWED,2025-04-06 01:09:11,,Electronics,New,0.492,>$250,LATAM,TN,SpringSale,False,3,65,P1950,287.83,1,False,False
EDGE300183,C50458,Customer,P5436,Product,PURCHASED,2024-01-15 08:05:40,ORD102034,Home,Loyal,0.201,>$250,LATAM,CO,SpringSale,False,0,30,P5436,296.85,2,False,True
EDGE300184,P9561,Product,P6475,Product,ALSO_BOUGHT_WITH,2024-12-29 14:26:44,ORD100727,Toys,Loyal,0.41,>$250,LATAM,AK,NewArrivals,False,3,10,P9561,287.7,1,False,False
EDGE300185,C68777,Customer,P3687,Product,ADDED_TO_CART,2024-07-21 12:30:20,,Beauty,Active,0.778,$50-$100,APAC,KY,Clearance,False,3,108,P3687,75.36,2,False,False
EDGE300186,C39718,Customer,P1863,Product,VIEWED,2025-01-21 11:28:59,,Automotive,AtRisk,0.248,<$25,EU,NC,None,False,2,69,P1863,15.25,1,False,False
EDGE300187,P7465,Product,P5417,Product,ALSO_BOUGHT_WITH,2025-04-06 02:01:00,ORD101431,Pets,Active,0.52,$50-$100,APAC,WI,BackToSchool,False,7,20,P7465,55.0,1,False,False
EDGE300188,P7550,Product,P4026,Product,ALSO_BOUGHT_WITH,2024-05-05 18:43:31,ORD100755,Pets,Dormant,0.588,>$250,EU,RI,None,False,3,31,P7550,283.25,1,False,False
EDGE300189,C37638,Customer,P2081,Product,RETURNS,2025-01-05 18:42:22,ORD100183,Grocery,Active,0.463,$25-$50,NA,NH,Loyalty,False,6,39,P2081,43.53,2,False,False
EDGE300190,C90850,Customer,P4588,Product,VIEWED,2024-03-06 15:07:01,,Pets,Active,0.253,<$25,NA,CT,None,False,0,68,P4588,11.09,3,False,False
EDGE300191,C71620,Customer,P6293,Product,ADDED_TO_CART,2025-02-24 18:09:26,,Grocery,AtRisk,0.233,$25-$50,APAC,WY,SpringSale,False,3,5,P6293,32.24,1,False,False
EDGE300192,C14431,Customer,P3813,Product,VIEWED,2025-04-04 23:18:07,,Books,Loyal,0.458,$100-$250,LATAM,TX,NewArrivals,False,7,44,P3813,160.86,1,False,False
EDGE300193,C38477,Customer,P4350,Product,ADDED_TO_CART,2025-06-03 15:34:53,,Toys,Active,0.574,$50-$100,LATAM,VA,Loyalty,False,2,74,P4350,53.2,3,False,False
EDGE300194,C61499,Customer,P3788,Product,PURCHASED,2024-08-05 19:51:50,ORD100735,Apparel,New,0.267,$25-$50,EU,MD,Holiday,False,5,5,P3788,44.92,1,False,True
EDGE300195,C86434,Customer,P2584,Product,VIEWED,2024-11-15 01:42:00,,Grocery,Active,0.188,>$250,EU,CO,Loyalty,False,1,63,P2584,267.2,1,False,False
EDGE300196,C94704,Customer,P2252,Product,VIEWED,2025-06-27 11:39:28,,Grocery,Active,0.25,$100-$250,EU,VA,SpringSale,False,2,7,P2252,185.68,1,False,False
EDGE300197,C13166,Customer,C75144,Customer,REFERRED_FRIEND,2025-05-12 12:41:40,,Apparel,Active,0.273,$100-$250,APAC,MN,SpringSale,False,3,36,P4462,138.12,1,False,False
EDGE300198,C51376,Customer,C67817,Customer,REFERRED_FRIEND,2025-02-03 08:41:50,,Home,Loyal,0.587,$50-$100,NA,UT,Clearance,False,4,44,P8300,81.55,1,False,False
EDGE300199,C29542,Customer,P5980,Product,VIEWED,2025-01-13 06:23:46,,Books,Active,0.394,$25-$50,APAC,CT,BackToSchool,False,3,26,P5980,45.29,1,False,False
EDGE300200,C22956,Customer,P9764,Product,VIEWED,2024-11-10 08:30:20,,Apparel,Loyal,0.434,$100-$250,APAC,IN,BackToSchool,False,7,71,P9764,191.17,1,False,False
EDGE300201,C96751,Customer,P2200,Product,VIEWED,2024-04-10 11:12:19,,Grocery,Loyal,0.234,$50-$100,NA,NH,SpringSale,False,2,46,P2200,54.09,1,False,False
EDGE300202,C38369,Customer,P3459,Product,VIEWED,2024-10-30 03:46:54,,Sports,AtRisk,0.542,<$25,NA,MN,BackToSchool,False,5,55,P3459,20.5,1,False,False
EDGE300203,C32775,Customer,P8215,Product,PURCHASED,2024-10-11 04:05:51,ORD100064,Books,New,0.583,$25-$50,NA,AZ,Clearance,False,1,21,P8215,49.13,2,False,True
EDGE300204,C59953,Customer,P1836,Product,VIEWED,2025-05-18 13:52:02,,Books,Active,0.513,$50-$100,NA,SC,Clearance,False,4,62,P1836,56.81,2,False,False
EDGE300205,C43895,Customer,C86355,Customer,REFERRED_FRIEND,2025-04-27 02:27:31,,Apparel,New,0.837,$25-$50,EU,ND,NewArrivals,False,3,52,P7538,36.44,1,False,False
EDGE300206,C73134,Customer,P6634,Product,VIEWED,2024-05-13 17:04:21,,Sports,Active,0.434,<$25,NA,OK,Holiday,False,2,23,P6634,22.59,4,False,False
EDGE300207,C30554,Customer,P5228,Product,PURCHASED,2025-04-22 17:04:00,ORD102264,Toys,New,0.611,$50-$100,NA,IL,BackToSchool,False,0,62,P5228,61.34,1,False,True
EDGE300208,C49341,Customer,P6589,Product,PURCHASED,2024-11-29 19:11:46,ORD101702,Beauty,Loyal,0.516,$100-$250,LATAM,GA,Holiday,False,5,42,P6589,197.49,2,False,True
EDGE300209,C64096,Customer,P3073,Product,VIEWED,2024-04-24 17:42:42,,Beauty,New,0.755,<$25,LATAM,FL,BackToSchool,False,2,46,P3073,10.9,4,False,False
EDGE300210,P5070,Product,P1013,Product,ALSO_BOUGHT_WITH,2024-12-02 23:21:40,ORD100102,Grocery,Loyal,0.399,<$25,NA,WY,None,False,3,30,P5070,10.37,2,False,False
EDGE300211,C45813,Customer,P7950,Product,VIEWED,2024-03-27 03:37:10,,Automotive,New,0.578,$25-$50,LATAM,KY,Holiday,False,4,45,P7950,49.15,2,False,False
EDGE300212,C35612,Customer,P7497,Product,VIEWED,2024-12-25 03:02:59,,Beauty,New,0.127,$100-$250,LATAM,WY,NewArrivals,False,4,5,P7497,138.61,1,False,False
EDGE300213,C95315,Customer,P6240,Product,VIEWED,2024-02-05 23:43:44,,Grocery,Active,0.839,>$250,NA,MN,Loyalty,False,3,83,P6240,945.72,3,False,False
EDGE300214,C28631,Customer,P5380,Product,ADDED_TO_CART,2024-07-01 16:40:43,,Apparel,Active,0.808,$50-$100,APAC,MO,Loyalty,False,0,18,P5380,68.15,1,False,False
EDGE300215,C58066,Customer,C60746,Customer,REFERRED_FRIEND,2025-04-08 13:42:59,,Sports,New,0.44,$100-$250,EU,NE,None,True,3,69,P8255,202.9,1,False,False
EDGE300216,C40436,Customer,P8256,Product,PURCHASED,2024-05-06 17:35:54,ORD100702,Automotive,New,0.995,$50-$100,APAC,DE,None,False,0,23,P8256,60.08,1,False,True
EDGE300217,C20050,Customer,P6802,Product,VIEWED,2024-07-23 06:57:46,,Electronics,Active,0.601,$50-$100,EU,AL,NewArrivals,False,2,68,P6802,60.99,1,False,False
EDGE300218,C39365,Customer,P2933,Product,ADDED_TO_CART,2025-04-06 11:02:30,,Electronics,Active,0.886,>$250,LATAM,NE,SpringSale,False,1,33,P2933,284.67,3,False,False
EDGE300219,C80895,Customer,P8953,Product,ADDED_TO_CART,2024-08-06 14:51:39,,Pets,New,0.418,$50-$100,EU,RI,Clearance,False,2,41,P8953,64.32,1,False,False
EDGE300220,P2195,Product,P9526,Product,ALSO_BOUGHT_WITH,2025-03-03 03:07:54,ORD101477,Beauty,Dormant,0.557,$100-$250,NA,CA,SpringSale,False,4,70,P2195,214.09,1,False,False
EDGE300221,C98080,Customer,P3166,Product,PURCHASED,2025-05-08 14:17:07,ORD101079,Sports,New,0.86,<$25,APAC,VA,NewArrivals,False,2,34,P3166,22.66,1,False,False
EDGE300222,C48723,Customer,P6748,Product,VIEWED,2024-05-04 20:01:42,,Beauty,Loyal,0.506,<$25,LATAM,UT,None,False,1,5,P6748,15.69,3,False,False
EDGE300223,P9749,Product,P9569,Product,ALSO_BOUGHT_WITH,2024-11-20 06:05:02,ORD101860,Grocery,Loyal,0.164,$50-$100,APAC,WI,Clearance,False,3,36,P9749,53.82,1,False,False
EDGE300224,C82127,Customer,P5496,Product,VIEWED,2024-04-13 22:51:08,,Grocery,New,0.23,$25-$50,NA,OR,NewArrivals,False,3,34,P5496,49.81,1,False,False
EDGE300225,P1143,Product,P9497,Product,ALSO_BOUGHT_WITH,2024-11-25 19:35:41,ORD100490,Home,Loyal,0.476,<$25,APAC,UT,NewArrivals,False,4,5,P1143,13.44,3,False,False
EDGE300226,C81831,Customer,C96007,Customer,REFERRED_FRIEND,2025-06-24 19:50:14,,Books,New,0.281,$25-$50,NA,OK,None,True,2,29,P5380,35.07,1,False,False
EDGE300227,C51444,Customer,P3630,Product,ADDED_TO_CART,2025-04-29 01:04:12,,Beauty,New,0.401,$25-$50,NA,IN,BackToSchool,False,3,5,P3630,27.06,1,False,False
EDGE300228,C26837,Customer,P5747,Product,ADDED_TO_CART,2024-06-23 09:46:55,,Grocery,Loyal,0.299,>$250,EU,MS,None,False,5,55,P5747,598.14,3,False,False
EDGE300229,C21481,Customer,P6314,Product,PURCHASED,2024-05-28 15:00:21,ORD100769,Sports,New,0.612,>$250,NA,SD,None,False,4,38,P6314,279.48,3,False,True
EDGE300230,C16690,Customer,P7137,Product,VIEWED,2024-03-28 00:32:35,,Toys,New,0.859,>$250,NA,IN,BackToSchool,False,3,29,P7137,311.64,1,False,False
EDGE300231,C17514,Customer,P2867,Product,ADDED_TO_CART,2024-11-21 10:21:05,,Home,Loyal,0.995,>$250,LATAM,RI,Clearance,False,0,64,P2867,259.76,1,False,False
EDGE300232,C72315,Customer,P6400,Product,PURCHASED,2024-02-22 13:04:04,ORD101756,Electronics,Active,0.537,$100-$250,LATAM,CT,Clearance,False,2,78,P6400,124.68,1,False,True
EDGE300233,P4169,Product,P9829,Product,ALSO_BOUGHT_WITH,2024-07-29 10:29:56,ORD101527,Sports,Active,0.637,$50-$100,EU,NV,Clearance,False,3,52,P4169,52.37,1,False,False
EDGE300234,C64068,Customer,P8589,Product,VIEWED,2025-04-03 14:47:59,,Toys,Loyal,0.799,$25-$50,LATAM,NH,SpringSale,False,10,66,P8589,28.71,2,False,False
EDGE300235,C64307,Customer,P3778,Product,ADDED_TO_CART,2024-04-23 00:27:03,,Pets,New,0.312,$50-$100,EU,ID,Clearance,False,2,5,P3778,83.64,1,False,False
EDGE300236,C90791,Customer,P5924,Product,PURCHASED,2024-09-14 03:14:38,ORD100025,Beauty,Active,0.145,>$250,APAC,DE,Loyalty,False,3,58,P5924,928.08,1,True,True
EDGE300237,C61766,Customer,P1636,Product,VIEWED,2024-07-10 10:18:32,,Toys,Loyal,0.913,>$250,LATAM,MA,Loyalty,False,2,28,P1636,338.0,1,False,False
EDGE300238,C46436,Customer,P7778,Product,PURCHASED,2024-02-12 02:40:44,ORD100800,Electronics,Active,0.166,$50-$100,APAC,NE,BackToSchool,False,1,10,P7778,73.49,1,False,True
EDGE300239,P5395,Product,P3257,Product,ALSO_BOUGHT_WITH,2025-02-10 07:19:59,ORD100730,Beauty,Active,0.644,$100-$250,NA,IN,BackToSchool,False,3,20,P5395,226.49,2,False,False
EDGE300240,C62156,Customer,P7178,Product,VIEWED,2024-11-26 05:06:57,,Apparel,New,0.894,$100-$250,APAC,PA,BackToSchool,False,1,46,P7178,164.99,3,False,False
EDGE300241,C22399,Customer,P1475,Product,PURCHASED,2024-03-30 10:17:26,ORD100496,Home,AtRisk,0.991,$25-$50,EU,LA,Loyalty,False,3,58,P1475,38.88,1,False,True
EDGE300242,C52611,Customer,P9978,Product,VIEWED,2025-02-08 13:35:46,,Pets,Active,0.166,$25-$50,APAC,SD,Clearance,False,3,93,P9978,39.19,3,False,False
EDGE300243,C69812,Customer,P1235,Product,VIEWED,2025-01-05 12:39:58,,Automotive,AtRisk,0.602,<$25,EU,WV,NewArrivals,False,3,21,P1235,13.07,1,False,False
EDGE300244,C69278,Customer,P2317,Product,RETURNS,2024-01-05 05:55:28,ORD101666,Automotive,Active,0.594,$50-$100,NA,MI,NewArrivals,False,3,82,P2317,59.4,3,True,False
EDGE300245,C36627,Customer,C59769,Customer,REFERRED_FRIEND,2024-03-28 06:38:58,,Grocery,Loyal,0.852,$25-$50,NA,AK,BackToSchool,False,3,71,P6764,49.41,1,False,False
EDGE300246,C34088,Customer,P8545,Product,VIEWED,2024-06-12 06:26:29,,Beauty,Loyal,0.999,>$250,LATAM,AL,NewArrivals,False,3,27,P8545,329.44,1,False,False
EDGE300247,C31358,Customer,P5219,Product,ADDED_TO_CART,2025-01-03 06:38:04,,Toys,New,0.844,<$25,EU,IN,SpringSale,False,3,72,P5219,18.66,2,False,False
EDGE300248,C72840,Customer,P5592,Product,VIEWED,2024-09-28 03:20:17,,Books,Active,0.243,>$250,APAC,KS,NewArrivals,False,4,43,P5592,611.68,2,False,False
EDGE300249,C40089,Customer,P7459,Product,RETURNS,2024-11-29 22:36:46,ORD101216,Grocery,AtRisk,0.943,>$250,EU,MD,BackToSchool,False,5,70,P7459,291.58,2,False,False
EDGE300250,C70520,Customer,P6067,Product,PURCHASED,2024-11-10 03:18:37,ORD100902,Grocery,Active,0.744,$25-$50,APAC,WV,Loyalty,False,3,34,P6067,38.66,4,False,True
EDGE300251,C32905,Customer,P9443,Product,PURCHASED,2024-04-23 07:35:26,ORD100972,Beauty,Active,0.342,$25-$50,NA,SD,None,False,6,63,P9443,41.16,1,False,True
EDGE300252,C80555,Customer,P4736,Product,PURCHASED,2024-06-19 22:50:16,ORD100900,Books,Active,0.927,$25-$50,EU,AK,BackToSchool,False,5,16,P4736,31.58,3,True,True
EDGE300253,C11680,Customer,P5264,Product,VIEWED,2025-01-30 18:20:45,,Beauty,AtRisk,0.658,$50-$100,NA,PA,Holiday,False,3,58,P5264,71.5,4,False,False
EDGE300254,C34676,Customer,P6270,Product,ADDED_TO_CART,2025-04-13 03:07:03,,Toys,Active,0.629,>$250,NA,IN,Clearance,False,1,69,P6270,345.04,2,False,False
EDGE300255,P5715,Product,P2486,Product,ALSO_BOUGHT_WITH,2024-01-21 01:32:14,ORD101760,Books,Loyal,0.946,>$250,LATAM,LA,BackToSchool,False,3,47,P5715,859.83,1,False,False
EDGE300256,C75833,Customer,P5913,Product,ADDED_TO_CART,2024-07-01 05:02:37,,Apparel,New,0.578,$50-$100,EU,SD,SpringSale,False,5,56,P5913,69.93,1,False,False
EDGE300257,C91804,Customer,P3246,Product,VIEWED,2025-04-01 23:15:44,,Grocery,Active,0.765,>$250,EU,HI,Clearance,False,2,60,P3246,321.07,1,False,False
EDGE300258,C96169,Customer,P7258,Product,ADDED_TO_CART,2025-02-26 20:53:28,,Electronics,Dormant,0.928,<$25,NA,NV,Clearance,False,4,11,P7258,12.76,1,False,False
EDGE300259,C20919,Customer,P1353,Product,VIEWED,2024-01-19 15:16:36,,Sports,New,0.589,$25-$50,APAC,TX,Clearance,False,5,28,P1353,47.42,1,False,False
EDGE300260,P1680,Product,P1391,Product,ALSO_BOUGHT_WITH,2024-08-04 00:45:58,ORD100740,Grocery,Active,0.897,>$250,APAC,MO,None,False,4,41,P1680,346.9,1,False,False
EDGE300261,P8815,Product,P6336,Product,ALSO_BOUGHT_WITH,2024-05-30 12:19:38,ORD101606,Electronics,New,0.878,$50-$100,LATAM,MA,SpringSale,False,3,23,P8815,54.87,1,False,False
EDGE300262,P8423,Product,P5795,Product,ALSO_BOUGHT_WITH,2024-06-30 20:32:25,ORD102344,Beauty,New,0.963,$25-$50,LATAM,MS,Loyalty,False,2,37,P8423,47.04,2,False,False
EDGE300263,C10291,Customer,P5161,Product,ADDED_TO_CART,2024-09-19 14:36:40,,Electronics,AtRisk,0.936,>$250,APAC,GA,None,False,5,45,P5161,304.52,1,False,False
EDGE300264,C70263,Customer,C85400,Customer,REFERRED_FRIEND,2024-01-28 01:11:37,,Sports,Loyal,0.164,$100-$250,LATAM,TX,None,False,4,64,P1323,225.44,2,False,False
EDGE300265,C14895,Customer,P1478,Product,ADDED_TO_CART,2024-11-12 19:17:16,,Home,Loyal,0.262,>$250,LATAM,NC,SpringSale,False,0,32,P1478,797.64,1,False,False
EDGE300266,P9123,Product,P3382,Product,ALSO_BOUGHT_WITH,2025-05-15 09:09:44,ORD101899,Electronics,Active,0.974,>$250,LATAM,OR,Clearance,False,4,48,P9123,385.25,4,False,False
EDGE300267,P7641,Product,P9218,Product,ALSO_BOUGHT_WITH,2024-11-12 07:20:00,ORD100157,Automotive,Active,0.475,$25-$50,NA,VA,None,False,2,73,P7641,28.91,1,False,False
EDGE300268,P2335,Product,P4655,Product,ALSO_BOUGHT_WITH,2025-04-26 18:59:00,ORD100553,Automotive,Active,0.686,$100-$250,NA,WI,NewArrivals,False,2,10,P2335,126.79,1,False,False
EDGE300269,P9384,Product,P9715,Product,ALSO_BOUGHT_WITH,2025-04-06 04:27:32,ORD101616,Books,AtRisk,0.789,$50-$100,APAC,VA,BackToSchool,False,5,49,P9384,93.49,1,False,False
EDGE300270,C55197,Customer,P8734,Product,VIEWED,2024-09-13 21:05:56,,Automotive,New,0.971,>$250,APAC,IL,Clearance,False,2,30,P8734,322.13,2,False,False
EDGE300271,C17037,Customer,P5525,Product,PURCHASED,2025-06-23 10:43:32,ORD101687,Home,Active,0.119,$50-$100,NA,NH,SpringSale,False,3,53,P5525,53.02,1,True,True
EDGE300272,C18784,Customer,P1057,Product,PURCHASED,2025-04-11 03:59:29,ORD102347,Beauty,Active,0.499,$100-$250,EU,AZ,Loyalty,False,3,36,P1057,167.32,1,False,True
EDGE300273,C49173,Customer,P4264,Product,VIEWED,2024-10-20 04:09:17,,Beauty,Loyal,0.12,$50-$100,NA,AK,SpringSale,False,3,5,P4264,58.83,1,False,False
EDGE300274,C70343,Customer,P4900,Product,VIEWED,2024-09-16 07:15:11,,Sports,AtRisk,0.296,>$250,EU,MN,Holiday,False,3,80,P4900,251.95,3,False,False
EDGE300275,C83664,Customer,P8355,Product,PURCHASED,2024-01-02 06:31:07,ORD101944,Automotive,Loyal,0.45,$100-$250,EU,CA,None,False,2,9,P8355,110.8,1,False,True
EDGE300276,C43709,Customer,P9421,Product,PURCHASED,2024-06-20 01:34:43,ORD100028,Sports,Active,0.752,$25-$50,EU,OR,None,False,4,10,P9421,35.04,1,False,True
EDGE300277,C46863,Customer,P5654,Product,VIEWED,2025-04-04 18:21:36,,Sports,New,0.652,<$25,LATAM,WA,Clearance,False,3,39,P5654,13.34,2,False,False
EDGE300278,C65505,Customer,P6680,Product,ADDED_TO_CART,2024-08-25 04:51:39,,Pets,Active,0.44,$50-$100,LATAM,MS,BackToSchool,False,1,37,P6680,83.84,1,False,False
EDGE300279,C70791,Customer,P7467,Product,ADDED_TO_CART,2024-06-22 22:00:12,,Automotive,AtRisk,0.44,$25-$50,EU,AR,Loyalty,False,4,33,P7467,43.51,1,False,False
EDGE300280,C31403,Customer,P9159,Product,VIEWED,2024-03-16 03:22:30,,Apparel,Loyal,0.39,$100-$250,EU,CA,Clearance,False,3,40,P9159,151.89,1,False,False
EDGE300281,C55398,Customer,C39878,Customer,REFERRED_FRIEND,2025-05-18 04:43:54,,Home,Active,0.606,>$250,LATAM,LA,None,False,6,84,P9298,261.24,4,False,False
EDGE300282,C45629,Customer,P1878,Product,ADDED_TO_CART,2024-12-16 16:01:57,,Grocery,Active,0.407,$100-$250,EU,TN,None,False,3,61,P1878,129.76,1,False,False
EDGE300283,C93918,Customer,P9491,Product,PURCHASED,2024-02-26 09:15:34,ORD100792,Pets,Loyal,0.316,<$25,EU,WV,Loyalty,False,4,5,P9491,12.56,3,False,True
EDGE300284,C57209,Customer,P2070,Product,PURCHASED,2025-06-04 00:50:48,ORD100039,Electronics,New,0.117,<$25,APAC,CO,None,False,1,32,P2070,18.39,2,False,True
EDGE300285,C72912,Customer,P4604,Product,PURCHASED,2024-02-09 00:13:46,ORD101444,Toys,Active,0.959,$50-$100,NA,OR,Loyalty,False,4,40,P4604,73.4,1,False,True
EDGE300286,C44141,Customer,P4569,Product,ADDED_TO_CART,2025-05-14 15:54:37,,Electronics,Active,0.357,$25-$50,NA,MD,None,False,2,81,P4569,34.35,2,False,False
EDGE300287,C38837,Customer,P8035,Product,ADDED_TO_CART,2025-02-01 10:22:31,,Apparel,Active,0.117,>$250,APAC,AL,SpringSale,False,2,39,P8035,378.39,1,False,False
EDGE300288,C51573,Customer,P4928,Product,VIEWED,2024-05-04 11:11:59,,Sports,Loyal,0.395,$50-$100,LATAM,VA,NewArrivals,False,3,9,P4928,73.09,1,False,False
EDGE300289,C78434,Customer,C89131,Customer,REFERRED_FRIEND,2025-03-09 01:22:56,,Home,AtRisk,0.14,$25-$50,EU,KY,Loyalty,False,1,66,P4007,39.91,1,False,False
EDGE300290,C30965,Customer,P3523,Product,RETURNS,2025-01-17 04:42:11,ORD101316,Automotive,AtRisk,0.503,$50-$100,EU,NJ,BackToSchool,False,1,58,P3523,74.9,1,False,False
EDGE300291,C63953,Customer,P9851,Product,VIEWED,2025-03-23 08:05:00,,Sports,New,0.109,$100-$250,NA,ME,Holiday,False,2,31,P9851,162.36,1,False,False
EDGE300292,C11255,Customer,P4016,Product,PURCHASED,2025-01-20 10:57:16,ORD100565,Home,AtRisk,0.173,$100-$250,NA,LA,NewArrivals,False,3,67,P4016,243.04,2,False,True
EDGE300293,C17075,Customer,P2634,Product,VIEWED,2024-07-14 14:24:37,,Beauty,New,0.93,$25-$50,EU,UT,Holiday,False,3,66,P2634,32.2,1,False,False
EDGE300294,C39483,Customer,P5658,Product,RETURNS,2025-01-28 13:37:13,ORD100681,Apparel,AtRisk,0.847,<$25,NA,WA,NewArrivals,False,3,37,P5658,14.87,2,False,False
EDGE300295,C79007,Customer,P5088,Product,PURCHASED,2024-03-05 09:41:23,ORD102363,Pets,AtRisk,0.948,$25-$50,APAC,OR,NewArrivals,False,4,31,P5088,42.6,1,False,True
EDGE300296,C69243,Customer,P5304,Product,VIEWED,2024-11-08 16:01:45,,Beauty,Active,0.657,<$25,LATAM,GA,Clearance,False,0,51,P5304,15.37,2,False,False
EDGE300297,C61886,Customer,P9568,Product,VIEWED,2025-03-21 09:56:30,,Sports,AtRisk,0.802,$25-$50,LATAM,OK,Clearance,False,4,58,P9568,39.39,1,False,False
EDGE300298,C59466,Customer,P5234,Product,VIEWED,2024-06-30 02:46:43,,Electronics,Active,0.746,$50-$100,NA,PA,BackToSchool,False,5,24,P5234,71.05,1,False,False
EDGE300299,C91041,Customer,P2230,Product,PURCHASED,2024-11-20 04:14:31,ORD101335,Books,Loyal,0.5,$100-$250,NA,CA,BackToSchool,False,2,65,P2230,181.57,2,False,True
EDGE300300,P7139,Product,P1628,Product,ALSO_BOUGHT_WITH,2025-01-24 07:12:59,ORD101890,Home,Active,0.531,$50-$100,APAC,CO,Loyalty,False,2,8,P7139,76.54,1,False,False
EDGE300301,C96917,Customer,P3793,Product,ADDED_TO_CART,2024-07-15 02:36:19,,Toys,AtRisk,0.319,$25-$50,APAC,NH,Loyalty,False,3,5,P3793,37.85,1,False,False
EDGE300302,C48581,Customer,P4555,Product,VIEWED,2024-07-27 11:49:22,,Sports,New,0.838,$100-$250,NA,GA,Loyalty,False,3,50,P4555,201.82,1,False,False
EDGE300303,C55237,Customer,C50305,Customer,REFERRED_FRIEND,2025-05-06 22:58:11,,Electronics,Dormant,0.323,$50-$100,EU,AK,SpringSale,False,0,73,P6262,67.16,1,False,False
EDGE300304,C77423,Customer,C14728,Customer,REFERRED_FRIEND,2024-09-19 17:04:39,,Sports,Active,0.592,$25-$50,APAC,NC,BackToSchool,False,4,43,P2294,28.41,2,False,False
EDGE300305,C46364,Customer,P4513,Product,VIEWED,2025-01-15 02:35:50,,Automotive,New,0.56,>$250,EU,WV,NewArrivals,False,4,61,P4513,274.09,1,False,False
EDGE300306,P7146,Product,P3480,Product,ALSO_BOUGHT_WITH,2024-07-08 12:58:27,ORD102204,Books,Active,0.178,>$250,EU,ME,Clearance,False,2,25,P7146,454.56,2,False,False
EDGE300307,C44251,Customer,P7679,Product,PURCHASED,2024-12-27 04:46:32,ORD100007,Pets,Loyal,0.94,$50-$100,APAC,WI,BackToSchool,False,6,51,P7679,59.53,3,False,False
EDGE300308,C97081,Customer,P8951,Product,VIEWED,2024-03-02 01:41:29,,Beauty,Active,0.543,>$250,LATAM,WY,SpringSale,False,3,46,P8951,252.72,1,False,False
EDGE300309,P9148,Product,P5738,Product,ALSO_BOUGHT_WITH,2025-05-27 01:04:06,ORD100175,Sports,New,0.916,$100-$250,LATAM,RI,Clearance,False,0,32,P9148,122.7,2,False,False
EDGE300310,P8473,Product,P8835,Product,ALSO_BOUGHT_WITH,2024-03-05 07:00:23,ORD102001,Toys,Loyal,0.93,$50-$100,EU,NJ,NewArrivals,False,1,56,P8473,69.38,1,False,False
EDGE300311,C69990,Customer,P4216,Product,VIEWED,2025-03-31 20:04:32,,Sports,New,0.953,<$25,APAC,RI,NewArrivals,False,3,5,P4216,14.83,1,False,False
EDGE300312,C76669,Customer,P7673,Product,ADDED_TO_CART,2024-05-28 10:17:20,,Apparel,AtRisk,0.527,>$250,LATAM,GA,NewArrivals,False,5,14,P7673,304.55,1,False,False
EDGE300313,C59388,Customer,P7874,Product,ADDED_TO_CART,2024-02-13 01:53:59,,Apparel,Active,0.718,$25-$50,EU,AL,NewArrivals,False,2,43,P7874,32.9,2,False,False
EDGE300314,P4714,Product,P4030,Product,ALSO_BOUGHT_WITH,2024-12-21 07:22:44,ORD100912,Beauty,New,0.609,$50-$100,APAC,VA,Loyalty,False,3,21,P4714,54.19,1,False,False
EDGE300315,C18476,Customer,P9162,Product,PURCHASED,2024-12-08 11:54:46,ORD101338,Home,New,0.628,$50-$100,NA,LA,NewArrivals,False,1,41,P9162,56.66,1,False,True
EDGE300316,P9526,Product,P1033,Product,ALSO_BOUGHT_WITH,2024-08-17 07:34:28,ORD100270,Sports,Loyal,0.181,$50-$100,NA,WI,NewArrivals,False,1,58,P9526,77.38,1,False,False
EDGE300317,C98783,Customer,P4962,Product,VIEWED,2025-01-31 18:22:28,,Home,AtRisk,0.289,$50-$100,APAC,PA,None,False,2,55,P4962,59.08,1,False,False
EDGE300318,C63954,Customer,P1529,Product,PURCHASED,2025-06-18 18:06:09,ORD101785,Grocery,Dormant,0.691,$50-$100,APAC,AZ,Clearance,False,2,35,P1529,53.4,3,False,True
EDGE300319,C68846,Customer,P9265,Product,ADDED_TO_CART,2025-06-23 17:18:25,,Sports,Active,0.621,>$250,LATAM,NV,NewArrivals,False,3,43,P9265,293.7,1,False,False
EDGE300320,C72029,Customer,C96709,Customer,REFERRED_FRIEND,2025-05-10 18:38:32,,Beauty,Active,0.558,<$25,EU,OK,NewArrivals,False,3,53,P2866,12.66,1,False,False
EDGE300321,C15423,Customer,P5345,Product,PURCHASED,2024-05-09 13:14:28,ORD101479,Beauty,Active,0.356,$25-$50,LATAM,AR,Loyalty,False,6,53,P5345,43.94,1,False,True
EDGE300322,C12531,Customer,C96139,Customer,REFERRED_FRIEND,2025-03-01 16:29:56,,Books,Dormant,0.529,$25-$50,APAC,MN,BackToSchool,False,1,57,P3275,48.23,1,False,False
EDGE300323,C33427,Customer,P2142,Product,ADDED_TO_CART,2024-06-12 00:53:27,,Pets,Active,0.487,$25-$50,LATAM,MO,NewArrivals,False,7,31,P2142,32.91,2,False,False
EDGE300324,C50038,Customer,P1912,Product,ADDED_TO_CART,2024-04-11 23:34:24,,Electronics,New,0.228,$100-$250,LATAM,MA,NewArrivals,False,3,85,P1912,174.58,1,False,False
EDGE300325,C40285,Customer,P5252,Product,VIEWED,2024-01-19 07:00:23,,Pets,Active,0.597,$25-$50,LATAM,WA,NewArrivals,False,3,38,P5252,44.17,1,False,False
EDGE300326,C74931,Customer,P8475,Product,RETURNS,2024-10-07 23:49:30,ORD100488,Sports,New,0.998,$25-$50,EU,MS,NewArrivals,False,3,38,P8475,25.43,1,False,False
EDGE300327,C68484,Customer,P3176,Product,VIEWED,2025-04-24 20:34:08,,Beauty,Active,0.101,>$250,EU,IN,Loyalty,False,3,44,P3176,338.51,1,False,False
EDGE300328,C95142,Customer,P3838,Product,VIEWED,2024-07-09 23:21:53,,Automotive,Loyal,0.881,$100-$250,LATAM,AL,Loyalty,False,2,58,P3838,212.24,1,False,False
EDGE300329,C86892,Customer,P6325,Product,PURCHASED,2025-03-24 11:44:17,ORD100520,Apparel,New,0.638,>$250,NA,UT,Clearance,False,5,36,P6325,383.62,2,False,False
EDGE300330,C42121,Customer,P2418,Product,PURCHASED,2025-03-30 13:39:29,ORD101880,Sports,Dormant,0.481,$100-$250,LATAM,DC,BackToSchool,False,4,57,P2418,232.69,2,False,True
EDGE300331,C46015,Customer,P5484,Product,PURCHASED,2024-11-29 18:26:32,ORD101421,Home,Loyal,0.489,>$250,APAC,VA,Clearance,False,3,69,P5484,278.16,3,False,True
EDGE300332,C86914,Customer,P2286,Product,PURCHASED,2025-03-12 22:19:21,ORD102141,Home,Active,0.912,$50-$100,NA,IA,NewArrivals,False,1,5,P2286,54.2,2,False,True
EDGE300333,C15023,Customer,P8440,Product,VIEWED,2024-08-05 17:10:38,,Pets,New,0.342,<$25,APAC,MN,None,False,2,58,P8440,21.08,3,False,False
EDGE300334,C59905,Customer,P2106,Product,VIEWED,2024-09-10 02:48:18,,Electronics,Active,0.681,$50-$100,NA,NC,None,False,1,8,P2106,72.7,1,False,False
EDGE300335,C68996,Customer,P3265,Product,ADDED_TO_CART,2024-08-20 07:31:15,,Toys,New,0.563,>$250,NA,HI,Loyalty,False,2,66,P3265,373.67,1,False,False
EDGE300336,C54484,Customer,P8944,Product,VIEWED,2024-11-26 03:12:33,,Grocery,Active,0.441,$50-$100,LATAM,MO,NewArrivals,False,2,76,P8944,59.47,1,False,False
EDGE300337,C40961,Customer,P4673,Product,PURCHASED,2024-05-25 04:22:18,ORD100358,Beauty,Active,0.163,>$250,EU,NE,SpringSale,False,2,93,P4673,613.21,1,False,True
EDGE300338,C49188,Customer,P7186,Product,VIEWED,2025-06-13 13:55:41,,Grocery,Active,0.681,>$250,EU,ID,BackToSchool,False,3,46,P7186,718.71,1,False,False
EDGE300339,C68282,Customer,P3279,Product,VIEWED,2024-06-09 22:11:19,,Apparel,New,0.13,$25-$50,APAC,HI,SpringSale,False,4,37,P3279,34.29,1,False,False
EDGE300340,C97556,Customer,P4496,Product,ADDED_TO_CART,2024-08-01 11:43:48,,Pets,Active,0.239,<$25,APAC,ND,NewArrivals,False,3,58,P4496,15.04,2,False,False
EDGE300341,C43757,Customer,C25056,Customer,REFERRED_FRIEND,2024-08-14 11:46:03,,Toys,New,0.357,<$25,LATAM,MA,Loyalty,False,4,5,P6134,21.52,3,False,False
EDGE300342,C54655,Customer,P1317,Product,VIEWED,2024-04-14 05:59:21,,Sports,New,0.27,$25-$50,EU,NJ,SpringSale,False,0,64,P1317,39.04,1,False,False
EDGE300343,C69133,Customer,P4100,Product,PURCHASED,2025-05-20 03:14:08,ORD100542,Automotive,Active,0.409,$50-$100,EU,AL,Loyalty,False,5,17,P4100,56.16,1,False,True
EDGE300344,C98072,Customer,P7813,Product,PURCHASED,2024-06-14 18:58:20,ORD101987,Books,Loyal,0.359,<$25,LATAM,TX,SpringSale,False,7,80,P7813,13.9,1,False,True
EDGE300345,C51718,Customer,P2109,Product,VIEWED,2024-04-23 00:36:03,,Sports,Loyal,0.518,$25-$50,NA,ID,Loyalty,False,4,63,P2109,41.27,2,False,False
EDGE300346,P9536,Product,P1751,Product,ALSO_BOUGHT_WITH,2025-06-19 16:15:14,ORD102490,Home,New,0.406,>$250,EU,NC,Holiday,False,5,24,P9536,319.49,1,False,False
EDGE300347,C96575,Customer,C19240,Customer,REFERRED_FRIEND,2025-05-13 12:05:10,,Pets,New,0.277,$25-$50,APAC,WA,None,False,3,62,P7805,36.4,1,False,False
EDGE300348,C18463,Customer,P9890,Product,VIEWED,2024-04-05 15:02:41,,Sports,AtRisk,0.741,$100-$250,LATAM,AK,SpringSale,False,3,61,P9890,107.45,2,False,False
EDGE300349,C16066,Customer,P8160,Product,ADDED_TO_CART,2024-12-09 07:43:55,,Pets,Active,0.208,$50-$100,APAC,MI,BackToSchool,False,4,53,P8160,77.47,1,False,False
EDGE300350,C60508,Customer,C43444,Customer,REFERRED_FRIEND,2024-09-29 06:36:40,,Home,Loyal,0.747,<$25,EU,IL,BackToSchool,False,2,37,P2053,13.93,1,False,False
EDGE300351,C61550,Customer,P6476,Product,VIEWED,2025-01-02 23:50:18,,Toys,Active,0.131,<$25,LATAM,DE,SpringSale,False,0,52,P6476,14.34,1,False,False
EDGE300352,C69069,Customer,P1897,Product,VIEWED,2024-10-11 11:43:44,,Beauty,Active,0.206,$50-$100,APAC,AR,NewArrivals,False,4,74,P1897,64.82,1,False,False
EDGE300353,C15524,Customer,P1768,Product,VIEWED,2025-04-08 02:40:46,,Sports,Active,0.277,<$25,APAC,UT,None,False,3,8,P1768,14.56,1,False,False
EDGE300354,C54738,Customer,P3879,Product,VIEWED,2024-07-13 23:50:02,,Automotive,New,0.365,<$25,LATAM,MT,Loyalty,False,5,85,P3879,12.72,2,False,False
EDGE300355,C37186,Customer,P4529,Product,RETURNS,2025-05-12 07:05:50,ORD101473,Apparel,AtRisk,0.676,>$250,NA,MN,SpringSale,False,3,89,P4529,280.46,1,False,False
EDGE300356,C42623,Customer,P7243,Product,VIEWED,2025-05-20 22:59:58,,Toys,Loyal,0.448,$50-$100,NA,ND,Holiday,False,1,37,P7243,64.38,1,False,False
EDGE300357,C90839,Customer,P2858,Product,ADDED_TO_CART,2025-01-17 12:12:41,,Toys,Dormant,0.801,$100-$250,APAC,WA,SpringSale,False,2,68,P2858,192.76,1,False,False
EDGE300358,C82690,Customer,P8055,Product,PURCHASED,2025-04-08 16:40:26,ORD102105,Toys,New,0.346,$25-$50,NA,VT,NewArrivals,False,2,49,P8055,43.59,3,False,True
EDGE300359,C94766,Customer,C13071,Customer,REFERRED_FRIEND,2025-05-20 08:08:01,,Apparel,AtRisk,0.847,<$25,APAC,VT,None,False,3,62,P1904,16.37,1,False,False
EDGE300360,P9278,Product,P1656,Product,ALSO_BOUGHT_WITH,2024-12-05 12:11:48,ORD102362,Electronics,Active,0.333,>$250,EU,ME,Holiday,False,5,63,P9278,303.95,2,False,False
EDGE300361,C21278,Customer,P8963,Product,PURCHASED,2024-08-04 04:33:58,ORD101563,Grocery,Active,0.827,<$25,LATAM,UT,Holiday,False,5,26,P8963,22.3,1,False,True
EDGE300362,C14163,Customer,P5626,Product,VIEWED,2024-08-17 21:40:15,,Pets,New,0.156,>$250,LATAM,RI,None,False,2,52,P5626,365.85,1,False,False
EDGE300363,C19275,Customer,C92864,Customer,REFERRED_FRIEND,2025-05-13 10:22:43,,Pets,New,0.304,$50-$100,LATAM,CA,SpringSale,False,3,72,P3321,61.64,1,False,False
EDGE300364,P9230,Product,P5765,Product,ALSO_BOUGHT_WITH,2024-09-01 22:07:07,ORD100597,Toys,Active,0.79,<$25,NA,IA,SpringSale,False,2,36,P9230,10.07,3,False,False
EDGE300365,C10350,Customer,C65113,Customer,REFERRED_FRIEND,2025-04-28 04:50:07,,Home,Active,0.884,$100-$250,NA,PA,None,False,2,11,P6692,200.23,1,False,False
EDGE300366,P3613,Product,P6303,Product,ALSO_BOUGHT_WITH,2024-08-31 06:51:43,ORD101010,Home,AtRisk,0.426,<$25,LATAM,DE,Clearance,False,4,5,P3613,17.36,1,False,False
EDGE300367,C77291,Customer,P5751,Product,ADDED_TO_CART,2024-01-04 16:19:05,,Home,Active,0.776,>$250,EU,DC,BackToSchool,False,5,28,P5751,968.15,1,False,False
EDGE300368,C92344,Customer,P1871,Product,VIEWED,2024-12-11 21:20:08,,Toys,Loyal,0.761,$50-$100,EU,GA,Holiday,False,4,5,P1871,65.92,2,False,False
EDGE300369,P5445,Product,P3539,Product,ALSO_BOUGHT_WITH,2024-05-02 04:04:26,ORD100323,Apparel,Loyal,0.673,$100-$250,APAC,OH,BackToSchool,False,3,5,P5445,181.76,2,False,False
EDGE300370,C24866,Customer,P9231,Product,PURCHASED,2024-08-17 12:57:58,ORD100765,Beauty,AtRisk,0.81,<$25,LATAM,NM,Clearance,False,0,60,P9231,13.14,1,True,True
EDGE300371,C57428,Customer,C92760,Customer,REFERRED_FRIEND,2025-04-16 10:30:27,,Electronics,Active,0.594,>$250,APAC,NY,Loyalty,False,2,30,P4299,383.28,1,False,False
EDGE300372,P7655,Product,P5144,Product,ALSO_BOUGHT_WITH,2024-12-25 01:37:09,ORD100956,Electronics,New,0.344,<$25,NA,FL,Loyalty,False,3,31,P7655,19.25,1,False,False
EDGE300373,C33974,Customer,P3316,Product,ADDED_TO_CART,2024-09-29 13:19:58,,Pets,AtRisk,0.146,$100-$250,NA,SD,BackToSchool,False,3,7,P3316,199.85,1,False,False
EDGE300374,C26621,Customer,P2894,Product,VIEWED,2025-02-09 16:45:56,,Books,New,0.737,$25-$50,EU,PA,Loyalty,False,4,13,P2894,35.33,1,False,False
EDGE300375,C36051,Customer,P5098,Product,VIEWED,2024-08-18 11:16:57,,Home,New,0.531,>$250,EU,UT,Clearance,False,4,12,P5098,318.28,2,False,False
EDGE300376,C79286,Customer,P8307,Product,ADDED_TO_CART,2024-09-04 09:59:04,,Pets,New,0.576,$25-$50,NA,LA,Clearance,False,2,35,P8307,48.41,1,False,False
EDGE300377,C80212,Customer,P4593,Product,PURCHASED,2025-01-12 19:33:51,ORD100032,Books,AtRisk,0.916,$25-$50,LATAM,ME,None,False,4,58,P4593,39.97,1,False,True
EDGE300378,C18456,Customer,P7297,Product,ADDED_TO_CART,2025-06-09 20:16:02,,Apparel,AtRisk,0.329,$50-$100,APAC,SD,None,False,2,5,P7297,78.37,1,False,False
EDGE300379,C76816,Customer,C63651,Customer,REFERRED_FRIEND,2024-03-22 20:41:52,,Sports,Active,0.13,$25-$50,NA,GA,None,False,4,40,P8552,33.26,1,False,False
EDGE300380,C26759,Customer,P5528,Product,VIEWED,2024-09-03 11:05:25,,Electronics,AtRisk,0.537,$100-$250,LATAM,ME,NewArrivals,False,1,72,P5528,151.82,1,False,False
EDGE300381,C53906,Customer,P7236,Product,VIEWED,2025-06-09 19:43:47,,Apparel,Active,0.348,$50-$100,EU,AK,Loyalty,False,7,39,P7236,59.24,1,False,False
EDGE300382,C62216,Customer,P8556,Product,VIEWED,2024-09-03 12:25:35,,Home,New,0.812,$25-$50,APAC,OH,Clearance,False,3,54,P8556,37.69,4,False,False
EDGE300383,C68671,Customer,P3273,Product,PURCHASED,2024-09-22 03:48:18,ORD102266,Books,New,0.461,$25-$50,NA,MO,NewArrivals,False,4,41,P3273,25.08,1,False,True
EDGE300384,C61544,Customer,P1284,Product,VIEWED,2025-04-10 18:50:23,,Books,Active,0.4,$25-$50,APAC,NH,BackToSchool,False,3,28,P1284,47.0,1,False,False
EDGE300385,C43587,Customer,P6048,Product,ADDED_TO_CART,2024-08-29 03:18:03,,Beauty,Loyal,0.844,$100-$250,LATAM,SD,Holiday,False,5,65,P6048,120.72,1,False,False
EDGE300386,C52065,Customer,P9178,Product,ADDED_TO_CART,2024-10-20 08:35:07,,Apparel,New,0.228,$50-$100,LATAM,AL,SpringSale,False,2,5,P9178,73.77,2,False,False
EDGE300387,P7992,Product,P7235,Product,ALSO_BOUGHT_WITH,2025-06-12 14:11:48,ORD102170,Automotive,Loyal,0.268,<$25,NA,WA,Clearance,False,3,6,P7992,19.62,1,False,False
EDGE300388,P7592,Product,P1666,Product,ALSO_BOUGHT_WITH,2025-02-11 17:39:09,ORD101347,Grocery,New,0.845,$50-$100,LATAM,OH,Holiday,False,1,50,P7592,79.24,1,False,False
EDGE300389,P3220,Product,P1928,Product,ALSO_BOUGHT_WITH,2025-06-14 00:34:59,ORD101507,Pets,Active,0.907,$50-$100,LATAM,UT,SpringSale,False,3,52,P3220,72.75,1,False,False
EDGE300390,C93229,Customer,C47793,Customer,REFERRED_FRIEND,2025-04-11 00:41:44,,Home,Loyal,0.736,$100-$250,NA,ID,SpringSale,False,3,70,P8921,123.87,1,False,False
EDGE300391,C54656,Customer,P8480,Product,VIEWED,2024-05-10 00:02:34,,Beauty,Loyal,0.828,<$25,NA,CA,NewArrivals,False,5,56,P8480,14.48,1,False,False
EDGE300392,C56589,Customer,P3533,Product,PURCHASED,2025-02-06 14:47:08,ORD100911,Pets,Active,0.162,$25-$50,APAC,OH,Clearance,False,0,37,P3533,44.3,3,False,True
EDGE300393,P8673,Product,P3617,Product,ALSO_BOUGHT_WITH,2025-05-27 22:26:18,ORD101386,Grocery,Active,0.317,>$250,APAC,LA,None,False,0,66,P8673,395.13,2,False,False
EDGE300394,C12943,Customer,C47422,Customer,REFERRED_FRIEND,2024-05-25 05:24:36,,Home,Loyal,0.417,$50-$100,NA,SD,SpringSale,False,3,30,P2447,51.46,1,False,False
EDGE300395,C51236,Customer,P1006,Product,VIEWED,2024-08-01 14:19:31,,Toys,Loyal,0.222,$50-$100,LATAM,CO,NewArrivals,False,3,52,P1006,63.34,2,False,False
EDGE300396,C95227,Customer,P5099,Product,VIEWED,2025-03-19 18:57:02,,Beauty,Active,0.264,$25-$50,LATAM,AZ,None,False,0,61,P5099,46.98,1,False,False
EDGE300397,C40678,Customer,P8038,Product,VIEWED,2024-07-14 02:30:18,,Home,Active,0.496,$100-$250,APAC,MO,BackToSchool,False,2,49,P8038,224.89,1,False,False
EDGE300398,C68871,Customer,P3018,Product,PURCHASED,2024-08-27 10:15:19,ORD101500,Sports,AtRisk,0.198,$100-$250,NA,CO,SpringSale,False,3,62,P3018,106.5,1,False,True
EDGE300399,C91768,Customer,P4861,Product,VIEWED,2025-04-03 14:11:13,,Sports,Loyal,0.588,<$25,NA,IN,Holiday,False,2,15,P4861,19.06,1,False,False
EDGE300400,C93042,Customer,P1112,Product,PURCHASED,2024-02-05 18:00:10,ORD101160,Automotive,Active,0.487,$50-$100,LATAM,IN,Holiday,False,3,41,P1112,65.55,1,False,True
EDGE300401,C91281,Customer,P9600,Product,RETURNS,2024-01-06 22:08:49,ORD101741,Home,Active,0.367,>$250,APAC,OR,SpringSale,False,2,62,P9600,260.72,1,False,False
EDGE300402,C93171,Customer,P8316,Product,VIEWED,2024-01-09 23:56:00,,Automotive,New,0.179,$50-$100,LATAM,DC,BackToSchool,False,5,25,P8316,54.63,1,False,False
EDGE300403,C72316,Customer,P6160,Product,VIEWED,2024-03-05 02:23:30,,Beauty,New,0.947,<$25,LATAM,AZ,Clearance,False,5,32,P6160,18.55,1,False,False
EDGE300404,C87932,Customer,P3003,Product,VIEWED,2025-06-02 10:48:35,,Electronics,AtRisk,0.875,$50-$100,NA,KS,SpringSale,False,8,48,P3003,72.56,2,False,False
EDGE300405,P9989,Product,P9277,Product,ALSO_BOUGHT_WITH,2025-03-12 00:16:16,ORD101948,Sports,New,0.66,$50-$100,APAC,DE,Holiday,False,4,29,P9989,69.62,1,False,False
EDGE300406,C51684,Customer,P4081,Product,PURCHASED,2025-06-24 22:50:42,ORD100031,Apparel,Active,0.976,<$25,LATAM,IL,None,False,3,38,P4081,22.19,1,False,True
EDGE300407,C15823,Customer,P6050,Product,VIEWED,2025-02-11 11:01:44,,Toys,New,0.312,<$25,LATAM,WA,None,False,6,55,P6050,17.07,1,False,False
EDGE300408,C64223,Customer,C86850,Customer,REFERRED_FRIEND,2024-11-19 08:20:02,,Apparel,Dormant,0.898,$25-$50,LATAM,OH,Clearance,False,6,28,P4547,41.34,2,False,False
EDGE300409,P9504,Product,P2103,Product,ALSO_BOUGHT_WITH,2024-10-08 07:09:19,ORD100650,Home,New,0.169,$50-$100,LATAM,NE,Loyalty,False,4,38,P9504,54.14,2,False,False
EDGE300410,C67318,Customer,P2877,Product,PURCHASED,2024-10-11 06:53:37,ORD102270,Sports,AtRisk,0.148,$25-$50,APAC,WI,BackToSchool,False,3,56,P2877,44.7,1,False,True
EDGE300411,C23478,Customer,P7663,Product,VIEWED,2025-04-15 00:59:01,,Apparel,New,0.142,$25-$50,APAC,MO,Clearance,False,2,14,P7663,32.88,1,False,False
EDGE300412,C55991,Customer,P7235,Product,VIEWED,2024-10-10 07:46:55,,Apparel,AtRisk,0.923,>$250,NA,NV,NewArrivals,False,2,11,P7235,324.09,1,False,False
EDGE300413,C94645,Customer,P7195,Product,PURCHASED,2025-04-13 19:46:37,ORD101479,Toys,Active,0.454,<$25,NA,IA,Loyalty,False,2,20,P7195,12.26,3,False,True
EDGE300414,C17474,Customer,P5557,Product,PURCHASED,2024-05-25 02:59:38,ORD100444,Automotive,New,0.167,$100-$250,EU,NM,SpringSale,False,3,32,P5557,226.91,1,False,False
EDGE300415,C41187,Customer,P4678,Product,ADDED_TO_CART,2024-03-29 16:23:08,,Books,Dormant,0.199,$100-$250,LATAM,NM,SpringSale,False,3,59,P4678,208.87,1,False,False
EDGE300416,C84952,Customer,P9298,Product,VIEWED,2024-01-31 01:37:02,,Toys,New,0.107,<$25,LATAM,SD,SpringSale,False,2,32,P9298,24.32,1,False,False
EDGE300417,C43115,Customer,C17214,Customer,REFERRED_FRIEND,2024-07-27 09:33:07,,Toys,Active,0.527,$100-$250,EU,VT,BackToSchool,False,3,85,P8807,226.87,1,False,False
EDGE300418,C36311,Customer,P4466,Product,ADDED_TO_CART,2024-02-18 15:22:53,,Electronics,Dormant,0.129,$25-$50,NA,OH,SpringSale,False,3,43,P4466,38.46,1,False,False
EDGE300419,C26527,Customer,P2351,Product,VIEWED,2024-12-15 23:39:26,,Grocery,Loyal,0.136,$25-$50,APAC,NE,BackToSchool,False,6,44,P2351,41.68,1,False,False
EDGE300420,C39642,Customer,P7295,Product,PURCHASED,2025-02-25 10:14:44,ORD101521,Toys,Active,0.866,$50-$100,LATAM,AK,SpringSale,False,4,53,P7295,72.93,1,False,True
EDGE300421,C10646,Customer,C69954,Customer,REFERRED_FRIEND,2025-03-07 13:35:19,,Automotive,Active,0.679,$50-$100,EU,CA,Holiday,False,3,40,P9772,87.08,1,False,False
EDGE300422,C34026,Customer,P5580,Product,PURCHASED,2025-01-17 09:48:23,ORD101372,Automotive,New,0.363,$100-$250,APAC,SC,Loyalty,False,6,31,P5580,212.14,1,False,True
EDGE300423,C75725,Customer,P6100,Product,VIEWED,2024-08-12 18:43:05,,Apparel,Loyal,0.572,$100-$250,APAC,MN,BackToSchool,False,4,103,P6100,175.94,1,False,False
EDGE300424,C62007,Customer,P8831,Product,VIEWED,2024-06-16 22:12:53,,Automotive,New,0.749,$25-$50,APAC,TN,NewArrivals,False,2,79,P8831,35.78,2,False,False
EDGE300425,C58868,Customer,P5139,Product,PURCHASED,2024-03-24 22:15:47,ORD100977,Sports,Loyal,0.798,$50-$100,EU,NY,NewArrivals,False,6,41,P5139,52.75,2,True,True
EDGE300426,C32215,Customer,P5704,Product,ADDED_TO_CART,2025-01-03 09:23:52,,Pets,New,0.52,$25-$50,LATAM,NE,Clearance,False,0,39,P5704,44.81,2,False,False
EDGE300427,C47265,Customer,P8386,Product,PURCHASED,2024-05-25 14:07:55,ORD101757,Sports,Loyal,0.848,$50-$100,EU,UT,SpringSale,False,2,8,P8386,66.7,1,False,True
EDGE300428,C99867,Customer,P3843,Product,VIEWED,2024-10-10 10:02:22,,Beauty,Loyal,0.786,$100-$250,EU,NC,NewArrivals,False,6,20,P3843,108.83,2,False,False
EDGE300429,C86589,Customer,P2883,Product,PURCHASED,2024-06-12 04:34:25,ORD102457,Beauty,New,0.292,>$250,LATAM,CT,NewArrivals,False,4,37,P2883,394.28,1,False,True
EDGE300430,C34978,Customer,P2555,Product,ADDED_TO_CART,2024-06-24 07:12:38,,Home,New,0.204,$50-$100,LATAM,IN,Clearance,False,6,18,P2555,74.83,1,False,False
EDGE300431,C54455,Customer,P9927,Product,PURCHASED,2024-06-05 01:27:51,ORD101056,Electronics,AtRisk,0.782,$25-$50,LATAM,IA,BackToSchool,False,3,41,P9927,40.43,2,False,True
EDGE300432,P1671,Product,P8378,Product,ALSO_BOUGHT_WITH,2025-04-27 01:05:49,ORD100542,Home,New,0.399,$50-$100,APAC,HI,Loyalty,False,3,122,P1671,72.16,1,False,False
EDGE300433,P5260,Product,P3399,Product,ALSO_BOUGHT_WITH,2024-10-24 14:54:21,ORD100414,Pets,Active,0.401,$25-$50,NA,NY,SpringSale,False,1,75,P5260,39.52,2,False,False
EDGE300434,C14096,Customer,P1891,Product,PURCHASED,2024-05-10 17:25:52,ORD101535,Sports,Active,0.558,>$250,LATAM,MS,SpringSale,False,2,42,P1891,315.26,1,False,True
EDGE300435,C77006,Customer,P4256,Product,VIEWED,2025-05-10 14:35:13,,Grocery,New,0.886,>$250,NA,NH,None,False,4,48,P4256,346.02,1,False,False
EDGE300436,C96199,Customer,P9138,Product,VIEWED,2025-01-27 16:39:58,,Sports,Active,0.31,>$250,EU,UT,Loyalty,False,2,30,P9138,295.21,1,False,False
EDGE300437,C39220,Customer,P2721,Product,PURCHASED,2024-07-06 19:02:47,ORD102487,Toys,New,0.115,$25-$50,LATAM,NY,SpringSale,False,1,45,P2721,41.66,1,False,True
EDGE300438,C96812,Customer,P4673,Product,PURCHASED,2024-07-28 05:29:55,ORD100040,Grocery,Loyal,0.565,$100-$250,APAC,AZ,BackToSchool,False,4,88,P4673,199.19,1,True,True
EDGE300439,C74417,Customer,P4385,Product,ADDED_TO_CART,2024-10-01 01:50:18,,Home,Dormant,0.165,$25-$50,LATAM,WI,BackToSchool,False,5,40,P4385,28.68,1,False,False
EDGE300440,C29474,Customer,P1725,Product,ADDED_TO_CART,2024-02-17 01:31:57,,Sports,New,0.295,$50-$100,EU,NV,Loyalty,False,4,5,P1725,68.41,2,False,False
EDGE300441,P7798,Product,P7753,Product,ALSO_BOUGHT_WITH,2024-08-31 02:21:21,ORD102196,Sports,Dormant,0.452,$50-$100,APAC,OH,BackToSchool,False,5,22,P7798,64.69,1,False,False
EDGE300442,C80388,Customer,P3096,Product,VIEWED,2025-06-07 21:49:30,,Grocery,New,0.889,$50-$100,LATAM,MI,Holiday,False,1,59,P3096,79.33,3,False,False
EDGE300443,C98034,Customer,P1147,Product,PURCHASED,2024-11-04 21:28:24,ORD100865,Beauty,AtRisk,0.783,<$25,NA,MA,Loyalty,False,5,93,P1147,21.63,3,True,True
EDGE300444,C66728,Customer,C58516,Customer,REFERRED_FRIEND,2024-01-14 21:41:12,,Beauty,New,0.907,$50-$100,LATAM,ND,Clearance,False,4,18,P3707,74.11,1,False,False
EDGE300445,C18922,Customer,P8106,Product,VIEWED,2024-07-20 09:51:44,,Apparel,New,0.104,$25-$50,EU,ND,SpringSale,False,2,59,P8106,40.93,2,False,False
EDGE300446,C70416,Customer,P2569,Product,VIEWED,2024-02-02 03:49:10,,Beauty,Active,0.591,$50-$100,EU,GA,Holiday,False,2,5,P2569,58.84,1,False,False
EDGE300447,P7298,Product,P7191,Product,ALSO_BOUGHT_WITH,2024-05-19 19:09:55,ORD102298,Pets,New,0.618,$50-$100,APAC,CT,Holiday,False,8,50,P7298,52.59,1,False,False
EDGE300448,C51208,Customer,P7852,Product,ADDED_TO_CART,2025-06-21 03:32:38,,Grocery,AtRisk,0.914,$25-$50,LATAM,NJ,Holiday,False,2,47,P7852,34.07,1,False,False
EDGE300449,C89241,Customer,P2174,Product,ADDED_TO_CART,2024-12-19 02:40:25,,Books,New,0.311,>$250,EU,DC,None,False,3,61,P2174,302.46,1,False,False
EDGE300450,C10825,Customer,P8729,Product,ADDED_TO_CART,2024-09-06 17:49:17,,Books,AtRisk,0.813,$50-$100,LATAM,MS,None,False,3,88,P8729,60.46,2,False,False
EDGE300451,C73716,Customer,P8406,Product,PURCHASED,2025-03-18 03:47:18,ORD102094,Pets,New,0.131,>$250,APAC,LA,Clearance,False,1,36,P8406,267.3,1,False,True
EDGE300452,P9389,Product,P3298,Product,ALSO_BOUGHT_WITH,2024-10-31 13:20:30,ORD100348,Apparel,Active,0.217,$50-$100,APAC,LA,Clearance,False,4,24,P9389,52.11,1,False,False
EDGE300453,C89419,Customer,P5689,Product,ADDED_TO_CART,2024-08-29 23:30:05,,Automotive,Active,0.783,$50-$100,NA,VT,Loyalty,False,3,19,P5689,70.35,1,False,False
EDGE300454,C93117,Customer,P1381,Product,ADDED_TO_CART,2024-04-12 04:50:22,,Books,Active,0.717,>$250,APAC,KY,Clearance,False,4,57,P1381,916.58,1,False,False
EDGE300455,C71044,Customer,P2063,Product,VIEWED,2024-09-09 20:50:48,,Electronics,Dormant,0.3,<$25,NA,CT,BackToSchool,False,3,10,P2063,12.09,4,False,False
EDGE300456,C42616,Customer,P3240,Product,VIEWED,2024-01-27 18:57:21,,Books,Dormant,0.674,$100-$250,NA,WV,NewArrivals,False,2,63,P3240,237.7,1,False,False
EDGE300457,C68672,Customer,P9040,Product,PURCHASED,2024-12-12 22:06:05,ORD100681,Pets,Active,0.317,$50-$100,APAC,NJ,SpringSale,False,4,45,P9040,50.62,2,False,True
EDGE300458,C16271,Customer,P4873,Product,PURCHASED,2025-04-06 23:10:45,ORD100104,Home,New,0.712,<$25,EU,IN,NewArrivals,False,3,49,P4873,18.96,1,False,True
EDGE300459,C95929,Customer,P7387,Product,VIEWED,2024-06-17 15:43:23,,Apparel,Loyal,0.852,$25-$50,LATAM,MO,SpringSale,False,4,31,P7387,26.89,2,False,False
EDGE300460,C43433,Customer,P5369,Product,VIEWED,2024-06-18 15:06:42,,Sports,New,0.622,<$25,NA,DC,Clearance,False,2,25,P5369,18.79,1,False,False
EDGE300461,C80426,Customer,P6959,Product,PURCHASED,2025-02-08 09:20:16,ORD102413,Grocery,Active,0.836,>$250,EU,OK,SpringSale,False,3,25,P6959,251.32,1,True,False
EDGE300462,C77726,Customer,P6336,Product,PURCHASED,2025-05-21 10:39:41,ORD100962,Beauty,New,0.791,$50-$100,APAC,WY,Clearance,False,4,17,P6336,67.71,1,False,True
EDGE300463,C54103,Customer,P4670,Product,ADDED_TO_CART,2024-02-03 00:08:00,,Apparel,Active,0.569,$50-$100,NA,LA,None,False,5,24,P4670,66.32,1,False,False
EDGE300464,C77908,Customer,P6435,Product,ADDED_TO_CART,2024-04-10 01:23:18,,Electronics,Loyal,0.589,$50-$100,NA,AL,SpringSale,False,0,32,P6435,57.54,2,False,False
EDGE300465,C13417,Customer,P1755,Product,VIEWED,2024-01-06 00:43:35,,Toys,Loyal,0.326,<$25,EU,OR,BackToSchool,False,1,30,P1755,15.66,2,False,False
EDGE300466,C45398,Customer,P9703,Product,VIEWED,2024-02-27 03:47:08,,Automotive,Active,0.861,>$250,APAC,OR,Loyalty,False,4,64,P9703,278.72,2,False,False
EDGE300467,C13146,Customer,P1688,Product,VIEWED,2024-03-06 08:57:55,,Automotive,New,0.943,<$25,LATAM,MT,NewArrivals,False,6,85,P1688,17.61,1,False,False
EDGE300468,C70069,Customer,P2679,Product,VIEWED,2025-06-03 05:03:32,,Toys,AtRisk,0.925,$50-$100,NA,PA,Loyalty,False,3,48,P2679,58.32,1,False,False
EDGE300469,C28477,Customer,P6621,Product,PURCHASED,2024-08-22 22:45:58,ORD102345,Home,New,0.874,>$250,LATAM,WI,Clearance,False,5,39,P6621,364.69,2,False,True
EDGE300470,C81936,Customer,P9487,Product,ADDED_TO_CART,2024-09-23 11:02:50,,Grocery,Dormant,0.25,>$250,NA,MN,None,False,4,44,P9487,992.28,1,False,False
EDGE300471,P1948,Product,P3791,Product,ALSO_BOUGHT_WITH,2024-07-31 09:01:41,ORD100481,Pets,Active,0.851,$50-$100,NA,AR,NewArrivals,False,5,67,P1948,56.44,1,False,False
EDGE300472,C80419,Customer,P2929,Product,VIEWED,2025-02-21 14:59:10,,Beauty,Active,0.764,$50-$100,LATAM,MN,Holiday,False,1,74,P2929,94.01,2,False,False
EDGE300473,P5869,Product,P3473,Product,ALSO_BOUGHT_WITH,2024-03-13 05:43:16,ORD100831,Beauty,Active,0.259,<$25,EU,MT,SpringSale,False,1,59,P5869,16.44,1,False,False
EDGE300474,C88993,Customer,P1798,Product,VIEWED,2025-04-28 08:33:13,,Sports,New,0.339,>$250,NA,LA,BackToSchool,False,3,78,P1798,392.22,1,False,False
EDGE300475,C29198,Customer,P8942,Product,ADDED_TO_CART,2025-05-04 09:49:36,,Pets,AtRisk,0.716,$100-$250,APAC,NJ,Holiday,False,1,5,P8942,113.63,2,False,False
EDGE300476,C92008,Customer,P8191,Product,VIEWED,2024-09-10 14:09:29,,Pets,Loyal,0.435,$50-$100,NA,IL,None,False,4,70,P8191,78.86,1,False,False
EDGE300477,P8085,Product,P9239,Product,ALSO_BOUGHT_WITH,2024-09-26 07:57:12,ORD100901,Beauty,Active,0.891,$25-$50,NA,TX,NewArrivals,False,4,35,P8085,36.91,1,False,False
EDGE300478,C63187,Customer,P4175,Product,RETURNS,2025-01-11 11:38:48,ORD100898,Sports,AtRisk,0.129,>$250,EU,PA,None,False,3,35,P4175,371.25,1,False,False
EDGE300479,C53682,Customer,P7248,Product,VIEWED,2024-01-23 07:30:39,,Electronics,Loyal,0.751,$50-$100,EU,DC,BackToSchool,False,3,82,P7248,76.85,3,False,False
EDGE300480,P6306,Product,P4442,Product,ALSO_BOUGHT_WITH,2024-09-08 14:54:57,ORD101995,Pets,AtRisk,0.294,$25-$50,NA,LA,NewArrivals,False,4,46,P6306,40.67,3,False,False
EDGE300481,C13436,Customer,P4612,Product,VIEWED,2024-01-10 06:49:50,,Grocery,Active,0.176,$25-$50,LATAM,MS,None,False,2,34,P4612,39.75,1,False,False
EDGE300482,C48031,Customer,P1983,Product,VIEWED,2025-01-30 00:37:52,,Pets,AtRisk,0.308,>$250,LATAM,MS,NewArrivals,False,2,5,P1983,685.48,3,False,False
EDGE300483,C27226,Customer,P7462,Product,VIEWED,2024-01-29 15:26:37,,Toys,New,0.846,$50-$100,LATAM,GA,SpringSale,False,6,32,P7462,66.98,2,False,False
EDGE300484,C42730,Customer,P5209,Product,PURCHASED,2024-06-08 02:33:03,ORD101918,Electronics,Active,0.765,$25-$50,LATAM,PA,Loyalty,False,3,24,P5209,41.02,2,False,True
EDGE300485,C27979,Customer,P4520,Product,RETURNS,2024-04-15 09:04:13,ORD100373,Beauty,New,0.576,$50-$100,NA,NY,SpringSale,False,1,36,P4520,78.98,1,False,False
EDGE300486,C62878,Customer,C83470,Customer,REFERRED_FRIEND,2024-06-18 16:04:12,,Automotive,Loyal,0.683,$50-$100,APAC,TN,Clearance,False,2,43,P2369,72.49,1,False,False
EDGE300487,C50923,Customer,P6347,Product,VIEWED,2024-10-17 16:08:33,,Toys,Loyal,0.869,$100-$250,EU,MN,Loyalty,False,3,35,P6347,173.05,1,False,False
EDGE300488,C74407,Customer,P8922,Product,PURCHASED,2025-05-10 09:51:10,ORD100640,Toys,AtRisk,0.469,>$250,EU,RI,SpringSale,False,4,49,P8922,617.61,1,False,True
EDGE300489,C42031,Customer,C26168,Customer,REFERRED_FRIEND,2024-06-12 20:21:42,,Automotive,New,0.113,$100-$250,NA,ND,BackToSchool,False,4,84,P5174,168.25,3,False,False
EDGE300490,C69719,Customer,P5012,Product,VIEWED,2024-06-18 08:13:51,,Beauty,New,0.296,$50-$100,APAC,MI,BackToSchool,False,4,36,P5012,68.54,2,False,False
EDGE300491,C99286,Customer,P1936,Product,VIEWED,2024-09-28 04:33:00,,Electronics,Dormant,0.548,$50-$100,EU,NE,BackToSchool,False,2,42,P1936,67.75,2,False,False
EDGE300492,C78488,Customer,P8384,Product,VIEWED,2024-09-06 04:52:58,,Beauty,New,0.735,$50-$100,EU,MD,Loyalty,False,2,77,P8384,74.56,1,False,False
EDGE300493,C62300,Customer,P4134,Product,VIEWED,2024-08-24 15:24:22,,Books,New,0.853,$100-$250,NA,LA,Loyalty,False,4,28,P4134,133.14,1,False,False
EDGE300494,P7607,Product,P4881,Product,ALSO_BOUGHT_WITH,2024-02-25 13:07:03,ORD101944,Home,Active,0.858,<$25,EU,TN,SpringSale,False,4,47,P7607,21.6,1,False,False
EDGE300495,C42493,Customer,P1468,Product,PURCHASED,2024-05-15 00:29:32,ORD102308,Toys,Active,0.897,$25-$50,EU,MA,BackToSchool,False,2,43,P1468,38.9,1,False,True
EDGE300496,C75152,Customer,P9011,Product,RETURNS,2025-02-24 14:00:11,ORD101386,Books,Dormant,0.295,>$250,NA,NJ,None,False,5,110,P9011,399.66,1,False,False
EDGE300497,C93875,Customer,C68725,Customer,REFERRED_FRIEND,2024-06-18 20:53:12,,Beauty,Active,0.404,$25-$50,EU,DC,BackToSchool,False,4,84,P4939,42.86,2,False,False
EDGE300498,C47432,Customer,P8123,Product,VIEWED,2024-12-07 11:00:12,,Apparel,Loyal,0.391,$50-$100,NA,RI,Clearance,False,4,5,P8123,50.26,1,False,False
EDGE300499,P3369,Product,P8993,Product,ALSO_BOUGHT_WITH,2024-05-23 13:00:23,ORD101834,Toys,AtRisk,0.496,$100-$250,EU,VT,SpringSale,False,6,16,P3369,192.86,2,False,False
EDGE300500,C68707,Customer,P9452,Product,VIEWED,2025-06-26 20:05:36,,Apparel,Active,0.73,$25-$50,LATAM,PA,None,False,1,24,P9452,41.25,1,False,False
EDGE300501,C15109,Customer,P6209,Product,VIEWED,2024-07-22 14:15:15,,Apparel,Loyal,0.84,$50-$100,NA,FL,Holiday,False,5,29,P6209,55.6,1,False,False
EDGE300502,C84212,Customer,P4766,Product,PURCHASED,2024-05-01 03:33:07,ORD102225,Electronics,Dormant,0.563,$100-$250,EU,SD,Clearance,False,5,13,P4766,158.67,1,True,True
EDGE300503,C80491,Customer,P1532,Product,RETURNS,2024-07-10 19:47:56,ORD101924,Apparel,New,0.874,$50-$100,APAC,AR,None,False,3,55,P1532,65.13,2,False,False
EDGE300504,C36900,Customer,P1746,Product,VIEWED,2024-11-21 16:12:24,,Sports,Active,0.247,$100-$250,NA,AL,SpringSale,False,3,78,P1746,232.53,1,False,False
EDGE300505,C34696,Customer,P7914,Product,VIEWED,2025-06-22 06:17:12,,Home,Active,0.446,$25-$50,EU,WA,Loyalty,False,3,53,P7914,40.41,1,False,False
EDGE300506,C40652,Customer,P4358,Product,ADDED_TO_CART,2024-12-19 10:26:32,,Beauty,Loyal,0.924,>$250,NA,MA,None,False,4,19,P4358,955.81,1,False,False
EDGE300507,P4250,Product,P4254,Product,ALSO_BOUGHT_WITH,2024-04-11 00:49:52,ORD100779,Grocery,Active,0.305,$25-$50,EU,PA,None,False,2,71,P4250,48.26,2,False,False
EDGE300508,C73566,Customer,P4348,Product,VIEWED,2024-06-02 05:13:19,,Electronics,Loyal,0.333,<$25,NA,SC,NewArrivals,False,4,71,P4348,10.75,1,False,False
EDGE300509,C88572,Customer,P1658,Product,VIEWED,2024-02-07 09:39:39,,Electronics,AtRisk,0.941,$50-$100,APAC,VT,BackToSchool,False,4,56,P1658,63.94,1,False,False
EDGE300510,C84312,Customer,P9313,Product,PURCHASED,2025-06-06 10:41:55,ORD101474,Sports,New,0.833,>$250,NA,VA,Holiday,False,2,42,P9313,370.96,1,False,True
EDGE300511,C65543,Customer,P3158,Product,PURCHASED,2024-10-23 07:15:38,ORD102484,Sports,AtRisk,0.363,$25-$50,APAC,OR,BackToSchool,False,5,13,P3158,30.8,1,True,True
EDGE300512,P2453,Product,P1918,Product,ALSO_BOUGHT_WITH,2024-12-17 04:23:31,ORD100239,Automotive,Loyal,0.634,<$25,NA,MA,Clearance,False,5,23,P2453,24.67,1,False,False
EDGE300513,P8542,Product,P1158,Product,ALSO_BOUGHT_WITH,2024-10-01 08:04:47,ORD101133,Automotive,Loyal,0.246,>$250,NA,MS,Clearance,False,2,78,P8542,255.7,1,False,False
EDGE300514,P3683,Product,P5547,Product,ALSO_BOUGHT_WITH,2025-01-16 10:19:49,ORD100335,Toys,Loyal,0.212,$50-$100,EU,NC,None,False,3,48,P3683,71.79,2,False,False
EDGE300515,C62152,Customer,P5887,Product,VIEWED,2024-09-08 21:45:41,,Electronics,AtRisk,0.491,$50-$100,APAC,HI,Loyalty,False,1,85,P5887,55.98,1,False,False
EDGE300516,C81411,Customer,P7385,Product,PURCHASED,2024-08-30 23:59:46,ORD102054,Pets,Loyal,0.813,$50-$100,LATAM,NH,None,False,2,44,P7385,58.66,1,True,True
EDGE300517,C52624,Customer,C30174,Customer,REFERRED_FRIEND,2024-11-16 10:05:07,,Pets,Active,0.681,$25-$50,APAC,NV,Clearance,False,4,81,P9506,37.84,1,False,False
EDGE300518,C85353,Customer,C72436,Customer,REFERRED_FRIEND,2024-04-12 00:46:52,,Automotive,Loyal,0.933,$50-$100,APAC,IN,None,False,3,57,P5595,77.48,1,False,False
EDGE300519,C29341,Customer,C66842,Customer,REFERRED_FRIEND,2025-06-10 01:05:45,,Toys,Active,0.156,$25-$50,NA,TN,BackToSchool,False,5,52,P3801,39.23,1,False,False
EDGE300520,C73091,Customer,C78865,Customer,REFERRED_FRIEND,2025-02-06 19:20:13,,Beauty,New,0.778,$25-$50,LATAM,WV,BackToSchool,False,2,78,P4780,48.7,1,False,False
EDGE300521,C11114,Customer,P5994,Product,VIEWED,2024-06-06 04:28:50,,Automotive,AtRisk,0.318,$25-$50,APAC,AL,None,False,3,74,P5994,42.43,1,False,False
EDGE300522,C91633,Customer,C73171,Customer,REFERRED_FRIEND,2024-08-20 16:21:28,,Automotive,Active,0.389,$100-$250,NA,WV,BackToSchool,False,4,19,P8379,149.95,1,False,False
EDGE300523,C16861,Customer,P3519,Product,PURCHASED,2024-11-25 13:30:28,ORD102214,Sports,New,0.277,$50-$100,EU,WV,Clearance,False,4,22,P3519,65.29,2,False,False
EDGE300524,C38835,Customer,P1521,Product,RETURNS,2025-01-06 10:37:51,ORD101934,Grocery,New,0.259,$100-$250,LATAM,MN,None,False,2,20,P1521,127.48,2,False,False
EDGE300525,C52057,Customer,P8434,Product,PURCHASED,2024-01-05 05:13:47,ORD101539,Sports,Active,0.21,$25-$50,APAC,CT,Loyalty,False,3,16,P8434,48.1,1,False,True
EDGE300526,P2585,Product,P3399,Product,ALSO_BOUGHT_WITH,2024-08-30 22:32:51,ORD102341,Pets,AtRisk,0.903,$50-$100,APAC,OH,BackToSchool,False,0,39,P2585,59.61,1,False,False
EDGE300527,C69152,Customer,P7728,Product,PURCHASED,2024-01-12 05:40:26,ORD101976,Electronics,Active,0.664,>$250,EU,ND,NewArrivals,False,5,26,P7728,301.85,1,True,True
EDGE300528,C75836,Customer,P5757,Product,VIEWED,2024-05-13 02:09:40,,Beauty,New,0.609,$25-$50,NA,AK,BackToSchool,False,4,49,P5757,35.96,1,False,False
EDGE300529,C58509,Customer,P4306,Product,VIEWED,2024-03-20 06:18:53,,Apparel,Loyal,0.655,>$250,EU,TX,Clearance,False,3,75,P4306,266.63,3,False,False
EDGE300530,C43832,Customer,P7323,Product,VIEWED,2024-10-31 13:00:53,,Books,Loyal,0.86,$25-$50,NA,AL,Clearance,False,2,32,P7323,30.64,1,False,False
EDGE300531,C12849,Customer,C33038,Customer,REFERRED_FRIEND,2024-10-04 07:35:18,,Apparel,Active,0.119,$50-$100,EU,ID,Clearance,False,3,43,P7101,74.44,1,False,False
EDGE300532,P8683,Product,P8399,Product,ALSO_BOUGHT_WITH,2024-09-25 21:31:37,ORD101808,Beauty,New,0.641,<$25,EU,VT,Clearance,False,3,64,P8683,23.55,1,False,False
EDGE300533,P3334,Product,P7789,Product,ALSO_BOUGHT_WITH,2025-06-28 01:33:05,ORD101548,Beauty,Loyal,0.866,$50-$100,APAC,CT,Loyalty,False,1,27,P3334,56.13,1,False,False
EDGE300534,C28960,Customer,C10979,Customer,REFERRED_FRIEND,2025-01-13 01:18:14,,Toys,Active,0.864,$50-$100,EU,MS,NewArrivals,False,5,59,P6298,74.93,3,False,False
EDGE300535,C96290,Customer,P6579,Product,ADDED_TO_CART,2024-11-18 03:28:42,,Toys,Active,0.217,$25-$50,EU,SC,BackToSchool,False,2,67,P6579,32.65,1,False,False
EDGE300536,C19169,Customer,P7628,Product,VIEWED,2025-06-12 04:34:12,,Sports,AtRisk,0.175,<$25,EU,FL,BackToSchool,False,4,46,P7628,11.29,2,False,False
EDGE300537,C28183,Customer,P1844,Product,ADDED_TO_CART,2024-06-28 21:01:31,,Apparel,Active,0.893,>$250,LATAM,MT,Holiday,False,4,40,P1844,357.15,1,False,False
EDGE300538,C88230,Customer,C52907,Customer,REFERRED_FRIEND,2024-04-11 22:23:09,,Pets,Loyal,0.403,>$250,APAC,AL,Holiday,False,3,64,P5581,278.0,3,False,False
EDGE300539,C29229,Customer,C44910,Customer,REFERRED_FRIEND,2025-06-22 16:06:26,,Beauty,New,0.75,<$25,APAC,KY,NewArrivals,False,3,25,P8086,23.65,1,False,False
EDGE300540,C36407,Customer,P8555,Product,PURCHASED,2024-11-07 20:32:53,ORD101828,Sports,New,0.184,$50-$100,LATAM,MT,SpringSale,False,5,98,P8555,57.63,1,False,True
EDGE300541,C69711,Customer,P1504,Product,PURCHASED,2024-12-30 05:23:09,ORD102185,Grocery,Active,0.418,$100-$250,APAC,TN,BackToSchool,False,2,39,P1504,153.59,1,False,True
EDGE300542,P3771,Product,P2940,Product,ALSO_BOUGHT_WITH,2025-01-04 20:14:27,ORD101019,Books,AtRisk,0.801,$100-$250,LATAM,OH,Loyalty,False,4,52,P3771,225.16,1,False,False
EDGE300543,C36826,Customer,P1733,Product,VIEWED,2024-04-05 08:32:28,,Apparel,New,0.548,<$25,APAC,IL,NewArrivals,False,1,5,P1733,23.34,1,False,False
EDGE300544,C65818,Customer,P5362,Product,PURCHASED,2024-02-05 12:43:15,ORD100503,Apparel,New,0.624,<$25,NA,WA,None,False,1,78,P5362,20.03,1,False,True
EDGE300545,C52714,Customer,P4239,Product,PURCHASED,2024-02-26 18:42:33,ORD101143,Beauty,Active,0.662,$100-$250,NA,WV,Clearance,False,3,5,P4239,167.67,1,False,True
EDGE300546,C83364,Customer,P8631,Product,PURCHASED,2024-03-02 10:46:03,ORD101948,Toys,Active,0.229,$25-$50,LATAM,AK,Loyalty,False,4,65,P8631,44.25,1,False,True
EDGE300547,C55307,Customer,P9453,Product,VIEWED,2024-06-07 18:22:01,,Books,Active,0.961,<$25,EU,OR,BackToSchool,False,1,67,P9453,23.73,1,False,False
EDGE300548,C89403,Customer,P8708,Product,VIEWED,2024-03-21 08:36:34,,Books,AtRisk,0.319,$100-$250,LATAM,VT,BackToSchool,False,3,48,P8708,222.35,2,False,False
EDGE300549,C57858,Customer,P3864,Product,VIEWED,2025-04-24 03:40:36,,Home,Active,0.254,$100-$250,NA,WY,BackToSchool,False,6,30,P3864,162.14,1,False,False
EDGE300550,C27782,Customer,C69826,Customer,REFERRED_FRIEND,2025-05-15 04:05:24,,Home,Active,0.151,$50-$100,EU,VT,Loyalty,False,0,41,P1816,74.5,2,False,False
EDGE300551,P6387,Product,P5272,Product,ALSO_BOUGHT_WITH,2025-05-17 20:34:23,ORD102457,Home,AtRisk,0.489,$25-$50,EU,VA,BackToSchool,False,2,56,P6387,44.34,1,False,False
EDGE300552,C90392,Customer,P5930,Product,VIEWED,2025-04-18 20:01:37,,Sports,Dormant,0.56,>$250,EU,SD,BackToSchool,False,2,52,P5930,361.35,1,False,False
EDGE300553,C29695,Customer,C80203,Customer,REFERRED_FRIEND,2024-11-09 23:44:27,,Grocery,Loyal,0.527,$50-$100,EU,VT,BackToSchool,False,6,69,P4482,55.43,1,False,False
EDGE300554,C72310,Customer,P8047,Product,VIEWED,2024-06-27 18:52:11,,Grocery,Active,0.243,$100-$250,LATAM,CT,SpringSale,False,2,16,P8047,156.19,1,False,False
EDGE300555,C96498,Customer,P4173,Product,VIEWED,2025-05-24 21:18:26,,Home,AtRisk,0.114,<$25,APAC,WA,SpringSale,False,4,67,P4173,22.26,1,False,False
EDGE300556,P9603,Product,P7812,Product,ALSO_BOUGHT_WITH,2025-06-06 02:53:15,ORD101305,Books,Dormant,0.154,$50-$100,APAC,AK,BackToSchool,False,2,83,P9603,67.47,3,False,False
EDGE300557,C82646,Customer,P1368,Product,VIEWED,2024-03-02 18:34:31,,Grocery,Active,0.82,>$250,APAC,GA,BackToSchool,False,4,88,P1368,301.23,1,False,False
EDGE300558,C83656,Customer,P5112,Product,PURCHASED,2024-08-03 12:49:05,ORD101475,Grocery,New,0.666,$100-$250,EU,NY,SpringSale,False,4,5,P5112,142.89,1,False,True
EDGE300559,P3067,Product,P7020,Product,ALSO_BOUGHT_WITH,2024-10-05 14:13:46,ORD101097,Automotive,Active,0.975,>$250,APAC,CA,Holiday,False,2,46,P3067,719.7,2,False,False
EDGE300560,C89907,Customer,P9232,Product,ADDED_TO_CART,2024-02-06 12:35:05,,Beauty,Loyal,0.922,$25-$50,EU,TX,Loyalty,False,3,49,P9232,43.01,1,False,False
EDGE300561,C50024,Customer,P9174,Product,VIEWED,2024-03-28 10:46:14,,Toys,Active,0.323,>$250,NA,OR,SpringSale,False,3,22,P9174,964.65,1,False,False
EDGE300562,C87735,Customer,P3628,Product,VIEWED,2024-03-04 08:06:09,,Sports,Active,0.259,$25-$50,NA,KS,BackToSchool,False,1,56,P3628,41.62,1,False,False
EDGE300563,C44897,Customer,P3888,Product,ADDED_TO_CART,2024-04-03 01:10:30,,Grocery,New,0.165,$50-$100,EU,DE,SpringSale,False,1,14,P3888,64.67,1,False,False
EDGE300564,C60783,Customer,P2303,Product,ADDED_TO_CART,2025-03-27 13:51:33,,Pets,AtRisk,0.646,$25-$50,LATAM,NH,BackToSchool,False,2,54,P2303,45.73,2,False,False
EDGE300565,C95233,Customer,P7112,Product,PURCHASED,2024-09-18 13:21:30,ORD101475,Beauty,Dormant,0.164,<$25,APAC,PA,Loyalty,False,1,32,P7112,13.64,1,True,True
EDGE300566,C53682,Customer,P8955,Product,VIEWED,2024-01-19 12:25:54,,Books,AtRisk,0.753,$100-$250,LATAM,HI,None,False,2,5,P8955,159.49,1,False,False
EDGE300567,C21735,Customer,P7972,Product,VIEWED,2024-08-17 02:56:09,,Automotive,Active,0.494,<$25,LATAM,AZ,None,False,4,44,P7972,13.92,1,False,False
EDGE300568,C66098,Customer,P8026,Product,ADDED_TO_CART,2025-02-18 00:55:18,,Apparel,AtRisk,0.198,$100-$250,NA,OK,Loyalty,False,3,68,P8026,171.15,3,False,False
EDGE300569,C60938,Customer,P7947,Product,PURCHASED,2025-01-19 16:09:06,ORD101676,Pets,New,0.323,>$250,NA,OR,Holiday,False,0,52,P7947,336.87,1,False,True
EDGE300570,C84844,Customer,P1453,Product,VIEWED,2024-01-08 12:06:34,,Electronics,AtRisk,0.151,>$250,EU,AZ,None,False,3,89,P1453,332.04,1,False,False
EDGE300571,C64173,Customer,P2638,Product,ADDED_TO_CART,2025-04-01 04:59:35,,Sports,New,0.508,<$25,EU,IL,BackToSchool,False,1,24,P2638,16.34,1,False,False
EDGE300572,C31232,Customer,C49989,Customer,REFERRED_FRIEND,2025-06-07 06:40:48,,Home,New,0.823,>$250,APAC,IL,Holiday,False,2,24,P3821,900.45,1,False,False
EDGE300573,P3602,Product,P4888,Product,ALSO_BOUGHT_WITH,2024-06-07 03:14:32,ORD100185,Apparel,New,0.216,$25-$50,EU,WV,BackToSchool,False,6,48,P3602,43.84,1,False,False
EDGE300574,C14383,Customer,P3348,Product,ADDED_TO_CART,2024-02-08 06:35:52,,Toys,New,0.476,$50-$100,LATAM,AZ,Clearance,False,4,34,P3348,66.82,1,False,False
EDGE300575,P6434,Product,P2937,Product,ALSO_BOUGHT_WITH,2025-01-16 03:11:40,ORD101058,Toys,Active,0.802,>$250,EU,NE,NewArrivals,False,8,14,P6434,278.5,1,False,False
EDGE300576,C68066,Customer,P9311,Product,ADDED_TO_CART,2024-11-01 20:41:16,,Grocery,New,0.238,>$250,APAC,VT,SpringSale,False,3,72,P9311,286.28,1,False,False
EDGE300577,C57863,Customer,P3864,Product,ADDED_TO_CART,2024-06-10 11:56:46,,Home,Loyal,0.243,<$25,APAC,SC,BackToSchool,False,3,16,P3864,18.55,1,False,False
EDGE300578,C51549,Customer,P1019,Product,VIEWED,2024-08-31 06:54:14,,Electronics,New,0.77,$100-$250,APAC,ND,Clearance,False,6,43,P1019,141.07,1,False,False
EDGE300579,C96128,Customer,P5449,Product,PURCHASED,2025-05-08 13:49:39,ORD100807,Pets,Loyal,0.244,$100-$250,APAC,PA,BackToSchool,False,4,46,P5449,161.82,1,False,False
EDGE300580,P9773,Product,P4654,Product,ALSO_BOUGHT_WITH,2024-02-09 15:18:17,ORD101169,Books,Active,0.875,<$25,EU,NC,Loyalty,False,2,97,P9773,23.59,1,False,False
EDGE300581,C52995,Customer,C76289,Customer,REFERRED_FRIEND,2024-09-07 22:41:14,,Beauty,AtRisk,0.224,>$250,APAC,KS,Holiday,False,5,69,P5179,326.51,1,False,False
EDGE300582,C84713,Customer,C34234,Customer,REFERRED_FRIEND,2024-05-06 14:19:00,,Automotive,Active,0.459,<$25,LATAM,WY,Loyalty,False,2,65,P8287,18.0,1,False,False
EDGE300583,C62065,Customer,P3950,Product,PURCHASED,2024-02-09 03:11:29,ORD102162,Apparel,New,0.745,>$250,EU,TX,Holiday,False,2,63,P3950,351.11,3,False,True
EDGE300584,C66252,Customer,P9363,Product,VIEWED,2025-03-19 09:33:26,,Sports,Active,0.587,$25-$50,NA,NC,None,False,7,35,P9363,32.17,1,False,False
EDGE300585,C17967,Customer,P4536,Product,ADDED_TO_CART,2024-12-23 12:33:35,,Grocery,Active,0.381,$50-$100,APAC,NJ,BackToSchool,False,0,52,P4536,61.09,1,False,False
EDGE300586,P3746,Product,P8386,Product,ALSO_BOUGHT_WITH,2024-06-19 00:07:45,ORD100799,Home,Loyal,0.419,$25-$50,EU,MO,BackToSchool,False,4,60,P3746,37.16,1,False,False
EDGE300587,C49851,Customer,P8514,Product,ADDED_TO_CART,2025-04-10 20:35:59,,Books,New,0.879,>$250,EU,KS,Holiday,False,1,70,P8514,612.48,1,False,False
EDGE300588,C53561,Customer,P9062,Product,VIEWED,2025-01-08 08:15:40,,Toys,Loyal,0.114,$50-$100,NA,NH,Holiday,False,4,79,P9062,50.98,1,False,False
EDGE300589,C92870,Customer,P9046,Product,PURCHASED,2024-05-18 13:35:44,ORD100014,Toys,New,0.86,>$250,EU,AL,NewArrivals,False,2,5,P9046,913.85,1,False,True
EDGE300590,C58614,Customer,P5422,Product,PURCHASED,2024-07-28 13:40:16,ORD100157,Books,Loyal,0.172,<$25,EU,NC,Clearance,False,1,51,P5422,17.26,1,False,False
EDGE300591,C95851,Customer,C49406,Customer,REFERRED_FRIEND,2024-05-15 15:38:13,,Electronics,Loyal,0.778,$100-$250,APAC,OR,SpringSale,False,4,31,P1296,121.39,1,False,False
EDGE300592,C65784,Customer,P3359,Product,VIEWED,2024-07-29 03:49:34,,Home,New,0.695,$25-$50,LATAM,NY,None,False,3,46,P3359,40.97,3,False,False
EDGE300593,C54981,Customer,P9997,Product,VIEWED,2024-12-14 08:47:07,,Pets,New,0.352,$100-$250,LATAM,ME,Loyalty,False,3,64,P9997,158.6,1,False,False
EDGE300594,C77710,Customer,P5459,Product,PURCHASED,2024-04-14 08:06:48,ORD102147,Grocery,Active,0.483,<$25,EU,AL,Clearance,False,3,78,P5459,11.72,1,False,True
EDGE300595,C10138,Customer,P5362,Product,VIEWED,2024-07-09 16:12:46,,Automotive,Loyal,0.417,$25-$50,EU,AK,Loyalty,False,3,45,P5362,25.05,2,False,False
EDGE300596,C54357,Customer,P1933,Product,ADDED_TO_CART,2025-03-11 02:49:45,,Grocery,Active,0.609,$25-$50,EU,MO,Clearance,False,2,44,P1933,32.44,1,False,False
EDGE300597,C10242,Customer,P6263,Product,PURCHASED,2024-03-30 01:45:09,ORD100314,Automotive,New,0.437,<$25,LATAM,AK,Clearance,False,6,51,P6263,22.18,2,False,True
EDGE300598,C36031,Customer,P2320,Product,VIEWED,2025-04-11 13:42:50,,Pets,Dormant,0.742,>$250,EU,VT,BackToSchool,False,3,32,P2320,535.9,3,False,False
EDGE300599,C24180,Customer,P7891,Product,VIEWED,2025-01-27 19:40:35,,Sports,Loyal,0.879,$50-$100,NA,IA,Holiday,False,1,17,P7891,58.56,1,False,False
EDGE300600,C31554,Customer,P8916,Product,VIEWED,2024-04-21 09:02:57,,Grocery,New,0.1,>$250,NA,CT,BackToSchool,False,2,29,P8916,322.22,1,False,False
EDGE300601,C38039,Customer,P5455,Product,PURCHASED,2024-10-11 23:58:51,ORD101953,Grocery,Active,0.378,$50-$100,NA,NE,NewArrivals,False,2,55,P5455,82.3,1,False,True
EDGE300602,C26368,Customer,C58950,Customer,REFERRED_FRIEND,2024-09-02 02:01:53,,Automotive,AtRisk,0.189,$25-$50,EU,NC,NewArrivals,False,5,27,P3473,25.01,1,False,False
EDGE300603,P1090,Product,P7811,Product,ALSO_BOUGHT_WITH,2024-10-24 23:40:27,ORD101928,Home,Active,0.206,<$25,APAC,IA,SpringSale,False,5,26,P1090,12.5,1,False,False
EDGE300604,C10261,Customer,P6650,Product,ADDED_TO_CART,2024-01-13 15:32:53,,Electronics,New,0.214,<$25,EU,NV,NewArrivals,False,2,5,P6650,14.14,1,False,False
EDGE300605,C16793,Customer,P5485,Product,ADDED_TO_CART,2025-04-14 05:54:40,,Electronics,Loyal,0.862,$25-$50,EU,FL,SpringSale,False,1,97,P5485,26.54,1,False,False
EDGE300606,P2360,Product,P3105,Product,ALSO_BOUGHT_WITH,2025-05-05 05:07:24,ORD102073,Beauty,AtRisk,0.478,$50-$100,NA,FL,NewArrivals,False,4,60,P2360,70.58,2,False,False
EDGE300607,C49059,Customer,P3725,Product,PURCHASED,2025-02-20 09:34:43,ORD100907,Home,Loyal,0.556,>$250,APAC,OK,None,False,5,48,P3725,341.17,1,False,True
EDGE300608,C78651,Customer,P3175,Product,VIEWED,2024-07-23 12:18:56,,Pets,Active,0.141,$25-$50,EU,MI,BackToSchool,False,3,32,P3175,27.34,1,False,False
EDGE300609,C66067,Customer,P7633,Product,ADDED_TO_CART,2024-12-02 16:44:33,,Home,Active,0.865,$25-$50,EU,KS,Clearance,False,2,26,P7633,41.53,1,False,False
EDGE300610,P8223,Product,P9567,Product,ALSO_BOUGHT_WITH,2024-04-01 12:19:34,ORD101574,Toys,Loyal,0.861,$50-$100,EU,DC,Holiday,False,4,93,P8223,62.26,1,False,False
EDGE300611,C81478,Customer,C24247,Customer,REFERRED_FRIEND,2025-05-30 19:18:41,,Toys,Active,0.312,$100-$250,EU,MN,BackToSchool,False,2,43,P5001,105.26,1,False,False
EDGE300612,C97734,Customer,P9170,Product,PURCHASED,2025-04-18 04:01:42,ORD102027,Sports,Active,0.602,$100-$250,EU,MN,NewArrivals,False,4,68,P9170,142.59,1,False,True
EDGE300613,C62014,Customer,P8137,Product,PURCHASED,2024-09-10 11:09:22,ORD101636,Apparel,New,0.563,$100-$250,EU,WY,Holiday,False,5,31,P8137,194.24,1,False,True
EDGE300614,C64173,Customer,P5738,Product,ADDED_TO_CART,2025-06-26 21:57:11,,Apparel,Loyal,0.128,<$25,NA,AL,None,False,3,36,P5738,20.48,2,False,False
EDGE300615,C45754,Customer,P8424,Product,VIEWED,2025-01-15 04:31:22,,Beauty,New,0.971,$50-$100,LATAM,CO,Holiday,False,3,44,P8424,65.6,2,False,False
EDGE300616,C74110,Customer,P7838,Product,ADDED_TO_CART,2024-08-05 08:22:56,,Home,Loyal,0.377,<$25,LATAM,CO,None,False,4,14,P7838,13.6,1,False,False
EDGE300617,C26687,Customer,P7036,Product,PURCHASED,2024-11-23 08:22:39,ORD101758,Home,AtRisk,0.5,$50-$100,LATAM,IN,SpringSale,False,6,39,P7036,56.22,1,True,False
EDGE300618,C70801,Customer,P7753,Product,PURCHASED,2025-03-15 22:12:41,ORD101122,Grocery,Loyal,0.434,$50-$100,APAC,WA,BackToSchool,False,3,59,P7753,73.86,1,False,True
EDGE300619,P8120,Product,P8824,Product,ALSO_BOUGHT_WITH,2024-06-23 14:45:34,ORD101259,Pets,New,0.839,$25-$50,EU,UT,Clearance,False,1,39,P8120,43.54,1,False,False
EDGE300620,C42491,Customer,C64018,Customer,REFERRED_FRIEND,2024-02-19 12:42:29,,Home,AtRisk,0.33,>$250,APAC,TN,Loyalty,False,1,29,P6846,796.53,1,False,False
EDGE300621,C82690,Customer,P8091,Product,VIEWED,2024-08-21 06:03:03,,Apparel,Active,0.871,$50-$100,NA,SC,NewArrivals,False,1,35,P8091,87.24,2,False,False
EDGE300622,C67804,Customer,P6554,Product,ADDED_TO_CART,2025-04-21 14:48:13,,Beauty,Loyal,0.921,$100-$250,APAC,WV,Holiday,False,4,37,P6554,153.39,1,False,False
EDGE300623,C18600,Customer,C91166,Customer,REFERRED_FRIEND,2025-06-29 20:06:27,,Electronics,New,0.717,$100-$250,EU,NJ,NewArrivals,False,2,22,P2182,230.48,2,False,False
EDGE300624,C23171,Customer,P9179,Product,PURCHASED,2024-04-27 19:53:13,ORD102095,Automotive,New,0.556,$25-$50,APAC,NJ,SpringSale,False,6,72,P9179,34.16,3,False,True
EDGE300625,C22496,Customer,C67775,Customer,REFERRED_FRIEND,2025-02-13 00:30:14,,Automotive,Active,0.873,<$25,LATAM,CO,Clearance,False,2,46,P8683,20.17,1,False,False
EDGE300626,C22175,Customer,P5272,Product,PURCHASED,2024-02-06 20:56:27,ORD101618,Pets,Active,0.77,$25-$50,EU,MA,SpringSale,False,3,76,P5272,37.98,1,True,True
EDGE300627,C14823,Customer,P7484,Product,PURCHASED,2025-04-07 03:57:26,ORD101690,Beauty,AtRisk,0.778,<$25,EU,DC,NewArrivals,False,5,24,P7484,13.23,1,False,True
EDGE300628,C67723,Customer,P7354,Product,ADDED_TO_CART,2025-04-15 08:55:13,,Automotive,Dormant,0.169,$25-$50,APAC,WY,Loyalty,False,4,66,P7354,39.67,2,False,False
EDGE300629,P7320,Product,P5982,Product,ALSO_BOUGHT_WITH,2024-03-17 19:32:35,ORD102255,Pets,Dormant,0.17,$50-$100,EU,NE,Clearance,False,4,29,P7320,69.97,3,False,False
EDGE300630,C41808,Customer,P9233,Product,VIEWED,2025-02-23 09:54:24,,Toys,AtRisk,0.481,>$250,EU,IN,Clearance,False,1,34,P9233,369.95,1,False,False
EDGE300631,C31712,Customer,P1106,Product,PURCHASED,2024-12-21 09:07:34,ORD100063,Beauty,Loyal,0.229,$25-$50,LATAM,IA,NewArrivals,False,1,71,P1106,42.13,1,False,True
EDGE300632,C84565,Customer,P5938,Product,VIEWED,2024-06-06 15:55:02,,Automotive,Active,0.961,<$25,EU,NH,BackToSchool,False,1,9,P5938,16.78,4,False,False
EDGE300633,C95933,Customer,P7203,Product,VIEWED,2024-03-17 19:36:37,,Books,Dormant,0.479,>$250,APAC,OR,Clearance,False,1,32,P7203,298.98,1,False,False
EDGE300634,C29990,Customer,P4292,Product,ADDED_TO_CART,2024-05-09 00:18:33,,Beauty,Loyal,0.191,$50-$100,NA,GA,NewArrivals,False,4,17,P4292,78.69,1,False,False
EDGE300635,C22286,Customer,P9942,Product,PURCHASED,2024-12-19 05:14:27,ORD102477,Toys,Active,0.191,$25-$50,EU,FL,BackToSchool,False,3,56,P9942,37.13,1,False,True
EDGE300636,C54924,Customer,P2786,Product,PURCHASED,2025-06-14 04:55:52,ORD100527,Grocery,New,0.925,$25-$50,EU,NM,SpringSale,False,3,36,P2786,27.16,1,True,True
EDGE300637,C85939,Customer,P3570,Product,VIEWED,2025-02-16 17:24:31,,Pets,Active,0.501,>$250,APAC,MN,BackToSchool,False,2,54,P3570,368.09,1,False,False
EDGE300638,C35703,Customer,P1388,Product,VIEWED,2024-05-20 09:33:52,,Apparel,Active,0.109,>$250,LATAM,CA,Clearance,False,1,44,P1388,385.11,3,False,False
EDGE300639,C87300,Customer,P4405,Product,VIEWED,2024-01-09 07:22:34,,Electronics,Active,0.498,$100-$250,NA,AZ,NewArrivals,False,2,36,P4405,225.8,3,False,False
EDGE300640,C92193,Customer,P7867,Product,ADDED_TO_CART,2024-01-06 17:27:19,,Toys,New,0.757,$25-$50,EU,MO,SpringSale,False,2,58,P7867,45.42,3,False,False
EDGE300641,P2785,Product,P2922,Product,ALSO_BOUGHT_WITH,2024-03-19 01:13:55,ORD100301,Electronics,AtRisk,0.648,$100-$250,EU,UT,None,False,3,45,P2785,194.39,1,False,False
EDGE300642,C91042,Customer,P4926,Product,PURCHASED,2024-01-14 23:24:45,ORD100687,Electronics,AtRisk,0.846,<$25,EU,NM,SpringSale,False,8,77,P4926,17.24,3,False,False
EDGE300643,C62683,Customer,P8494,Product,ADDED_TO_CART,2024-04-17 21:07:18,,Sports,Active,0.628,>$250,APAC,CT,Holiday,False,3,48,P8494,725.17,1,False,False
EDGE300644,C34374,Customer,P9405,Product,VIEWED,2024-02-28 17:41:36,,Pets,New,0.642,$50-$100,APAC,ME,NewArrivals,False,5,38,P9405,68.36,1,False,False
EDGE300645,C48256,Customer,P3783,Product,VIEWED,2024-05-04 08:10:55,,Sports,Loyal,0.491,>$250,NA,VA,BackToSchool,False,4,45,P3783,271.06,1,False,False
EDGE300646,C41733,Customer,P2936,Product,PURCHASED,2024-03-29 07:35:00,ORD101725,Sports,AtRisk,0.424,$50-$100,NA,KY,Clearance,False,5,33,P2936,77.34,2,True,False
EDGE300647,C83079,Customer,P1875,Product,PURCHASED,2024-06-27 09:22:34,ORD100884,Electronics,Active,0.427,$100-$250,APAC,CA,NewArrivals,False,2,35,P1875,243.89,1,True,True
EDGE300648,C12173,Customer,P3138,Product,ADDED_TO_CART,2024-03-11 23:22:20,,Home,Loyal,0.583,<$25,NA,UT,NewArrivals,False,3,20,P3138,23.93,1,False,False
EDGE300649,P7280,Product,P2133,Product,ALSO_BOUGHT_WITH,2025-03-06 16:16:45,ORD101980,Apparel,New,0.334,$25-$50,APAC,GA,None,False,1,74,P7280,44.03,2,False,False
EDGE300650,C67235,Customer,P1585,Product,PURCHASED,2024-12-18 14:15:39,ORD101450,Grocery,New,0.595,$25-$50,LATAM,TN,Loyalty,False,3,10,P1585,26.91,1,False,True
EDGE300651,C91501,Customer,C29057,Customer,REFERRED_FRIEND,2024-03-04 20:41:29,,Sports,Dormant,0.662,$25-$50,APAC,MN,Loyalty,False,6,8,P9539,33.6,1,False,False
EDGE300652,P5517,Product,P1930,Product,ALSO_BOUGHT_WITH,2024-07-27 11:18:06,ORD100141,Beauty,Loyal,0.652,$100-$250,NA,IN,None,False,4,53,P5517,137.93,2,False,False
EDGE300653,P9458,Product,P3556,Product,ALSO_BOUGHT_WITH,2024-02-23 18:06:59,ORD100834,Pets,AtRisk,0.686,$50-$100,APAC,AL,SpringSale,False,0,42,P9458,69.75,1,False,False
EDGE300654,C69468,Customer,C19666,Customer,REFERRED_FRIEND,2025-04-18 04:43:36,,Beauty,Active,0.771,>$250,LATAM,MS,Loyalty,False,1,5,P9028,386.88,1,False,False
EDGE300655,C98468,Customer,P5021,Product,PURCHASED,2025-03-07 02:00:26,ORD101900,Grocery,Active,0.314,<$25,APAC,MT,Clearance,False,3,79,P5021,19.55,1,True,True
EDGE300656,P6827,Product,P4421,Product,ALSO_BOUGHT_WITH,2024-03-02 12:36:01,ORD100720,Electronics,Dormant,0.464,$50-$100,NA,AZ,BackToSchool,False,5,5,P6827,68.94,1,False,False
EDGE300657,C64490,Customer,P2108,Product,PURCHASED,2024-11-09 00:05:15,ORD100250,Sports,New,0.165,$25-$50,APAC,MD,Loyalty,False,2,10,P2108,25.97,2,False,True
EDGE300658,C73796,Customer,P1452,Product,ADDED_TO_CART,2024-07-14 23:08:09,,Beauty,New,0.739,$100-$250,NA,NM,None,False,4,24,P1452,179.68,1,False,False
EDGE300659,C38960,Customer,P5870,Product,VIEWED,2024-06-01 10:51:06,,Toys,Loyal,0.368,<$25,APAC,NE,NewArrivals,False,5,29,P5870,12.4,1,False,False
EDGE300660,P7836,Product,P7445,Product,ALSO_BOUGHT_WITH,2025-01-24 19:37:56,ORD100050,Home,Active,0.72,$50-$100,NA,MA,SpringSale,False,2,56,P7836,74.78,1,False,False
EDGE300661,C56759,Customer,P2530,Product,VIEWED,2024-12-17 16:58:05,,Sports,New,0.887,$100-$250,EU,OH,SpringSale,False,3,35,P2530,151.21,1,False,False
EDGE300662,C84389,Customer,P7785,Product,ADDED_TO_CART,2025-05-23 22:17:23,,Beauty,New,0.238,$50-$100,APAC,SD,Holiday,False,4,40,P7785,57.97,1,False,False
EDGE300663,C67930,Customer,C56903,Customer,REFERRED_FRIEND,2025-06-26 04:53:50,,Electronics,Active,0.478,$50-$100,NA,KS,Loyalty,False,4,78,P3067,79.64,1,False,False
EDGE300664,C75514,Customer,P9515,Product,PURCHASED,2024-04-30 19:08:14,ORD100581,Pets,New,0.323,>$250,EU,UT,Loyalty,False,4,30,P9515,284.58,2,True,True
EDGE300665,P5653,Product,P6118,Product,ALSO_BOUGHT_WITH,2025-05-24 20:54:36,ORD101581,Toys,New,0.909,>$250,NA,FL,Clearance,False,4,24,P5653,350.36,1,False,False
EDGE300666,C81943,Customer,P8285,Product,PURCHASED,2024-12-30 18:15:42,ORD100067,Beauty,Active,0.773,$100-$250,EU,NE,Clearance,False,4,16,P8285,223.41,2,False,True
EDGE300667,C52602,Customer,P3029,Product,ADDED_TO_CART,2024-09-30 15:52:49,,Toys,Active,0.401,>$250,NA,OR,Clearance,False,5,88,P3029,391.48,1,False,False
EDGE300668,C28217,Customer,P4337,Product,VIEWED,2024-08-18 04:31:25,,Beauty,Loyal,0.222,$25-$50,EU,DE,NewArrivals,False,4,49,P4337,29.42,1,False,False
EDGE300669,C30615,Customer,P1937,Product,ADDED_TO_CART,2024-07-16 23:14:19,,Books,New,0.565,$50-$100,LATAM,GA,BackToSchool,False,1,60,P1937,71.21,1,False,False
EDGE300670,P7457,Product,P7129,Product,ALSO_BOUGHT_WITH,2025-02-26 06:31:34,ORD102401,Apparel,New,0.993,$25-$50,NA,HI,Loyalty,False,3,26,P7457,28.65,1,False,False
EDGE300671,C99609,Customer,P5602,Product,PURCHASED,2025-01-16 06:43:57,ORD100134,Books,Loyal,0.437,$25-$50,EU,AK,None,False,3,30,P5602,40.24,1,False,True
EDGE300672,C53424,Customer,P2665,Product,PURCHASED,2024-05-16 02:23:40,ORD102252,Sports,Loyal,0.807,$25-$50,APAC,WA,Clearance,False,2,51,P2665,43.39,1,True,True
EDGE300673,C68661,Customer,P1754,Product,VIEWED,2025-04-28 10:12:12,,Sports,New,0.208,$25-$50,EU,LA,Loyalty,False,8,12,P1754,28.89,3,False,False
EDGE300674,C80055,Customer,P9815,Product,PURCHASED,2024-06-22 17:38:19,ORD100102,Pets,Active,0.799,$50-$100,APAC,NE,Holiday,False,1,26,P9815,61.74,1,False,True
EDGE300675,C31235,Customer,C86019,Customer,REFERRED_FRIEND,2025-02-12 20:48:54,,Apparel,Active,0.435,$50-$100,APAC,WY,NewArrivals,False,5,5,P5828,78.15,3,False,False
EDGE300676,P8694,Product,P1301,Product,ALSO_BOUGHT_WITH,2024-08-08 19:40:22,ORD101843,Apparel,New,0.222,<$25,NA,HI,BackToSchool,False,4,8,P8694,23.56,2,False,False
EDGE300677,P8775,Product,P9040,Product,ALSO_BOUGHT_WITH,2025-01-26 01:42:57,ORD101701,Apparel,Active,0.58,>$250,NA,MD,Loyalty,False,5,8,P8775,281.49,1,False,False
EDGE300678,C95923,Customer,P3080,Product,PURCHASED,2025-01-18 14:24:38,ORD101698,Automotive,AtRisk,0.636,$25-$50,APAC,KS,NewArrivals,False,2,71,P3080,39.63,1,False,True
EDGE300679,C16401,Customer,C64054,Customer,REFERRED_FRIEND,2025-01-11 01:43:15,,Grocery,New,0.354,>$250,APAC,FL,NewArrivals,True,3,42,P7657,287.37,1,False,False
EDGE300680,C21344,Customer,P9331,Product,PURCHASED,2024-06-11 17:59:51,ORD101006,Pets,Active,0.526,>$250,LATAM,CO,None,False,6,5,P9331,285.39,1,False,True
EDGE300681,C31681,Customer,P1697,Product,VIEWED,2024-12-25 05:14:05,,Pets,Active,0.715,$25-$50,APAC,CT,BackToSchool,False,1,26,P1697,29.9,2,False,False
EDGE300682,C93461,Customer,P5502,Product,RETURNS,2025-05-26 20:48:51,ORD102296,Automotive,Dormant,0.862,$50-$100,NA,KS,Clearance,False,4,9,P5502,63.4,1,False,False
EDGE300683,C95777,Customer,C51155,Customer,REFERRED_FRIEND,2024-02-22 11:35:39,,Books,Loyal,0.31,$50-$100,EU,ME,SpringSale,False,1,69,P7765,77.18,1,False,False
EDGE300684,C13793,Customer,P7017,Product,RETURNS,2024-06-02 11:23:28,ORD100391,Pets,AtRisk,0.631,>$250,NA,RI,Holiday,False,4,38,P7017,315.96,3,False,False
EDGE300685,C76800,Customer,P7243,Product,VIEWED,2024-06-26 01:37:01,,Sports,Loyal,0.273,$100-$250,APAC,NY,Clearance,False,1,76,P7243,150.15,1,False,False
EDGE300686,C90381,Customer,P6530,Product,VIEWED,2024-02-24 11:32:30,,Automotive,New,0.39,>$250,EU,MT,Clearance,False,3,64,P6530,315.29,1,False,False
EDGE300687,C87914,Customer,P9626,Product,VIEWED,2024-07-08 12:47:30,,Toys,Active,0.573,$50-$100,EU,PA,Holiday,False,1,63,P9626,76.82,2,False,False
EDGE300688,P5885,Product,P7163,Product,ALSO_BOUGHT_WITH,2024-02-26 09:01:13,ORD100259,Books,Active,0.972,$50-$100,APAC,CT,Loyalty,False,1,28,P5885,90.21,1,False,False
EDGE300689,C41381,Customer,P1142,Product,ADDED_TO_CART,2025-05-23 22:38:32,,Apparel,AtRisk,0.904,$50-$100,APAC,WA,BackToSchool,False,3,17,P1142,59.15,2,False,False
EDGE300690,C31734,Customer,P2804,Product,VIEWED,2025-06-02 22:23:08,,Toys,Loyal,0.802,$50-$100,EU,CO,Clearance,False,1,37,P2804,79.48,1,False,False
EDGE300691,C98999,Customer,P7841,Product,VIEWED,2024-11-07 23:55:47,,Apparel,Active,0.454,$25-$50,EU,IN,None,False,3,47,P7841,28.07,1,False,False
EDGE300692,C94292,Customer,C53784,Customer,REFERRED_FRIEND,2024-11-25 08:35:49,,Electronics,Active,0.223,<$25,EU,MO,NewArrivals,False,3,28,P7563,19.46,1,False,False
EDGE300693,C32383,Customer,P6088,Product,ADDED_TO_CART,2024-01-02 23:06:19,,Grocery,Active,0.457,$50-$100,LATAM,AR,BackToSchool,False,1,62,P6088,75.96,1,False,False
EDGE300694,C45050,Customer,P6890,Product,PURCHASED,2024-06-28 10:23:03,ORD101906,Pets,Active,0.799,$50-$100,LATAM,LA,Loyalty,False,0,94,P6890,79.88,1,False,True
EDGE300695,C88640,Customer,P5277,Product,ADDED_TO_CART,2024-09-06 08:09:06,,Automotive,AtRisk,0.455,<$25,EU,NC,NewArrivals,False,5,74,P5277,18.2,3,False,False
EDGE300696,C30967,Customer,P2806,Product,VIEWED,2024-02-09 00:44:30,,Toys,Active,0.603,$25-$50,LATAM,AL,SpringSale,False,2,29,P2806,49.46,2,False,False
EDGE300697,C46920,Customer,P6897,Product,VIEWED,2024-08-04 17:25:25,,Pets,Dormant,0.318,<$25,NA,UT,Clearance,False,5,69,P6897,21.32,2,False,False
EDGE300698,C45411,Customer,P2615,Product,PURCHASED,2024-11-11 10:50:40,ORD101753,Beauty,Active,0.499,$100-$250,LATAM,ND,SpringSale,False,3,11,P2615,106.03,1,False,True
EDGE300699,C97894,Customer,P5738,Product,PURCHASED,2024-10-01 06:11:59,ORD101508,Pets,New,0.433,$50-$100,NA,NE,SpringSale,False,4,45,P5738,79.11,1,False,True
EDGE300700,C90047,Customer,P1541,Product,RETURNS,2024-12-04 05:43:24,ORD101697,Apparel,New,0.601,$50-$100,LATAM,MA,None,False,6,61,P1541,75.75,3,False,False
EDGE300701,C97498,Customer,C48156,Customer,REFERRED_FRIEND,2024-01-04 07:58:46,,Toys,New,0.306,>$250,LATAM,TX,Clearance,False,6,32,P7727,277.16,1,False,False
EDGE300702,C47490,Customer,P9077,Product,RETURNS,2025-03-08 08:54:45,ORD101896,Apparel,Loyal,0.886,>$250,APAC,AZ,Loyalty,False,2,28,P9077,259.75,1,True,False
EDGE300703,C70948,Customer,P8010,Product,VIEWED,2025-06-08 13:16:56,,Automotive,AtRisk,0.901,$25-$50,EU,ND,Loyalty,False,2,36,P8010,45.57,1,False,False
EDGE300704,C61552,Customer,P3045,Product,VIEWED,2024-10-15 17:18:10,,Toys,AtRisk,0.632,$25-$50,APAC,WI,BackToSchool,False,3,31,P3045,26.32,1,False,False
EDGE300705,C88795,Customer,P2123,Product,RETURNS,2025-06-03 19:54:20,ORD100183,Pets,Dormant,0.712,>$250,NA,MT,None,False,5,65,P2123,295.09,1,False,False
EDGE300706,C58243,Customer,P3605,Product,PURCHASED,2025-01-11 09:28:11,ORD102412,Pets,Active,0.112,<$25,EU,ND,Clearance,False,3,90,P3605,15.08,1,False,True
EDGE300707,C49062,Customer,P1847,Product,VIEWED,2024-12-10 12:23:43,,Sports,Loyal,0.771,$50-$100,LATAM,SD,Holiday,False,2,62,P1847,60.6,1,False,False
EDGE300708,P8945,Product,P7417,Product,ALSO_BOUGHT_WITH,2024-04-28 15:35:36,ORD100679,Automotive,New,0.394,$50-$100,NA,GA,NewArrivals,False,4,34,P8945,62.24,3,False,False
EDGE300709,C67884,Customer,P5216,Product,PURCHASED,2025-05-05 14:43:42,ORD101064,Home,Active,0.797,>$250,APAC,OK,BackToSchool,False,3,20,P5216,267.87,1,False,True
EDGE300710,C51594,Customer,P7888,Product,ADDED_TO_CART,2025-05-15 15:46:24,,Home,Active,0.706,>$250,NA,DC,None,False,2,28,P7888,264.16,2,False,False
EDGE300711,C47255,Customer,P4334,Product,VIEWED,2024-01-31 21:38:46,,Grocery,New,0.373,<$25,LATAM,ID,Holiday,False,4,27,P4334,22.17,1,False,False
EDGE300712,C79659,Customer,P5835,Product,VIEWED,2024-07-08 07:43:17,,Automotive,New,0.713,$25-$50,APAC,WV,BackToSchool,False,3,19,P5835,33.11,1,False,False
EDGE300713,C79347,Customer,C26897,Customer,REFERRED_FRIEND,2024-05-13 15:29:37,,Beauty,Active,0.28,<$25,NA,PA,Clearance,False,4,82,P8233,10.73,1,False,False
EDGE300714,C30005,Customer,P5964,Product,ADDED_TO_CART,2024-11-08 12:35:38,,Grocery,Active,0.643,$50-$100,APAC,WA,Clearance,False,2,9,P5964,68.75,2,False,False
EDGE300715,C65322,Customer,P9161,Product,VIEWED,2024-06-03 04:02:01,,Automotive,Loyal,0.543,$50-$100,APAC,NH,BackToSchool,False,1,12,P9161,77.77,1,False,False
EDGE300716,C82860,Customer,P8028,Product,PURCHASED,2024-05-09 23:02:57,ORD100248,Sports,AtRisk,0.299,$100-$250,NA,TN,Holiday,False,2,62,P8028,237.89,1,False,True
EDGE300717,P4193,Product,P3223,Product,ALSO_BOUGHT_WITH,2024-03-25 12:22:39,ORD101719,Beauty,Active,0.593,>$250,NA,MT,Holiday,False,2,45,P4193,327.91,1,False,False
EDGE300718,C10582,Customer,P6615,Product,RETURNS,2024-11-06 13:34:48,ORD101928,Electronics,New,0.354,$100-$250,EU,CT,Holiday,False,3,41,P6615,130.81,1,False,False
EDGE300719,P1597,Product,P2099,Product,ALSO_BOUGHT_WITH,2025-04-11 18:21:58,ORD101117,Electronics,Active,0.975,$25-$50,EU,WI,Holiday,False,4,84,P1597,25.93,2,False,False
EDGE300720,C31799,Customer,P7385,Product,VIEWED,2024-01-10 16:00:38,,Home,Active,0.544,$25-$50,EU,ID,Loyalty,False,3,68,P7385,37.8,1,False,False
EDGE300721,C26837,Customer,P8573,Product,VIEWED,2025-06-16 07:47:09,,Home,Active,0.586,$50-$100,LATAM,CT,None,False,1,31,P8573,67.48,1,False,False
EDGE300722,P1751,Product,P7360,Product,ALSO_BOUGHT_WITH,2024-07-09 16:04:41,ORD100657,Toys,Active,0.109,$50-$100,EU,DE,Holiday,False,3,5,P1751,90.81,1,False,False
EDGE300723,C53696,Customer,P9309,Product,ADDED_TO_CART,2024-04-03 15:23:03,,Automotive,AtRisk,0.196,$100-$250,EU,PA,Holiday,False,4,26,P9309,185.37,1,False,False
EDGE300724,P6544,Product,P7506,Product,ALSO_BOUGHT_WITH,2024-02-10 08:33:28,ORD100410,Pets,Active,0.319,<$25,NA,DE,Loyalty,False,3,38,P6544,23.8,2,False,False
EDGE300725,C11699,Customer,P9536,Product,ADDED_TO_CART,2025-06-02 09:59:37,,Sports,AtRisk,0.901,$50-$100,NA,IL,None,False,3,44,P9536,55.54,1,False,False
EDGE300726,P3723,Product,P4060,Product,ALSO_BOUGHT_WITH,2024-03-14 19:21:37,ORD101810,Apparel,New,0.756,>$250,EU,NE,NewArrivals,False,2,46,P3723,585.52,1,False,False
EDGE300727,C94552,Customer,P4449,Product,RETURNS,2024-07-08 06:37:54,ORD100649,Toys,Active,0.236,$100-$250,APAC,OH,Clearance,False,3,47,P4449,201.46,1,False,False
EDGE300728,C73009,Customer,P4510,Product,VIEWED,2024-06-28 03:33:09,,Pets,New,0.934,<$25,LATAM,KY,Clearance,False,5,5,P4510,22.61,3,False,False
EDGE300729,C87700,Customer,P3471,Product,VIEWED,2025-04-03 21:36:10,,Apparel,Loyal,0.748,$50-$100,EU,TN,SpringSale,False,2,55,P3471,55.5,1,False,False
EDGE300730,C81704,Customer,P9098,Product,VIEWED,2024-01-30 01:44:49,,Grocery,Loyal,0.365,>$250,APAC,NJ,Clearance,False,4,38,P9098,273.96,3,False,False
EDGE300731,C61996,Customer,P4394,Product,PURCHASED,2024-03-11 09:58:53,ORD102399,Books,Active,0.337,$25-$50,NA,TN,Loyalty,False,2,26,P4394,33.31,1,False,True
EDGE300732,C50649,Customer,P9411,Product,ADDED_TO_CART,2024-03-25 03:21:01,,Home,Active,0.767,$100-$250,NA,MN,SpringSale,False,1,32,P9411,202.61,1,False,False
EDGE300733,P2631,Product,P7293,Product,ALSO_BOUGHT_WITH,2024-02-09 03:56:18,ORD100693,Pets,Loyal,0.717,>$250,EU,SC,Clearance,False,7,27,P2631,347.99,1,False,False
EDGE300734,C34917,Customer,C79948,Customer,REFERRED_FRIEND,2024-08-14 17:25:08,,Automotive,New,0.512,>$250,EU,IN,NewArrivals,False,3,33,P2396,552.13,1,False,False
EDGE300735,P4990,Product,P2000,Product,ALSO_BOUGHT_WITH,2024-01-18 23:22:54,ORD101777,Sports,Active,0.942,>$250,EU,WV,Clearance,False,4,48,P4990,892.42,1,False,False
EDGE300736,C66230,Customer,C11843,Customer,REFERRED_FRIEND,2024-12-11 04:35:27,,Pets,Loyal,0.351,<$25,NA,IL,BackToSchool,False,5,70,P6278,10.46,3,False,False
EDGE300737,C82185,Customer,P3117,Product,PURCHASED,2025-05-16 06:16:11,ORD100775,Electronics,AtRisk,0.767,$50-$100,NA,WI,Loyalty,False,0,48,P3117,79.36,1,False,True
EDGE300738,C74676,Customer,P3526,Product,VIEWED,2024-08-01 07:06:40,,Electronics,Dormant,0.85,$50-$100,NA,MT,Clearance,False,5,37,P3526,78.37,2,False,False
EDGE300739,C70991,Customer,C74764,Customer,REFERRED_FRIEND,2025-04-24 15:09:58,,Beauty,Active,0.939,<$25,NA,GA,Holiday,False,1,19,P5881,14.84,2,False,False
EDGE300740,C52702,Customer,P6659,Product,PURCHASED,2024-02-25 12:14:55,ORD102281,Pets,New,0.52,$100-$250,EU,AK,Holiday,False,4,37,P6659,111.72,1,False,True
EDGE300741,C19189,Customer,P5337,Product,VIEWED,2024-03-06 06:17:58,,Automotive,Loyal,0.333,>$250,LATAM,NH,Loyalty,False,0,93,P5337,477.91,2,False,False
EDGE300742,C52413,Customer,P5700,Product,ADDED_TO_CART,2024-08-18 02:27:14,,Automotive,Loyal,0.934,$25-$50,APAC,NE,SpringSale,False,4,24,P5700,38.25,1,False,False
EDGE300743,C25735,Customer,P9413,Product,VIEWED,2024-05-12 05:42:19,,Pets,Active,0.563,$50-$100,LATAM,CT,NewArrivals,False,6,48,P9413,62.59,2,False,False
EDGE300744,C88285,Customer,P1378,Product,VIEWED,2024-10-07 15:56:07,,Electronics,AtRisk,0.947,$100-$250,LATAM,VT,SpringSale,False,1,39,P1378,152.18,4,False,False
EDGE300745,C58658,Customer,P2925,Product,VIEWED,2024-01-28 08:21:16,,Home,AtRisk,0.857,$25-$50,EU,NC,Holiday,False,4,20,P2925,30.23,1,False,False
EDGE300746,C13189,Customer,C34844,Customer,REFERRED_FRIEND,2024-08-22 20:13:01,,Sports,Loyal,0.327,<$25,EU,DE,NewArrivals,False,2,22,P6893,13.6,1,False,False
EDGE300747,C49541,Customer,C14313,Customer,REFERRED_FRIEND,2025-01-23 06:12:51,,Automotive,Dormant,0.588,$50-$100,NA,VT,BackToSchool,False,2,49,P3320,69.07,1,False,False
EDGE300748,C13820,Customer,P3668,Product,ADDED_TO_CART,2024-07-12 11:30:04,,Grocery,Active,0.638,$25-$50,EU,DE,SpringSale,False,1,69,P3668,48.61,2,False,False
EDGE300749,C66141,Customer,P2608,Product,PURCHASED,2024-02-17 20:25:11,ORD102260,Sports,New,0.12,>$250,LATAM,TX,BackToSchool,False,7,38,P2608,784.5,2,False,True
EDGE300750,C64697,Customer,P5558,Product,VIEWED,2024-03-02 01:52:07,,Apparel,Loyal,0.253,$50-$100,LATAM,PA,None,False,2,10,P5558,50.0,1,False,False
EDGE300751,C42790,Customer,C76187,Customer,REFERRED_FRIEND,2025-01-01 23:27:23,,Sports,New,0.999,$100-$250,APAC,SD,BackToSchool,False,2,62,P8183,164.32,1,False,False
EDGE300752,C46833,Customer,C12204,Customer,REFERRED_FRIEND,2024-09-24 23:37:45,,Pets,New,0.151,$100-$250,APAC,WI,Clearance,True,3,70,P8474,192.68,4,False,False
EDGE300753,C48820,Customer,P6558,Product,PURCHASED,2025-02-25 23:20:29,ORD101243,Sports,Active,0.369,$25-$50,LATAM,CO,NewArrivals,False,2,64,P6558,34.86,1,False,False
EDGE300754,P6273,Product,P2366,Product,ALSO_BOUGHT_WITH,2024-09-10 21:14:22,ORD100651,Automotive,Active,0.236,$50-$100,NA,FL,Clearance,False,2,74,P6273,61.78,1,False,False
EDGE300755,C88121,Customer,P7024,Product,VIEWED,2025-06-04 02:23:49,,Apparel,Loyal,0.706,>$250,NA,WA,Holiday,False,2,48,P7024,926.56,1,False,False
EDGE300756,C23339,Customer,C44776,Customer,REFERRED_FRIEND,2024-09-19 16:58:10,,Books,Loyal,0.959,>$250,LATAM,AL,Clearance,False,3,49,P1121,661.27,2,False,False
EDGE300757,P3858,Product,P1144,Product,ALSO_BOUGHT_WITH,2025-05-22 11:28:20,ORD101942,Pets,Active,0.896,$100-$250,LATAM,NM,NewArrivals,False,1,44,P3858,215.45,1,False,False
EDGE300758,C52529,Customer,P3936,Product,PURCHASED,2024-02-22 01:32:12,ORD101919,Pets,New,0.638,$50-$100,NA,WA,None,False,4,38,P3936,52.04,3,False,False
EDGE300759,C74947,Customer,P1141,Product,PURCHASED,2025-03-20 17:29:03,ORD101781,Apparel,Active,0.825,<$25,APAC,MD,Loyalty,False,0,60,P1141,18.82,1,True,True
EDGE300760,C95016,Customer,P4530,Product,VIEWED,2025-05-23 12:54:43,,Sports,Active,0.292,$100-$250,LATAM,CT,Clearance,False,2,75,P4530,201.2,3,False,False
EDGE300761,C34191,Customer,P4489,Product,ADDED_TO_CART,2025-01-26 20:19:26,,Automotive,AtRisk,0.936,$100-$250,NA,AL,Loyalty,False,5,46,P4489,133.88,1,False,False
EDGE300762,P9831,Product,P4840,Product,ALSO_BOUGHT_WITH,2024-04-03 13:49:47,ORD101986,Home,Active,0.71,$25-$50,LATAM,TX,NewArrivals,False,4,79,P9831,37.88,1,False,False
EDGE300763,C23891,Customer,P3895,Product,PURCHASED,2024-04-21 22:37:17,ORD100293,Toys,Active,0.394,>$250,NA,MI,None,False,4,24,P3895,356.8,2,False,True
EDGE300764,C11713,Customer,P7870,Product,VIEWED,2024-12-22 14:47:49,,Beauty,AtRisk,0.67,$50-$100,NA,CO,SpringSale,False,2,89,P7870,58.38,1,False,False
EDGE300765,C74370,Customer,P9821,Product,ADDED_TO_CART,2024-10-18 02:24:41,,Automotive,Active,0.667,<$25,APAC,NJ,NewArrivals,False,2,54,P9821,18.67,1,False,False
EDGE300766,P7406,Product,P8449,Product,ALSO_BOUGHT_WITH,2025-06-04 06:48:21,ORD100355,Pets,Active,0.152,>$250,EU,TX,Holiday,False,5,5,P7406,294.86,1,False,False
EDGE300767,P7129,Product,P5644,Product,ALSO_BOUGHT_WITH,2024-08-21 03:18:44,ORD101999,Home,Loyal,0.631,$25-$50,EU,NJ,None,False,2,5,P7129,46.11,1,False,False
EDGE300768,C92652,Customer,C55010,Customer,REFERRED_FRIEND,2024-03-04 13:01:19,,Apparel,Loyal,0.831,$25-$50,EU,WY,None,False,1,63,P6140,28.39,1,False,False
EDGE300769,C45715,Customer,P3466,Product,ADDED_TO_CART,2025-03-15 01:07:11,,Automotive,New,0.463,<$25,APAC,OK,None,False,4,27,P3466,22.52,1,False,False
EDGE300770,C78380,Customer,P4840,Product,VIEWED,2024-04-28 07:02:10,,Toys,Active,0.515,$50-$100,EU,HI,None,False,5,48,P4840,50.68,2,False,False
EDGE300771,C17571,Customer,P3826,Product,VIEWED,2025-04-27 11:58:11,,Electronics,Active,0.809,$25-$50,NA,PA,Holiday,False,5,7,P3826,44.75,1,False,False
EDGE300772,C61080,Customer,P8725,Product,VIEWED,2024-07-20 22:43:38,,Electronics,Active,0.611,$50-$100,NA,AZ,SpringSale,False,5,30,P8725,51.51,1,False,False
EDGE300773,C65789,Customer,P9048,Product,VIEWED,2025-05-07 20:21:37,,Sports,Active,0.402,$25-$50,LATAM,SC,None,False,3,18,P9048,29.6,1,False,False
EDGE300774,C64536,Customer,P2837,Product,ADDED_TO_CART,2024-05-05 01:09:02,,Home,Active,0.8,$50-$100,EU,VA,NewArrivals,False,3,56,P2837,72.15,1,False,False
EDGE300775,C28439,Customer,P9195,Product,ADDED_TO_CART,2025-05-09 04:50:05,,Toys,Dormant,0.677,$100-$250,LATAM,CT,Loyalty,False,1,32,P9195,156.16,1,False,False
EDGE300776,C91651,Customer,P6762,Product,PURCHASED,2024-12-17 18:49:11,ORD101493,Electronics,New,0.534,$100-$250,APAC,DE,NewArrivals,False,1,43,P6762,218.79,4,False,True
EDGE300777,C24672,Customer,P5778,Product,VIEWED,2024-06-29 00:42:03,,Sports,AtRisk,0.754,$50-$100,NA,AK,None,False,3,64,P5778,75.01,2,False,False
EDGE300778,C58299,Customer,C69361,Customer,REFERRED_FRIEND,2025-05-18 16:21:00,,Home,Active,0.845,<$25,LATAM,SC,BackToSchool,False,4,55,P3457,12.17,1,False,False
EDGE300779,P4518,Product,P7259,Product,ALSO_BOUGHT_WITH,2025-05-26 13:57:21,ORD100538,Grocery,Loyal,0.698,$50-$100,LATAM,MI,Holiday,False,3,26,P4518,53.82,1,False,False
EDGE300780,C44910,Customer,P2394,Product,VIEWED,2024-08-24 18:45:09,,Electronics,New,0.655,$25-$50,EU,NV,NewArrivals,False,2,37,P2394,34.57,2,False,False
EDGE300781,P4603,Product,P7526,Product,ALSO_BOUGHT_WITH,2024-03-31 18:37:02,ORD100501,Beauty,Active,0.32,$25-$50,EU,KS,Clearance,False,3,40,P4603,33.16,2,False,False
EDGE300782,C32347,Customer,P7710,Product,PURCHASED,2025-05-20 08:02:48,ORD100857,Grocery,Active,0.349,$25-$50,EU,MS,SpringSale,False,3,56,P7710,43.08,1,False,True
EDGE300783,C12615,Customer,C60021,Customer,REFERRED_FRIEND,2024-01-27 02:01:06,,Sports,Loyal,0.969,<$25,NA,MS,None,False,3,44,P5846,22.06,1,False,False
EDGE300784,C45282,Customer,P7186,Product,VIEWED,2024-10-26 07:04:02,,Home,Dormant,0.568,$50-$100,LATAM,MS,NewArrivals,False,1,78,P7186,65.68,1,False,False
EDGE300785,C82468,Customer,P6338,Product,PURCHASED,2024-07-17 17:36:02,ORD101345,Apparel,Active,0.801,$25-$50,EU,ME,Holiday,False,4,53,P6338,45.78,1,False,True
EDGE300786,P5906,Product,P8058,Product,ALSO_BOUGHT_WITH,2024-07-08 01:45:45,ORD101091,Electronics,AtRisk,0.468,$50-$100,APAC,KY,BackToSchool,False,2,52,P5906,72.78,1,False,False
EDGE300787,P1304,Product,P8551,Product,ALSO_BOUGHT_WITH,2025-02-04 20:26:38,ORD101896,Beauty,New,0.861,$100-$250,NA,ME,SpringSale,False,5,48,P1304,197.85,2,False,False
EDGE300788,C25116,Customer,P4508,Product,ADDED_TO_CART,2024-05-06 20:30:10,,Beauty,New,0.684,>$250,APAC,VT,NewArrivals,False,3,33,P4508,388.8,2,False,False
EDGE300789,C32368,Customer,C64147,Customer,REFERRED_FRIEND,2025-05-02 16:38:12,,Electronics,Active,0.104,<$25,APAC,TX,Holiday,False,5,54,P2670,10.79,1,False,False
EDGE300790,C78434,Customer,P8631,Product,VIEWED,2024-06-04 01:54:46,,Books,AtRisk,0.521,$25-$50,APAC,NC,NewArrivals,False,2,56,P8631,47.55,1,False,False
EDGE300791,P8833,Product,P1035,Product,ALSO_BOUGHT_WITH,2024-07-13 00:45:06,ORD100748,Apparel,Active,0.985,$50-$100,EU,NE,NewArrivals,False,3,71,P8833,65.99,1,False,False
EDGE300792,C94774,Customer,P1964,Product,VIEWED,2025-06-05 16:55:38,,Books,New,0.433,$100-$250,NA,VT,Holiday,False,5,64,P1964,186.31,3,False,False
EDGE300793,P3568,Product,P5311,Product,ALSO_BOUGHT_WITH,2024-11-23 01:28:07,ORD100807,Apparel,AtRisk,0.433,$25-$50,EU,CA,None,False,5,53,P3568,29.93,4,False,False
EDGE300794,C89784,Customer,P2104,Product,VIEWED,2025-05-27 20:09:49,,Pets,AtRisk,0.834,$25-$50,APAC,OR,Holiday,False,2,9,P2104,46.07,1,False,False
EDGE300795,P1519,Product,P6462,Product,ALSO_BOUGHT_WITH,2025-06-23 03:35:55,ORD102169,Electronics,Loyal,0.973,>$250,APAC,HI,Loyalty,False,3,54,P1519,287.95,1,False,False
EDGE300796,C72929,Customer,P4530,Product,ADDED_TO_CART,2024-05-24 23:37:13,,Home,Dormant,0.269,$25-$50,EU,SC,Holiday,False,2,80,P4530,40.37,1,False,False
EDGE300797,P4000,Product,P9969,Product,ALSO_BOUGHT_WITH,2025-06-05 08:38:20,ORD102153,Sports,New,0.3,$25-$50,APAC,MA,None,False,2,44,P4000,25.41,1,False,False
EDGE300798,C98318,Customer,P7951,Product,ADDED_TO_CART,2024-03-24 20:00:46,,Beauty,Active,0.533,$25-$50,LATAM,DC,SpringSale,False,4,75,P7951,49.64,1,False,False
EDGE300799,P6225,Product,P7435,Product,ALSO_BOUGHT_WITH,2024-07-17 16:59:36,ORD100566,Beauty,Active,0.59,>$250,NA,WI,BackToSchool,False,2,69,P6225,732.43,1,False,False
EDGE300800,P9085,Product,P4043,Product,ALSO_BOUGHT_WITH,2025-06-22 09:45:37,ORD100934,Home,Active,0.734,$50-$100,NA,NH,BackToSchool,False,5,48,P9085,76.94,1,False,False
EDGE300801,C53229,Customer,P9805,Product,PURCHASED,2024-02-16 09:19:24,ORD101780,Toys,Active,0.916,$50-$100,LATAM,NM,SpringSale,False,5,37,P9805,75.51,1,False,False
EDGE300802,C23824,Customer,P2657,Product,ADDED_TO_CART,2024-04-13 01:00:08,,Pets,Loyal,0.548,$50-$100,APAC,PA,BackToSchool,False,5,19,P2657,76.42,1,False,False
EDGE300803,C75233,Customer,P4167,Product,VIEWED,2025-06-27 20:59:25,,Sports,Loyal,0.753,$100-$250,APAC,WI,Clearance,False,4,31,P4167,158.95,1,False,False
EDGE300804,C22611,Customer,P8412,Product,VIEWED,2024-09-12 10:31:30,,Pets,Active,0.573,$50-$100,LATAM,MA,Holiday,False,4,59,P8412,61.01,1,False,False
EDGE300805,C67124,Customer,P7861,Product,ADDED_TO_CART,2025-05-25 08:54:00,,Books,Loyal,0.201,$50-$100,EU,WY,Loyalty,False,3,49,P7861,76.35,1,False,False
EDGE300806,C67079,Customer,P8759,Product,ADDED_TO_CART,2025-02-12 10:59:01,,Toys,Active,0.387,>$250,APAC,SD,None,False,2,62,P8759,346.69,3,False,False
EDGE300807,C48295,Customer,P9930,Product,VIEWED,2025-02-28 23:17:11,,Beauty,AtRisk,0.306,>$250,EU,KS,Loyalty,False,3,54,P9930,319.92,2,False,False
EDGE300808,C84160,Customer,P7808,Product,VIEWED,2024-01-22 07:35:40,,Automotive,New,0.908,>$250,APAC,IL,Loyalty,False,1,50,P7808,368.54,1,False,False
EDGE300809,C86845,Customer,C99236,Customer,REFERRED_FRIEND,2024-10-27 02:26:21,,Automotive,New,0.27,>$250,NA,OK,SpringSale,True,4,68,P9569,345.66,1,False,False
EDGE300810,C13575,Customer,P9577,Product,RETURNS,2025-02-01 11:37:21,ORD101855,Pets,Active,0.847,$50-$100,EU,AK,NewArrivals,False,3,6,P9577,53.53,1,False,False
EDGE300811,C42105,Customer,P4685,Product,ADDED_TO_CART,2025-01-09 17:10:41,,Pets,Loyal,0.893,$25-$50,NA,KY,Loyalty,False,3,5,P4685,28.13,1,False,False
EDGE300812,C66689,Customer,P9684,Product,PURCHASED,2025-01-01 05:40:25,ORD101457,Automotive,New,0.819,$50-$100,APAC,MN,NewArrivals,False,2,48,P9684,58.4,1,False,True
EDGE300813,C80356,Customer,P3102,Product,ADDED_TO_CART,2025-05-22 10:13:17,,Apparel,Loyal,0.122,<$25,NA,MT,None,False,4,49,P3102,10.89,1,False,False
EDGE300814,C16267,Customer,P2947,Product,PURCHASED,2024-06-30 11:26:28,ORD100793,Books,Active,0.741,$25-$50,APAC,OH,BackToSchool,False,4,46,P2947,44.87,2,False,True
EDGE300815,C96043,Customer,P7434,Product,VIEWED,2024-03-06 05:56:51,,Apparel,Active,0.549,$100-$250,NA,OH,Holiday,False,4,46,P7434,141.31,1,False,False
EDGE300816,C59008,Customer,C41836,Customer,REFERRED_FRIEND,2024-10-24 12:57:30,,Home,AtRisk,0.707,$50-$100,LATAM,DE,BackToSchool,False,2,35,P2701,59.21,1,False,False
EDGE300817,C26165,Customer,C61064,Customer,REFERRED_FRIEND,2024-12-23 16:52:09,,Books,Dormant,0.255,$50-$100,APAC,FL,BackToSchool,False,5,16,P2943,70.52,2,False,False
EDGE300818,P6160,Product,P8031,Product,ALSO_BOUGHT_WITH,2024-08-09 14:50:13,ORD102004,Toys,New,0.308,>$250,APAC,ND,BackToSchool,False,2,33,P6160,323.52,1,False,False
EDGE300819,C38153,Customer,P2627,Product,ADDED_TO_CART,2025-03-11 01:07:45,,Sports,Active,0.336,>$250,EU,MA,NewArrivals,False,2,5,P2627,956.08,1,False,False
EDGE300820,C15121,Customer,P9659,Product,ADDED_TO_CART,2024-07-17 01:51:52,,Books,Active,0.697,$100-$250,APAC,WY,Loyalty,False,1,52,P9659,228.76,1,False,False
EDGE300821,C94705,Customer,P5761,Product,PURCHASED,2025-04-15 17:53:03,ORD100542,Toys,New,0.97,$25-$50,LATAM,WI,Clearance,False,1,43,P5761,34.06,1,False,True
EDGE300822,C15609,Customer,P9422,Product,VIEWED,2024-05-12 08:32:45,,Sports,Active,0.361,$25-$50,NA,AR,NewArrivals,False,1,36,P9422,47.7,1,False,False
EDGE300823,C91352,Customer,P3157,Product,VIEWED,2024-05-23 15:58:17,,Toys,Active,0.202,>$250,EU,DC,SpringSale,False,2,37,P3157,441.51,1,False,False
EDGE300824,C29438,Customer,P6456,Product,PURCHASED,2024-12-21 02:35:22,ORD100717,Books,New,0.792,$50-$100,LATAM,TX,Clearance,False,5,51,P6456,50.04,1,False,True
EDGE300825,C15883,Customer,P6761,Product,ADDED_TO_CART,2024-11-05 02:38:51,,Toys,Dormant,0.646,<$25,NA,WV,Loyalty,False,2,17,P6761,10.14,1,False,False
EDGE300826,C88304,Customer,P3139,Product,ADDED_TO_CART,2024-10-11 20:56:15,,Automotive,Loyal,0.286,>$250,NA,SC,BackToSchool,False,6,68,P3139,806.86,1,False,False
EDGE300827,C30545,Customer,P3658,Product,PURCHASED,2024-07-09 17:06:03,ORD102321,Sports,New,0.478,$25-$50,EU,MA,BackToSchool,False,6,43,P3658,39.86,1,False,True
EDGE300828,C97969,Customer,C67135,Customer,REFERRED_FRIEND,2024-10-21 19:59:24,,Beauty,Active,0.198,>$250,NA,GA,None,True,3,74,P6890,264.02,1,False,False
EDGE300829,C31741,Customer,P7822,Product,PURCHASED,2025-05-13 05:15:07,ORD101533,Grocery,AtRisk,0.136,$100-$250,APAC,MA,NewArrivals,False,2,36,P7822,243.02,2,False,True
EDGE300830,C74532,Customer,P5052,Product,PURCHASED,2024-06-26 16:11:34,ORD100520,Automotive,Active,0.762,$100-$250,NA,MA,NewArrivals,False,4,59,P5052,119.26,1,False,True
EDGE300831,C26018,Customer,P9364,Product,VIEWED,2025-05-05 10:48:03,,Beauty,Active,0.291,$25-$50,LATAM,CA,Loyalty,False,2,57,P9364,47.52,1,False,False
EDGE300832,P8596,Product,P1707,Product,ALSO_BOUGHT_WITH,2024-12-07 01:33:34,ORD101458,Grocery,New,0.536,>$250,NA,MN,NewArrivals,False,1,81,P8596,343.37,1,False,False
EDGE300833,C35648,Customer,P6052,Product,VIEWED,2024-08-20 18:21:15,,Books,Loyal,0.907,$25-$50,APAC,ME,Clearance,False,2,18,P6052,30.33,1,False,False
EDGE300834,C19156,Customer,P6275,Product,VIEWED,2024-04-17 08:06:00,,Pets,Active,0.571,>$250,LATAM,RI,None,False,4,59,P6275,429.83,1,False,False
EDGE300835,C38332,Customer,P1029,Product,PURCHASED,2024-06-09 17:57:08,ORD101978,Pets,Loyal,0.76,<$25,NA,MO,Clearance,False,2,52,P1029,19.57,2,False,True
EDGE300836,C65566,Customer,P9032,Product,VIEWED,2025-04-20 04:25:15,,Sports,Loyal,0.779,$25-$50,APAC,MN,SpringSale,False,4,51,P9032,26.1,1,False,False
EDGE300837,C47997,Customer,P7973,Product,ADDED_TO_CART,2025-06-01 03:08:10,,Beauty,New,0.692,$50-$100,NA,AK,BackToSchool,False,7,28,P7973,83.7,2,False,False
EDGE300838,P6647,Product,P5917,Product,ALSO_BOUGHT_WITH,2024-03-26 05:05:48,ORD101717,Automotive,Loyal,0.907,$50-$100,LATAM,TN,BackToSchool,False,3,44,P6647,59.5,1,False,False
EDGE300839,C44270,Customer,P6348,Product,ADDED_TO_CART,2025-02-08 15:24:44,,Toys,Loyal,0.859,$100-$250,APAC,OK,BackToSchool,False,1,23,P6348,167.89,2,False,False
EDGE300840,C50355,Customer,P7037,Product,VIEWED,2024-04-20 09:05:42,,Grocery,Active,0.507,$100-$250,APAC,MS,Clearance,False,4,30,P7037,174.82,2,False,False
EDGE300841,C25662,Customer,P3974,Product,PURCHASED,2024-04-26 02:23:09,ORD100913,Books,Loyal,0.735,$25-$50,LATAM,AL,Clearance,False,2,7,P3974,48.98,1,False,False
EDGE300842,C44699,Customer,P6995,Product,VIEWED,2025-04-17 19:12:19,,Apparel,AtRisk,0.77,$25-$50,NA,OK,NewArrivals,False,4,26,P6995,41.56,1,False,False
EDGE300843,P7368,Product,P7289,Product,ALSO_BOUGHT_WITH,2024-09-17 11:53:35,ORD100981,Pets,Active,0.408,<$25,EU,AZ,SpringSale,False,5,30,P7368,19.52,1,False,False
EDGE300844,C12211,Customer,P5665,Product,VIEWED,2024-06-13 23:23:55,,Toys,Loyal,0.654,$25-$50,LATAM,AL,None,False,4,14,P5665,27.2,1,False,False
EDGE300845,C99496,Customer,P6836,Product,VIEWED,2025-06-23 20:40:35,,Toys,New,0.806,$50-$100,APAC,MO,BackToSchool,False,4,57,P6836,73.9,2,False,False
EDGE300846,C39216,Customer,P2684,Product,VIEWED,2024-08-15 13:53:00,,Home,AtRisk,0.446,$100-$250,APAC,GA,Loyalty,False,4,41,P2684,167.54,1,False,False
EDGE300847,P6217,Product,P1656,Product,ALSO_BOUGHT_WITH,2024-11-07 12:46:24,ORD101497,Sports,AtRisk,0.903,$25-$50,LATAM,CT,Loyalty,False,4,24,P6217,37.4,1,False,False
EDGE300848,P8602,Product,P7546,Product,ALSO_BOUGHT_WITH,2025-02-02 12:29:16,ORD102143,Beauty,New,0.523,$100-$250,LATAM,RI,NewArrivals,False,2,54,P8602,125.23,1,False,False
EDGE300849,C42456,Customer,P1379,Product,VIEWED,2025-02-08 23:56:18,,Apparel,Loyal,0.239,$50-$100,NA,CT,Clearance,False,3,32,P1379,64.29,2,False,False
EDGE300850,P5221,Product,P5860,Product,ALSO_BOUGHT_WITH,2024-09-10 08:57:48,ORD100321,Electronics,Active,0.316,>$250,LATAM,ND,NewArrivals,False,0,17,P5221,902.37,1,False,False
EDGE300851,C51705,Customer,P1352,Product,PURCHASED,2024-11-09 22:15:43,ORD102263,Books,Active,0.33,$25-$50,NA,WI,BackToSchool,False,2,60,P1352,39.62,1,False,True
EDGE300852,P4469,Product,P6122,Product,ALSO_BOUGHT_WITH,2024-06-15 15:22:33,ORD100328,Pets,Active,0.501,<$25,LATAM,AK,NewArrivals,False,6,39,P4469,22.58,1,False,False
EDGE300853,P4396,Product,P4164,Product,ALSO_BOUGHT_WITH,2024-09-23 18:17:35,ORD100579,Home,Active,0.291,>$250,NA,MO,Loyalty,False,3,14,P4396,892.41,1,False,False
EDGE300854,C31690,Customer,P4809,Product,ADDED_TO_CART,2024-06-21 22:40:10,,Beauty,AtRisk,0.24,$50-$100,APAC,NE,BackToSchool,False,7,61,P4809,78.31,1,False,False
EDGE300855,C29073,Customer,C68291,Customer,REFERRED_FRIEND,2025-02-13 06:37:36,,Toys,Active,0.486,<$25,APAC,TN,Loyalty,False,2,5,P4254,24.12,2,False,False
EDGE300856,C71639,Customer,P1276,Product,VIEWED,2024-04-08 23:37:14,,Automotive,Active,0.808,>$250,APAC,ME,NewArrivals,False,2,35,P1276,551.87,3,False,False
EDGE300857,P5098,Product,P2375,Product,ALSO_BOUGHT_WITH,2025-02-02 15:03:56,ORD100801,Electronics,Active,0.713,$50-$100,LATAM,KY,None,False,3,68,P5098,63.72,1,False,False
EDGE300858,P3922,Product,P7656,Product,ALSO_BOUGHT_WITH,2024-05-31 13:11:04,ORD102092,Beauty,New,0.871,>$250,APAC,NM,Loyalty,False,1,44,P3922,841.34,1,False,False
EDGE300859,C42731,Customer,P9693,Product,ADDED_TO_CART,2024-10-09 23:16:50,,Beauty,Loyal,0.593,<$25,APAC,IN,NewArrivals,False,3,34,P9693,17.78,3,False,False
EDGE300860,P3342,Product,P6128,Product,ALSO_BOUGHT_WITH,2025-05-27 19:04:41,ORD101709,Electronics,Active,0.234,<$25,NA,DE,SpringSale,False,2,48,P3342,16.67,4,False,False
EDGE300861,C31870,Customer,C92882,Customer,REFERRED_FRIEND,2024-06-14 16:20:19,,Books,AtRisk,0.371,$25-$50,NA,MT,Loyalty,False,3,20,P4998,37.36,1,False,False
EDGE300862,C39716,Customer,P7955,Product,VIEWED,2024-08-16 20:44:09,,Automotive,New,0.368,$25-$50,EU,TX,Clearance,False,0,80,P7955,48.09,2,False,False
EDGE300863,P7087,Product,P9381,Product,ALSO_BOUGHT_WITH,2024-12-23 06:41:25,ORD101030,Automotive,Active,0.554,$25-$50,APAC,ND,SpringSale,False,5,73,P7087,36.24,2,False,False
EDGE300864,C21679,Customer,P8675,Product,VIEWED,2024-05-26 08:03:27,,Pets,New,0.656,>$250,APAC,WY,Loyalty,False,4,75,P8675,296.1,1,False,False
EDGE300865,C40326,Customer,P7158,Product,VIEWED,2024-11-22 13:54:14,,Grocery,Active,0.212,<$25,APAC,AL,Holiday,False,3,72,P7158,12.92,2,False,False
EDGE300866,C90046,Customer,P2777,Product,ADDED_TO_CART,2024-11-11 02:36:25,,Automotive,Active,0.785,$50-$100,APAC,MD,BackToSchool,False,3,48,P2777,50.24,3,False,False
EDGE300867,C43794,Customer,P6633,Product,VIEWED,2024-02-09 06:04:09,,Pets,Loyal,0.211,>$250,EU,WY,Loyalty,False,4,40,P6633,802.06,3,False,False
EDGE300868,C74257,Customer,C82368,Customer,REFERRED_FRIEND,2024-04-03 01:43:57,,Pets,Loyal,0.809,<$25,EU,ME,Clearance,False,2,60,P9173,17.62,1,False,False
EDGE300869,C87751,Customer,C96370,Customer,REFERRED_FRIEND,2024-09-05 23:34:59,,Apparel,AtRisk,0.932,$50-$100,NA,WY,None,False,4,59,P4836,71.83,1,False,False
EDGE300870,C41613,Customer,P8434,Product,PURCHASED,2024-06-28 02:20:28,ORD102151,Apparel,Active,0.593,$25-$50,EU,WV,Loyalty,False,4,67,P8434,40.05,1,False,True
EDGE300871,C43821,Customer,P9442,Product,PURCHASED,2024-07-24 01:33:03,ORD102282,Grocery,AtRisk,0.665,<$25,LATAM,MI,Loyalty,False,1,29,P9442,14.1,2,False,True
EDGE300872,C96780,Customer,P5107,Product,PURCHASED,2024-11-20 10:21:07,ORD102044,Sports,Loyal,0.457,$25-$50,LATAM,MS,Clearance,False,4,47,P5107,35.37,3,False,True
EDGE300873,C22489,Customer,P6250,Product,VIEWED,2024-07-29 01:44:17,,Grocery,Active,0.531,$25-$50,LATAM,WA,BackToSchool,False,3,5,P6250,35.01,2,False,False
EDGE300874,C42939,Customer,P1145,Product,VIEWED,2024-03-25 18:06:58,,Pets,Active,0.838,$100-$250,LATAM,CO,Clearance,False,6,83,P1145,140.23,1,False,False
EDGE300875,C27112,Customer,P1082,Product,VIEWED,2025-06-01 21:27:13,,Home,Active,0.716,$100-$250,APAC,SD,Holiday,False,7,40,P1082,213.29,1,False,False
EDGE300876,C83794,Customer,P4983,Product,PURCHASED,2024-10-10 14:11:11,ORD101474,Sports,New,0.783,>$250,EU,WY,Holiday,False,1,81,P4983,327.48,2,False,True
EDGE300877,C70353,Customer,P5824,Product,ADDED_TO_CART,2024-09-11 07:03:02,,Beauty,Loyal,0.781,$50-$100,LATAM,ID,Clearance,False,5,70,P5824,97.75,1,False,False
EDGE300878,C92169,Customer,P8254,Product,VIEWED,2025-01-22 14:50:16,,Beauty,Loyal,0.949,$50-$100,APAC,MO,Clearance,False,8,33,P8254,53.24,1,False,False
EDGE300879,C79771,Customer,P7618,Product,VIEWED,2025-04-11 04:13:27,,Apparel,New,0.196,$50-$100,LATAM,KY,Clearance,False,5,58,P7618,75.94,2,False,False
EDGE300880,P7868,Product,P1687,Product,ALSO_BOUGHT_WITH,2024-01-06 04:31:23,ORD100446,Sports,Dormant,0.631,$25-$50,NA,RI,BackToSchool,False,2,45,P7868,25.57,1,False,False
EDGE300881,C67400,Customer,P7945,Product,VIEWED,2024-08-07 01:47:07,,Beauty,Loyal,0.49,$50-$100,EU,TX,BackToSchool,False,3,63,P7945,98.44,4,False,False
EDGE300882,P8520,Product,P9753,Product,ALSO_BOUGHT_WITH,2024-02-09 18:08:32,ORD102430,Automotive,Loyal,0.225,>$250,EU,KY,Loyalty,False,4,36,P8520,889.59,2,False,False
EDGE300883,C14024,Customer,P8978,Product,VIEWED,2024-07-24 11:15:55,,Books,Loyal,0.557,<$25,NA,FL,SpringSale,False,2,44,P8978,20.64,2,False,False
EDGE300884,C19859,Customer,P5338,Product,VIEWED,2024-01-01 01:19:07,,Beauty,Loyal,0.72,<$25,NA,VA,None,False,2,8,P5338,13.58,1,False,False
EDGE300885,C46238,Customer,P6289,Product,ADDED_TO_CART,2024-07-25 01:05:34,,Grocery,New,0.408,$50-$100,NA,NM,BackToSchool,False,2,30,P6289,79.24,1,False,False
EDGE300886,P6834,Product,P5917,Product,ALSO_BOUGHT_WITH,2025-04-07 11:12:34,ORD100036,Toys,Dormant,0.687,$50-$100,LATAM,WA,Holiday,False,6,13,P6834,52.93,4,False,False
EDGE300887,C58944,Customer,P3447,Product,VIEWED,2025-06-20 20:58:23,,Electronics,Loyal,0.891,$100-$250,NA,SC,Holiday,False,4,86,P3447,207.1,2,False,False
EDGE300888,C46494,Customer,P9754,Product,VIEWED,2024-04-25 17:45:22,,Apparel,Active,0.399,<$25,APAC,VT,Clearance,False,1,58,P9754,24.81,1,False,False
EDGE300889,P8743,Product,P6657,Product,ALSO_BOUGHT_WITH,2025-01-05 15:04:22,ORD102337,Apparel,Active,0.462,$100-$250,APAC,WI,Clearance,False,1,62,P8743,185.99,1,False,False
EDGE300890,C58191,Customer,P8717,Product,ADDED_TO_CART,2024-11-29 14:56:23,,Apparel,Loyal,0.735,<$25,NA,OH,NewArrivals,False,2,32,P8717,24.78,1,False,False
EDGE300891,P3322,Product,P8634,Product,ALSO_BOUGHT_WITH,2024-07-02 05:21:16,ORD100071,Grocery,AtRisk,0.373,$50-$100,NA,WA,SpringSale,False,4,76,P3322,69.82,1,False,False
EDGE300892,C65487,Customer,P4367,Product,PURCHASED,2024-11-14 14:51:00,ORD101405,Electronics,New,0.541,>$250,LATAM,WY,None,False,4,33,P4367,352.95,1,False,True
EDGE300893,C40373,Customer,P4012,Product,RETURNS,2024-08-28 22:55:09,ORD102090,Grocery,AtRisk,0.375,$25-$50,APAC,WY,Loyalty,False,2,38,P4012,27.71,1,False,False
EDGE300894,C78517,Customer,P4704,Product,PURCHASED,2024-01-08 09:26:49,ORD102012,Electronics,Active,0.591,$100-$250,NA,GA,Holiday,False,2,11,P4704,150.51,2,False,False
EDGE300895,C81180,Customer,P7490,Product,PURCHASED,2024-04-12 08:22:31,ORD101424,Automotive,Loyal,0.559,>$250,NA,OK,Clearance,False,4,10,P7490,362.76,1,False,True
EDGE300896,C22318,Customer,P6283,Product,VIEWED,2025-04-27 07:20:50,,Pets,Dormant,0.227,$25-$50,LATAM,DC,Clearance,False,6,32,P6283,49.15,1,False,False
EDGE300897,C12263,Customer,P6148,Product,VIEWED,2024-12-06 12:22:36,,Beauty,New,0.298,$50-$100,APAC,OR,BackToSchool,False,5,35,P6148,71.94,2,False,False
EDGE300898,C49184,Customer,P5038,Product,PURCHASED,2024-12-20 21:14:37,ORD100991,Sports,Loyal,0.395,$25-$50,NA,NE,NewArrivals,False,3,15,P5038,38.64,1,False,True
EDGE300899,P7783,Product,P7539,Product,ALSO_BOUGHT_WITH,2024-12-09 16:23:14,ORD102401,Electronics,Active,0.373,$50-$100,EU,IN,Clearance,False,5,5,P7783,61.68,1,False,False
EDGE300900,P9590,Product,P4314,Product,ALSO_BOUGHT_WITH,2025-05-10 10:00:15,ORD102343,Apparel,AtRisk,0.556,<$25,NA,NY,Loyalty,False,3,48,P9590,19.88,3,False,False
EDGE300901,C72198,Customer,P6296,Product,VIEWED,2025-06-06 21:01:19,,Grocery,New,0.501,$50-$100,EU,WV,Holiday,False,3,43,P6296,55.81,1,False,False
EDGE300902,C49971,Customer,P4395,Product,PURCHASED,2025-02-03 00:15:23,ORD100399,Sports,Loyal,0.383,$25-$50,NA,NE,Loyalty,False,2,71,P4395,25.45,1,True,True
EDGE300903,C52166,Customer,C47588,Customer,REFERRED_FRIEND,2025-05-20 20:29:30,,Beauty,Active,0.882,>$250,EU,IA,Loyalty,False,1,5,P4577,287.23,3,False,False
EDGE300904,C40279,Customer,P7336,Product,PURCHASED,2025-01-29 16:14:06,ORD100490,Beauty,Loyal,0.391,$50-$100,LATAM,ID,Loyalty,False,4,57,P7336,60.94,1,True,True
EDGE300905,C73862,Customer,P7442,Product,VIEWED,2024-01-18 22:14:48,,Sports,Active,0.796,$50-$100,EU,NH,NewArrivals,False,4,67,P7442,69.7,1,False,False
EDGE300906,C11140,Customer,P1511,Product,ADDED_TO_CART,2024-01-09 00:24:17,,Home,Loyal,0.596,>$250,LATAM,PA,SpringSale,False,6,31,P1511,710.79,2,False,False
EDGE300907,C90790,Customer,P9028,Product,ADDED_TO_CART,2024-04-19 01:12:52,,Books,Active,0.174,>$250,APAC,MO,Clearance,False,1,72,P9028,279.71,2,False,False
EDGE300908,C86586,Customer,P1544,Product,VIEWED,2024-01-26 08:17:22,,Apparel,Active,0.824,$25-$50,EU,FL,Holiday,False,2,27,P1544,40.13,2,False,False
EDGE300909,C94003,Customer,P7426,Product,PURCHASED,2024-05-29 22:30:44,ORD102351,Books,Loyal,0.685,$100-$250,APAC,MA,Loyalty,False,1,26,P7426,140.17,1,True,True
EDGE300910,C67051,Customer,P2964,Product,ADDED_TO_CART,2024-01-16 22:39:02,,Home,Active,0.969,$25-$50,NA,DC,NewArrivals,False,1,54,P2964,26.69,1,False,False
EDGE300911,C38942,Customer,C20403,Customer,REFERRED_FRIEND,2025-02-25 16:25:41,,Pets,Loyal,0.541,>$250,LATAM,KS,NewArrivals,False,4,5,P4358,396.91,3,False,False
EDGE300912,C68472,Customer,P9311,Product,VIEWED,2024-03-02 12:45:07,,Beauty,Active,0.464,>$250,NA,CT,NewArrivals,False,3,12,P9311,367.98,1,False,False
EDGE300913,C91005,Customer,P4343,Product,RETURNS,2024-05-24 16:57:57,ORD101403,Pets,New,0.805,$100-$250,EU,CA,None,False,2,52,P4343,101.93,1,False,False
EDGE300914,C81348,Customer,P7772,Product,ADDED_TO_CART,2025-02-17 23:48:30,,Grocery,Active,0.449,<$25,NA,DE,Clearance,False,5,60,P7772,15.29,1,False,False
EDGE300915,P2438,Product,P9776,Product,ALSO_BOUGHT_WITH,2025-03-10 17:07:05,ORD101780,Books,Active,0.498,$100-$250,EU,PA,None,False,3,67,P2438,103.8,2,False,False
EDGE300916,C50141,Customer,P4969,Product,VIEWED,2025-02-14 07:56:36,,Grocery,Active,0.966,$50-$100,NA,MS,Holiday,False,4,49,P4969,66.98,1,False,False
EDGE300917,C39923,Customer,P1031,Product,ADDED_TO_CART,2025-03-10 23:11:52,,Home,AtRisk,0.722,$100-$250,NA,IL,Loyalty,False,5,26,P1031,153.6,1,False,False
EDGE300918,C58651,Customer,P4371,Product,ADDED_TO_CART,2024-08-23 07:35:27,,Sports,Loyal,0.553,<$25,NA,LA,BackToSchool,False,3,92,P4371,13.99,1,False,False
EDGE300919,C97463,Customer,P2724,Product,VIEWED,2024-06-03 10:54:47,,Grocery,Active,0.102,$25-$50,EU,GA,SpringSale,False,5,5,P2724,27.15,1,False,False
EDGE300920,C30008,Customer,P7975,Product,VIEWED,2025-04-03 08:30:42,,Apparel,Active,0.894,$25-$50,EU,AZ,BackToSchool,False,3,59,P7975,30.27,1,False,False
EDGE300921,C23908,Customer,P1929,Product,VIEWED,2024-02-13 16:53:35,,Electronics,Loyal,0.687,$100-$250,APAC,SD,None,False,0,31,P1929,141.92,1,False,False
EDGE300922,C21168,Customer,P6579,Product,RETURNS,2024-12-14 03:26:23,ORD100508,Apparel,New,0.334,<$25,NA,CT,Clearance,False,4,91,P6579,18.54,1,False,False
EDGE300923,C34981,Customer,P6673,Product,VIEWED,2024-09-04 16:31:50,,Grocery,Active,0.384,$100-$250,APAC,SD,Holiday,False,1,88,P6673,222.96,1,False,False
EDGE300924,P3809,Product,P3283,Product,ALSO_BOUGHT_WITH,2024-09-01 11:47:23,ORD100313,Books,Loyal,0.983,$25-$50,APAC,WA,BackToSchool,False,2,28,P3809,36.85,1,False,False
EDGE300925,C32779,Customer,P5458,Product,PURCHASED,2024-11-04 20:40:23,ORD100041,Electronics,Active,0.42,$25-$50,LATAM,NV,NewArrivals,False,3,80,P5458,38.45,3,False,True
EDGE300926,C33535,Customer,P6361,Product,PURCHASED,2024-06-14 02:40:12,ORD100481,Books,Active,0.852,$100-$250,NA,MN,Loyalty,False,3,69,P6361,242.64,1,False,True
EDGE300927,C52566,Customer,P4231,Product,RETURNS,2024-04-19 19:18:17,ORD100750,Home,Active,0.602,$100-$250,NA,OK,SpringSale,False,3,12,P4231,207.91,1,True,False
EDGE300928,C17064,Customer,P1078,Product,ADDED_TO_CART,2024-05-12 10:47:37,,Sports,Active,0.497,>$250,LATAM,WY,None,False,0,26,P1078,326.98,1,False,False
EDGE300929,C19392,Customer,P6863,Product,VIEWED,2024-10-13 13:35:14,,Automotive,AtRisk,0.452,$50-$100,LATAM,MS,SpringSale,False,2,43,P6863,63.26,1,False,False
EDGE300930,P6833,Product,P8778,Product,ALSO_BOUGHT_WITH,2024-09-28 22:03:43,ORD100805,Home,AtRisk,0.548,>$250,APAC,WI,SpringSale,False,1,27,P6833,600.61,3,False,False
EDGE300931,P2026,Product,P3433,Product,ALSO_BOUGHT_WITH,2025-01-10 12:07:32,ORD101982,Apparel,Loyal,0.791,$50-$100,NA,MA,None,False,3,46,P2026,72.74,1,False,False
EDGE300932,C12060,Customer,P7663,Product,ADDED_TO_CART,2024-08-20 16:44:44,,Home,Active,0.362,$100-$250,APAC,PA,None,False,1,38,P7663,185.95,1,False,False
EDGE300933,C59761,Customer,P2992,Product,VIEWED,2024-07-08 20:53:33,,Grocery,AtRisk,0.451,>$250,NA,OR,NewArrivals,False,5,59,P2992,347.92,1,False,False
EDGE300934,C30107,Customer,P6383,Product,PURCHASED,2024-02-10 15:20:19,ORD101841,Apparel,Active,0.913,$100-$250,EU,PA,SpringSale,False,7,7,P6383,212.25,1,False,True
EDGE300935,C80717,Customer,P8935,Product,VIEWED,2024-01-23 06:20:16,,Apparel,AtRisk,0.22,$100-$250,EU,TX,SpringSale,False,2,21,P8935,174.99,1,False,False
EDGE300936,P5463,Product,P3824,Product,ALSO_BOUGHT_WITH,2024-03-03 00:10:24,ORD101795,Home,Dormant,0.128,$25-$50,LATAM,NM,Loyalty,False,4,5,P5463,27.94,1,False,False
EDGE300937,C77747,Customer,P1133,Product,VIEWED,2025-04-24 00:55:21,,Pets,AtRisk,0.858,>$250,APAC,MN,Clearance,False,6,15,P1133,545.54,1,False,False
EDGE300938,C79951,Customer,P7707,Product,VIEWED,2025-03-07 00:32:56,,Toys,Loyal,0.639,<$25,NA,WY,SpringSale,False,6,53,P7707,16.85,1,False,False
EDGE300939,C79860,Customer,P1486,Product,VIEWED,2024-07-03 20:33:41,,Toys,Active,0.214,$25-$50,LATAM,NJ,Holiday,False,3,54,P1486,36.16,1,False,False
EDGE300940,C84658,Customer,P4789,Product,VIEWED,2024-08-22 12:49:10,,Electronics,Active,0.743,$50-$100,APAC,OR,Holiday,False,4,65,P4789,55.92,1,False,False
EDGE300941,C78493,Customer,P2649,Product,VIEWED,2025-05-21 18:54:16,,Sports,AtRisk,0.481,$50-$100,LATAM,UT,BackToSchool,False,4,48,P2649,71.69,2,False,False
EDGE300942,C38353,Customer,P7559,Product,ADDED_TO_CART,2024-11-02 07:01:17,,Home,Active,0.825,>$250,APAC,TN,NewArrivals,False,2,47,P7559,381.62,1,False,False
EDGE300943,C60705,Customer,C48888,Customer,REFERRED_FRIEND,2024-04-28 13:58:59,,Home,AtRisk,0.449,$50-$100,NA,MT,Holiday,False,2,15,P4483,69.74,1,False,False
EDGE300944,C89787,Customer,P2870,Product,ADDED_TO_CART,2025-05-12 14:05:29,,Sports,New,0.733,>$250,NA,MS,SpringSale,False,5,67,P2870,277.02,1,False,False
EDGE300945,C29779,Customer,P2652,Product,VIEWED,2024-01-10 03:52:29,,Sports,Dormant,0.159,>$250,APAC,MS,BackToSchool,False,3,5,P2652,283.3,2,False,False
EDGE300946,C68086,Customer,P9091,Product,VIEWED,2024-11-10 01:06:46,,Grocery,Active,0.238,<$25,NA,WI,NewArrivals,False,5,45,P9091,23.91,2,False,False
EDGE300947,C78127,Customer,P2920,Product,PURCHASED,2024-05-16 19:56:15,ORD101715,Toys,AtRisk,0.516,$50-$100,EU,CA,Holiday,False,1,55,P2920,60.64,1,False,False
EDGE300948,C96196,Customer,P4684,Product,VIEWED,2024-09-02 16:45:52,,Sports,Dormant,0.369,$50-$100,NA,AL,SpringSale,False,3,62,P4684,53.41,1,False,False
EDGE300949,C12644,Customer,P9432,Product,ADDED_TO_CART,2024-03-24 05:53:57,,Beauty,New,0.463,<$25,EU,OR,SpringSale,False,6,5,P9432,24.7,2,False,False
EDGE300950,C51577,Customer,P5681,Product,VIEWED,2024-12-05 18:31:28,,Grocery,Dormant,0.962,$25-$50,LATAM,TN,Loyalty,False,3,17,P5681,31.66,2,False,False
EDGE300951,C93254,Customer,P8942,Product,VIEWED,2024-07-03 16:56:31,,Home,Loyal,0.759,$25-$50,LATAM,MD,SpringSale,False,3,62,P8942,47.06,2,False,False
EDGE300952,C61178,Customer,P1430,Product,PURCHASED,2024-03-29 23:23:55,ORD102054,Toys,Loyal,0.242,<$25,NA,RI,BackToSchool,False,3,42,P1430,18.68,2,False,True
EDGE300953,C88748,Customer,P8716,Product,VIEWED,2024-05-28 20:24:19,,Apparel,Active,0.642,$50-$100,NA,LA,Loyalty,False,2,83,P8716,70.03,4,False,False
EDGE300954,C29418,Customer,P6322,Product,VIEWED,2024-08-03 14:54:35,,Grocery,Active,0.34,$50-$100,LATAM,IL,None,False,2,70,P6322,50.0,1,False,False
EDGE300955,C43234,Customer,P5991,Product,ADDED_TO_CART,2025-05-14 10:34:37,,Automotive,New,0.248,$50-$100,NA,MT,NewArrivals,False,2,45,P5991,70.06,1,False,False
EDGE300956,C51320,Customer,P9805,Product,VIEWED,2024-10-16 11:44:51,,Automotive,AtRisk,0.965,$25-$50,EU,AR,Loyalty,False,2,38,P9805,49.62,1,False,False
EDGE300957,C57200,Customer,P6065,Product,VIEWED,2025-06-08 19:20:23,,Apparel,Loyal,0.262,$50-$100,EU,WY,None,False,4,54,P6065,78.62,1,False,False
EDGE300958,C70686,Customer,P3510,Product,PURCHASED,2025-02-23 03:26:31,ORD100969,Electronics,Active,0.256,>$250,APAC,NJ,BackToSchool,False,6,80,P3510,395.79,1,False,True
EDGE300959,C70502,Customer,P8648,Product,PURCHASED,2024-04-10 18:39:21,ORD100775,Sports,AtRisk,0.359,$25-$50,APAC,ME,SpringSale,False,3,14,P8648,37.75,1,True,True
EDGE300960,C51201,Customer,P5511,Product,VIEWED,2024-07-15 13:35:16,,Sports,Loyal,0.498,$25-$50,APAC,PA,Loyalty,False,2,63,P5511,44.64,1,False,False
EDGE300961,C56753,Customer,P5481,Product,ADDED_TO_CART,2025-05-27 18:31:47,,Toys,New,0.537,$100-$250,LATAM,IN,Loyalty,False,3,49,P5481,241.37,2,False,False
EDGE300962,C93933,Customer,P6235,Product,VIEWED,2025-06-14 21:16:46,,Sports,AtRisk,0.507,$50-$100,EU,SC,SpringSale,False,1,28,P6235,77.99,3,False,False
EDGE300963,C46078,Customer,P6882,Product,ADDED_TO_CART,2024-04-23 12:43:26,,Automotive,Loyal,0.305,<$25,LATAM,MT,Loyalty,False,1,47,P6882,21.68,2,False,False
EDGE300964,P3354,Product,P9951,Product,ALSO_BOUGHT_WITH,2024-04-14 22:31:45,ORD102464,Toys,New,0.259,$50-$100,LATAM,SD,SpringSale,False,6,21,P3354,83.3,1,False,False
EDGE300965,C91496,Customer,P9976,Product,ADDED_TO_CART,2025-01-08 04:34:59,,Electronics,Active,0.255,<$25,EU,ID,Clearance,False,5,71,P9976,12.12,1,False,False
EDGE300966,C88323,Customer,P6560,Product,PURCHASED,2024-11-20 23:13:08,ORD102348,Home,Active,0.862,$25-$50,NA,UT,SpringSale,False,1,70,P6560,35.76,1,False,True
EDGE300967,C78048,Customer,P8337,Product,PURCHASED,2025-06-04 19:48:54,ORD100269,Electronics,New,0.515,$100-$250,APAC,GA,NewArrivals,False,5,85,P8337,249.86,1,False,True
EDGE300968,P5493,Product,P2749,Product,ALSO_BOUGHT_WITH,2024-10-17 02:46:02,ORD101222,Beauty,Loyal,0.125,$25-$50,NA,RI,Holiday,False,4,79,P5493,36.58,1,False,False
EDGE300969,C86646,Customer,C73635,Customer,REFERRED_FRIEND,2024-03-27 14:59:25,,Automotive,New,0.611,>$250,LATAM,PA,None,False,1,39,P6536,302.71,2,False,False
EDGE300970,C72997,Customer,C13810,Customer,REFERRED_FRIEND,2025-03-13 07:07:15,,Grocery,Active,0.983,$50-$100,LATAM,AR,Clearance,True,3,60,P2202,75.17,1,False,False
EDGE300971,C18914,Customer,P3893,Product,ADDED_TO_CART,2024-04-16 20:17:23,,Pets,Active,0.477,$25-$50,APAC,CA,Holiday,False,6,53,P3893,48.88,1,False,False
EDGE300972,C86476,Customer,P3081,Product,VIEWED,2024-08-03 19:09:24,,Home,Active,0.487,<$25,APAC,MS,NewArrivals,False,1,57,P3081,15.33,1,False,False
EDGE300973,C77442,Customer,P1437,Product,VIEWED,2024-07-30 12:53:26,,Home,New,0.18,<$25,LATAM,CO,Loyalty,False,4,42,P1437,12.69,1,False,False
EDGE300974,C19574,Customer,P3647,Product,VIEWED,2024-10-25 03:35:30,,Beauty,Active,0.631,>$250,APAC,TN,SpringSale,False,4,49,P3647,339.56,2,False,False
EDGE300975,C53398,Customer,P5919,Product,VIEWED,2024-11-06 04:26:07,,Apparel,Active,0.437,<$25,NA,WY,Clearance,False,3,52,P5919,14.25,1,False,False
EDGE300976,C80603,Customer,P5933,Product,ADDED_TO_CART,2025-04-09 21:46:47,,Sports,New,0.458,$50-$100,NA,AL,SpringSale,False,1,54,P5933,66.82,1,False,False
EDGE300977,C73543,Customer,P2463,Product,PURCHASED,2024-08-17 16:28:16,ORD101599,Apparel,Active,0.365,$25-$50,NA,MA,SpringSale,False,2,19,P2463,44.64,3,False,True
EDGE300978,C76744,Customer,P3991,Product,ADDED_TO_CART,2024-03-23 02:08:10,,Electronics,New,0.836,>$250,EU,NJ,Holiday,False,2,17,P3991,386.17,1,False,False
EDGE300979,C60749,Customer,P7276,Product,PURCHASED,2024-12-30 12:44:39,ORD100635,Apparel,Loyal,0.32,$50-$100,APAC,WI,BackToSchool,False,2,28,P7276,64.8,1,False,True
EDGE300980,C85030,Customer,C21067,Customer,REFERRED_FRIEND,2025-01-24 08:56:00,,Pets,Active,0.326,>$250,EU,ND,BackToSchool,False,2,20,P7855,275.22,1,False,False
EDGE300981,C76574,Customer,P8965,Product,ADDED_TO_CART,2024-11-06 21:55:46,,Home,New,0.193,>$250,EU,CT,None,False,1,33,P8965,598.16,1,False,False
EDGE300982,C53030,Customer,P9360,Product,VIEWED,2024-05-02 00:09:20,,Grocery,Active,0.17,$50-$100,APAC,AK,None,False,3,29,P9360,51.67,1,False,False
EDGE300983,P2365,Product,P6692,Product,ALSO_BOUGHT_WITH,2024-04-19 03:01:58,ORD102428,Electronics,Active,0.877,$100-$250,LATAM,MT,NewArrivals,False,4,39,P2365,144.17,1,False,False
EDGE300984,C97477,Customer,P2352,Product,VIEWED,2025-04-06 09:42:51,,Books,Active,0.794,$50-$100,LATAM,ID,None,False,3,37,P2352,51.74,1,False,False
EDGE300985,C43268,Customer,P8025,Product,ADDED_TO_CART,2024-06-26 10:08:08,,Grocery,AtRisk,0.464,$50-$100,NA,ND,Clearance,False,5,48,P8025,57.62,1,False,False
EDGE300986,C58544,Customer,P8833,Product,VIEWED,2024-08-07 04:09:51,,Sports,Loyal,0.249,>$250,NA,OR,None,False,2,28,P8833,987.23,1,False,False
EDGE300987,C76848,Customer,P8707,Product,VIEWED,2025-01-21 06:34:37,,Home,Active,0.42,<$25,EU,NV,None,False,5,46,P8707,18.1,1,False,False
EDGE300988,C42834,Customer,P8493,Product,PURCHASED,2024-05-01 11:16:55,ORD100713,Home,Active,0.502,>$250,LATAM,GA,NewArrivals,False,2,95,P8493,473.92,2,False,True
EDGE300989,P3248,Product,P1359,Product,ALSO_BOUGHT_WITH,2024-12-30 00:08:40,ORD100835,Automotive,New,0.457,$25-$50,APAC,MT,BackToSchool,False,6,90,P3248,45.53,1,False,False
EDGE300990,C17146,Customer,P4485,Product,PURCHASED,2025-06-02 12:32:38,ORD102111,Sports,Loyal,0.174,$25-$50,EU,LA,None,False,2,56,P4485,41.03,3,False,True
EDGE300991,C70114,Customer,C27316,Customer,REFERRED_FRIEND,2025-02-10 18:16:00,,Automotive,Loyal,0.891,>$250,APAC,OR,SpringSale,False,5,32,P2420,384.67,2,False,False
EDGE300992,C97423,Customer,P4586,Product,PURCHASED,2024-04-16 03:21:13,ORD101679,Sports,Active,0.988,$25-$50,LATAM,NE,Clearance,False,4,46,P4586,28.83,1,False,True
EDGE300993,C61547,Customer,P8632,Product,PURCHASED,2024-04-07 11:14:07,ORD102460,Grocery,New,0.498,$50-$100,NA,ND,BackToSchool,False,2,71,P8632,51.31,1,False,True
EDGE300994,C56101,Customer,P7704,Product,VIEWED,2024-03-10 16:42:30,,Books,Active,0.351,$50-$100,APAC,AK,Clearance,False,5,76,P7704,79.06,1,False,False
EDGE300995,P5252,Product,P2938,Product,ALSO_BOUGHT_WITH,2024-10-02 07:40:58,ORD101522,Electronics,Loyal,0.517,>$250,NA,SD,Loyalty,False,1,45,P5252,519.01,2,False,False
EDGE300996,C50083,Customer,P1141,Product,ADDED_TO_CART,2024-01-12 10:02:35,,Grocery,Loyal,0.948,$50-$100,APAC,DE,Loyalty,False,0,18,P1141,74.38,2,False,False
EDGE300997,P1545,Product,P4546,Product,ALSO_BOUGHT_WITH,2024-06-24 20:33:05,ORD100325,Grocery,Active,0.14,$50-$100,APAC,NV,BackToSchool,False,4,35,P1545,56.12,1,False,False
EDGE300998,C51340,Customer,P9966,Product,ADDED_TO_CART,2024-03-02 12:21:30,,Pets,Dormant,0.393,$50-$100,LATAM,IA,SpringSale,False,2,85,P9966,62.68,1,False,False
EDGE300999,C47262,Customer,P1753,Product,VIEWED,2024-05-26 07:10:57,,Beauty,Loyal,0.891,$25-$50,EU,KS,Loyalty,False,5,31,P1753,36.85,1,False,False
EDGE301000,C98639,Customer,C35650,Customer,REFERRED_FRIEND,2025-01-19 12:12:56,,Books,Loyal,0.977,<$25,LATAM,NJ,BackToSchool,False,4,13,P9026,22.55,1,False,False
EDGE301001,C65361,Customer,P3546,Product,RETURNS,2024-11-22 02:35:58,ORD100941,Automotive,New,0.246,$50-$100,APAC,ND,Loyalty,False,4,70,P3546,54.87,1,True,False
EDGE301002,C39862,Customer,P3717,Product,VIEWED,2024-05-24 09:05:31,,Beauty,Active,0.419,$100-$250,APAC,NC,NewArrivals,False,3,112,P3717,246.19,1,False,False
EDGE301003,C81578,Customer,P2550,Product,PURCHASED,2024-01-20 15:57:44,ORD100840,Automotive,Active,0.33,<$25,NA,DE,None,False,2,57,P2550,12.55,1,False,True
EDGE301004,C35137,Customer,C68177,Customer,REFERRED_FRIEND,2024-04-29 01:56:27,,Automotive,New,0.292,$25-$50,APAC,FL,BackToSchool,False,1,43,P3472,25.08,1,False,False
EDGE301005,C99281,Customer,P5153,Product,VIEWED,2025-02-05 08:43:51,,Automotive,Loyal,0.195,<$25,LATAM,NM,Clearance,False,4,25,P5153,20.55,4,False,False
EDGE301006,C95207,Customer,C32106,Customer,REFERRED_FRIEND,2024-08-09 20:37:40,,Books,New,0.69,$25-$50,EU,NC,BackToSchool,False,4,56,P9055,43.14,1,False,False
EDGE301007,C59099,Customer,P7066,Product,VIEWED,2025-03-20 03:32:21,,Beauty,New,0.781,$100-$250,EU,NJ,None,False,1,63,P7066,152.38,1,False,False
EDGE301008,C34788,Customer,C39477,Customer,REFERRED_FRIEND,2024-12-17 10:12:40,,Pets,Active,0.228,$25-$50,EU,PA,None,False,0,88,P2318,49.53,3,False,False
EDGE301009,C55886,Customer,P6919,Product,ADDED_TO_CART,2024-09-09 00:59:17,,Home,Loyal,0.652,$100-$250,LATAM,CA,None,False,2,13,P6919,130.15,1,False,False
EDGE301010,C28416,Customer,P9120,Product,VIEWED,2024-12-04 02:12:46,,Grocery,New,0.87,<$25,NA,NM,SpringSale,False,5,86,P9120,15.38,1,False,False
EDGE301011,C99347,Customer,P1722,Product,PURCHASED,2024-05-31 03:54:41,ORD102244,Home,Loyal,0.858,>$250,LATAM,TN,SpringSale,False,1,63,P1722,322.08,2,False,True
EDGE301012,C42315,Customer,P2042,Product,PURCHASED,2024-05-10 05:57:14,ORD101675,Home,Active,0.981,$25-$50,EU,NC,Loyalty,False,6,25,P2042,38.75,1,False,True
EDGE301013,C36355,Customer,P9778,Product,VIEWED,2024-05-22 05:35:28,,Automotive,Active,0.549,<$25,APAC,IL,Holiday,False,6,22,P9778,16.03,2,False,False
EDGE301014,C48069,Customer,P3383,Product,VIEWED,2024-02-29 16:02:05,,Books,Active,0.959,<$25,LATAM,OK,Holiday,False,2,38,P3383,19.27,1,False,False
EDGE301015,C32021,Customer,P7156,Product,VIEWED,2024-02-29 15:19:19,,Pets,Active,0.521,<$25,EU,KS,None,False,2,13,P7156,17.86,1,False,False
EDGE301016,C23994,Customer,P9883,Product,VIEWED,2024-08-29 23:32:00,,Grocery,Loyal,0.851,$50-$100,EU,ID,Clearance,False,2,41,P9883,62.85,2,False,False
EDGE301017,C52184,Customer,P9031,Product,PURCHASED,2024-10-25 20:30:23,ORD100850,Sports,AtRisk,0.185,$50-$100,EU,WA,Loyalty,False,5,79,P9031,62.23,1,False,True
EDGE301018,C41977,Customer,P8712,Product,ADDED_TO_CART,2024-06-25 10:48:39,,Automotive,New,0.343,$25-$50,EU,OK,Holiday,False,2,32,P8712,41.9,1,False,False
EDGE301019,C82767,Customer,P5196,Product,ADDED_TO_CART,2024-09-05 16:11:49,,Automotive,Active,0.302,<$25,LATAM,MT,None,False,4,42,P5196,11.38,1,False,False
EDGE301020,C73582,Customer,P9800,Product,VIEWED,2024-07-14 21:43:31,,Electronics,Dormant,0.32,$50-$100,LATAM,IA,NewArrivals,False,3,29,P9800,66.9,3,False,False
EDGE301021,C45917,Customer,P6309,Product,PURCHASED,2024-04-05 02:50:11,ORD101692,Pets,Active,0.418,$100-$250,APAC,SC,SpringSale,False,2,44,P6309,170.16,2,False,True
EDGE301022,C82088,Customer,P9146,Product,VIEWED,2024-09-10 06:11:57,,Toys,Active,0.428,>$250,LATAM,AZ,Holiday,False,4,49,P9146,252.54,1,False,False
EDGE301023,C43295,Customer,P2068,Product,PURCHASED,2025-04-04 02:21:00,ORD100469,Toys,Active,0.283,$50-$100,EU,DC,Holiday,False,7,34,P2068,65.57,3,False,True
EDGE301024,C23122,Customer,P2504,Product,VIEWED,2024-02-25 19:05:38,,Sports,Loyal,0.855,$100-$250,EU,VA,NewArrivals,False,0,70,P2504,152.42,1,False,False
EDGE301025,C14867,Customer,C46808,Customer,REFERRED_FRIEND,2025-01-08 11:31:41,,Toys,AtRisk,0.487,$25-$50,NA,RI,BackToSchool,False,4,50,P3371,38.04,1,False,False
EDGE301026,C35039,Customer,P1157,Product,PURCHASED,2024-05-04 16:25:14,ORD101556,Books,Loyal,0.252,$100-$250,EU,WI,SpringSale,False,2,61,P1157,116.98,1,False,True
EDGE301027,C89196,Customer,P7770,Product,ADDED_TO_CART,2025-01-13 10:43:33,,Beauty,Loyal,0.362,$25-$50,LATAM,MO,NewArrivals,False,4,40,P7770,28.43,1,False,False
EDGE301028,C41145,Customer,P2565,Product,PURCHASED,2024-01-27 16:06:51,ORD100671,Apparel,New,0.207,$50-$100,APAC,MN,None,False,4,57,P2565,72.45,1,False,True
EDGE301029,C80995,Customer,P7481,Product,VIEWED,2024-07-11 09:38:08,,Sports,Active,0.678,$50-$100,LATAM,NE,Clearance,False,6,28,P7481,76.14,2,False,False
EDGE301030,C65182,Customer,P2513,Product,PURCHASED,2024-05-07 08:04:28,ORD102416,Grocery,New,0.225,>$250,APAC,WY,NewArrivals,False,4,46,P2513,947.56,2,False,False
EDGE301031,C94610,Customer,C33011,Customer,REFERRED_FRIEND,2025-01-03 12:04:15,,Home,Dormant,0.918,$50-$100,LATAM,DC,None,False,1,9,P1670,77.29,1,False,False
EDGE301032,C49618,Customer,P9604,Product,RETURNS,2024-11-21 06:14:02,ORD101849,Automotive,Loyal,0.805,$50-$100,NA,ID,None,False,1,66,P9604,74.41,2,False,False
EDGE301033,C50190,Customer,P9326,Product,ADDED_TO_CART,2025-06-08 13:41:44,,Books,AtRisk,0.605,$50-$100,EU,ID,Clearance,False,4,67,P9326,78.63,1,False,False
EDGE301034,P6925,Product,P3756,Product,ALSO_BOUGHT_WITH,2025-02-27 16:05:56,ORD101209,Grocery,New,0.243,$50-$100,NA,NY,SpringSale,False,1,27,P6925,68.22,2,False,False
EDGE301035,C58883,Customer,P4331,Product,VIEWED,2024-07-15 19:26:53,,Beauty,AtRisk,0.196,>$250,EU,OH,BackToSchool,False,4,53,P4331,615.93,1,False,False
EDGE301036,C30569,Customer,P7080,Product,RETURNS,2024-04-23 03:48:39,ORD100223,Automotive,Active,0.231,>$250,NA,CT,Holiday,False,5,56,P7080,273.91,1,False,False
EDGE301037,P1649,Product,P7111,Product,ALSO_BOUGHT_WITH,2024-05-18 22:33:16,ORD100531,Toys,Active,0.895,$25-$50,NA,TX,SpringSale,False,5,23,P1649,41.93,1,False,False
EDGE301038,C99775,Customer,P1530,Product,VIEWED,2024-05-30 09:38:10,,Pets,Loyal,0.613,$50-$100,NA,GA,SpringSale,False,5,25,P1530,68.09,1,False,False
EDGE301039,P8907,Product,P4230,Product,ALSO_BOUGHT_WITH,2024-06-12 03:29:10,ORD100111,Toys,New,0.458,$25-$50,APAC,OR,SpringSale,False,4,72,P8907,33.26,1,False,False
EDGE301040,C67242,Customer,P8191,Product,VIEWED,2025-04-03 12:28:04,,Grocery,Loyal,0.934,>$250,EU,AR,Clearance,False,4,41,P8191,346.5,1,False,False
EDGE301041,C27254,Customer,P3792,Product,PURCHASED,2024-12-21 07:20:04,ORD100297,Books,AtRisk,0.745,$100-$250,LATAM,AZ,NewArrivals,False,5,87,P3792,237.62,1,False,True
EDGE301042,P7785,Product,P1256,Product,ALSO_BOUGHT_WITH,2024-12-24 13:05:47,ORD100356,Apparel,New,0.466,>$250,NA,LA,NewArrivals,False,3,37,P7785,504.45,1,False,False
EDGE301043,P4204,Product,P8353,Product,ALSO_BOUGHT_WITH,2024-01-09 13:24:20,ORD100029,Apparel,Active,0.632,>$250,EU,AK,None,False,1,57,P4204,696.89,1,False,False
EDGE301044,C55329,Customer,P7420,Product,VIEWED,2024-11-10 20:55:36,,Toys,New,0.159,>$250,NA,MS,Clearance,False,4,33,P7420,667.13,2,False,False
EDGE301045,C17990,Customer,C64482,Customer,REFERRED_FRIEND,2024-08-03 00:03:02,,Pets,New,0.567,>$250,LATAM,KY,None,False,5,39,P4525,327.35,1,False,False
EDGE301046,C51343,Customer,C20104,Customer,REFERRED_FRIEND,2024-10-24 04:52:26,,Pets,Active,0.201,$50-$100,LATAM,SD,Holiday,False,3,40,P1408,67.27,1,False,False
EDGE301047,C88349,Customer,P6356,Product,PURCHASED,2025-06-29 15:43:09,ORD100678,Books,Active,0.607,>$250,APAC,MD,SpringSale,False,3,53,P6356,786.07,1,False,True
EDGE301048,C74618,Customer,P9897,Product,VIEWED,2024-10-25 20:32:54,,Electronics,Loyal,0.751,$50-$100,EU,IL,None,False,2,84,P9897,79.06,1,False,False
EDGE301049,C82042,Customer,C44473,Customer,REFERRED_FRIEND,2025-04-07 18:54:45,,Grocery,New,0.246,$25-$50,APAC,IL,SpringSale,False,2,39,P3057,28.24,1,False,False
EDGE301050,C63724,Customer,C74703,Customer,REFERRED_FRIEND,2024-09-22 14:49:51,,Automotive,Loyal,0.66,>$250,LATAM,OK,None,False,2,35,P5388,825.86,2,False,False
EDGE301051,C32682,Customer,P1725,Product,VIEWED,2024-08-12 22:40:01,,Home,Active,0.591,>$250,NA,NV,Loyalty,False,1,56,P1725,317.7,1,False,False
EDGE301052,C17414,Customer,C48829,Customer,REFERRED_FRIEND,2024-11-30 14:40:45,,Books,Active,0.441,>$250,APAC,AZ,Clearance,True,4,27,P8317,251.99,2,False,False
EDGE301053,C77806,Customer,C19496,Customer,REFERRED_FRIEND,2024-08-23 20:36:44,,Electronics,New,0.358,>$250,EU,SD,None,True,5,30,P8985,307.44,1,False,False
EDGE301054,C73767,Customer,P6782,Product,VIEWED,2024-06-20 16:51:31,,Toys,Active,0.773,>$250,APAC,IL,Clearance,False,5,5,P6782,366.73,2,False,False
EDGE301055,C52006,Customer,P5684,Product,PURCHASED,2024-01-16 05:56:17,ORD102281,Electronics,Loyal,0.253,>$250,NA,AR,SpringSale,False,2,34,P5684,328.86,1,True,True
EDGE301056,C88388,Customer,C47694,Customer,REFERRED_FRIEND,2025-01-26 20:11:51,,Beauty,Active,0.477,$50-$100,EU,SC,SpringSale,False,5,36,P9242,79.33,1,False,False
EDGE301057,P2462,Product,P2024,Product,ALSO_BOUGHT_WITH,2024-03-10 13:24:28,ORD100705,Home,Active,0.532,$100-$250,NA,MT,BackToSchool,False,2,51,P2462,131.91,1,False,False
EDGE301058,C60958,Customer,C82276,Customer,REFERRED_FRIEND,2024-05-22 14:13:51,,Sports,Active,0.922,$25-$50,APAC,NC,NewArrivals,False,3,44,P3359,47.5,1,False,False
EDGE301059,P6287,Product,P7417,Product,ALSO_BOUGHT_WITH,2024-09-19 20:35:10,ORD100178,Pets,Active,0.152,$25-$50,EU,MA,SpringSale,False,2,37,P6287,44.37,1,False,False
EDGE301060,C31221,Customer,P3135,Product,VIEWED,2024-03-22 19:29:58,,Automotive,Loyal,0.556,$50-$100,APAC,MS,Clearance,False,4,54,P3135,52.54,1,False,False
EDGE301061,C30045,Customer,P7783,Product,VIEWED,2025-02-04 18:49:44,,Pets,Dormant,0.956,$25-$50,APAC,VT,SpringSale,False,2,63,P7783,27.4,2,False,False
EDGE301062,C18952,Customer,P4368,Product,PURCHASED,2025-06-27 19:46:02,ORD102145,Pets,Active,0.919,$25-$50,NA,NJ,BackToSchool,False,9,66,P4368,49.32,1,True,True
EDGE301063,P5539,Product,P6251,Product,ALSO_BOUGHT_WITH,2024-12-28 07:12:57,ORD102056,Beauty,AtRisk,0.863,>$250,LATAM,IN,None,False,1,87,P5539,299.99,3,False,False
EDGE301064,C99409,Customer,P4950,Product,ADDED_TO_CART,2024-01-26 03:28:02,,Apparel,Active,0.31,<$25,LATAM,MS,NewArrivals,False,1,55,P4950,12.38,2,False,False
EDGE301065,C55808,Customer,P2750,Product,ADDED_TO_CART,2025-06-26 14:26:57,,Apparel,New,0.737,$25-$50,APAC,ME,None,False,2,23,P2750,39.8,1,False,False
EDGE301066,C10235,Customer,P2207,Product,PURCHASED,2024-05-13 17:48:27,ORD100873,Pets,Active,0.227,$50-$100,LATAM,OR,SpringSale,False,0,40,P2207,69.98,2,False,True
EDGE301067,P9029,Product,P6726,Product,ALSO_BOUGHT_WITH,2024-11-06 17:08:10,ORD100713,Sports,New,0.783,$25-$50,EU,DE,Holiday,False,5,100,P9029,41.21,2,False,False
EDGE301068,C32691,Customer,P4093,Product,RETURNS,2024-12-02 04:03:32,ORD101920,Pets,Loyal,0.506,$25-$50,EU,AK,Holiday,False,4,32,P4093,38.95,2,False,False
EDGE301069,P8215,Product,P2701,Product,ALSO_BOUGHT_WITH,2024-07-24 03:49:55,ORD101173,Pets,Loyal,0.963,>$250,EU,WI,Loyalty,False,3,50,P8215,262.73,3,False,False
EDGE301070,C50697,Customer,P2302,Product,PURCHASED,2025-02-03 12:54:56,ORD102215,Toys,Active,0.302,$25-$50,LATAM,CT,None,False,3,49,P2302,43.7,1,False,False
EDGE301071,P4457,Product,P1545,Product,ALSO_BOUGHT_WITH,2024-08-29 06:22:29,ORD100576,Automotive,AtRisk,0.399,$50-$100,LATAM,MO,NewArrivals,False,4,41,P4457,52.2,1,False,False
EDGE301072,C55489,Customer,P8935,Product,PURCHASED,2024-03-24 19:11:28,ORD102369,Home,Dormant,0.564,<$25,APAC,RI,Holiday,False,4,51,P8935,22.51,1,False,True
EDGE301073,C70068,Customer,P8759,Product,PURCHASED,2024-10-17 14:55:29,ORD100553,Sports,Active,0.4,$100-$250,NA,MS,BackToSchool,False,7,57,P8759,154.49,1,False,True
EDGE301074,C36433,Customer,P7220,Product,RETURNS,2024-02-03 19:20:15,ORD100163,Home,AtRisk,0.337,$50-$100,APAC,OR,Loyalty,False,2,31,P7220,51.34,4,False,False
EDGE301075,C97404,Customer,P9327,Product,ADDED_TO_CART,2024-09-28 18:45:29,,Sports,Active,0.371,$50-$100,EU,AK,NewArrivals,False,4,86,P9327,70.29,1,False,False
EDGE301076,C89825,Customer,P2256,Product,VIEWED,2024-01-05 19:13:29,,Sports,AtRisk,0.56,$100-$250,APAC,WI,NewArrivals,False,2,18,P2256,122.08,1,False,False
EDGE301077,C39105,Customer,P4100,Product,VIEWED,2025-02-22 10:52:41,,Beauty,Loyal,0.508,$50-$100,EU,AK,None,False,7,37,P4100,82.52,1,False,False
EDGE301078,C75260,Customer,P9093,Product,VIEWED,2024-10-03 04:51:31,,Apparel,AtRisk,0.791,$50-$100,EU,ND,Clearance,False,2,57,P9093,74.12,2,False,False
EDGE301079,C60834,Customer,P1140,Product,VIEWED,2025-01-10 01:12:17,,Books,New,0.481,$50-$100,APAC,SC,NewArrivals,False,2,32,P1140,57.56,1,False,False
EDGE301080,C17031,Customer,P5030,Product,VIEWED,2024-09-11 00:19:52,,Apparel,Active,0.798,$25-$50,EU,PA,None,False,3,65,P5030,27.67,1,False,False
EDGE301081,P3562,Product,P6839,Product,ALSO_BOUGHT_WITH,2025-01-28 18:11:46,ORD101586,Toys,New,0.259,$25-$50,EU,CO,NewArrivals,False,7,82,P3562,31.31,1,False,False
EDGE301082,C40045,Customer,P4538,Product,VIEWED,2025-03-13 23:50:58,,Sports,AtRisk,0.145,$25-$50,LATAM,DE,Loyalty,False,0,48,P4538,32.81,2,False,False
EDGE301083,C44418,Customer,P1119,Product,PURCHASED,2024-03-15 18:32:05,ORD100115,Books,Active,0.667,$50-$100,LATAM,IA,Clearance,False,5,74,P1119,70.16,1,False,True
EDGE301084,P7598,Product,P5857,Product,ALSO_BOUGHT_WITH,2025-06-10 20:33:38,ORD101953,Toys,Active,0.484,$50-$100,NA,NH,SpringSale,False,3,28,P7598,77.41,1,False,False
EDGE301085,C83072,Customer,P3239,Product,VIEWED,2025-04-21 09:00:58,,Books,Dormant,0.308,>$250,EU,MI,None,False,3,111,P3239,323.19,2,False,False
EDGE301086,C73700,Customer,P8154,Product,VIEWED,2024-02-12 08:42:44,,Apparel,Loyal,0.243,$25-$50,APAC,IA,SpringSale,False,7,33,P8154,31.55,1,False,False
EDGE301087,C49246,Customer,P6004,Product,VIEWED,2025-01-04 17:45:58,,Home,New,0.902,$50-$100,NA,KS,None,False,5,52,P6004,66.0,2,False,False
EDGE301088,C41767,Customer,C31468,Customer,REFERRED_FRIEND,2025-02-20 09:34:44,,Automotive,Active,0.112,$50-$100,EU,WA,Clearance,False,3,27,P6165,83.23,1,False,False
EDGE301089,P5863,Product,P6272,Product,ALSO_BOUGHT_WITH,2024-10-21 19:08:25,ORD101735,Beauty,Active,0.378,$25-$50,EU,OK,Loyalty,False,1,61,P5863,25.72,1,False,False
EDGE301090,C51391,Customer,P1766,Product,PURCHASED,2024-12-08 06:44:44,ORD101596,Pets,Active,0.257,$100-$250,EU,GA,SpringSale,False,6,5,P1766,233.24,1,False,True
EDGE301091,C62740,Customer,P1586,Product,VIEWED,2024-04-16 23:04:00,,Home,Active,0.347,<$25,EU,LA,NewArrivals,False,4,29,P1586,17.25,1,False,False
EDGE301092,C98768,Customer,P5251,Product,RETURNS,2024-01-30 21:17:25,ORD100497,Sports,New,0.264,<$25,LATAM,WV,Loyalty,False,6,61,P5251,18.84,1,True,False
EDGE301093,P9518,Product,P8904,Product,ALSO_BOUGHT_WITH,2024-11-06 10:43:44,ORD100705,Automotive,New,0.502,>$250,EU,MO,Loyalty,False,2,29,P9518,290.0,1,False,False
EDGE301094,C92614,Customer,P6112,Product,PURCHASED,2024-09-08 14:13:30,ORD101731,Toys,New,0.873,$50-$100,LATAM,IN,NewArrivals,False,4,35,P6112,69.3,1,False,True
EDGE301095,P9526,Product,P7130,Product,ALSO_BOUGHT_WITH,2024-06-17 09:59:42,ORD101199,Sports,Loyal,0.709,$100-$250,LATAM,HI,SpringSale,False,2,61,P9526,188.0,1,False,False
EDGE301096,C53143,Customer,P8845,Product,ADDED_TO_CART,2024-08-14 01:17:31,,Pets,Active,0.881,$25-$50,NA,OK,SpringSale,False,1,41,P8845,25.33,1,False,False
EDGE301097,C97057,Customer,P8957,Product,VIEWED,2024-09-08 23:42:37,,Grocery,Active,0.154,$50-$100,EU,MI,BackToSchool,False,2,35,P8957,63.43,2,False,False
EDGE301098,C19549,Customer,P1015,Product,ADDED_TO_CART,2024-08-22 20:58:41,,Pets,New,0.792,$50-$100,EU,HI,Holiday,False,3,69,P1015,70.16,1,False,False
EDGE301099,P2688,Product,P3481,Product,ALSO_BOUGHT_WITH,2025-04-05 23:34:27,ORD101578,Home,Active,0.657,$25-$50,NA,DE,Loyalty,False,2,62,P2688,26.49,1,False,False
EDGE301100,C41534,Customer,P2493,Product,PURCHASED,2024-06-06 22:26:23,ORD102027,Sports,New,0.549,<$25,LATAM,VA,None,False,2,47,P2493,21.74,2,False,True
EDGE301101,C93574,Customer,P2307,Product,ADDED_TO_CART,2024-08-28 07:23:21,,Pets,Loyal,0.184,$25-$50,NA,NJ,Loyalty,False,2,22,P2307,42.85,1,False,False
EDGE301102,C55912,Customer,P1204,Product,VIEWED,2024-08-04 16:48:06,,Toys,Active,0.395,$100-$250,EU,ID,BackToSchool,False,3,23,P1204,132.09,2,False,False
EDGE301103,C12696,Customer,P8225,Product,VIEWED,2025-06-29 10:05:39,,Beauty,New,0.222,$100-$250,NA,OR,BackToSchool,False,4,64,P8225,106.37,1,False,False
EDGE301104,C47573,Customer,P8813,Product,VIEWED,2025-02-09 02:05:39,,Pets,Active,0.908,$50-$100,NA,AL,None,False,1,68,P8813,73.07,1,False,False
EDGE301105,P9552,Product,P5776,Product,ALSO_BOUGHT_WITH,2024-07-19 11:02:31,ORD101082,Sports,Active,0.466,>$250,NA,IA,Loyalty,False,5,5,P9552,311.93,1,False,False
EDGE301106,C42068,Customer,C46563,Customer,REFERRED_FRIEND,2025-03-24 18:16:05,,Books,Loyal,0.326,<$25,NA,MT,Loyalty,False,2,51,P5803,18.11,1,False,False
EDGE301107,C11781,Customer,P5025,Product,VIEWED,2025-04-14 18:54:54,,Apparel,AtRisk,0.5,$50-$100,EU,IL,NewArrivals,False,3,63,P5025,61.25,1,False,False
EDGE301108,C91170,Customer,P4821,Product,VIEWED,2024-03-13 17:52:31,,Pets,Dormant,0.103,$50-$100,EU,MO,NewArrivals,False,3,37,P4821,56.78,3,False,False
EDGE301109,C82839,Customer,P3380,Product,PURCHASED,2024-11-14 03:55:46,ORD101957,Electronics,New,0.306,$50-$100,NA,SD,SpringSale,False,4,65,P3380,56.06,1,False,True
EDGE301110,C61696,Customer,P2343,Product,ADDED_TO_CART,2025-02-15 08:47:58,,Beauty,Active,0.184,$50-$100,NA,AZ,SpringSale,False,2,30,P2343,62.02,1,False,False
EDGE301111,C46760,Customer,P4641,Product,PURCHASED,2025-05-25 11:19:31,ORD100170,Automotive,Loyal,0.918,$25-$50,NA,GA,Holiday,False,1,43,P4641,29.97,1,True,True
EDGE301112,C69986,Customer,P8588,Product,ADDED_TO_CART,2024-02-25 17:25:00,,Electronics,Active,0.141,$100-$250,NA,NM,Holiday,False,3,62,P8588,224.78,1,False,False
EDGE301113,C75400,Customer,P8569,Product,PURCHASED,2024-10-10 04:13:11,ORD101943,Books,Loyal,0.453,$50-$100,APAC,UT,NewArrivals,False,4,90,P8569,55.7,4,False,True
EDGE301114,C58059,Customer,P8228,Product,PURCHASED,2024-03-08 18:44:09,ORD101290,Automotive,Active,0.688,>$250,LATAM,KY,SpringSale,False,7,54,P8228,662.66,2,False,True
EDGE301115,C38438,Customer,C80931,Customer,REFERRED_FRIEND,2025-05-26 21:06:43,,Beauty,Dormant,0.138,$25-$50,LATAM,NY,Loyalty,False,2,21,P3270,36.67,2,False,False
EDGE301116,C39215,Customer,P6763,Product,VIEWED,2024-12-10 09:06:57,,Sports,New,0.911,$50-$100,LATAM,MN,Loyalty,False,5,53,P6763,57.14,1,False,False
EDGE301117,C19250,Customer,P4046,Product,ADDED_TO_CART,2025-06-03 00:02:50,,Books,AtRisk,0.331,>$250,APAC,LA,None,False,3,47,P4046,914.81,3,False,False
EDGE301118,C37631,Customer,P4432,Product,PURCHASED,2024-12-13 11:22:09,ORD102354,Apparel,Loyal,0.832,$25-$50,APAC,MI,BackToSchool,False,3,25,P4432,42.56,1,False,True
EDGE301119,C26182,Customer,P1179,Product,VIEWED,2024-01-20 03:59:58,,Home,AtRisk,0.656,$50-$100,LATAM,WI,SpringSale,False,4,5,P1179,69.32,1,False,False
EDGE301120,C85680,Customer,P9210,Product,ADDED_TO_CART,2025-01-19 03:01:13,,Toys,Active,0.216,$25-$50,EU,CA,Holiday,False,5,66,P9210,49.14,1,False,False
EDGE301121,C46784,Customer,P4753,Product,ADDED_TO_CART,2025-01-29 21:42:14,,Home,New,0.465,$25-$50,APAC,OH,None,False,4,42,P4753,32.78,1,False,False
EDGE301122,C87640,Customer,P3402,Product,VIEWED,2024-05-15 19:33:32,,Apparel,New,0.251,>$250,LATAM,CT,None,False,3,74,P3402,973.66,2,False,False
EDGE301123,C91889,Customer,P5459,Product,PURCHASED,2025-06-03 11:13:32,ORD101646,Home,New,0.755,$25-$50,LATAM,NJ,Loyalty,False,6,59,P5459,49.28,1,False,True
EDGE301124,C20545,Customer,P5065,Product,PURCHASED,2024-02-03 15:54:07,ORD101438,Home,New,0.667,$25-$50,EU,AR,Clearance,False,2,44,P5065,37.6,1,False,True
EDGE301125,C92714,Customer,P2236,Product,PURCHASED,2024-01-05 09:41:18,ORD101284,Books,Active,0.244,<$25,APAC,VT,BackToSchool,False,2,92,P2236,18.38,1,False,True
EDGE301126,C34717,Customer,P8608,Product,RETURNS,2025-03-11 14:08:29,ORD100828,Sports,New,0.527,>$250,LATAM,PA,None,False,2,49,P8608,356.77,1,False,False
EDGE301127,P7765,Product,P5022,Product,ALSO_BOUGHT_WITH,2025-04-20 01:20:39,ORD100881,Apparel,New,0.495,$50-$100,EU,CO,None,False,0,49,P7765,50.52,1,False,False
EDGE301128,C21707,Customer,P7166,Product,VIEWED,2025-01-27 23:26:24,,Sports,Active,0.138,$25-$50,LATAM,MD,NewArrivals,False,6,76,P7166,27.03,2,False,False
EDGE301129,C17691,Customer,P5259,Product,ADDED_TO_CART,2024-08-01 18:55:03,,Home,Loyal,0.331,>$250,EU,VA,Clearance,False,6,36,P5259,556.71,3,False,False
EDGE301130,C78080,Customer,P2838,Product,PURCHASED,2024-07-26 21:40:29,ORD101887,Sports,AtRisk,0.654,$100-$250,NA,NV,SpringSale,False,0,25,P2838,244.56,1,True,True
EDGE301131,C91356,Customer,C47571,Customer,REFERRED_FRIEND,2024-09-04 16:22:04,,Electronics,Loyal,0.394,$25-$50,APAC,WA,NewArrivals,False,0,43,P7872,41.12,2,False,False
EDGE301132,C43511,Customer,P4879,Product,VIEWED,2024-05-13 00:04:30,,Home,Active,0.188,<$25,APAC,VT,Holiday,False,2,37,P4879,22.04,2,False,False
EDGE301133,C46151,Customer,P2506,Product,PURCHASED,2024-09-20 13:41:05,ORD100595,Apparel,Active,0.368,<$25,EU,NE,Holiday,False,2,28,P2506,13.36,1,False,True
EDGE301134,C94424,Customer,P4374,Product,VIEWED,2024-01-27 01:53:13,,Books,Active,0.289,$50-$100,NA,PA,BackToSchool,False,2,63,P4374,83.14,1,False,False
EDGE301135,C42665,Customer,P5929,Product,VIEWED,2025-02-18 09:27:49,,Books,New,0.956,>$250,EU,IL,BackToSchool,False,1,49,P5929,327.82,1,False,False
EDGE301136,C38824,Customer,P8204,Product,VIEWED,2024-02-12 15:45:10,,Electronics,New,0.444,>$250,EU,TX,Clearance,False,2,37,P8204,398.41,2,False,False
EDGE301137,C15385,Customer,C84602,Customer,REFERRED_FRIEND,2025-02-16 09:32:01,,Beauty,Active,0.933,$50-$100,LATAM,DC,NewArrivals,False,1,53,P6206,75.09,3,False,False
EDGE301138,C78824,Customer,P9393,Product,PURCHASED,2025-06-09 01:25:04,ORD102218,Pets,Loyal,0.926,$100-$250,APAC,NY,Holiday,False,3,5,P9393,166.24,1,False,True
EDGE301139,C62568,Customer,P3044,Product,ADDED_TO_CART,2024-01-13 19:45:21,,Sports,New,0.849,>$250,NA,KS,BackToSchool,False,4,26,P3044,576.37,3,False,False
EDGE301140,P6614,Product,P6478,Product,ALSO_BOUGHT_WITH,2024-12-20 08:43:57,ORD101184,Beauty,New,0.587,$25-$50,NA,OH,Loyalty,False,4,38,P6614,34.83,2,False,False
EDGE301141,C98808,Customer,P6736,Product,ADDED_TO_CART,2024-12-27 04:29:02,,Sports,Active,0.167,>$250,NA,WI,None,False,2,76,P6736,297.11,1,False,False
EDGE301142,C71799,Customer,P3373,Product,ADDED_TO_CART,2024-08-20 07:43:27,,Toys,Loyal,0.441,$50-$100,NA,MN,Holiday,False,2,42,P3373,60.15,2,False,False
EDGE301143,C36081,Customer,C24088,Customer,REFERRED_FRIEND,2024-08-21 19:27:24,,Beauty,Active,0.978,>$250,NA,ME,Holiday,True,3,38,P4206,295.36,1,False,False
EDGE301144,P1565,Product,P6241,Product,ALSO_BOUGHT_WITH,2025-06-12 23:45:07,ORD102031,Apparel,New,0.416,$50-$100,NA,NV,BackToSchool,False,4,80,P1565,63.0,3,False,False
EDGE301145,C64368,Customer,P8892,Product,PURCHASED,2024-03-07 12:09:54,ORD100866,Books,New,0.3,$50-$100,NA,MA,BackToSchool,False,0,63,P8892,72.5,1,False,True
EDGE301146,C79278,Customer,P8841,Product,PURCHASED,2025-01-26 10:55:47,ORD100844,Electronics,Dormant,0.676,$25-$50,LATAM,HI,Clearance,False,1,48,P8841,36.39,2,False,True
EDGE301147,C97421,Customer,C75296,Customer,REFERRED_FRIEND,2024-12-26 19:17:27,,Books,Active,0.941,<$25,APAC,NH,None,False,3,48,P4770,21.04,4,False,False
EDGE301148,C25352,Customer,C56380,Customer,REFERRED_FRIEND,2024-06-09 12:14:03,,Grocery,AtRisk,0.459,$100-$250,APAC,MI,NewArrivals,False,5,88,P5337,243.41,3,False,False
EDGE301149,C72351,Customer,P4622,Product,VIEWED,2024-06-15 09:16:33,,Home,Dormant,0.873,<$25,EU,NY,Loyalty,False,3,36,P4622,11.89,1,False,False
EDGE301150,P4558,Product,P3889,Product,ALSO_BOUGHT_WITH,2024-12-04 21:45:40,ORD100551,Pets,Active,0.385,$50-$100,LATAM,WV,Clearance,False,2,15,P4558,72.56,1,False,False
EDGE301151,C22932,Customer,P3330,Product,ADDED_TO_CART,2024-07-11 16:45:34,,Grocery,New,0.828,>$250,APAC,ME,None,False,0,82,P3330,321.23,3,False,False
EDGE301152,C83688,Customer,P9011,Product,ADDED_TO_CART,2024-03-01 11:54:56,,Pets,Active,0.392,$25-$50,NA,AL,Loyalty,False,4,23,P9011,43.05,2,False,False
EDGE301153,C52137,Customer,P2340,Product,ADDED_TO_CART,2024-02-21 21:31:46,,Books,Active,0.553,$50-$100,LATAM,KS,NewArrivals,False,5,54,P2340,50.06,1,False,False
EDGE301154,C68814,Customer,P4193,Product,PURCHASED,2024-03-06 20:15:02,ORD101178,Toys,Active,0.49,<$25,EU,NV,SpringSale,False,6,37,P4193,20.07,1,False,True
EDGE301155,P6309,Product,P2372,Product,ALSO_BOUGHT_WITH,2025-03-18 18:35:18,ORD100171,Beauty,AtRisk,0.355,$50-$100,APAC,UT,SpringSale,False,3,86,P6309,84.71,1,False,False
EDGE301156,C70802,Customer,P2080,Product,ADDED_TO_CART,2024-08-19 00:14:55,,Pets,New,0.61,$25-$50,NA,HI,Holiday,False,3,68,P2080,26.11,1,False,False
EDGE301157,C72937,Customer,P4135,Product,VIEWED,2024-04-28 17:22:24,,Toys,Loyal,0.817,$25-$50,APAC,IL,Loyalty,False,2,5,P4135,33.76,1,False,False
EDGE301158,P9566,Product,P2244,Product,ALSO_BOUGHT_WITH,2025-03-12 23:59:53,ORD101042,Automotive,Active,0.286,$25-$50,APAC,CT,Clearance,False,4,48,P9566,45.22,1,False,False
EDGE301159,C75584,Customer,P7347,Product,PURCHASED,2024-03-21 13:05:01,ORD102477,Sports,Dormant,0.442,<$25,APAC,OH,Loyalty,False,0,33,P7347,15.09,1,False,True
EDGE301160,C68383,Customer,P6661,Product,RETURNS,2024-10-11 11:32:02,ORD100943,Books,Dormant,0.121,>$250,LATAM,KS,NewArrivals,False,2,50,P6661,254.62,1,False,False
EDGE301161,C13345,Customer,P4272,Product,VIEWED,2024-11-27 03:49:41,,Sports,Active,0.206,>$250,EU,CT,Holiday,False,3,65,P4272,395.19,1,False,False
EDGE301162,C29099,Customer,P1936,Product,ADDED_TO_CART,2024-02-29 09:32:52,,Pets,Active,0.142,$50-$100,NA,ND,Holiday,False,0,42,P1936,90.43,2,False,False
EDGE301163,C55226,Customer,C78680,Customer,REFERRED_FRIEND,2024-09-13 11:48:35,,Sports,New,0.83,$50-$100,EU,KY,Clearance,False,2,21,P5082,51.59,1,False,False
EDGE301164,C52987,Customer,P6697,Product,PURCHASED,2025-05-03 03:24:58,ORD100477,Sports,New,0.101,>$250,LATAM,CA,Loyalty,False,4,59,P6697,273.08,1,False,True
EDGE301165,C62782,Customer,P9090,Product,PURCHASED,2024-07-03 06:10:42,ORD100775,Home,Loyal,0.881,>$250,EU,AZ,None,False,4,50,P9090,690.31,2,False,True
EDGE301166,C78544,Customer,C46569,Customer,REFERRED_FRIEND,2024-05-15 20:19:04,,Electronics,Dormant,0.519,$50-$100,APAC,KY,SpringSale,False,3,23,P3692,56.53,1,False,False
EDGE301167,C78217,Customer,P2286,Product,PURCHASED,2024-06-07 10:03:04,ORD102310,Beauty,Active,0.374,$50-$100,EU,LA,Clearance,False,6,72,P2286,63.13,1,False,True
EDGE301168,C25204,Customer,P8018,Product,ADDED_TO_CART,2025-06-16 01:23:02,,Sports,AtRisk,0.23,$50-$100,LATAM,ID,Clearance,False,4,58,P8018,62.26,1,False,False
EDGE301169,C65200,Customer,C26525,Customer,REFERRED_FRIEND,2024-03-15 17:47:28,,Automotive,Active,0.861,<$25,NA,MT,Clearance,True,1,32,P9881,15.76,2,False,False
EDGE301170,P8003,Product,P2918,Product,ALSO_BOUGHT_WITH,2024-03-31 00:11:39,ORD101842,Pets,New,0.933,$100-$250,APAC,TX,Holiday,False,4,22,P8003,152.24,1,False,False
EDGE301171,C69325,Customer,P8131,Product,VIEWED,2025-01-12 19:24:05,,Grocery,Loyal,0.244,<$25,LATAM,OR,Holiday,False,5,5,P8131,11.74,2,False,False
EDGE301172,C73229,Customer,P1235,Product,ADDED_TO_CART,2024-06-18 02:01:39,,Electronics,New,0.872,<$25,LATAM,NV,NewArrivals,False,2,53,P1235,20.54,1,False,False
EDGE301173,C60246,Customer,P4950,Product,ADDED_TO_CART,2024-07-09 05:55:36,,Home,New,0.261,$50-$100,APAC,UT,SpringSale,False,5,63,P4950,64.97,2,False,False
EDGE301174,C79861,Customer,C26054,Customer,REFERRED_FRIEND,2024-02-07 22:50:41,,Pets,Loyal,0.981,$50-$100,NA,VA,Loyalty,False,6,46,P4192,58.8,1,False,False
EDGE301175,C17639,Customer,P1463,Product,VIEWED,2024-01-17 06:32:15,,Home,Active,0.166,$50-$100,NA,DE,Clearance,False,5,74,P1463,60.06,1,False,False
EDGE301176,P2144,Product,P1684,Product,ALSO_BOUGHT_WITH,2025-03-14 02:23:07,ORD100365,Grocery,Active,0.254,<$25,NA,VA,NewArrivals,False,7,7,P2144,20.91,2,False,False
EDGE301177,C77038,Customer,P8532,Product,ADDED_TO_CART,2025-05-13 15:37:12,,Electronics,Active,0.633,$25-$50,LATAM,AK,Clearance,False,6,38,P8532,28.9,2,False,False
EDGE301178,C28371,Customer,P7770,Product,VIEWED,2024-01-31 19:54:57,,Pets,New,0.423,>$250,LATAM,AR,NewArrivals,False,6,35,P7770,344.34,4,False,False
EDGE301179,C88586,Customer,P5328,Product,ADDED_TO_CART,2025-01-10 18:24:15,,Toys,New,0.908,>$250,APAC,DE,Clearance,False,3,38,P5328,267.15,1,False,False
EDGE301180,P6377,Product,P2942,Product,ALSO_BOUGHT_WITH,2024-01-16 15:05:05,ORD102225,Beauty,AtRisk,0.997,$50-$100,APAC,ME,Holiday,False,3,34,P6377,69.68,1,False,False
EDGE301181,P3727,Product,P4527,Product,ALSO_BOUGHT_WITH,2025-01-13 06:50:32,ORD102168,Home,New,0.749,$25-$50,EU,WY,Clearance,False,4,15,P3727,27.83,1,False,False
EDGE301182,C13020,Customer,P5262,Product,VIEWED,2025-01-17 04:45:01,,Grocery,AtRisk,0.445,$100-$250,APAC,UT,BackToSchool,False,1,65,P5262,207.99,1,False,False
EDGE301183,C59359,Customer,P9711,Product,PURCHASED,2024-09-28 02:10:44,ORD100009,Sports,Active,0.925,$100-$250,LATAM,MA,Holiday,False,1,31,P9711,240.47,2,False,True
EDGE301184,C71358,Customer,P9222,Product,ADDED_TO_CART,2025-03-22 21:15:11,,Home,New,0.848,$50-$100,LATAM,IA,None,False,3,46,P9222,67.05,1,False,False
EDGE301185,C30970,Customer,P3857,Product,RETURNS,2025-02-24 14:19:05,ORD101477,Beauty,Dormant,0.201,>$250,APAC,ND,Clearance,False,2,60,P3857,390.71,1,False,False
EDGE301186,C40082,Customer,C32529,Customer,REFERRED_FRIEND,2024-10-04 13:07:05,,Pets,Active,0.752,$50-$100,APAC,MN,Holiday,False,4,20,P1808,88.94,1,False,False
EDGE301187,C83718,Customer,P7061,Product,ADDED_TO_CART,2024-04-09 02:11:48,,Grocery,Active,0.688,>$250,LATAM,DE,SpringSale,False,1,21,P7061,367.79,1,False,False
EDGE301188,C64128,Customer,P5260,Product,PURCHASED,2024-06-02 08:40:14,ORD100071,Home,Active,0.544,$50-$100,EU,HI,Clearance,False,1,19,P5260,71.44,2,True,True
EDGE301189,C59379,Customer,C42709,Customer,REFERRED_FRIEND,2025-06-19 11:43:00,,Beauty,Loyal,0.994,$100-$250,APAC,ME,Holiday,False,6,22,P4862,138.22,2,False,False
EDGE301190,P3954,Product,P2435,Product,ALSO_BOUGHT_WITH,2024-06-22 10:46:21,ORD101071,Beauty,Loyal,0.386,$25-$50,LATAM,VA,Clearance,False,5,59,P3954,26.08,4,False,False
EDGE301191,C89175,Customer,P3438,Product,PURCHASED,2024-04-08 06:38:34,ORD102200,Electronics,Loyal,0.402,>$250,LATAM,DE,BackToSchool,False,3,63,P3438,785.01,1,False,True
EDGE301192,C44191,Customer,P4322,Product,VIEWED,2025-03-02 23:24:13,,Sports,Active,0.194,<$25,LATAM,VA,NewArrivals,False,3,55,P4322,20.77,2,False,False
EDGE301193,C37331,Customer,P7005,Product,ADDED_TO_CART,2024-03-09 00:27:04,,Grocery,Loyal,0.65,$25-$50,APAC,MS,NewArrivals,False,1,38,P7005,33.18,3,False,False
EDGE301194,C93851,Customer,P5616,Product,VIEWED,2024-11-02 06:20:22,,Toys,Active,0.231,$50-$100,APAC,CT,NewArrivals,False,2,39,P5616,66.75,1,False,False
EDGE301195,C53115,Customer,P5509,Product,VIEWED,2024-11-07 13:59:45,,Sports,AtRisk,0.652,$50-$100,APAC,TN,SpringSale,False,3,63,P5509,71.69,1,False,False
EDGE301196,C85395,Customer,P8867,Product,PURCHASED,2024-03-31 13:32:11,ORD101793,Books,New,0.868,$100-$250,APAC,KY,Loyalty,False,3,43,P8867,239.7,2,False,True
EDGE301197,C21812,Customer,P5719,Product,ADDED_TO_CART,2025-03-06 06:24:08,,Automotive,New,0.215,$50-$100,NA,CO,None,False,1,43,P5719,62.42,1,False,False
EDGE301198,C71086,Customer,P6113,Product,VIEWED,2024-02-20 04:41:01,,Beauty,New,0.354,$25-$50,NA,IA,SpringSale,False,4,49,P6113,40.52,1,False,False
EDGE301199,C54115,Customer,P6329,Product,PURCHASED,2025-01-27 15:06:35,ORD101786,Pets,Active,0.411,$25-$50,NA,SD,Holiday,False,2,90,P6329,27.64,3,True,True
EDGE301200,C83985,Customer,P4172,Product,VIEWED,2024-06-19 15:12:06,,Apparel,AtRisk,0.986,>$250,APAC,DC,Holiday,False,4,55,P4172,753.42,1,False,False
EDGE301201,C27167,Customer,P8801,Product,PURCHASED,2024-09-22 17:21:26,ORD100576,Sports,Loyal,0.213,$50-$100,NA,PA,None,False,1,22,P8801,58.34,1,False,True
EDGE301202,C73830,Customer,P3709,Product,ADDED_TO_CART,2024-10-06 03:41:56,,Automotive,Active,0.296,$25-$50,NA,MS,Holiday,False,5,40,P3709,42.97,3,False,False
EDGE301203,P3929,Product,P7647,Product,ALSO_BOUGHT_WITH,2024-02-17 14:44:50,ORD101781,Sports,Active,0.376,$50-$100,NA,NY,Loyalty,False,1,59,P3929,53.6,2,False,False
EDGE301204,P7657,Product,P7324,Product,ALSO_BOUGHT_WITH,2024-04-21 12:37:38,ORD101340,Electronics,Loyal,0.198,$100-$250,NA,OK,BackToSchool,False,2,32,P7657,171.94,1,False,False
EDGE301205,C22512,Customer,P7589,Product,VIEWED,2024-10-09 10:35:47,,Toys,New,0.199,>$250,EU,TX,None,False,4,66,P7589,272.21,3,False,False
EDGE301206,C77000,Customer,P3818,Product,PURCHASED,2024-11-19 06:05:02,ORD100353,Grocery,Active,0.277,$50-$100,EU,GA,Clearance,False,2,55,P3818,56.75,1,False,True
EDGE301207,C52364,Customer,P6351,Product,PURCHASED,2025-01-14 11:25:09,ORD100499,Electronics,Dormant,0.788,$50-$100,NA,NV,Clearance,False,2,18,P6351,82.62,1,False,True
EDGE301208,P9981,Product,P6953,Product,ALSO_BOUGHT_WITH,2025-04-25 18:24:11,ORD100854,Home,New,0.987,$50-$100,EU,AK,BackToSchool,False,6,52,P9981,76.69,1,False,False
EDGE301209,C68051,Customer,P9894,Product,VIEWED,2024-05-21 21:58:07,,Pets,Loyal,0.748,$100-$250,LATAM,ND,BackToSchool,False,4,47,P9894,159.63,1,False,False
EDGE301210,C31331,Customer,P4439,Product,RETURNS,2024-01-06 07:26:14,ORD100121,Home,Loyal,0.75,$25-$50,APAC,WY,SpringSale,False,4,35,P4439,31.63,2,True,False
EDGE301211,P6378,Product,P5132,Product,ALSO_BOUGHT_WITH,2024-06-13 15:17:45,ORD101364,Grocery,New,0.695,$100-$250,APAC,DC,Holiday,False,5,50,P6378,166.05,1,False,False
EDGE301212,C45935,Customer,P7958,Product,ADDED_TO_CART,2024-06-20 05:57:11,,Home,Active,0.667,>$250,EU,MT,Loyalty,False,1,9,P7958,305.99,1,False,False
EDGE301213,C22195,Customer,P1266,Product,VIEWED,2024-11-01 04:19:03,,Automotive,New,0.126,$50-$100,LATAM,WI,NewArrivals,False,2,33,P1266,72.95,1,False,False
EDGE301214,C27595,Customer,C97924,Customer,REFERRED_FRIEND,2025-01-08 16:14:24,,Apparel,Loyal,0.219,$50-$100,EU,WA,BackToSchool,False,4,17,P7041,58.83,1,False,False
EDGE301215,P7180,Product,P9796,Product,ALSO_BOUGHT_WITH,2024-05-19 11:09:52,ORD100525,Apparel,Active,0.449,$25-$50,NA,AL,Holiday,False,1,72,P7180,49.63,1,False,False
EDGE301216,C12765,Customer,C19574,Customer,REFERRED_FRIEND,2025-04-22 04:46:47,,Automotive,Dormant,0.228,<$25,NA,MT,None,False,1,41,P8661,20.84,1,False,False
EDGE301217,C37978,Customer,P7799,Product,PURCHASED,2024-05-17 16:20:48,ORD101362,Home,Active,0.515,$50-$100,APAC,CA,Holiday,False,3,43,P7799,56.81,2,True,True
EDGE301218,C21623,Customer,P5437,Product,ADDED_TO_CART,2024-01-03 00:08:30,,Sports,Active,0.216,$50-$100,APAC,WI,SpringSale,False,1,59,P5437,61.16,3,False,False
EDGE301219,C28826,Customer,P5723,Product,VIEWED,2025-04-10 04:42:20,,Apparel,AtRisk,0.162,$25-$50,LATAM,SD,SpringSale,False,3,65,P5723,45.08,1,False,False
EDGE301220,C82270,Customer,P9217,Product,PURCHASED,2025-03-14 21:23:43,ORD101303,Home,Active,0.163,>$250,EU,SC,SpringSale,False,1,31,P9217,836.19,1,False,True
EDGE301221,C78087,Customer,C56094,Customer,REFERRED_FRIEND,2024-11-03 02:08:52,,Toys,AtRisk,0.866,$25-$50,LATAM,ME,Clearance,False,6,60,P5039,36.56,2,False,False
EDGE301222,C45903,Customer,P6737,Product,PURCHASED,2025-03-09 13:12:47,ORD100729,Books,Loyal,0.658,$50-$100,LATAM,ID,Holiday,False,2,16,P6737,79.2,1,False,True
EDGE301223,C82183,Customer,P3696,Product,VIEWED,2025-03-28 11:11:28,,Home,Active,0.244,<$25,EU,SD,BackToSchool,False,2,31,P3696,19.51,1,False,False
EDGE301224,P6653,Product,P9198,Product,ALSO_BOUGHT_WITH,2024-07-31 13:00:53,ORD101622,Electronics,Active,0.361,<$25,NA,OK,None,False,1,49,P6653,20.87,1,False,False
EDGE301225,C77730,Customer,P8056,Product,VIEWED,2024-11-11 20:22:20,,Books,Active,0.989,<$25,NA,ND,BackToSchool,False,4,47,P8056,17.29,2,False,False
EDGE301226,C71214,Customer,P3443,Product,VIEWED,2024-03-22 18:40:50,,Automotive,New,0.251,$25-$50,LATAM,MN,Holiday,False,1,32,P3443,44.2,2,False,False
EDGE301227,C65112,Customer,P4109,Product,VIEWED,2025-01-16 14:14:06,,Electronics,Loyal,0.201,>$250,EU,IL,BackToSchool,False,4,45,P4109,477.57,3,False,False
EDGE301228,C76037,Customer,P4427,Product,VIEWED,2024-11-29 14:02:01,,Books,Active,0.913,$25-$50,LATAM,TN,NewArrivals,False,6,41,P4427,38.77,1,False,False
EDGE301229,C74769,Customer,P9259,Product,VIEWED,2024-04-16 11:03:18,,Books,AtRisk,0.152,>$250,NA,NY,Loyalty,False,0,46,P9259,279.77,1,False,False
EDGE301230,C94566,Customer,P7084,Product,VIEWED,2025-03-31 14:54:14,,Grocery,AtRisk,0.843,$50-$100,LATAM,AZ,Loyalty,False,3,36,P7084,61.01,2,False,False
EDGE301231,C91755,Customer,P6954,Product,VIEWED,2024-02-23 05:57:28,,Toys,Active,0.701,$50-$100,NA,SD,Loyalty,False,2,32,P6954,94.23,2,False,False
EDGE301232,C81215,Customer,C12021,Customer,REFERRED_FRIEND,2024-12-19 08:09:32,,Pets,Active,0.465,>$250,NA,ND,BackToSchool,False,5,36,P6379,292.41,1,False,False
EDGE301233,C61881,Customer,P7255,Product,VIEWED,2024-03-27 07:39:55,,Toys,Active,0.928,$50-$100,EU,WY,None,False,2,47,P7255,67.03,1,False,False
EDGE301234,C89351,Customer,P4766,Product,ADDED_TO_CART,2024-06-28 17:41:40,,Electronics,Active,0.636,$50-$100,LATAM,IN,BackToSchool,False,3,34,P4766,64.17,1,False,False
EDGE301235,P6443,Product,P3772,Product,ALSO_BOUGHT_WITH,2024-11-26 22:39:32,ORD101822,Books,Active,0.177,>$250,LATAM,WY,BackToSchool,False,2,28,P6443,365.51,3,False,False
EDGE301236,C33568,Customer,P3311,Product,ADDED_TO_CART,2024-04-06 09:33:50,,Apparel,AtRisk,0.995,$25-$50,EU,IA,Holiday,False,0,61,P3311,29.64,1,False,False
EDGE301237,C27146,Customer,P5150,Product,VIEWED,2024-04-15 03:17:16,,Automotive,Loyal,0.919,$25-$50,LATAM,IL,Holiday,False,7,17,P5150,39.89,4,False,False
EDGE301238,C98256,Customer,P9128,Product,PURCHASED,2024-05-21 09:56:57,ORD101452,Pets,Loyal,0.974,$25-$50,EU,MA,Clearance,False,0,43,P9128,47.34,1,False,True
EDGE301239,C78421,Customer,P2163,Product,VIEWED,2024-09-02 02:38:47,,Grocery,New,0.954,<$25,NA,MA,None,False,1,66,P2163,13.23,1,False,False
EDGE301240,C91500,Customer,P8845,Product,ADDED_TO_CART,2025-06-21 05:21:08,,Pets,New,0.84,>$250,LATAM,MO,None,False,5,57,P8845,295.14,1,False,False
EDGE301241,C95432,Customer,P1557,Product,VIEWED,2024-07-12 13:17:14,,Electronics,Loyal,0.177,>$250,NA,MD,Holiday,False,2,73,P1557,334.4,1,False,False
EDGE301242,C49782,Customer,P7155,Product,ADDED_TO_CART,2025-05-11 17:59:03,,Beauty,Loyal,0.808,$100-$250,APAC,NC,Clearance,False,3,5,P7155,170.35,1,False,False
EDGE301243,C61449,Customer,P6299,Product,VIEWED,2025-02-02 01:59:32,,Apparel,Dormant,0.219,$100-$250,APAC,OH,Holiday,False,2,17,P6299,227.63,1,False,False
EDGE301244,C71906,Customer,P2369,Product,PURCHASED,2025-05-04 06:33:33,ORD101972,Books,Loyal,0.828,>$250,EU,CA,BackToSchool,False,4,44,P2369,356.78,1,False,True
EDGE301245,C11437,Customer,P1861,Product,ADDED_TO_CART,2024-10-21 06:41:58,,Toys,Active,0.335,<$25,LATAM,OH,Loyalty,False,5,5,P1861,23.16,2,False,False
EDGE301246,C14056,Customer,P7749,Product,ADDED_TO_CART,2024-03-15 17:26:20,,Electronics,New,0.819,$50-$100,NA,VA,NewArrivals,False,2,14,P7749,72.87,1,False,False
EDGE301247,C79207,Customer,C60202,Customer,REFERRED_FRIEND,2024-10-20 15:57:43,,Pets,Loyal,0.55,$50-$100,APAC,VA,Clearance,False,5,45,P3912,58.53,2,False,False
EDGE301248,C57031,Customer,P3944,Product,PURCHASED,2025-01-28 08:03:18,ORD101422,Beauty,New,0.361,>$250,NA,AR,None,False,1,25,P3944,344.83,1,False,True
EDGE301249,C41821,Customer,P8440,Product,PURCHASED,2025-05-10 13:02:47,ORD101173,Apparel,Loyal,0.706,$25-$50,EU,WA,NewArrivals,False,3,24,P8440,36.91,1,False,True
EDGE301250,C64899,Customer,P8623,Product,RETURNS,2024-10-10 08:36:47,ORD102403,Toys,New,0.543,<$25,NA,WY,BackToSchool,False,3,18,P8623,22.38,1,False,False
EDGE301251,C30318,Customer,C16303,Customer,REFERRED_FRIEND,2025-02-25 02:41:37,,Sports,Active,0.665,$100-$250,NA,WA,Clearance,False,1,37,P1821,249.92,1,False,False
EDGE301252,C42820,Customer,P9497,Product,VIEWED,2025-02-20 06:34:11,,Books,AtRisk,0.391,$50-$100,EU,NE,NewArrivals,False,2,5,P9497,75.08,1,False,False
EDGE301253,C45128,Customer,P8728,Product,VIEWED,2024-07-30 05:10:07,,Automotive,Active,0.575,>$250,APAC,UT,SpringSale,False,3,43,P8728,503.86,2,False,False
EDGE301254,C26315,Customer,P2754,Product,RETURNS,2024-09-20 23:22:47,ORD101494,Beauty,Active,0.657,>$250,APAC,WV,BackToSchool,False,5,64,P2754,362.04,2,False,False
EDGE301255,C39221,Customer,P6968,Product,RETURNS,2024-07-30 01:57:55,ORD101856,Sports,Active,0.802,$50-$100,LATAM,RI,Loyalty,False,3,35,P6968,62.33,1,False,False
EDGE301256,C16198,Customer,P9897,Product,PURCHASED,2024-03-01 09:24:31,ORD100302,Beauty,Loyal,0.354,$50-$100,EU,AK,SpringSale,False,4,5,P9897,59.5,2,False,True
EDGE301257,C29785,Customer,P9886,Product,ADDED_TO_CART,2025-06-24 06:58:15,,Electronics,Loyal,0.559,>$250,EU,CT,None,False,2,66,P9886,291.97,1,False,False
EDGE301258,C97056,Customer,P4189,Product,ADDED_TO_CART,2024-10-27 13:31:34,,Automotive,Loyal,0.419,$50-$100,NA,AR,SpringSale,False,4,61,P4189,61.19,2,False,False
EDGE301259,C30870,Customer,P9742,Product,VIEWED,2024-09-21 02:22:32,,Electronics,New,0.551,>$250,LATAM,WV,BackToSchool,False,4,5,P9742,326.89,1,False,False
EDGE301260,C94675,Customer,P3002,Product,ADDED_TO_CART,2024-02-02 23:46:58,,Grocery,New,0.94,>$250,LATAM,TX,None,False,3,34,P3002,296.55,2,False,False
EDGE301261,C75015,Customer,P9955,Product,PURCHASED,2024-08-11 00:10:02,ORD102277,Sports,Active,0.547,$25-$50,EU,IL,Clearance,False,3,28,P9955,31.75,1,False,True
EDGE301262,C31383,Customer,P4530,Product,VIEWED,2025-02-10 06:57:02,,Electronics,AtRisk,0.254,>$250,EU,MA,Holiday,False,3,11,P4530,420.87,1,False,False
EDGE301263,C23113,Customer,P6775,Product,PURCHASED,2024-12-24 06:24:53,ORD100247,Pets,AtRisk,0.22,<$25,NA,ME,NewArrivals,False,4,39,P6775,18.32,1,False,True
EDGE301264,P5257,Product,P5879,Product,ALSO_BOUGHT_WITH,2024-07-20 09:11:56,ORD101245,Beauty,New,0.269,<$25,LATAM,OR,SpringSale,False,5,32,P5257,21.06,1,False,False
EDGE301265,C18543,Customer,P4028,Product,VIEWED,2024-11-02 02:59:05,,Apparel,Loyal,0.341,<$25,LATAM,LA,None,False,2,46,P4028,15.45,1,False,False
EDGE301266,C64989,Customer,P8541,Product,VIEWED,2024-04-16 09:53:06,,Apparel,AtRisk,0.381,$50-$100,APAC,KY,Holiday,False,3,29,P8541,79.4,3,False,False
EDGE301267,C60548,Customer,P1457,Product,VIEWED,2024-01-22 05:46:10,,Grocery,New,0.91,$100-$250,EU,MI,None,False,4,51,P1457,123.53,1,False,False
EDGE301268,P1635,Product,P5076,Product,ALSO_BOUGHT_WITH,2024-12-03 08:42:03,ORD100333,Automotive,Active,0.83,$25-$50,EU,OK,Clearance,False,1,40,P1635,27.76,1,False,False
EDGE301269,C40026,Customer,P6795,Product,PURCHASED,2025-01-12 22:20:12,ORD101515,Pets,Active,0.62,$50-$100,LATAM,AZ,Clearance,False,4,49,P6795,76.14,4,False,True
EDGE301270,C45879,Customer,P8352,Product,VIEWED,2025-01-18 07:01:10,,Books,New,0.501,<$25,EU,LA,Holiday,False,3,105,P8352,10.94,2,False,False
EDGE301271,C13374,Customer,P2123,Product,VIEWED,2025-03-15 06:06:45,,Electronics,New,0.7,>$250,EU,NY,Clearance,False,3,69,P2123,662.36,1,False,False
EDGE301272,P1109,Product,P6036,Product,ALSO_BOUGHT_WITH,2024-11-13 06:17:58,ORD102325,Home,New,0.497,$100-$250,LATAM,VT,Clearance,False,6,49,P1109,186.27,2,False,False
EDGE301273,C51910,Customer,P7285,Product,VIEWED,2025-05-15 00:35:50,,Pets,AtRisk,0.517,$50-$100,NA,NH,BackToSchool,False,1,58,P7285,63.92,1,False,False
EDGE301274,C66183,Customer,P8249,Product,ADDED_TO_CART,2024-05-28 22:13:01,,Toys,Active,0.872,$100-$250,NA,AL,Loyalty,False,2,40,P8249,106.56,1,False,False
EDGE301275,P9126,Product,P6218,Product,ALSO_BOUGHT_WITH,2024-07-06 21:33:29,ORD100240,Grocery,Active,0.963,<$25,EU,CO,Holiday,False,1,79,P9126,17.23,1,False,False
EDGE301276,C53877,Customer,P4513,Product,VIEWED,2025-05-01 11:54:23,,Sports,Active,0.856,>$250,LATAM,NE,SpringSale,False,6,46,P4513,852.8,1,False,False
EDGE301277,C46387,Customer,C63100,Customer,REFERRED_FRIEND,2025-04-19 14:36:54,,Books,Active,0.696,>$250,EU,ND,Holiday,True,3,48,P8852,325.2,1,False,False
EDGE301278,C20064,Customer,P7710,Product,ADDED_TO_CART,2024-05-01 21:48:52,,Sports,AtRisk,0.433,>$250,EU,GA,BackToSchool,False,2,11,P7710,381.13,1,False,False
EDGE301279,C44225,Customer,P4812,Product,ADDED_TO_CART,2025-01-25 19:42:45,,Home,Active,0.443,>$250,LATAM,NM,NewArrivals,False,2,51,P4812,973.82,2,False,False
EDGE301280,C98284,Customer,P4850,Product,ADDED_TO_CART,2024-02-28 14:18:58,,Apparel,Active,0.475,<$25,NA,RI,None,False,2,24,P4850,16.83,3,False,False
EDGE301281,C90656,Customer,P3369,Product,VIEWED,2024-02-16 09:33:46,,Beauty,AtRisk,0.671,$50-$100,NA,PA,Holiday,False,2,17,P3369,74.42,1,False,False
EDGE301282,C45946,Customer,P3530,Product,VIEWED,2024-11-19 16:26:29,,Beauty,Loyal,0.624,<$25,NA,NC,Loyalty,False,1,49,P3530,15.09,1,False,False
EDGE301283,C52057,Customer,P3814,Product,PURCHASED,2024-06-24 10:21:11,ORD102349,Toys,Loyal,0.942,>$250,LATAM,ME,NewArrivals,False,2,41,P3814,911.86,1,False,True
EDGE301284,C91088,Customer,P7308,Product,ADDED_TO_CART,2025-04-09 19:46:52,,Apparel,Active,0.103,$50-$100,NA,PA,Loyalty,False,2,36,P7308,63.84,1,False,False
EDGE301285,C47864,Customer,P4760,Product,VIEWED,2024-12-25 03:58:27,,Sports,Loyal,0.924,$50-$100,APAC,MO,None,False,2,42,P4760,64.51,1,False,False
EDGE301286,C65591,Customer,P4992,Product,PURCHASED,2025-03-22 16:23:06,ORD101773,Electronics,Active,0.5,>$250,NA,ME,SpringSale,False,6,36,P4992,272.56,2,False,True
EDGE301287,C61237,Customer,P6526,Product,VIEWED,2025-04-16 13:22:29,,Home,Active,0.17,<$25,NA,VA,BackToSchool,False,4,76,P6526,22.28,1,False,False
EDGE301288,C72246,Customer,P3071,Product,ADDED_TO_CART,2024-07-03 00:06:17,,Apparel,Active,0.227,$50-$100,NA,AL,NewArrivals,False,6,54,P3071,62.04,1,False,False
EDGE301289,C71028,Customer,P9903,Product,VIEWED,2025-05-29 13:45:43,,Pets,New,0.244,$100-$250,NA,MI,Holiday,False,5,64,P9903,116.34,1,False,False
EDGE301290,C47661,Customer,P8965,Product,VIEWED,2024-10-05 12:56:32,,Beauty,New,0.606,$50-$100,LATAM,AZ,NewArrivals,False,2,65,P8965,68.84,1,False,False
EDGE301291,P1148,Product,P8823,Product,ALSO_BOUGHT_WITH,2025-04-30 09:39:38,ORD101214,Apparel,New,0.117,$50-$100,APAC,MD,SpringSale,False,2,54,P1148,72.56,1,False,False
EDGE301292,C43814,Customer,P9607,Product,PURCHASED,2024-07-16 08:16:21,ORD101860,Home,Dormant,0.472,>$250,NA,MN,None,False,1,59,P9607,684.26,2,False,True
EDGE301293,C30633,Customer,P2812,Product,ADDED_TO_CART,2024-11-03 02:33:28,,Automotive,Active,0.867,$25-$50,LATAM,HI,Loyalty,False,3,61,P2812,30.47,1,False,False
EDGE301294,C23837,Customer,C92661,Customer,REFERRED_FRIEND,2024-10-20 08:16:12,,Home,Active,0.843,$100-$250,LATAM,CT,Holiday,False,0,5,P8235,201.95,1,False,False
EDGE301295,C42127,Customer,C51100,Customer,REFERRED_FRIEND,2024-04-02 00:43:09,,Electronics,Loyal,0.197,<$25,EU,ME,None,False,6,45,P7258,11.86,1,False,False
EDGE301296,C36797,Customer,P5136,Product,VIEWED,2025-04-14 14:42:59,,Automotive,Loyal,0.628,<$25,EU,CO,Clearance,False,2,8,P5136,11.66,1,False,False
EDGE301297,C37147,Customer,P3281,Product,PURCHASED,2025-02-22 21:42:40,ORD101904,Grocery,New,0.135,$100-$250,APAC,OR,Holiday,False,4,39,P3281,199.16,1,False,False
EDGE301298,C84170,Customer,P9405,Product,RETURNS,2024-04-27 23:51:05,ORD100423,Beauty,Active,0.651,$100-$250,APAC,IN,None,False,2,55,P9405,106.16,1,False,False
EDGE301299,C67386,Customer,P3405,Product,PURCHASED,2024-02-09 16:52:34,ORD101089,Sports,Active,0.374,<$25,NA,ID,BackToSchool,False,1,45,P3405,11.47,1,False,True
EDGE301300,C31919,Customer,P7906,Product,ADDED_TO_CART,2024-10-18 21:24:49,,Beauty,Active,0.439,>$250,NA,NM,Clearance,False,3,74,P7906,292.47,2,False,False
EDGE301301,P3918,Product,P5693,Product,ALSO_BOUGHT_WITH,2025-03-18 21:19:24,ORD100217,Electronics,Loyal,0.307,>$250,APAC,ND,NewArrivals,False,3,24,P3918,285.4,2,False,False
EDGE301302,C18620,Customer,P4031,Product,PURCHASED,2025-05-13 01:04:16,ORD102477,Pets,New,0.468,>$250,NA,KS,Holiday,False,2,52,P4031,278.5,1,False,True
EDGE301303,C69041,Customer,P7195,Product,VIEWED,2025-03-11 06:57:16,,Books,New,0.963,$100-$250,APAC,KS,BackToSchool,False,4,44,P7195,201.69,2,False,False
EDGE301304,C17723,Customer,P9356,Product,ADDED_TO_CART,2024-12-04 18:24:42,,Beauty,Active,0.845,$25-$50,APAC,CA,None,False,3,100,P9356,32.58,1,False,False
EDGE301305,C81215,Customer,P7907,Product,ADDED_TO_CART,2024-12-19 16:06:46,,Sports,New,0.945,$50-$100,APAC,WY,NewArrivals,False,1,42,P7907,76.62,1,False,False
EDGE301306,C23495,Customer,P1636,Product,VIEWED,2025-01-05 16:33:06,,Apparel,Active,0.989,>$250,APAC,ME,BackToSchool,False,5,78,P1636,906.94,1,False,False
EDGE301307,P2892,Product,P7679,Product,ALSO_BOUGHT_WITH,2025-04-10 07:41:00,ORD101130,Pets,Loyal,0.325,$100-$250,LATAM,ND,BackToSchool,False,5,71,P2892,163.37,1,False,False
EDGE301308,C52244,Customer,P5025,Product,VIEWED,2024-07-11 08:58:50,,Toys,AtRisk,0.561,$50-$100,NA,RI,Loyalty,False,2,46,P5025,72.03,2,False,False
EDGE301309,C81843,Customer,P7115,Product,PURCHASED,2024-06-09 07:04:51,ORD100803,Grocery,Active,0.337,>$250,LATAM,KY,Loyalty,False,2,33,P7115,361.51,1,True,True
EDGE301310,C83942,Customer,P7007,Product,VIEWED,2025-01-08 11:22:10,,Automotive,AtRisk,0.993,$25-$50,LATAM,VA,NewArrivals,False,2,84,P7007,28.17,1,False,False
EDGE301311,P6009,Product,P6138,Product,ALSO_BOUGHT_WITH,2025-02-14 10:05:27,ORD102463,Sports,Loyal,0.902,$50-$100,APAC,ID,SpringSale,False,1,24,P6009,89.56,1,False,False
EDGE301312,C30969,Customer,P3909,Product,VIEWED,2024-09-12 06:56:40,,Home,Loyal,0.472,$25-$50,EU,OH,NewArrivals,False,3,69,P3909,40.94,4,False,False
EDGE301313,C91427,Customer,P5316,Product,VIEWED,2024-11-16 13:53:03,,Electronics,Loyal,0.612,>$250,APAC,IA,Clearance,False,1,74,P5316,348.09,1,False,False
EDGE301314,C99812,Customer,P5479,Product,ADDED_TO_CART,2025-04-04 18:54:43,,Grocery,New,0.96,$25-$50,APAC,WI,Loyalty,False,2,13,P5479,46.62,1,False,False
EDGE301315,C67462,Customer,P3890,Product,ADDED_TO_CART,2024-08-08 06:00:58,,Books,Active,0.331,<$25,EU,MN,SpringSale,False,0,64,P3890,21.2,1,False,False
EDGE301316,C34198,Customer,P9922,Product,VIEWED,2024-07-17 18:36:47,,Toys,Dormant,0.794,$25-$50,EU,MO,SpringSale,False,2,43,P9922,46.89,1,False,False
EDGE301317,C68481,Customer,P2506,Product,VIEWED,2024-08-05 08:52:16,,Books,New,0.81,<$25,EU,AR,SpringSale,False,2,99,P2506,20.9,2,False,False
EDGE301318,P9715,Product,P7316,Product,ALSO_BOUGHT_WITH,2024-03-28 02:43:35,ORD101767,Sports,AtRisk,0.397,$100-$250,LATAM,TN,Clearance,False,2,68,P9715,171.07,1,False,False
EDGE301319,C69270,Customer,P1508,Product,VIEWED,2024-02-19 04:25:30,,Books,New,0.418,$100-$250,NA,ME,BackToSchool,False,2,5,P1508,182.43,1,False,False
EDGE301320,P7068,Product,P7202,Product,ALSO_BOUGHT_WITH,2024-02-28 12:50:39,ORD101775,Sports,New,0.586,$50-$100,EU,CT,Clearance,False,3,20,P7068,75.69,1,False,False
EDGE301321,C42403,Customer,P7538,Product,VIEWED,2024-09-03 05:46:04,,Home,AtRisk,0.393,$100-$250,APAC,PA,SpringSale,False,2,66,P7538,229.36,3,False,False
EDGE301322,P1364,Product,P1571,Product,ALSO_BOUGHT_WITH,2025-05-07 19:34:08,ORD101088,Books,Loyal,0.748,<$25,APAC,DE,Holiday,False,4,83,P1364,23.04,2,False,False
EDGE301323,C51108,Customer,P1255,Product,PURCHASED,2025-01-19 10:00:55,ORD101042,Home,Loyal,0.84,<$25,NA,MO,Clearance,False,4,84,P1255,21.87,1,False,False
EDGE301324,C69357,Customer,P2126,Product,ADDED_TO_CART,2024-11-16 16:48:02,,Apparel,Active,0.586,$50-$100,APAC,MI,None,False,3,49,P2126,73.66,3,False,False
EDGE301325,C36860,Customer,P9945,Product,VIEWED,2025-01-27 01:17:42,,Automotive,New,0.819,>$250,EU,MO,None,False,3,46,P9945,385.56,3,False,False
EDGE301326,C39860,Customer,C32777,Customer,REFERRED_FRIEND,2024-08-11 12:24:18,,Home,Loyal,0.468,<$25,APAC,AL,Loyalty,False,4,20,P3912,22.41,2,False,False
EDGE301327,C14571,Customer,P5935,Product,VIEWED,2024-03-01 01:02:35,,Beauty,New,0.306,>$250,NA,RI,BackToSchool,False,4,29,P5935,943.74,1,False,False
EDGE301328,C25775,Customer,P8547,Product,ADDED_TO_CART,2024-06-29 15:01:20,,Apparel,Active,0.661,$25-$50,EU,MT,BackToSchool,False,3,47,P8547,46.05,1,False,False
EDGE301329,C22472,Customer,P8724,Product,RETURNS,2024-02-21 08:45:24,ORD100091,Grocery,Active,0.6,$50-$100,NA,WI,SpringSale,False,3,14,P8724,77.17,1,False,False
EDGE301330,P1384,Product,P2471,Product,ALSO_BOUGHT_WITH,2024-09-17 08:53:20,ORD101872,Pets,Dormant,0.7,$25-$50,LATAM,NV,Clearance,False,1,51,P1384,33.93,1,False,False
EDGE301331,P7867,Product,P3246,Product,ALSO_BOUGHT_WITH,2024-07-24 15:09:24,ORD102140,Beauty,Loyal,0.627,>$250,EU,OH,BackToSchool,False,2,95,P7867,389.69,1,False,False
EDGE301332,C29824,Customer,P3887,Product,VIEWED,2024-04-18 21:01:37,,Apparel,Active,0.34,$25-$50,NA,ME,Holiday,False,4,25,P3887,43.06,1,False,False
EDGE301333,C41922,Customer,P5253,Product,VIEWED,2025-03-03 23:03:53,,Home,New,0.615,$50-$100,NA,CO,BackToSchool,False,0,17,P5253,57.82,1,False,False
EDGE301334,C78684,Customer,P2810,Product,RETURNS,2024-08-04 11:18:19,ORD102240,Grocery,New,0.126,$25-$50,LATAM,KY,BackToSchool,False,3,25,P2810,49.35,1,False,False
EDGE301335,C92465,Customer,C82040,Customer,REFERRED_FRIEND,2025-06-13 23:49:43,,Books,Active,0.614,<$25,LATAM,MA,Holiday,False,3,45,P3460,24.75,3,False,False
EDGE301336,C79859,Customer,P9576,Product,PURCHASED,2024-12-24 08:24:32,ORD102272,Home,New,0.372,$100-$250,LATAM,NJ,BackToSchool,False,3,29,P9576,154.72,1,True,True
EDGE301337,C23221,Customer,P5234,Product,VIEWED,2024-03-30 15:52:13,,Apparel,AtRisk,0.218,$25-$50,EU,MO,None,False,3,31,P5234,26.41,1,False,False
EDGE301338,C10837,Customer,P2023,Product,PURCHASED,2025-01-31 16:18:35,ORD101837,Apparel,Active,0.33,$50-$100,LATAM,FL,Holiday,False,4,67,P2023,61.92,3,False,True
EDGE301339,C63237,Customer,P4663,Product,ADDED_TO_CART,2024-10-12 17:38:15,,Toys,Loyal,0.297,$50-$100,EU,VT,SpringSale,False,4,68,P4663,64.96,2,False,False
EDGE301340,C47724,Customer,P6893,Product,PURCHASED,2024-09-27 01:19:12,ORD101746,Toys,Loyal,0.207,$25-$50,APAC,WI,None,False,3,46,P6893,27.7,1,False,True
EDGE301341,C93446,Customer,P7241,Product,VIEWED,2024-03-11 09:49:12,,Books,New,0.563,>$250,APAC,IA,None,False,2,5,P7241,306.14,1,False,False
EDGE301342,C88802,Customer,P5314,Product,PURCHASED,2025-01-26 06:23:11,ORD101696,Toys,Active,0.255,>$250,APAC,IN,None,False,3,83,P5314,718.34,2,False,True
EDGE301343,C11380,Customer,P7821,Product,ADDED_TO_CART,2024-01-30 06:51:08,,Sports,Active,0.647,<$25,LATAM,MS,None,False,5,39,P7821,15.11,1,False,False
EDGE301344,C83012,Customer,P4030,Product,PURCHASED,2024-05-08 19:43:46,ORD100868,Books,Loyal,0.749,$50-$100,APAC,SC,BackToSchool,False,3,44,P4030,72.99,3,True,True
EDGE301345,C24949,Customer,P9168,Product,VIEWED,2024-05-09 23:46:25,,Automotive,Active,0.81,<$25,NA,WY,Holiday,False,4,19,P9168,10.83,1,False,False
EDGE301346,C90688,Customer,P8136,Product,VIEWED,2024-03-06 22:32:40,,Home,Active,0.18,>$250,LATAM,PA,Loyalty,False,7,53,P8136,384.03,2,False,False
EDGE301347,C31648,Customer,P6981,Product,PURCHASED,2024-09-26 20:00:53,ORD102377,Home,Loyal,0.88,$50-$100,EU,CA,Holiday,False,2,61,P6981,59.75,1,False,True
EDGE301348,C90858,Customer,P8202,Product,ADDED_TO_CART,2024-09-17 01:41:26,,Toys,AtRisk,0.678,$50-$100,LATAM,VT,Holiday,False,2,37,P8202,55.09,1,False,False
EDGE301349,C29286,Customer,P4314,Product,PURCHASED,2024-08-09 03:33:41,ORD101688,Toys,AtRisk,0.428,>$250,EU,LA,SpringSale,False,6,5,P4314,250.54,1,False,True
EDGE301350,C89404,Customer,P3351,Product,PURCHASED,2024-04-29 07:29:12,ORD100600,Apparel,Active,0.19,$50-$100,LATAM,WA,BackToSchool,False,5,42,P3351,64.25,1,False,False
EDGE301351,C67071,Customer,P5333,Product,RETURNS,2024-05-11 06:22:28,ORD100396,Toys,Active,0.847,$100-$250,NA,AZ,BackToSchool,False,4,31,P5333,191.26,1,True,False
EDGE301352,C94797,Customer,P8332,Product,VIEWED,2025-03-04 07:36:59,,Toys,Dormant,0.949,$100-$250,EU,AZ,Holiday,False,4,63,P8332,225.74,1,False,False
EDGE301353,P3664,Product,P7876,Product,ALSO_BOUGHT_WITH,2024-06-15 21:28:36,ORD102165,Grocery,Loyal,0.536,$50-$100,EU,IA,Clearance,False,0,61,P3664,54.05,2,False,False
EDGE301354,C36528,Customer,P6608,Product,VIEWED,2024-08-26 22:59:44,,Grocery,Active,0.296,$25-$50,LATAM,AL,Clearance,False,1,37,P6608,31.13,1,False,False
EDGE301355,C18164,Customer,P4712,Product,ADDED_TO_CART,2025-05-18 02:54:08,,Pets,Active,0.624,$50-$100,APAC,OK,BackToSchool,False,4,40,P4712,67.93,1,False,False
EDGE301356,C74166,Customer,P3073,Product,PURCHASED,2024-11-22 21:26:37,ORD102487,Books,AtRisk,0.974,<$25,EU,ND,BackToSchool,False,2,129,P3073,11.65,1,False,True
EDGE301357,C34654,Customer,P8356,Product,VIEWED,2024-01-15 12:11:58,,Sports,New,0.558,$25-$50,APAC,IN,Holiday,False,2,55,P8356,49.6,2,False,False
EDGE301358,C69833,Customer,P3225,Product,VIEWED,2024-03-09 15:26:05,,Home,Active,0.979,>$250,LATAM,MN,Clearance,False,3,29,P3225,266.06,1,False,False
EDGE301359,C36308,Customer,P8240,Product,ADDED_TO_CART,2024-02-03 15:39:59,,Toys,New,0.737,$100-$250,LATAM,NE,BackToSchool,False,4,5,P8240,136.72,3,False,False
EDGE301360,C48089,Customer,P8311,Product,VIEWED,2024-05-20 01:54:01,,Apparel,New,0.85,>$250,LATAM,CO,None,False,4,34,P8311,305.65,1,False,False
EDGE301361,C65362,Customer,C53919,Customer,REFERRED_FRIEND,2024-03-31 16:25:51,,Electronics,Loyal,0.126,$50-$100,NA,AL,Loyalty,True,4,24,P2749,70.82,1,False,False
EDGE301362,C71472,Customer,P9063,Product,VIEWED,2024-10-29 02:16:12,,Electronics,New,0.343,$50-$100,LATAM,IA,SpringSale,False,1,36,P9063,52.23,1,False,False
EDGE301363,C64939,Customer,P2867,Product,ADDED_TO_CART,2024-04-14 01:17:53,,Books,Active,0.429,$25-$50,APAC,TX,Clearance,False,1,25,P2867,41.96,1,False,False
EDGE301364,C22227,Customer,P5895,Product,VIEWED,2025-01-22 02:19:33,,Home,New,0.892,$50-$100,EU,VA,Loyalty,False,3,33,P5895,72.99,3,False,False
EDGE301365,C98238,Customer,P1109,Product,VIEWED,2025-02-16 02:34:14,,Grocery,Dormant,0.402,$25-$50,EU,OH,SpringSale,False,5,53,P1109,34.53,1,False,False
EDGE301366,C84854,Customer,P4353,Product,ADDED_TO_CART,2024-12-26 13:43:12,,Pets,New,0.432,$50-$100,APAC,VA,BackToSchool,False,3,83,P4353,68.49,1,False,False
EDGE301367,C30015,Customer,P7538,Product,ADDED_TO_CART,2024-11-11 18:27:52,,Toys,New,0.926,<$25,NA,ND,BackToSchool,False,3,92,P7538,22.06,3,False,False
EDGE301368,C90116,Customer,P1712,Product,VIEWED,2025-05-02 21:42:34,,Grocery,New,0.428,$50-$100,EU,MA,BackToSchool,False,6,49,P1712,78.27,1,False,False
EDGE301369,C22942,Customer,P4345,Product,PURCHASED,2024-01-01 23:08:32,ORD102443,Beauty,Active,0.721,>$250,NA,NM,BackToSchool,False,4,28,P4345,802.98,1,False,True
EDGE301370,P2857,Product,P8305,Product,ALSO_BOUGHT_WITH,2024-01-27 14:11:53,ORD100858,Home,Loyal,0.801,$25-$50,APAC,UT,BackToSchool,False,5,62,P2857,34.37,2,False,False
EDGE301371,P9246,Product,P3694,Product,ALSO_BOUGHT_WITH,2024-04-06 06:15:01,ORD101854,Books,Active,0.951,>$250,EU,CO,Holiday,False,1,5,P9246,338.15,1,False,False
EDGE301372,C64357,Customer,C37384,Customer,REFERRED_FRIEND,2025-06-22 06:11:17,,Books,New,0.949,$100-$250,EU,ID,Clearance,False,1,66,P5914,202.3,1,False,False
EDGE301373,C54166,Customer,P3169,Product,PURCHASED,2024-01-10 19:36:57,ORD101086,Pets,Loyal,0.974,$50-$100,EU,SC,NewArrivals,False,1,22,P3169,50.08,2,False,True
EDGE301374,C36406,Customer,P8599,Product,ADDED_TO_CART,2024-04-29 10:38:55,,Beauty,Active,0.655,$50-$100,LATAM,AR,None,False,3,57,P8599,50.61,1,False,False
EDGE301375,P5274,Product,P5569,Product,ALSO_BOUGHT_WITH,2025-03-23 09:27:39,ORD100930,Home,New,0.963,$25-$50,EU,DE,BackToSchool,False,1,35,P5274,39.58,3,False,False
EDGE301376,C85576,Customer,P9954,Product,VIEWED,2025-02-07 07:08:36,,Pets,Active,0.995,$50-$100,NA,TX,Holiday,False,3,16,P9954,60.07,1,False,False
EDGE301377,C98912,Customer,C19108,Customer,REFERRED_FRIEND,2024-08-23 21:46:13,,Pets,Active,0.189,$50-$100,LATAM,VA,Clearance,False,5,25,P3807,52.94,2,False,False
EDGE301378,C41654,Customer,C71128,Customer,REFERRED_FRIEND,2024-08-23 13:44:22,,Grocery,Active,0.1,>$250,EU,RI,BackToSchool,True,0,59,P9394,377.79,2,False,False
EDGE301379,C23933,Customer,P3340,Product,PURCHASED,2024-02-05 12:40:55,ORD100278,Sports,New,0.446,$100-$250,NA,AK,Loyalty,False,0,5,P3340,185.76,1,False,True
EDGE301380,C32152,Customer,P8641,Product,VIEWED,2024-11-10 20:43:05,,Beauty,AtRisk,0.245,<$25,EU,MD,NewArrivals,False,2,37,P8641,20.2,2,False,False
EDGE301381,C73030,Customer,P3859,Product,RETURNS,2024-01-28 21:36:47,ORD101057,Sports,New,0.285,$25-$50,APAC,LA,NewArrivals,False,2,18,P3859,49.22,3,False,False
EDGE301382,C87139,Customer,P7914,Product,VIEWED,2024-08-10 13:05:02,,Books,Active,0.951,$50-$100,LATAM,MS,BackToSchool,False,0,40,P7914,65.78,1,False,False
EDGE301383,C51498,Customer,P8126,Product,VIEWED,2024-02-28 01:34:56,,Beauty,Loyal,0.436,$50-$100,NA,NM,Holiday,False,5,21,P8126,89.31,2,False,False
EDGE301384,P8138,Product,P4454,Product,ALSO_BOUGHT_WITH,2024-07-25 03:53:29,ORD100101,Automotive,Active,0.937,>$250,NA,WY,BackToSchool,False,4,69,P8138,699.14,1,False,False
EDGE301385,P4186,Product,P9187,Product,ALSO_BOUGHT_WITH,2024-01-21 05:28:07,ORD102443,Toys,New,0.893,$50-$100,NA,IL,Clearance,False,1,11,P4186,79.94,1,False,False
EDGE301386,C82518,Customer,P7442,Product,PURCHASED,2024-12-04 11:50:20,ORD101821,Pets,New,0.386,<$25,APAC,AZ,None,False,4,81,P7442,15.02,1,False,True
EDGE301387,C99281,Customer,P9830,Product,VIEWED,2024-04-07 16:29:34,,Sports,AtRisk,0.647,>$250,EU,NH,Clearance,False,3,15,P9830,270.09,3,False,False
EDGE301388,P9290,Product,P3235,Product,ALSO_BOUGHT_WITH,2025-05-27 09:19:27,ORD102446,Beauty,Active,0.231,>$250,EU,UT,None,False,4,41,P9290,734.95,1,False,False
EDGE301389,C63233,Customer,P8220,Product,ADDED_TO_CART,2025-01-07 05:38:18,,Beauty,New,0.616,$25-$50,LATAM,SC,NewArrivals,False,6,95,P8220,26.46,1,False,False
EDGE301390,C60028,Customer,C23794,Customer,REFERRED_FRIEND,2024-06-14 14:51:04,,Sports,New,0.728,$50-$100,LATAM,SD,Holiday,False,3,50,P2319,62.82,1,False,False
EDGE301391,C52845,Customer,P3881,Product,ADDED_TO_CART,2024-09-20 09:51:00,,Electronics,New,0.547,<$25,NA,AL,Loyalty,False,3,23,P3881,13.07,1,False,False
EDGE301392,C59841,Customer,P7583,Product,ADDED_TO_CART,2024-03-16 22:14:18,,Electronics,Active,0.716,$50-$100,NA,ID,SpringSale,False,2,10,P7583,72.49,1,False,False
EDGE301393,C23015,Customer,P7450,Product,VIEWED,2024-05-13 02:34:09,,Electronics,Loyal,0.45,$25-$50,APAC,OK,None,False,3,44,P7450,38.89,1,False,False
EDGE301394,C55169,Customer,P1771,Product,PURCHASED,2024-02-26 19:59:53,ORD101451,Automotive,AtRisk,0.196,$100-$250,EU,NM,Loyalty,False,1,5,P1771,173.2,2,False,True
EDGE301395,C43597,Customer,P6008,Product,VIEWED,2025-01-20 01:23:10,,Automotive,Active,0.284,$50-$100,EU,NV,NewArrivals,False,2,55,P6008,78.14,1,False,False
EDGE301396,C63961,Customer,P3632,Product,VIEWED,2025-06-08 07:48:15,,Beauty,AtRisk,0.86,$25-$50,EU,DC,Holiday,False,3,39,P3632,32.48,1,False,False
EDGE301397,C89284,Customer,P6502,Product,ADDED_TO_CART,2024-07-18 15:38:54,,Apparel,Active,0.917,<$25,LATAM,WY,None,False,2,5,P6502,10.65,1,False,False
EDGE301398,C48914,Customer,P8995,Product,PURCHASED,2024-07-10 06:35:39,ORD100361,Electronics,New,0.403,$25-$50,APAC,MS,BackToSchool,False,2,38,P8995,45.06,3,False,True
EDGE301399,C19621,Customer,P5783,Product,PURCHASED,2025-05-23 19:49:23,ORD102141,Sports,New,0.356,$25-$50,APAC,MI,None,False,2,51,P5783,28.84,2,False,True
EDGE301400,P8942,Product,P8191,Product,ALSO_BOUGHT_WITH,2024-12-13 21:37:40,ORD100077,Electronics,Active,0.171,$50-$100,APAC,CT,Loyalty,False,3,67,P8942,60.13,1,False,False
EDGE301401,C78301,Customer,P9299,Product,VIEWED,2024-01-29 01:12:04,,Beauty,Active,0.549,$100-$250,APAC,ND,NewArrivals,False,3,34,P9299,227.58,2,False,False
EDGE301402,P8569,Product,P4117,Product,ALSO_BOUGHT_WITH,2024-04-12 19:31:34,ORD100830,Grocery,AtRisk,0.662,<$25,NA,VT,None,False,3,79,P8569,15.03,2,False,False
EDGE301403,P3982,Product,P5903,Product,ALSO_BOUGHT_WITH,2025-03-02 21:15:42,ORD101527,Automotive,New,0.589,$50-$100,APAC,NV,SpringSale,False,3,99,P3982,57.87,3,False,False
EDGE301404,C35363,Customer,P5196,Product,ADDED_TO_CART,2024-05-01 19:34:30,,Apparel,Active,0.754,<$25,LATAM,NH,SpringSale,False,1,5,P5196,16.69,1,False,False
EDGE301405,C72032,Customer,P7820,Product,PURCHASED,2024-11-29 00:38:23,ORD101770,Pets,AtRisk,0.547,$50-$100,NA,AZ,Holiday,False,3,28,P7820,79.5,1,False,False
EDGE301406,C14233,Customer,P4399,Product,ADDED_TO_CART,2025-05-22 00:53:12,,Beauty,Loyal,0.354,>$250,LATAM,WI,Loyalty,False,4,32,P4399,523.19,1,False,False
EDGE301407,C94544,Customer,C31180,Customer,REFERRED_FRIEND,2024-11-09 18:51:00,,Toys,New,0.681,$50-$100,APAC,OK,SpringSale,False,4,81,P4299,62.89,1,False,False
EDGE301408,C30418,Customer,P6447,Product,ADDED_TO_CART,2024-12-13 08:32:34,,Toys,Active,0.693,$25-$50,LATAM,WV,BackToSchool,False,3,60,P6447,34.29,1,False,False
EDGE301409,C60780,Customer,P1029,Product,PURCHASED,2024-11-02 02:57:05,ORD101569,Beauty,Active,0.776,$50-$100,LATAM,SD,BackToSchool,False,2,13,P1029,56.08,4,False,True
EDGE301410,C59247,Customer,P6456,Product,PURCHASED,2025-01-26 19:20:51,ORD100619,Apparel,New,0.803,$25-$50,EU,MO,Holiday,False,4,24,P6456,35.85,1,False,True
EDGE301411,C36997,Customer,C60174,Customer,REFERRED_FRIEND,2025-05-19 08:08:47,,Grocery,Active,0.225,>$250,APAC,UT,Loyalty,False,3,48,P7249,265.69,3,False,False
EDGE301412,C48648,Customer,P4487,Product,VIEWED,2025-04-10 22:39:54,,Toys,Active,0.743,$100-$250,NA,GA,None,False,6,20,P4487,235.17,1,False,False
EDGE301413,C99103,Customer,P8933,Product,ADDED_TO_CART,2024-05-15 03:05:18,,Sports,AtRisk,0.421,$50-$100,EU,ID,None,False,1,53,P8933,56.51,2,False,False
EDGE301414,C60299,Customer,C93289,Customer,REFERRED_FRIEND,2024-07-10 16:18:59,,Automotive,Active,0.385,$50-$100,LATAM,MO,Loyalty,False,2,58,P2080,65.21,3,False,False
EDGE301415,C87490,Customer,P5958,Product,ADDED_TO_CART,2025-04-01 03:47:35,,Sports,AtRisk,0.247,$25-$50,EU,FL,Clearance,False,3,70,P5958,31.09,1,False,False
EDGE301416,C14936,Customer,P6089,Product,VIEWED,2025-02-19 04:11:56,,Grocery,New,0.921,$25-$50,NA,OR,BackToSchool,False,3,29,P6089,31.28,1,False,False
EDGE301417,C20580,Customer,P7252,Product,ADDED_TO_CART,2025-01-07 00:06:02,,Electronics,New,0.515,$25-$50,NA,SC,Loyalty,False,2,48,P7252,34.88,4,False,False
EDGE301418,C28065,Customer,P2377,Product,VIEWED,2025-06-06 20:01:51,,Toys,New,0.89,<$25,EU,AL,Loyalty,False,5,62,P2377,15.65,1,False,False
EDGE301419,C67123,Customer,P2902,Product,ADDED_TO_CART,2024-10-24 20:32:42,,Sports,Active,0.188,$100-$250,EU,NJ,Loyalty,False,3,73,P2902,187.9,1,False,False
EDGE301420,C97294,Customer,P5772,Product,VIEWED,2024-11-04 23:58:52,,Beauty,New,0.979,>$250,EU,WY,Holiday,False,4,8,P5772,571.89,1,False,False
EDGE301421,C78679,Customer,P6102,Product,PURCHASED,2024-05-17 04:31:52,ORD100920,Home,New,0.61,$25-$50,EU,WA,BackToSchool,False,4,5,P6102,31.18,1,False,True
EDGE301422,C55459,Customer,P2636,Product,ADDED_TO_CART,2024-05-14 05:13:39,,Sports,New,0.384,$25-$50,EU,VT,None,False,2,57,P2636,31.63,1,False,False
EDGE301423,C47741,Customer,P2733,Product,VIEWED,2024-12-14 18:35:31,,Home,Loyal,0.213,$25-$50,NA,MD,Loyalty,False,3,82,P2733,44.36,1,False,False
EDGE301424,C85130,Customer,P8841,Product,ADDED_TO_CART,2025-05-03 02:21:58,,Pets,AtRisk,0.235,$25-$50,EU,UT,None,False,3,72,P8841,27.76,2,False,False
EDGE301425,C11727,Customer,P1016,Product,PURCHASED,2024-04-02 12:30:50,ORD100518,Books,Active,0.734,$50-$100,NA,OH,SpringSale,False,3,19,P1016,64.15,1,False,False
EDGE301426,C38744,Customer,P8379,Product,PURCHASED,2024-11-27 03:52:15,ORD102443,Apparel,Dormant,0.311,$50-$100,LATAM,MN,None,False,4,21,P8379,83.14,2,False,True
EDGE301427,C23676,Customer,P5234,Product,ADDED_TO_CART,2024-05-07 05:27:48,,Beauty,Active,0.636,$25-$50,NA,WI,SpringSale,False,5,5,P5234,42.91,2,False,False
EDGE301428,P5985,Product,P6254,Product,ALSO_BOUGHT_WITH,2024-04-21 04:25:35,ORD101235,Home,Active,0.285,$100-$250,EU,NV,Clearance,False,3,7,P5985,166.14,1,False,False
EDGE301429,C58667,Customer,C22324,Customer,REFERRED_FRIEND,2024-01-13 15:58:10,,Home,AtRisk,0.867,>$250,APAC,HI,Holiday,True,2,29,P7796,301.22,1,False,False
EDGE301430,C85921,Customer,C60226,Customer,REFERRED_FRIEND,2024-06-26 06:47:07,,Beauty,AtRisk,0.925,$25-$50,APAC,RI,None,False,1,36,P5848,43.14,1,False,False
EDGE301431,C38435,Customer,P6442,Product,VIEWED,2024-06-11 05:48:55,,Electronics,AtRisk,0.182,$50-$100,EU,MA,Holiday,False,6,28,P6442,73.39,1,False,False
EDGE301432,C91028,Customer,P3569,Product,PURCHASED,2024-08-10 13:01:29,ORD100649,Apparel,Active,0.659,>$250,EU,WA,BackToSchool,False,4,48,P3569,275.66,1,False,True
EDGE301433,C74335,Customer,P4473,Product,PURCHASED,2025-03-22 13:19:36,ORD100021,Books,AtRisk,0.683,$100-$250,LATAM,IN,BackToSchool,False,4,52,P4473,108.41,1,False,True
EDGE301434,C34017,Customer,P2419,Product,VIEWED,2024-11-03 00:12:14,,Grocery,Loyal,0.203,$100-$250,LATAM,NM,Holiday,False,3,79,P2419,246.62,2,False,False
EDGE301435,C72371,Customer,P6251,Product,ADDED_TO_CART,2024-12-22 20:41:03,,Sports,Active,0.112,>$250,EU,AR,NewArrivals,False,0,13,P6251,252.22,1,False,False
EDGE301436,C81744,Customer,P5525,Product,ADDED_TO_CART,2024-06-27 13:05:50,,Grocery,New,0.75,$50-$100,LATAM,MI,SpringSale,False,4,42,P5525,68.16,1,False,False
EDGE301437,C58692,Customer,P4385,Product,PURCHASED,2025-03-29 08:39:57,ORD102163,Pets,Active,0.968,$25-$50,EU,VT,Loyalty,False,4,45,P4385,30.54,1,False,True
EDGE301438,C79658,Customer,P7515,Product,ADDED_TO_CART,2025-06-21 09:30:26,,Toys,Active,0.286,$25-$50,NA,NC,Loyalty,False,2,19,P7515,26.62,1,False,False
EDGE301439,C82124,Customer,C36180,Customer,REFERRED_FRIEND,2024-02-09 16:57:57,,Home,AtRisk,0.619,$100-$250,NA,WI,Holiday,True,1,31,P9763,116.63,1,False,False
EDGE301440,C95790,Customer,P1810,Product,PURCHASED,2025-02-09 03:53:19,ORD100156,Sports,Active,0.876,$100-$250,EU,FL,SpringSale,False,3,24,P1810,195.44,1,False,False
EDGE301441,C90666,Customer,P1886,Product,ADDED_TO_CART,2024-02-03 01:53:56,,Toys,Loyal,0.539,$50-$100,LATAM,AL,NewArrivals,False,5,45,P1886,58.15,1,False,False
EDGE301442,C47655,Customer,C45714,Customer,REFERRED_FRIEND,2025-03-27 18:49:08,,Apparel,Loyal,0.408,$100-$250,LATAM,CA,Clearance,False,5,21,P1269,217.8,1,False,False
EDGE301443,C28791,Customer,P5359,Product,RETURNS,2025-06-03 22:14:32,ORD101471,Automotive,Active,0.885,>$250,APAC,NY,NewArrivals,False,2,41,P5359,260.96,1,False,False
EDGE301444,C66212,Customer,P1230,Product,ADDED_TO_CART,2024-09-17 05:16:24,,Electronics,New,0.808,<$25,LATAM,GA,SpringSale,False,0,27,P1230,14.38,1,False,False
EDGE301445,P6500,Product,P7624,Product,ALSO_BOUGHT_WITH,2024-09-14 23:13:45,ORD101333,Pets,AtRisk,0.584,<$25,APAC,UT,NewArrivals,False,1,64,P6500,23.62,1,False,False
EDGE301446,C47434,Customer,P9293,Product,VIEWED,2025-03-08 18:40:04,,Apparel,Active,0.662,$25-$50,NA,WA,Holiday,False,4,47,P9293,35.38,1,False,False
EDGE301447,C27307,Customer,P1849,Product,ADDED_TO_CART,2024-06-18 08:01:42,,Apparel,Active,0.788,$100-$250,LATAM,FL,Holiday,False,3,78,P1849,168.44,1,False,False
EDGE301448,C75040,Customer,C81207,Customer,REFERRED_FRIEND,2024-11-02 04:24:20,,Books,Active,0.418,$100-$250,LATAM,LA,SpringSale,True,2,49,P9278,243.38,1,False,False
EDGE301449,C93666,Customer,C16867,Customer,REFERRED_FRIEND,2025-03-16 11:12:54,,Pets,New,0.933,$100-$250,APAC,WY,Loyalty,True,1,86,P8272,128.0,1,False,False
EDGE301450,C82129,Customer,P1331,Product,ADDED_TO_CART,2025-04-06 03:42:46,,Toys,Active,0.625,>$250,APAC,WA,BackToSchool,False,3,42,P1331,381.31,1,False,False
EDGE301451,C78668,Customer,P9871,Product,PURCHASED,2024-03-15 04:04:47,ORD100918,Books,Loyal,0.44,$50-$100,APAC,RI,Holiday,False,1,46,P9871,58.41,1,False,True
EDGE301452,C32223,Customer,P7497,Product,PURCHASED,2024-12-15 06:05:50,ORD100775,Apparel,New,0.14,$100-$250,NA,AZ,Loyalty,False,5,21,P7497,161.02,2,True,True
EDGE301453,C57317,Customer,P6101,Product,VIEWED,2025-01-14 18:43:07,,Sports,Active,0.796,$100-$250,EU,MS,SpringSale,False,2,32,P6101,207.03,1,False,False
EDGE301454,C67244,Customer,P7209,Product,ADDED_TO_CART,2024-12-09 03:28:02,,Sports,Active,0.114,>$250,LATAM,ND,BackToSchool,False,2,53,P7209,370.0,1,False,False
EDGE301455,C50559,Customer,P7989,Product,VIEWED,2025-04-10 13:55:51,,Pets,Active,0.403,$100-$250,EU,SC,SpringSale,False,3,58,P7989,197.9,1,False,False
EDGE301456,C61005,Customer,P1530,Product,ADDED_TO_CART,2025-02-16 11:12:01,,Toys,AtRisk,0.321,$100-$250,LATAM,NJ,None,False,5,49,P1530,161.41,1,False,False
EDGE301457,C53156,Customer,P5875,Product,PURCHASED,2024-05-07 23:32:14,ORD100793,Beauty,AtRisk,0.518,<$25,EU,OR,SpringSale,False,3,35,P5875,23.92,1,False,True
EDGE301458,C30405,Customer,P9685,Product,PURCHASED,2025-06-28 03:27:52,ORD100521,Automotive,AtRisk,0.6,$50-$100,APAC,CT,Loyalty,False,7,5,P9685,51.2,1,True,True
EDGE301459,C23019,Customer,P7563,Product,PURCHASED,2024-04-01 07:52:04,ORD100972,Home,New,0.26,<$25,APAC,UT,None,False,6,61,P7563,24.54,1,False,True
EDGE301460,C51951,Customer,P1905,Product,ADDED_TO_CART,2024-12-04 20:37:35,,Home,Active,0.198,$25-$50,LATAM,NY,NewArrivals,False,2,43,P1905,41.06,1,False,False
EDGE301461,C90824,Customer,P2425,Product,ADDED_TO_CART,2024-10-15 04:48:12,,Home,New,0.993,>$250,LATAM,WI,SpringSale,False,4,21,P2425,731.98,1,False,False
EDGE301462,C42563,Customer,P9921,Product,PURCHASED,2024-06-14 13:21:29,ORD101141,Automotive,New,0.15,$50-$100,NA,WI,BackToSchool,False,3,46,P9921,75.97,3,False,True
EDGE301463,P3278,Product,P2144,Product,ALSO_BOUGHT_WITH,2024-10-11 06:28:18,ORD101995,Home,Active,0.222,$100-$250,LATAM,MS,Loyalty,False,3,50,P3278,204.8,1,False,False
EDGE301464,C23074,Customer,P6556,Product,ADDED_TO_CART,2024-06-27 15:26:19,,Home,AtRisk,0.547,<$25,NA,MS,NewArrivals,False,2,5,P6556,22.61,1,False,False
EDGE301465,C10066,Customer,P5139,Product,ADDED_TO_CART,2025-04-06 08:41:34,,Automotive,New,0.224,$50-$100,EU,OR,Loyalty,False,1,74,P5139,66.13,1,False,False
EDGE301466,C93865,Customer,P2436,Product,VIEWED,2024-01-06 05:13:51,,Home,Active,0.749,<$25,LATAM,AL,Holiday,False,4,50,P2436,21.15,1,False,False
EDGE301467,C22130,Customer,P4959,Product,RETURNS,2024-11-17 06:51:24,ORD100217,Apparel,Active,0.878,$100-$250,NA,TN,NewArrivals,False,2,22,P4959,119.41,1,False,False
EDGE301468,C78154,Customer,P4461,Product,PURCHASED,2024-09-07 03:51:24,ORD100373,Pets,Active,0.177,>$250,APAC,NV,None,False,3,59,P4461,299.16,3,True,True
EDGE301469,C87464,Customer,P5556,Product,PURCHASED,2024-05-09 07:23:16,ORD102075,Grocery,Active,0.825,<$25,LATAM,PA,Loyalty,False,0,63,P5556,11.64,2,False,True
EDGE301470,P4168,Product,P1582,Product,ALSO_BOUGHT_WITH,2025-02-05 06:51:58,ORD101529,Beauty,Active,0.854,$25-$50,APAC,SC,Holiday,False,2,21,P4168,48.7,1,False,False
EDGE301471,C61655,Customer,P5141,Product,PURCHASED,2024-04-22 23:55:33,ORD101198,Pets,Active,0.471,>$250,APAC,MN,Clearance,False,2,71,P5141,333.9,2,False,True
EDGE301472,C22469,Customer,P5700,Product,ADDED_TO_CART,2024-12-19 17:22:28,,Beauty,AtRisk,0.986,$25-$50,APAC,CT,BackToSchool,False,1,37,P5700,29.17,1,False,False
EDGE301473,C46141,Customer,P8693,Product,PURCHASED,2024-12-17 16:07:04,ORD102326,Books,AtRisk,0.2,$100-$250,EU,MD,SpringSale,False,0,63,P8693,225.74,1,False,True
EDGE301474,C62288,Customer,P8800,Product,VIEWED,2024-03-14 22:30:35,,Apparel,Active,0.21,$50-$100,APAC,OH,SpringSale,False,2,24,P8800,59.36,1,False,False
EDGE301475,C43171,Customer,C21020,Customer,REFERRED_FRIEND,2025-05-28 10:48:07,,Electronics,Active,0.303,$50-$100,LATAM,CA,Holiday,False,0,85,P3770,77.54,1,False,False
EDGE301476,C71974,Customer,P1441,Product,VIEWED,2024-07-20 03:14:20,,Beauty,New,0.186,>$250,EU,PA,None,False,3,60,P1441,603.55,2,False,False
EDGE301477,C98920,Customer,P2661,Product,ADDED_TO_CART,2024-07-17 20:20:28,,Electronics,Active,0.772,$50-$100,LATAM,AL,SpringSale,False,2,59,P2661,77.47,1,False,False
EDGE301478,P3699,Product,P3826,Product,ALSO_BOUGHT_WITH,2024-05-19 04:21:35,ORD101044,Sports,Loyal,0.438,$50-$100,LATAM,AK,NewArrivals,False,2,21,P3699,62.36,2,False,False
EDGE301479,C63713,Customer,P5409,Product,VIEWED,2025-04-16 15:45:24,,Sports,Active,0.477,$25-$50,EU,SD,BackToSchool,False,1,46,P5409,40.47,2,False,False
EDGE301480,C12484,Customer,C93889,Customer,REFERRED_FRIEND,2024-07-25 16:59:30,,Pets,Loyal,0.706,$50-$100,NA,AL,Holiday,False,2,5,P6726,88.77,1,False,False
EDGE301481,P2031,Product,P9585,Product,ALSO_BOUGHT_WITH,2025-05-22 19:26:58,ORD101495,Toys,Active,0.283,$50-$100,LATAM,AR,NewArrivals,False,3,53,P2031,73.18,1,False,False
EDGE301482,C30116,Customer,P4821,Product,VIEWED,2024-02-03 09:29:56,,Books,Active,0.157,>$250,APAC,GA,None,False,3,63,P4821,283.08,1,False,False
EDGE301483,C43281,Customer,P1453,Product,VIEWED,2025-01-25 23:01:18,,Pets,New,0.174,>$250,APAC,TX,None,False,5,19,P1453,317.65,3,False,False
EDGE301484,C52424,Customer,C30698,Customer,REFERRED_FRIEND,2025-05-23 16:16:43,,Home,New,0.356,$50-$100,NA,MO,NewArrivals,False,1,51,P3082,60.94,2,False,False
EDGE301485,C75955,Customer,P1619,Product,VIEWED,2025-06-29 01:27:06,,Electronics,Active,0.817,<$25,NA,KS,Loyalty,False,2,17,P1619,19.14,1,False,False
EDGE301486,C16733,Customer,P8786,Product,VIEWED,2024-02-08 15:49:47,,Toys,Active,0.31,<$25,EU,GA,SpringSale,False,1,9,P8786,21.45,2,False,False
EDGE301487,C28732,Customer,C50141,Customer,REFERRED_FRIEND,2025-05-10 22:16:44,,Electronics,Loyal,0.934,$50-$100,EU,ME,Holiday,False,3,48,P9137,74.39,1,False,False
EDGE301488,C20537,Customer,C74700,Customer,REFERRED_FRIEND,2024-10-11 22:18:45,,Toys,Loyal,0.637,$25-$50,APAC,AR,Loyalty,False,6,8,P8854,30.2,1,False,False
EDGE301489,C89543,Customer,P9164,Product,PURCHASED,2024-09-06 09:30:16,ORD100002,Automotive,Active,0.247,$25-$50,LATAM,WA,Clearance,False,6,33,P9164,44.19,4,False,True
EDGE301490,C35443,Customer,P2942,Product,VIEWED,2024-05-19 14:24:09,,Books,Loyal,0.4,$100-$250,APAC,IL,SpringSale,False,5,5,P2942,158.82,1,False,False
EDGE301491,C14833,Customer,P6177,Product,VIEWED,2024-11-16 04:19:35,,Electronics,AtRisk,0.956,$50-$100,APAC,NY,None,False,3,5,P6177,77.29,2,False,False
EDGE301492,C16773,Customer,P7268,Product,VIEWED,2024-09-11 18:54:47,,Automotive,Active,0.329,$100-$250,LATAM,KY,BackToSchool,False,1,57,P7268,233.72,1,False,False
EDGE301493,P7102,Product,P9447,Product,ALSO_BOUGHT_WITH,2024-06-17 15:48:17,ORD100612,Grocery,Active,0.185,$50-$100,NA,WV,Loyalty,False,6,58,P7102,71.52,1,False,False
EDGE301494,C96639,Customer,P1329,Product,RETURNS,2025-02-21 03:29:21,ORD102071,Pets,New,0.995,>$250,LATAM,MA,Loyalty,False,0,32,P1329,869.37,2,False,False
EDGE301495,C89666,Customer,P4610,Product,VIEWED,2024-10-04 08:17:51,,Apparel,AtRisk,0.297,$25-$50,EU,NH,None,False,0,45,P4610,32.82,1,False,False
EDGE301496,P4782,Product,P5234,Product,ALSO_BOUGHT_WITH,2024-12-18 09:56:55,ORD100107,Books,Loyal,0.656,<$25,EU,NY,SpringSale,False,2,59,P4782,12.28,1,False,False
EDGE301497,C40919,Customer,P7246,Product,PURCHASED,2024-01-02 07:22:41,ORD100347,Books,New,0.893,$50-$100,LATAM,UT,Holiday,False,5,69,P7246,52.25,1,True,True
EDGE301498,P5553,Product,P6142,Product,ALSO_BOUGHT_WITH,2024-03-17 16:22:16,ORD100710,Books,Active,0.4,>$250,NA,NC,Loyalty,False,3,57,P5553,308.94,1,False,False
EDGE301499,C46719,Customer,P4047,Product,RETURNS,2025-01-05 20:58:42,ORD102386,Grocery,Active,0.698,$50-$100,EU,DC,BackToSchool,False,2,41,P4047,73.95,2,False,False
EDGE301500,P2095,Product,P6385,Product,ALSO_BOUGHT_WITH,2024-09-10 22:06:15,ORD101304,Electronics,Active,0.1,$50-$100,APAC,ID,Holiday,False,2,104,P2095,51.14,2,False,False
EDGE301501,C39929,Customer,P6697,Product,ADDED_TO_CART,2025-06-29 20:04:24,,Books,Active,0.532,$25-$50,LATAM,MT,Clearance,False,3,5,P6697,37.91,1,False,False
EDGE301502,P2631,Product,P5769,Product,ALSO_BOUGHT_WITH,2024-10-29 21:46:45,ORD100409,Home,Active,0.701,$50-$100,NA,MD,SpringSale,False,1,34,P2631,55.01,2,False,False
EDGE301503,P1193,Product,P4912,Product,ALSO_BOUGHT_WITH,2024-01-03 14:16:35,ORD101900,Grocery,AtRisk,0.288,>$250,NA,WY,BackToSchool,False,6,50,P1193,289.99,1,False,False
EDGE301504,C30422,Customer,P3792,Product,VIEWED,2025-01-04 05:34:34,,Beauty,Active,0.376,$50-$100,LATAM,ND,None,False,1,46,P3792,78.16,1,False,False
EDGE301505,C79051,Customer,P5518,Product,VIEWED,2024-11-10 08:34:10,,Grocery,Loyal,0.918,$25-$50,APAC,IN,NewArrivals,False,2,53,P5518,40.85,3,False,False
EDGE301506,C30921,Customer,P4763,Product,ADDED_TO_CART,2024-09-13 13:29:08,,Grocery,Active,0.297,$25-$50,NA,NJ,NewArrivals,False,2,5,P4763,46.63,2,False,False
EDGE301507,C81331,Customer,P3054,Product,PURCHASED,2024-09-19 03:45:09,ORD100516,Apparel,New,0.915,$25-$50,APAC,MI,Holiday,False,2,47,P3054,33.92,3,False,True
EDGE301508,C71820,Customer,P5119,Product,VIEWED,2024-06-02 15:48:25,,Sports,Active,0.604,>$250,EU,NJ,None,False,3,60,P5119,971.51,1,False,False
EDGE301509,C16328,Customer,P7459,Product,VIEWED,2024-07-02 15:34:23,,Sports,Active,0.554,>$250,EU,SC,Clearance,False,4,65,P7459,348.3,1,False,False
EDGE301510,C64700,Customer,P7623,Product,VIEWED,2024-01-09 02:13:22,,Pets,Active,0.661,$50-$100,APAC,AK,NewArrivals,False,2,13,P7623,65.07,2,False,False
EDGE301511,C57220,Customer,C90459,Customer,REFERRED_FRIEND,2024-10-18 23:02:41,,Pets,Active,0.988,$25-$50,EU,UT,Clearance,False,4,63,P5108,44.92,2,False,False
EDGE301512,C76529,Customer,P1379,Product,PURCHASED,2025-04-20 16:08:59,ORD102124,Home,Active,0.97,$50-$100,APAC,NC,NewArrivals,False,4,66,P1379,65.02,1,False,True
EDGE301513,C84830,Customer,C29175,Customer,REFERRED_FRIEND,2025-04-19 05:55:37,,Electronics,Loyal,0.406,<$25,LATAM,KS,Holiday,False,3,13,P1528,19.79,1,False,False
EDGE301514,C88623,Customer,P8337,Product,ADDED_TO_CART,2024-04-02 12:18:37,,Books,Active,0.33,$100-$250,EU,SD,Holiday,False,2,35,P8337,212.34,1,False,False
EDGE301515,C96211,Customer,P8299,Product,ADDED_TO_CART,2025-04-26 21:33:06,,Beauty,Active,0.5,$25-$50,NA,NC,Clearance,False,3,61,P8299,25.44,2,False,False
EDGE301516,C67781,Customer,P7827,Product,VIEWED,2025-04-03 11:10:45,,Beauty,Active,0.271,$100-$250,EU,TN,Loyalty,False,5,52,P7827,162.26,1,False,False
EDGE301517,C37171,Customer,P7907,Product,PURCHASED,2024-05-28 20:38:00,ORD101983,Sports,AtRisk,0.674,$25-$50,LATAM,ID,None,False,1,65,P7907,48.67,1,False,True
EDGE301518,C16665,Customer,C20367,Customer,REFERRED_FRIEND,2025-04-26 15:11:25,,Beauty,AtRisk,0.185,>$250,LATAM,WY,SpringSale,False,2,95,P4979,384.19,1,False,False
EDGE301519,C21804,Customer,P8970,Product,PURCHASED,2025-03-17 22:57:54,ORD101274,Home,AtRisk,0.785,$50-$100,NA,NV,None,False,2,34,P8970,66.22,3,False,True
EDGE301520,C18861,Customer,P2831,Product,PURCHASED,2025-06-20 02:32:34,ORD102005,Home,Loyal,0.602,>$250,APAC,OH,Clearance,False,3,91,P2831,275.7,2,False,True
EDGE301521,C53201,Customer,P1626,Product,PURCHASED,2025-01-08 23:46:29,ORD101934,Sports,Active,0.154,>$250,LATAM,MN,None,False,3,29,P1626,830.21,1,False,True
EDGE301522,C58673,Customer,P2897,Product,ADDED_TO_CART,2025-02-09 11:52:25,,Apparel,Active,0.922,$100-$250,NA,OK,Clearance,False,3,68,P2897,145.99,1,False,False
EDGE301523,C89572,Customer,P9353,Product,VIEWED,2024-02-04 06:38:25,,Pets,Active,0.689,$25-$50,NA,MN,BackToSchool,False,1,32,P9353,44.29,1,False,False
EDGE301524,C22567,Customer,P8369,Product,PURCHASED,2024-11-21 00:04:56,ORD101658,Electronics,Active,0.598,$100-$250,APAC,AZ,Loyalty,False,4,78,P8369,166.08,1,True,True
EDGE301525,C55299,Customer,C51600,Customer,REFERRED_FRIEND,2024-04-10 22:53:39,,Books,Loyal,0.144,$100-$250,EU,DE,NewArrivals,False,2,39,P8176,174.44,1,False,False
EDGE301526,C22647,Customer,P9043,Product,VIEWED,2024-07-16 20:02:30,,Home,Loyal,0.994,$100-$250,LATAM,MO,Loyalty,False,4,72,P9043,207.62,1,False,False
EDGE301527,C71069,Customer,P9536,Product,RETURNS,2024-10-28 19:41:15,ORD102377,Toys,Loyal,0.289,$50-$100,LATAM,NE,Loyalty,False,1,5,P9536,50.09,1,False,False
EDGE301528,C92521,Customer,P6575,Product,ADDED_TO_CART,2025-04-29 08:20:29,,Sports,New,0.689,$25-$50,EU,WV,Holiday,False,1,74,P6575,49.92,1,False,False
EDGE301529,C20074,Customer,P8840,Product,ADDED_TO_CART,2024-05-27 12:45:18,,Beauty,Dormant,0.714,$25-$50,EU,WA,Clearance,False,5,35,P8840,44.37,1,False,False
EDGE301530,C87059,Customer,P1154,Product,ADDED_TO_CART,2024-06-22 08:07:22,,Pets,New,0.338,$50-$100,LATAM,VA,Clearance,False,2,23,P1154,61.27,1,False,False
EDGE301531,C91839,Customer,P9513,Product,PURCHASED,2024-04-19 19:03:40,ORD101897,Electronics,Loyal,0.243,>$250,NA,VT,Holiday,False,6,75,P9513,848.35,1,False,True
EDGE301532,C12819,Customer,C62060,Customer,REFERRED_FRIEND,2024-04-05 23:09:42,,Toys,Active,0.541,>$250,EU,OR,BackToSchool,False,1,38,P1628,283.34,1,False,False
EDGE301533,C80009,Customer,P9144,Product,RETURNS,2024-01-21 13:25:28,ORD101257,Beauty,Active,0.281,<$25,NA,SC,Loyalty,False,2,82,P9144,23.13,1,False,False
EDGE301534,C37660,Customer,P3587,Product,VIEWED,2024-04-04 06:30:08,,Books,New,0.832,>$250,NA,DE,BackToSchool,False,6,28,P3587,309.28,1,False,False
EDGE301535,C26162,Customer,P9754,Product,PURCHASED,2024-05-20 21:28:15,ORD101958,Grocery,AtRisk,0.902,>$250,LATAM,AR,Clearance,False,3,28,P9754,373.37,1,False,True
EDGE301536,C20905,Customer,P8649,Product,VIEWED,2025-02-14 11:41:33,,Beauty,AtRisk,0.782,$100-$250,LATAM,AR,Clearance,False,1,48,P8649,102.18,1,False,False
EDGE301537,P3788,Product,P7205,Product,ALSO_BOUGHT_WITH,2024-12-22 08:45:40,ORD100063,Sports,Loyal,0.162,$100-$250,NA,MI,Holiday,False,1,67,P3788,242.25,1,False,False
EDGE301538,C80432,Customer,P3913,Product,VIEWED,2024-08-11 16:28:57,,Toys,AtRisk,0.138,$25-$50,APAC,NY,Clearance,False,6,88,P3913,38.92,3,False,False
EDGE301539,C32106,Customer,P7448,Product,ADDED_TO_CART,2025-01-05 23:22:52,,Toys,Loyal,0.184,>$250,APAC,OK,Loyalty,False,0,77,P7448,309.12,1,False,False
EDGE301540,C38509,Customer,P9944,Product,ADDED_TO_CART,2024-10-04 12:56:30,,Pets,Loyal,0.181,$50-$100,LATAM,WY,Loyalty,False,3,66,P9944,75.11,1,False,False
EDGE301541,P8003,Product,P2109,Product,ALSO_BOUGHT_WITH,2024-10-20 20:54:53,ORD101703,Automotive,Active,0.879,$25-$50,NA,UT,Holiday,False,5,61,P8003,27.35,2,False,False
EDGE301542,C62323,Customer,P1498,Product,PURCHASED,2025-06-19 16:27:51,ORD100350,Beauty,Loyal,0.995,$50-$100,NA,AK,BackToSchool,False,4,63,P1498,52.79,1,False,False
EDGE301543,C68591,Customer,P3092,Product,VIEWED,2024-03-23 20:50:57,,Home,Loyal,0.204,$100-$250,EU,IA,BackToSchool,False,3,23,P3092,135.02,1,False,False
EDGE301544,C84514,Customer,P9409,Product,PURCHASED,2024-11-18 02:43:01,ORD101167,Pets,Active,0.789,$100-$250,APAC,OK,None,False,4,10,P9409,152.61,1,False,True
EDGE301545,C16755,Customer,P4729,Product,ADDED_TO_CART,2024-11-08 18:44:15,,Grocery,Active,0.933,$100-$250,EU,SC,NewArrivals,False,0,69,P4729,147.85,1,False,False
EDGE301546,C45122,Customer,P6065,Product,VIEWED,2025-01-09 19:16:21,,Automotive,AtRisk,0.123,$50-$100,LATAM,WV,None,False,3,8,P6065,73.77,1,False,False
EDGE301547,P5662,Product,P6933,Product,ALSO_BOUGHT_WITH,2025-05-02 20:31:16,ORD102030,Grocery,Active,0.663,$25-$50,LATAM,WA,Holiday,False,2,17,P5662,25.75,1,False,False
EDGE301548,C57820,Customer,P7420,Product,ADDED_TO_CART,2024-12-21 21:29:18,,Grocery,Active,0.235,>$250,LATAM,NY,Holiday,False,5,35,P7420,352.62,3,False,False
EDGE301549,P9729,Product,P5990,Product,ALSO_BOUGHT_WITH,2024-05-03 15:47:29,ORD100738,Books,New,0.724,$50-$100,EU,ND,Holiday,False,1,47,P9729,67.3,1,False,False
EDGE301550,C42669,Customer,P5500,Product,VIEWED,2024-08-11 07:43:33,,Beauty,New,0.434,$50-$100,APAC,TX,None,False,2,66,P5500,53.62,2,False,False
EDGE301551,C11772,Customer,P3178,Product,VIEWED,2024-09-08 18:10:28,,Sports,AtRisk,0.709,>$250,LATAM,IN,Loyalty,False,2,71,P3178,371.29,1,False,False
EDGE301552,C94821,Customer,P2421,Product,ADDED_TO_CART,2024-12-21 19:39:18,,Home,Loyal,0.942,$50-$100,APAC,NE,Loyalty,False,5,27,P2421,75.61,1,False,False
EDGE301553,C18138,Customer,P1642,Product,ADDED_TO_CART,2024-04-01 04:20:04,,Home,Loyal,0.4,$25-$50,APAC,SD,Holiday,False,2,77,P1642,48.53,1,False,False
EDGE301554,C65817,Customer,P9008,Product,ADDED_TO_CART,2024-02-08 19:48:05,,Beauty,New,0.33,<$25,EU,AL,BackToSchool,False,3,35,P9008,19.89,1,False,False
EDGE301555,C21318,Customer,P7217,Product,PURCHASED,2025-02-10 00:26:24,ORD100334,Toys,Loyal,0.952,$25-$50,LATAM,MS,None,False,5,6,P7217,34.16,1,False,True
EDGE301556,C81747,Customer,P5465,Product,VIEWED,2025-03-27 15:32:45,,Books,Loyal,0.372,>$250,EU,PA,Holiday,False,7,83,P5465,340.03,1,False,False
EDGE301557,C97207,Customer,P4376,Product,VIEWED,2025-03-15 21:40:49,,Grocery,Loyal,0.185,$25-$50,NA,TN,Clearance,False,4,74,P4376,47.32,1,False,False
EDGE301558,C23834,Customer,P2442,Product,ADDED_TO_CART,2025-04-09 09:46:48,,Apparel,New,0.312,<$25,EU,MT,Loyalty,False,4,8,P2442,12.39,1,False,False
EDGE301559,C21712,Customer,C33156,Customer,REFERRED_FRIEND,2025-05-17 21:31:50,,Grocery,Active,0.324,$25-$50,EU,AZ,Clearance,False,0,85,P1313,37.64,1,False,False
EDGE301560,P1757,Product,P2848,Product,ALSO_BOUGHT_WITH,2025-04-23 05:39:13,ORD100724,Electronics,Active,0.381,<$25,EU,NV,NewArrivals,False,3,89,P1757,21.85,1,False,False
EDGE301561,C86057,Customer,P4716,Product,ADDED_TO_CART,2025-01-19 10:10:26,,Grocery,New,0.701,$100-$250,EU,DE,NewArrivals,False,2,44,P4716,149.5,1,False,False
EDGE301562,C47771,Customer,P2561,Product,VIEWED,2024-07-27 04:59:25,,Apparel,Loyal,0.43,$50-$100,EU,OK,NewArrivals,False,3,28,P2561,60.66,1,False,False
EDGE301563,C85020,Customer,P7240,Product,ADDED_TO_CART,2024-02-12 07:54:24,,Beauty,Loyal,0.274,>$250,EU,HI,None,False,5,67,P7240,287.04,1,False,False
EDGE301564,C66462,Customer,P5124,Product,VIEWED,2025-05-14 07:11:54,,Toys,Loyal,0.77,$50-$100,LATAM,MN,BackToSchool,False,3,27,P5124,53.09,2,False,False
EDGE301565,C12994,Customer,P9488,Product,PURCHASED,2024-01-04 18:19:30,ORD101337,Pets,Active,0.926,>$250,NA,IL,Clearance,False,3,53,P9488,341.35,2,False,False
EDGE301566,C40065,Customer,P2118,Product,ADDED_TO_CART,2024-10-09 07:18:41,,Electronics,Active,0.463,$50-$100,APAC,ME,Clearance,False,6,59,P2118,57.82,1,False,False
EDGE301567,P8451,Product,P2761,Product,ALSO_BOUGHT_WITH,2024-12-15 13:52:59,ORD100837,Apparel,Loyal,0.419,$50-$100,EU,OH,NewArrivals,False,2,97,P8451,99.02,1,False,False
EDGE301568,C30604,Customer,P4113,Product,VIEWED,2024-09-21 08:46:08,,Sports,Active,0.848,$25-$50,NA,NY,NewArrivals,False,3,29,P4113,26.33,2,False,False
EDGE301569,C85819,Customer,P8209,Product,PURCHASED,2024-07-27 16:32:27,ORD101817,Books,New,0.526,<$25,LATAM,IN,Holiday,False,5,31,P8209,16.19,1,False,True
EDGE301570,C10380,Customer,P9829,Product,VIEWED,2024-01-06 16:27:30,,Toys,Dormant,0.406,$100-$250,APAC,OK,None,False,3,61,P9829,248.85,3,False,False
EDGE301571,C78064,Customer,P4506,Product,VIEWED,2024-04-28 06:42:49,,Toys,Active,0.618,<$25,LATAM,AK,Loyalty,False,1,45,P4506,17.58,3,False,False
EDGE301572,C70537,Customer,P3349,Product,ADDED_TO_CART,2024-05-02 15:47:03,,Toys,New,0.397,$50-$100,APAC,WI,Clearance,False,7,20,P3349,76.75,3,False,False
EDGE301573,C89740,Customer,P1823,Product,ADDED_TO_CART,2024-05-28 23:13:21,,Electronics,Active,0.731,$50-$100,LATAM,UT,BackToSchool,False,2,89,P1823,76.95,3,False,False
EDGE301574,C23760,Customer,P1762,Product,VIEWED,2025-03-31 02:48:30,,Sports,Active,0.909,<$25,APAC,MT,Loyalty,False,6,86,P1762,14.91,1,False,False
EDGE301575,C69856,Customer,P6109,Product,VIEWED,2025-06-21 02:58:28,,Books,Active,0.706,$100-$250,APAC,IN,None,False,3,5,P6109,220.2,1,False,False
EDGE301576,P4808,Product,P3491,Product,ALSO_BOUGHT_WITH,2024-08-04 04:42:44,ORD101457,Automotive,AtRisk,0.58,$25-$50,LATAM,MD,Loyalty,False,3,58,P4808,44.03,2,False,False
EDGE301577,P4718,Product,P3737,Product,ALSO_BOUGHT_WITH,2024-10-23 06:00:29,ORD100885,Grocery,Loyal,0.157,$50-$100,EU,OH,Clearance,False,6,30,P4718,81.64,3,False,False
EDGE301578,C73126,Customer,P8514,Product,VIEWED,2024-06-09 02:51:48,,Automotive,New,0.624,>$250,EU,CO,None,False,3,45,P8514,314.84,4,False,False
EDGE301579,C11613,Customer,P4005,Product,PURCHASED,2024-12-10 20:35:22,ORD101574,Grocery,Dormant,0.327,>$250,NA,NM,Clearance,False,3,83,P4005,488.72,3,False,True
EDGE301580,C91710,Customer,P1155,Product,ADDED_TO_CART,2025-05-31 03:54:17,,Apparel,New,0.102,$100-$250,NA,NJ,Loyalty,False,1,52,P1155,170.46,1,False,False
EDGE301581,C14030,Customer,P7505,Product,VIEWED,2024-09-08 11:09:14,,Books,Active,0.187,$50-$100,APAC,NH,NewArrivals,False,3,48,P7505,74.02,1,False,False
EDGE301582,C54542,Customer,P1903,Product,VIEWED,2025-02-14 14:11:35,,Electronics,Active,0.818,$100-$250,EU,OR,NewArrivals,False,0,115,P1903,249.61,4,False,False
EDGE301583,C67624,Customer,P8692,Product,ADDED_TO_CART,2024-06-13 17:59:27,,Home,AtRisk,0.777,<$25,APAC,WI,Loyalty,False,4,50,P8692,16.89,3,False,False
EDGE301584,C37869,Customer,P3058,Product,VIEWED,2025-02-21 13:24:28,,Automotive,AtRisk,0.322,$50-$100,APAC,NY,Loyalty,False,3,60,P3058,57.4,1,False,False
EDGE301585,C93966,Customer,P3690,Product,VIEWED,2025-06-15 17:37:04,,Automotive,New,0.323,$100-$250,NA,OK,Loyalty,False,2,91,P3690,220.08,1,False,False
EDGE301586,C40244,Customer,P3795,Product,PURCHASED,2025-05-14 16:43:01,ORD101677,Automotive,Active,0.793,$25-$50,APAC,CA,None,False,2,68,P3795,44.35,2,False,True
EDGE301587,C99199,Customer,P8019,Product,VIEWED,2025-06-25 21:52:45,,Electronics,Active,0.751,$25-$50,APAC,AL,BackToSchool,False,0,71,P8019,36.22,1,False,False
EDGE301588,C50818,Customer,C12590,Customer,REFERRED_FRIEND,2024-05-28 22:41:25,,Pets,Loyal,0.434,$50-$100,APAC,MI,Holiday,False,1,5,P5595,62.45,2,False,False
EDGE301589,C66093,Customer,P5099,Product,VIEWED,2024-07-05 12:51:35,,Apparel,New,0.116,$100-$250,APAC,MI,Clearance,False,4,106,P5099,202.54,1,False,False
EDGE301590,P3530,Product,P6789,Product,ALSO_BOUGHT_WITH,2025-01-25 04:52:37,ORD101609,Apparel,Loyal,0.361,>$250,LATAM,WV,Clearance,False,3,36,P3530,378.9,1,False,False
EDGE301591,P4615,Product,P9599,Product,ALSO_BOUGHT_WITH,2024-08-19 06:01:09,ORD100235,Home,Active,0.788,$25-$50,NA,ID,Loyalty,False,6,34,P4615,29.49,1,False,False
EDGE301592,C94078,Customer,P7572,Product,VIEWED,2025-06-19 19:08:58,,Books,AtRisk,0.273,>$250,NA,DC,Clearance,False,4,23,P7572,853.44,1,False,False
EDGE301593,C99336,Customer,P3631,Product,PURCHASED,2025-06-23 10:24:23,ORD102094,Toys,Active,0.58,>$250,NA,IA,BackToSchool,False,5,49,P3631,387.14,1,False,True
EDGE301594,C97710,Customer,P9109,Product,VIEWED,2024-09-13 01:14:55,,Beauty,New,0.117,$50-$100,LATAM,NC,Loyalty,False,2,91,P9109,58.12,1,False,False
EDGE301595,C69599,Customer,P4332,Product,ADDED_TO_CART,2025-06-07 16:59:14,,Grocery,Dormant,0.222,$100-$250,LATAM,MN,Clearance,False,3,28,P4332,146.49,1,False,False
EDGE301596,C62629,Customer,P4139,Product,VIEWED,2024-04-02 04:13:59,,Electronics,Dormant,0.276,$25-$50,LATAM,AK,Clearance,False,2,26,P4139,44.33,2,False,False
EDGE301597,C28379,Customer,P3419,Product,VIEWED,2024-08-02 19:31:58,,Toys,AtRisk,0.33,$50-$100,LATAM,OH,NewArrivals,False,1,31,P3419,65.23,1,False,False
EDGE301598,C85745,Customer,P6453,Product,VIEWED,2025-02-03 00:51:28,,Sports,New,0.591,$50-$100,EU,TN,None,False,1,35,P6453,61.97,1,False,False
EDGE301599,C71094,Customer,P5749,Product,VIEWED,2024-02-17 18:59:38,,Automotive,Active,0.213,$50-$100,EU,LA,None,False,0,110,P5749,68.68,2,False,False
EDGE301600,C35899,Customer,P9874,Product,VIEWED,2025-03-11 10:04:33,,Grocery,New,0.628,$50-$100,LATAM,WA,Clearance,False,2,8,P9874,72.27,1,False,False
EDGE301601,C62486,Customer,P2662,Product,VIEWED,2024-08-26 18:26:13,,Beauty,Active,0.401,$50-$100,EU,CT,Loyalty,False,2,64,P2662,89.62,1,False,False
EDGE301602,C82118,Customer,P3733,Product,VIEWED,2025-01-20 22:50:55,,Electronics,Active,0.281,>$250,EU,VT,Holiday,False,3,72,P3733,353.88,3,False,False
EDGE301603,C37686,Customer,P9858,Product,ADDED_TO_CART,2024-02-27 23:48:58,,Electronics,Loyal,0.977,$50-$100,NA,KS,SpringSale,False,2,42,P9858,64.94,1,False,False
EDGE301604,C68316,Customer,P2476,Product,VIEWED,2025-04-17 12:01:19,,Automotive,Active,0.805,$25-$50,LATAM,AZ,BackToSchool,False,3,5,P2476,29.32,1,False,False
EDGE301605,P8461,Product,P7597,Product,ALSO_BOUGHT_WITH,2024-03-11 04:31:23,ORD100546,Pets,Loyal,0.935,$25-$50,EU,VT,Loyalty,False,2,33,P8461,47.05,2,False,False
EDGE301606,C60976,Customer,P2327,Product,PURCHASED,2025-01-25 13:55:24,ORD100852,Books,New,0.119,>$250,APAC,CO,Loyalty,False,2,74,P2327,329.47,1,False,False
EDGE301607,C15171,Customer,P5021,Product,PURCHASED,2024-10-17 06:54:49,ORD102021,Books,AtRisk,0.711,<$25,EU,AR,Holiday,False,5,41,P5021,10.13,1,False,True
EDGE301608,C62666,Customer,P9325,Product,ADDED_TO_CART,2024-09-17 19:59:01,,Toys,Active,0.739,$50-$100,LATAM,AK,NewArrivals,False,0,77,P9325,60.72,3,False,False
EDGE301609,C76971,Customer,P3445,Product,VIEWED,2025-01-08 08:32:01,,Toys,Loyal,0.696,$50-$100,NA,TN,Loyalty,False,2,63,P3445,52.41,1,False,False
EDGE301610,C47925,Customer,P1814,Product,VIEWED,2025-04-03 19:45:25,,Sports,Active,0.886,>$250,EU,NV,SpringSale,False,3,55,P1814,363.28,1,False,False
EDGE301611,P1150,Product,P3470,Product,ALSO_BOUGHT_WITH,2025-06-04 04:44:13,ORD101158,Beauty,New,0.674,$100-$250,LATAM,VT,Clearance,False,6,5,P1150,216.4,1,False,False
EDGE301612,P4055,Product,P1525,Product,ALSO_BOUGHT_WITH,2024-04-10 18:54:54,ORD101392,Toys,Active,0.607,$50-$100,APAC,FL,Clearance,False,2,56,P4055,59.04,1,False,False
EDGE301613,P3059,Product,P4665,Product,ALSO_BOUGHT_WITH,2024-10-23 22:26:23,ORD100187,Home,Active,0.581,$50-$100,APAC,MD,NewArrivals,False,3,5,P3059,97.34,1,False,False
EDGE301614,C48321,Customer,C21675,Customer,REFERRED_FRIEND,2025-02-01 08:47:17,,Pets,Active,0.738,$50-$100,APAC,MT,NewArrivals,False,3,57,P3169,63.59,1,False,False
EDGE301615,P7370,Product,P8289,Product,ALSO_BOUGHT_WITH,2024-03-15 04:10:42,ORD100262,Electronics,Active,0.589,$25-$50,EU,HI,SpringSale,False,2,76,P7370,26.01,3,False,False
EDGE301616,C44266,Customer,P1319,Product,PURCHASED,2024-05-18 20:58:28,ORD100485,Sports,Active,0.795,<$25,EU,OK,BackToSchool,False,1,30,P1319,14.69,1,False,False
EDGE301617,C26797,Customer,P9180,Product,VIEWED,2024-10-01 08:12:02,,Automotive,Loyal,0.493,$25-$50,EU,MI,None,False,0,43,P9180,36.35,1,False,False
EDGE301618,C67757,Customer,C53408,Customer,REFERRED_FRIEND,2025-01-19 12:04:31,,Grocery,Active,0.854,>$250,LATAM,NM,NewArrivals,False,3,73,P2826,294.72,1,False,False
EDGE301619,P5147,Product,P9190,Product,ALSO_BOUGHT_WITH,2024-05-15 04:55:06,ORD101966,Books,New,0.165,$50-$100,NA,RI,NewArrivals,False,3,55,P5147,50.55,1,False,False
EDGE301620,C54577,Customer,C55951,Customer,REFERRED_FRIEND,2024-06-03 15:01:14,,Books,New,0.584,$25-$50,APAC,WA,SpringSale,False,4,39,P9717,34.69,1,False,False
EDGE301621,C59196,Customer,P2096,Product,VIEWED,2025-02-09 01:32:31,,Apparel,Active,0.954,$50-$100,APAC,RI,Holiday,False,2,37,P2096,64.45,1,False,False
EDGE301622,P5813,Product,P2528,Product,ALSO_BOUGHT_WITH,2025-05-21 08:40:12,ORD102284,Toys,Loyal,0.394,$25-$50,NA,NV,Holiday,False,6,12,P5813,31.2,2,False,False
EDGE301623,C26527,Customer,P8180,Product,VIEWED,2024-01-26 19:49:09,,Sports,Active,0.51,>$250,EU,VA,SpringSale,False,7,72,P8180,301.43,4,False,False
EDGE301624,C84614,Customer,P6212,Product,VIEWED,2024-01-28 20:02:51,,Beauty,Loyal,0.297,$50-$100,APAC,RI,SpringSale,False,6,57,P6212,68.07,1,False,False
EDGE301625,C98806,Customer,P5835,Product,VIEWED,2025-05-07 14:52:03,,Pets,Loyal,0.927,$25-$50,APAC,NY,BackToSchool,False,2,24,P5835,42.8,1,False,False
EDGE301626,P2270,Product,P3295,Product,ALSO_BOUGHT_WITH,2024-12-27 19:18:16,ORD102106,Automotive,Active,0.65,>$250,LATAM,WY,Clearance,False,2,47,P2270,469.96,1,False,False
EDGE301627,C10167,Customer,P1175,Product,PURCHASED,2024-05-27 10:58:30,ORD101749,Books,New,0.702,>$250,APAC,GA,None,False,1,51,P1175,308.53,1,True,True
EDGE301628,P9275,Product,P5657,Product,ALSO_BOUGHT_WITH,2024-12-26 15:19:52,ORD101564,Books,Active,0.972,<$25,APAC,TN,Loyalty,False,6,60,P9275,15.67,2,False,False
EDGE301629,C78544,Customer,P9778,Product,VIEWED,2024-01-25 03:20:42,,Beauty,Active,0.843,$25-$50,NA,IN,SpringSale,False,4,51,P9778,29.14,1,False,False
EDGE301630,C80935,Customer,P6087,Product,ADDED_TO_CART,2024-03-14 10:10:01,,Electronics,New,0.156,$25-$50,NA,NJ,Clearance,False,2,55,P6087,48.27,1,False,False
EDGE301631,C36131,Customer,P1991,Product,VIEWED,2024-04-26 02:54:15,,Beauty,AtRisk,0.985,$50-$100,EU,MO,Clearance,False,3,71,P1991,58.19,1,False,False
EDGE301632,C67146,Customer,P4058,Product,ADDED_TO_CART,2024-10-17 03:21:55,,Beauty,New,0.129,<$25,EU,CO,Clearance,False,5,90,P4058,18.15,1,False,False
EDGE301633,P4046,Product,P9661,Product,ALSO_BOUGHT_WITH,2025-02-08 21:31:00,ORD100666,Beauty,New,0.776,$100-$250,LATAM,NJ,BackToSchool,False,0,33,P4046,230.51,1,False,False
EDGE301634,C49492,Customer,P5286,Product,VIEWED,2024-06-25 18:31:19,,Pets,Active,0.303,$50-$100,NA,WA,Holiday,False,4,43,P5286,54.54,1,False,False
EDGE301635,C35942,Customer,P2164,Product,PURCHASED,2025-04-01 06:12:07,ORD100028,Automotive,Dormant,0.614,$50-$100,APAC,MI,Loyalty,False,3,30,P2164,68.19,1,False,True
EDGE301636,C99035,Customer,P3653,Product,VIEWED,2025-03-29 09:13:55,,Sports,AtRisk,0.904,>$250,APAC,MD,Holiday,False,4,101,P3653,300.85,1,False,False
EDGE301637,C91843,Customer,P9924,Product,VIEWED,2024-02-22 19:38:46,,Home,Dormant,0.764,$100-$250,NA,FL,NewArrivals,False,1,67,P9924,108.05,2,False,False
EDGE301638,C95002,Customer,P6449,Product,VIEWED,2024-07-01 13:12:05,,Grocery,Active,0.657,$50-$100,LATAM,NJ,SpringSale,False,1,22,P6449,58.43,1,False,False
EDGE301639,C38666,Customer,P6835,Product,PURCHASED,2024-04-01 03:19:24,ORD100916,Sports,New,0.164,<$25,APAC,DC,BackToSchool,False,5,10,P6835,24.75,1,False,True
EDGE301640,C28148,Customer,P8594,Product,VIEWED,2024-01-20 11:15:44,,Apparel,Active,0.732,$25-$50,EU,AZ,None,False,2,88,P8594,26.91,3,False,False
EDGE301641,C35917,Customer,P1795,Product,PURCHASED,2024-06-29 16:41:29,ORD100899,Beauty,Active,0.155,$100-$250,APAC,HI,Holiday,False,3,46,P1795,189.53,1,False,True
EDGE301642,C12872,Customer,P7698,Product,PURCHASED,2024-04-13 06:00:04,ORD101671,Beauty,Active,0.749,$25-$50,LATAM,WI,NewArrivals,False,4,55,P7698,37.37,1,False,True
EDGE301643,C48553,Customer,P8600,Product,PURCHASED,2024-08-07 00:51:59,ORD101444,Books,Active,0.906,$25-$50,EU,LA,BackToSchool,False,3,5,P8600,36.05,1,False,True
EDGE301644,C39346,Customer,P5415,Product,RETURNS,2024-11-23 11:49:32,ORD102365,Toys,New,0.912,>$250,APAC,NH,Holiday,False,5,25,P5415,431.37,1,False,False
EDGE301645,C92707,Customer,P3387,Product,VIEWED,2024-05-16 15:23:16,,Grocery,Active,0.66,$50-$100,LATAM,MS,Clearance,False,2,11,P3387,68.24,3,False,False
EDGE301646,C13704,Customer,P2702,Product,VIEWED,2024-11-04 14:02:53,,Automotive,Loyal,0.978,$25-$50,EU,UT,NewArrivals,False,3,32,P2702,33.14,1,False,False
EDGE301647,C18534,Customer,P5268,Product,VIEWED,2025-05-29 07:36:09,,Toys,Active,0.644,$50-$100,NA,DE,Clearance,False,3,29,P5268,76.07,2,False,False
EDGE301648,C22530,Customer,P6780,Product,VIEWED,2025-01-25 01:31:29,,Apparel,New,0.618,$100-$250,NA,ND,Clearance,False,4,34,P6780,199.85,2,False,False
EDGE301649,P6306,Product,P8811,Product,ALSO_BOUGHT_WITH,2024-03-27 03:30:45,ORD100050,Pets,Loyal,0.63,$50-$100,NA,TX,BackToSchool,False,2,41,P6306,65.17,1,False,False
EDGE301650,P9266,Product,P8352,Product,ALSO_BOUGHT_WITH,2024-03-11 17:01:19,ORD101466,Toys,New,0.431,$50-$100,EU,MS,BackToSchool,False,2,96,P9266,64.18,1,False,False
EDGE301651,C82688,Customer,P3796,Product,VIEWED,2025-01-24 01:09:27,,Toys,Loyal,0.914,$50-$100,EU,MD,Loyalty,False,3,9,P3796,60.02,2,False,False
EDGE301652,C61651,Customer,P5697,Product,VIEWED,2024-01-20 01:03:21,,Apparel,Loyal,0.571,$50-$100,EU,NH,SpringSale,False,4,81,P5697,74.97,1,False,False
EDGE301653,C91146,Customer,P4495,Product,ADDED_TO_CART,2024-06-25 15:08:45,,Home,Dormant,0.74,<$25,NA,MO,BackToSchool,False,7,42,P4495,22.11,2,False,False
EDGE301654,C97139,Customer,P4839,Product,PURCHASED,2024-01-04 21:09:24,ORD101368,Electronics,AtRisk,0.995,$50-$100,LATAM,WI,Clearance,False,7,74,P4839,55.42,4,False,True
EDGE301655,P6245,Product,P8641,Product,ALSO_BOUGHT_WITH,2024-08-03 22:44:13,ORD101530,Pets,Active,0.676,<$25,APAC,TX,Holiday,False,6,91,P6245,13.92,1,False,False
EDGE301656,C89601,Customer,C83625,Customer,REFERRED_FRIEND,2025-03-21 18:35:07,,Beauty,New,0.207,$25-$50,NA,OH,Clearance,True,3,17,P7068,29.88,1,False,False
EDGE301657,C38455,Customer,P2186,Product,RETURNS,2024-08-17 02:40:08,ORD100940,Sports,Active,0.353,$25-$50,NA,ID,Loyalty,False,3,39,P2186,36.92,2,False,False
EDGE301658,C94470,Customer,P2200,Product,VIEWED,2024-05-22 17:10:03,,Toys,Active,0.621,$100-$250,EU,FL,Clearance,False,3,17,P2200,169.78,1,False,False
EDGE301659,C82990,Customer,P1755,Product,VIEWED,2024-11-09 22:01:58,,Sports,Loyal,0.699,>$250,APAC,ND,None,False,2,18,P1755,372.85,1,False,False
EDGE301660,C49024,Customer,P3625,Product,RETURNS,2024-11-14 10:39:57,ORD101364,Toys,Loyal,0.515,$100-$250,LATAM,NJ,BackToSchool,False,6,32,P3625,233.81,1,True,False
EDGE301661,C54068,Customer,P5595,Product,VIEWED,2024-04-21 05:48:40,,Pets,Active,0.612,$25-$50,APAC,ND,Loyalty,False,6,76,P5595,26.16,1,False,False
EDGE301662,C89668,Customer,P7590,Product,VIEWED,2024-07-16 21:52:01,,Apparel,Loyal,0.433,$100-$250,EU,NE,Clearance,False,6,25,P7590,190.17,1,False,False
EDGE301663,C39126,Customer,P7345,Product,VIEWED,2024-05-18 18:44:41,,Automotive,Active,0.817,$50-$100,EU,LA,BackToSchool,False,3,75,P7345,82.53,1,False,False
EDGE301664,C77933,Customer,P6902,Product,ADDED_TO_CART,2025-03-08 15:20:48,,Electronics,New,0.66,$50-$100,EU,KY,NewArrivals,False,4,5,P6902,52.25,1,False,False
EDGE301665,C31693,Customer,P1461,Product,VIEWED,2024-02-21 23:03:29,,Books,Loyal,0.938,$50-$100,APAC,NV,SpringSale,False,1,18,P1461,58.96,1,False,False
EDGE301666,C68278,Customer,P2572,Product,VIEWED,2024-05-10 08:56:12,,Grocery,Active,0.671,$25-$50,LATAM,OK,NewArrivals,False,6,72,P2572,28.07,1,False,False
EDGE301667,C67278,Customer,P2446,Product,VIEWED,2025-02-22 04:56:26,,Home,New,0.777,$50-$100,APAC,MI,None,False,4,78,P2446,66.85,3,False,False
EDGE301668,C95692,Customer,P1311,Product,PURCHASED,2024-07-07 18:28:56,ORD101901,Electronics,New,0.149,$25-$50,NA,CT,Holiday,False,3,49,P1311,26.68,1,True,True
EDGE301669,C73928,Customer,C76343,Customer,REFERRED_FRIEND,2024-05-04 06:13:02,,Electronics,AtRisk,0.51,$50-$100,NA,AK,BackToSchool,False,7,49,P5200,95.26,1,False,False
EDGE301670,C80276,Customer,P8688,Product,RETURNS,2025-04-01 02:41:24,ORD101407,Sports,Active,0.766,$100-$250,APAC,NC,BackToSchool,False,4,92,P8688,100.14,1,False,False
EDGE301671,P1747,Product,P9842,Product,ALSO_BOUGHT_WITH,2024-12-10 07:56:00,ORD101548,Apparel,Active,0.403,$100-$250,LATAM,ND,Loyalty,False,3,38,P1747,219.52,1,False,False
EDGE301672,C34479,Customer,P5009,Product,VIEWED,2025-02-27 13:27:40,,Automotive,Active,0.952,$25-$50,EU,CA,SpringSale,False,6,33,P5009,45.02,2,False,False
EDGE301673,C53784,Customer,P7256,Product,RETURNS,2024-07-03 13:08:11,ORD102041,Toys,Loyal,0.554,>$250,LATAM,DE,None,False,3,57,P7256,975.52,1,False,False
EDGE301674,C80361,Customer,P9021,Product,VIEWED,2024-11-05 17:11:54,,Pets,AtRisk,0.511,$50-$100,LATAM,DC,NewArrivals,False,2,84,P9021,50.92,1,False,False
EDGE301675,C18037,Customer,C44089,Customer,REFERRED_FRIEND,2025-02-20 10:44:42,,Sports,New,0.239,$50-$100,APAC,PA,Clearance,True,2,61,P4322,53.35,1,False,False
EDGE301676,C49400,Customer,P9055,Product,PURCHASED,2025-03-12 17:36:46,ORD101438,Apparel,Active,0.711,>$250,APAC,HI,BackToSchool,False,4,71,P9055,356.85,1,False,False
EDGE301677,C54371,Customer,C93153,Customer,REFERRED_FRIEND,2024-08-25 13:22:46,,Toys,Loyal,0.92,$50-$100,NA,SC,Clearance,False,4,42,P9495,65.77,1,False,False
EDGE301678,C12498,Customer,P2125,Product,ADDED_TO_CART,2025-02-07 16:15:21,,Apparel,AtRisk,0.855,$50-$100,APAC,HI,BackToSchool,False,2,57,P2125,63.05,1,False,False
EDGE301679,C59164,Customer,P1551,Product,VIEWED,2024-07-26 22:17:11,,Beauty,New,0.947,<$25,LATAM,ND,Loyalty,False,5,49,P1551,13.96,1,False,False
EDGE301680,P8650,Product,P3648,Product,ALSO_BOUGHT_WITH,2025-01-25 17:24:40,ORD100544,Toys,New,0.153,>$250,EU,LA,None,False,2,26,P8650,389.01,1,False,False
EDGE301681,C19801,Customer,P9119,Product,ADDED_TO_CART,2024-08-18 12:19:24,,Electronics,Active,0.148,$50-$100,NA,MD,NewArrivals,False,5,58,P9119,73.46,2,False,False
EDGE301682,C68355,Customer,P1771,Product,ADDED_TO_CART,2024-10-14 20:48:05,,Pets,Dormant,0.917,>$250,LATAM,UT,SpringSale,False,1,49,P1771,262.62,2,False,False
EDGE301683,P6234,Product,P1273,Product,ALSO_BOUGHT_WITH,2024-11-12 07:35:36,ORD100693,Pets,New,0.24,$25-$50,APAC,OK,Clearance,False,5,53,P6234,45.83,1,False,False
EDGE301684,P3864,Product,P5120,Product,ALSO_BOUGHT_WITH,2024-05-24 18:53:05,ORD102102,Grocery,Loyal,0.524,$50-$100,NA,IL,None,False,7,6,P3864,71.22,1,False,False
EDGE301685,C39991,Customer,P5696,Product,PURCHASED,2024-10-22 19:23:46,ORD101830,Pets,Active,0.579,$25-$50,APAC,AR,NewArrivals,False,2,42,P5696,39.06,1,False,True
EDGE301686,C16591,Customer,C76841,Customer,REFERRED_FRIEND,2024-09-06 08:04:38,,Home,Active,0.356,>$250,EU,WI,BackToSchool,False,0,28,P8723,355.06,1,False,False
EDGE301687,C12577,Customer,C86145,Customer,REFERRED_FRIEND,2024-02-16 04:34:23,,Apparel,New,0.408,$50-$100,APAC,CT,BackToSchool,False,4,55,P5145,79.23,1,False,False
EDGE301688,C45892,Customer,P4014,Product,PURCHASED,2024-11-30 03:04:24,ORD100748,Beauty,Active,0.689,$100-$250,EU,VT,Clearance,False,2,22,P4014,134.34,1,False,True
EDGE301689,C94565,Customer,P6061,Product,VIEWED,2024-06-04 06:08:14,,Home,Active,0.2,$50-$100,NA,TX,Holiday,False,2,20,P6061,66.99,1,False,False
EDGE301690,P2774,Product,P9909,Product,ALSO_BOUGHT_WITH,2025-05-15 22:11:59,ORD102343,Beauty,Loyal,0.794,$25-$50,LATAM,AR,NewArrivals,False,0,25,P2774,32.18,1,False,False
EDGE301691,C31993,Customer,P6136,Product,VIEWED,2024-08-02 09:16:05,,Sports,Loyal,0.938,>$250,APAC,GA,Holiday,False,2,5,P6136,885.36,2,False,False
EDGE301692,C28158,Customer,P7735,Product,PURCHASED,2024-04-27 09:50:41,ORD101874,Apparel,Dormant,0.947,$50-$100,NA,ID,BackToSchool,False,2,43,P7735,72.95,1,False,True
EDGE301693,C18448,Customer,C53084,Customer,REFERRED_FRIEND,2024-02-07 22:59:03,,Electronics,Active,0.128,>$250,LATAM,MD,Holiday,False,5,48,P3585,379.12,1,False,False
EDGE301694,C12598,Customer,P5593,Product,ADDED_TO_CART,2025-04-05 04:14:38,,Beauty,New,0.775,<$25,NA,WA,Holiday,False,7,73,P5593,14.12,1,False,False
EDGE301695,C75734,Customer,P9123,Product,PURCHASED,2025-04-22 20:02:25,ORD100911,Grocery,Loyal,0.741,$100-$250,APAC,SC,Holiday,False,2,53,P9123,162.33,2,False,True
EDGE301696,C50356,Customer,P9863,Product,VIEWED,2025-02-05 09:11:02,,Sports,Active,0.454,>$250,LATAM,LA,Loyalty,False,7,15,P9863,303.11,1,False,False
EDGE301697,C73184,Customer,P9799,Product,PURCHASED,2025-02-12 08:14:54,ORD100714,Home,Loyal,0.764,$50-$100,LATAM,ND,Loyalty,False,3,27,P9799,76.78,1,False,True
EDGE301698,C96654,Customer,C33458,Customer,REFERRED_FRIEND,2025-02-11 21:20:34,,Automotive,AtRisk,0.327,$50-$100,LATAM,OR,SpringSale,False,4,27,P9568,51.42,1,False,False
EDGE301699,C11448,Customer,P3414,Product,VIEWED,2024-12-22 19:33:41,,Toys,Active,0.961,$50-$100,EU,WV,None,False,6,40,P3414,51.68,1,False,False
EDGE301700,C89191,Customer,P2899,Product,VIEWED,2025-04-06 01:46:45,,Sports,Loyal,0.83,$50-$100,NA,NV,NewArrivals,False,3,78,P2899,77.39,2,False,False
EDGE301701,C20496,Customer,P1151,Product,PURCHASED,2024-10-16 00:15:28,ORD102207,Grocery,New,0.257,$50-$100,APAC,SD,None,False,2,12,P1151,66.48,1,False,True
EDGE301702,C23231,Customer,P3037,Product,ADDED_TO_CART,2024-04-23 07:45:17,,Apparel,Loyal,0.593,$50-$100,LATAM,TX,SpringSale,False,4,49,P3037,58.38,2,False,False
EDGE301703,C66605,Customer,P8643,Product,VIEWED,2024-08-04 11:05:37,,Grocery,AtRisk,0.955,$50-$100,APAC,MN,Loyalty,False,3,52,P8643,67.1,1,False,False
EDGE301704,C96119,Customer,P7363,Product,PURCHASED,2025-02-20 03:54:12,ORD102414,Automotive,Loyal,0.176,$50-$100,LATAM,SD,BackToSchool,False,3,21,P7363,62.63,1,True,True
EDGE301705,C96985,Customer,P5467,Product,ADDED_TO_CART,2025-05-09 13:03:08,,Toys,New,0.603,<$25,APAC,CO,SpringSale,False,3,21,P5467,23.69,1,False,False
EDGE301706,P2276,Product,P4388,Product,ALSO_BOUGHT_WITH,2024-09-04 14:19:24,ORD101803,Apparel,Loyal,0.299,<$25,NA,MT,BackToSchool,False,5,51,P2276,14.89,2,False,False
EDGE301707,P4628,Product,P1160,Product,ALSO_BOUGHT_WITH,2024-07-09 09:07:44,ORD101184,Electronics,Active,0.795,$25-$50,NA,OK,Holiday,False,2,50,P4628,44.71,1,False,False
EDGE301708,C13078,Customer,P1826,Product,VIEWED,2024-05-07 04:54:35,,Grocery,Active,0.713,>$250,APAC,MN,Clearance,False,1,91,P1826,291.78,1,False,False
EDGE301709,C86666,Customer,P3903,Product,VIEWED,2024-04-18 07:16:32,,Home,New,0.641,$100-$250,EU,GA,SpringSale,False,3,51,P3903,159.27,1,False,False
EDGE301710,C75186,Customer,C80495,Customer,REFERRED_FRIEND,2025-05-09 20:13:13,,Beauty,AtRisk,0.723,>$250,EU,NC,NewArrivals,False,1,41,P8781,263.85,1,False,False
EDGE301711,C93570,Customer,C30440,Customer,REFERRED_FRIEND,2024-12-09 14:37:30,,Toys,New,0.552,<$25,EU,NJ,SpringSale,True,3,6,P7335,19.01,1,False,False
EDGE301712,C12656,Customer,P9464,Product,PURCHASED,2024-01-21 00:30:44,ORD102204,Sports,AtRisk,0.724,$25-$50,LATAM,MO,Holiday,False,2,66,P9464,42.55,1,False,True
EDGE301713,C78717,Customer,P7772,Product,VIEWED,2024-05-12 11:10:36,,Grocery,AtRisk,0.921,>$250,LATAM,MT,SpringSale,False,3,65,P7772,299.5,1,False,False
EDGE301714,P7304,Product,P1270,Product,ALSO_BOUGHT_WITH,2024-07-18 14:39:33,ORD101050,Beauty,Active,0.298,>$250,APAC,LA,NewArrivals,False,2,49,P7304,390.98,1,False,False
EDGE301715,C51543,Customer,P1679,Product,PURCHASED,2024-05-21 01:25:37,ORD101653,Books,New,0.154,>$250,APAC,VA,None,False,1,49,P1679,317.38,2,False,False
EDGE301716,P8375,Product,P9064,Product,ALSO_BOUGHT_WITH,2025-03-19 15:59:16,ORD101451,Electronics,Active,0.873,$25-$50,EU,AR,Holiday,False,3,29,P8375,47.02,1,False,False
EDGE301717,C65476,Customer,C21263,Customer,REFERRED_FRIEND,2024-02-13 06:59:53,,Pets,AtRisk,0.374,$50-$100,APAC,MN,BackToSchool,False,5,49,P5548,65.49,3,False,False
EDGE301718,P9104,Product,P5597,Product,ALSO_BOUGHT_WITH,2024-02-21 00:38:50,ORD101812,Apparel,Active,0.379,>$250,APAC,SC,BackToSchool,False,1,14,P9104,392.79,1,False,False
EDGE301719,C77274,Customer,P2265,Product,VIEWED,2024-07-04 01:58:35,,Sports,New,0.683,$50-$100,NA,UT,SpringSale,False,3,30,P2265,55.75,1,False,False
EDGE301720,C69797,Customer,P4463,Product,PURCHASED,2025-05-11 13:53:05,ORD100693,Automotive,Loyal,0.886,$25-$50,EU,IL,NewArrivals,False,2,5,P4463,25.78,1,False,True
EDGE301721,C74623,Customer,P6691,Product,ADDED_TO_CART,2024-02-11 12:27:11,,Grocery,AtRisk,0.68,<$25,LATAM,MT,Holiday,False,5,5,P6691,10.19,1,False,False
EDGE301722,P5066,Product,P1896,Product,ALSO_BOUGHT_WITH,2024-04-07 08:14:03,ORD101558,Beauty,New,0.774,$25-$50,EU,ND,SpringSale,False,5,66,P5066,27.58,1,False,False
EDGE301723,P1151,Product,P3895,Product,ALSO_BOUGHT_WITH,2024-03-20 13:35:39,ORD101304,Beauty,Active,0.734,$50-$100,APAC,WA,SpringSale,False,2,57,P1151,66.84,1,False,False
EDGE301724,P4317,Product,P8319,Product,ALSO_BOUGHT_WITH,2024-09-17 03:43:40,ORD101110,Home,Active,0.39,$25-$50,EU,IN,NewArrivals,False,1,75,P4317,35.03,1,False,False
EDGE301725,C21018,Customer,P7441,Product,ADDED_TO_CART,2024-06-17 01:39:28,,Automotive,Dormant,0.135,>$250,NA,PA,None,False,2,53,P7441,341.51,1,False,False
EDGE301726,C41336,Customer,P1893,Product,ADDED_TO_CART,2024-12-16 05:05:53,,Pets,Loyal,0.412,>$250,EU,ID,Clearance,False,4,39,P1893,877.87,1,False,False
EDGE301727,P7054,Product,P9092,Product,ALSO_BOUGHT_WITH,2024-08-05 19:15:51,ORD101518,Home,Active,0.426,>$250,NA,AR,SpringSale,False,3,60,P7054,792.14,2,False,False
EDGE301728,C59857,Customer,P6656,Product,ADDED_TO_CART,2025-05-15 22:20:07,,Sports,New,0.774,$25-$50,LATAM,AR,Holiday,False,3,47,P6656,30.07,1,False,False
EDGE301729,C23273,Customer,P9457,Product,PURCHASED,2024-07-13 20:39:02,ORD101383,Sports,Active,0.343,$50-$100,LATAM,NE,BackToSchool,False,0,40,P9457,69.27,1,False,False
EDGE301730,C89141,Customer,P2901,Product,RETURNS,2024-10-31 12:35:10,ORD100600,Sports,New,0.173,$50-$100,EU,IN,BackToSchool,False,4,39,P2901,70.55,1,False,False
EDGE301731,C52980,Customer,P4928,Product,VIEWED,2024-10-29 01:53:22,,Books,Active,0.308,<$25,NA,CO,Clearance,False,5,65,P4928,11.46,1,False,False
EDGE301732,P8079,Product,P3959,Product,ALSO_BOUGHT_WITH,2024-09-05 14:12:20,ORD102120,Electronics,Active,0.229,>$250,APAC,TX,Loyalty,False,2,47,P8079,371.76,3,False,False
EDGE301733,C37478,Customer,P5012,Product,VIEWED,2024-04-29 08:19:39,,Automotive,AtRisk,0.792,$100-$250,NA,AZ,None,False,5,5,P5012,120.68,1,False,False
EDGE301734,C94865,Customer,P1123,Product,PURCHASED,2025-02-07 09:12:32,ORD100480,Books,AtRisk,0.989,<$25,LATAM,NJ,SpringSale,False,1,59,P1123,17.01,3,False,True
EDGE301735,C93909,Customer,P7651,Product,VIEWED,2024-10-14 09:29:29,,Automotive,New,0.281,>$250,APAC,NM,SpringSale,False,2,33,P7651,284.22,1,False,False
EDGE301736,C66773,Customer,P3711,Product,ADDED_TO_CART,2024-02-24 06:24:17,,Sports,New,0.498,$50-$100,EU,NE,Loyalty,False,0,103,P3711,73.54,2,False,False
EDGE301737,C99924,Customer,P9293,Product,PURCHASED,2024-07-21 14:08:17,ORD102321,Grocery,Loyal,0.223,>$250,NA,MA,BackToSchool,False,2,58,P9293,371.61,1,True,True
EDGE301738,C82481,Customer,P2129,Product,VIEWED,2024-12-28 00:51:46,,Apparel,Loyal,0.137,>$250,EU,VA,None,False,3,54,P2129,297.38,1,False,False
EDGE301739,C77346,Customer,P5708,Product,PURCHASED,2025-01-25 16:16:49,ORD100075,Sports,Active,0.399,<$25,EU,FL,NewArrivals,False,3,20,P5708,17.81,1,False,False
EDGE301740,P6091,Product,P5786,Product,ALSO_BOUGHT_WITH,2024-12-14 17:14:50,ORD101950,Grocery,Active,0.63,<$25,NA,IN,None,False,5,29,P6091,11.45,2,False,False
EDGE301741,C20544,Customer,P7306,Product,VIEWED,2024-06-12 14:59:40,,Automotive,Dormant,0.828,$50-$100,EU,TN,SpringSale,False,2,17,P7306,74.81,1,False,False
EDGE301742,C74026,Customer,P3130,Product,VIEWED,2025-01-13 17:50:16,,Toys,Dormant,0.818,$100-$250,NA,MO,BackToSchool,False,1,42,P3130,120.5,1,False,False
EDGE301743,P8316,Product,P5421,Product,ALSO_BOUGHT_WITH,2024-10-16 06:16:59,ORD101177,Apparel,Loyal,0.803,$25-$50,LATAM,MO,Clearance,False,2,59,P8316,31.08,1,False,False
EDGE301744,C78973,Customer,C93598,Customer,REFERRED_FRIEND,2024-10-09 22:17:53,,Pets,Loyal,0.367,$100-$250,APAC,NY,SpringSale,False,5,62,P9772,157.35,1,False,False
EDGE301745,C54054,Customer,P5302,Product,ADDED_TO_CART,2024-12-27 10:38:39,,Toys,Loyal,0.574,>$250,EU,IA,BackToSchool,False,8,40,P5302,872.28,1,False,False
EDGE301746,C57956,Customer,P3412,Product,ADDED_TO_CART,2025-01-09 18:59:35,,Automotive,Active,0.198,$25-$50,NA,MI,None,False,2,5,P3412,42.93,1,False,False
EDGE301747,C74970,Customer,P3436,Product,ADDED_TO_CART,2024-08-01 02:25:02,,Books,Loyal,0.837,>$250,LATAM,NY,None,False,2,21,P3436,491.02,1,False,False
EDGE301748,C79414,Customer,P2096,Product,VIEWED,2024-12-12 22:30:47,,Toys,AtRisk,0.407,$50-$100,EU,MA,Clearance,False,6,43,P2096,53.85,4,False,False
EDGE301749,C14393,Customer,P6634,Product,ADDED_TO_CART,2025-06-14 08:36:49,,Home,Loyal,0.981,$100-$250,NA,WI,Clearance,False,3,67,P6634,198.82,1,False,False
EDGE301750,C36104,Customer,P8100,Product,RETURNS,2025-05-28 22:30:01,ORD100962,Electronics,Loyal,0.603,<$25,NA,DE,NewArrivals,False,7,54,P8100,20.55,1,False,False
EDGE301751,C98628,Customer,P6903,Product,ADDED_TO_CART,2024-04-27 12:53:22,,Home,AtRisk,0.585,<$25,APAC,FL,BackToSchool,False,2,65,P6903,11.5,1,False,False
EDGE301752,C64231,Customer,P2017,Product,ADDED_TO_CART,2024-04-18 06:11:03,,Grocery,New,0.195,$25-$50,NA,KY,Holiday,False,3,5,P2017,28.11,1,False,False
EDGE301753,C17045,Customer,P3534,Product,PURCHASED,2025-03-13 08:03:43,ORD101252,Pets,Active,0.708,>$250,APAC,IL,NewArrivals,False,2,17,P3534,310.91,2,True,True
EDGE301754,P4141,Product,P2609,Product,ALSO_BOUGHT_WITH,2025-06-05 20:02:25,ORD102289,Pets,Loyal,0.507,$50-$100,APAC,WA,Loyalty,False,4,21,P4141,91.56,1,False,False
EDGE301755,C12313,Customer,P8268,Product,ADDED_TO_CART,2024-09-23 13:03:11,,Grocery,Active,0.879,$25-$50,EU,WV,Loyalty,False,3,25,P8268,46.89,1,False,False
EDGE301756,C25892,Customer,P3988,Product,VIEWED,2024-11-04 16:02:01,,Beauty,Active,0.815,<$25,APAC,SC,NewArrivals,False,3,83,P3988,23.2,1,False,False
EDGE301757,C44912,Customer,P9217,Product,VIEWED,2025-05-03 15:57:07,,Electronics,New,0.551,$100-$250,APAC,MO,Loyalty,False,3,31,P9217,162.5,1,False,False
EDGE301758,C95808,Customer,P4129,Product,PURCHASED,2024-06-01 04:57:36,ORD100518,Sports,Active,0.9,$25-$50,NA,OH,Loyalty,False,2,29,P4129,31.14,1,True,True
EDGE301759,P1140,Product,P3030,Product,ALSO_BOUGHT_WITH,2024-02-14 17:01:26,ORD100550,Books,Loyal,0.525,$100-$250,LATAM,SD,Loyalty,False,3,15,P1140,204.08,1,False,False
EDGE301760,P6170,Product,P9461,Product,ALSO_BOUGHT_WITH,2024-01-27 15:11:08,ORD100985,Electronics,Loyal,0.147,$50-$100,LATAM,CA,BackToSchool,False,2,5,P6170,68.61,1,False,False
EDGE301761,C32612,Customer,P8025,Product,ADDED_TO_CART,2024-08-13 08:12:24,,Apparel,AtRisk,0.192,$25-$50,NA,AL,SpringSale,False,3,22,P8025,41.87,1,False,False
EDGE301762,P3537,Product,P9276,Product,ALSO_BOUGHT_WITH,2025-02-08 15:06:21,ORD101784,Sports,Active,0.487,>$250,LATAM,WV,NewArrivals,False,5,49,P3537,632.88,1,False,False
EDGE301763,C79906,Customer,C39739,Customer,REFERRED_FRIEND,2025-01-13 02:00:32,,Beauty,Active,0.485,$50-$100,EU,ND,SpringSale,False,1,54,P3152,78.07,1,False,False
EDGE301764,P7579,Product,P4708,Product,ALSO_BOUGHT_WITH,2024-10-27 23:53:37,ORD100523,Grocery,Active,0.181,>$250,EU,IN,None,False,1,33,P7579,338.67,2,False,False
EDGE301765,C41912,Customer,C86883,Customer,REFERRED_FRIEND,2025-03-19 16:12:33,,Sports,AtRisk,0.926,<$25,NA,CT,None,False,5,80,P9473,16.36,2,False,False
EDGE301766,C31320,Customer,P4562,Product,PURCHASED,2024-10-03 12:52:17,ORD102263,Toys,Loyal,0.353,$25-$50,EU,TN,BackToSchool,False,3,73,P4562,26.1,1,False,True
EDGE301767,C69027,Customer,P7029,Product,ADDED_TO_CART,2024-12-16 16:39:28,,Automotive,AtRisk,0.363,>$250,LATAM,WA,SpringSale,False,2,41,P7029,313.05,1,False,False
EDGE301768,C45534,Customer,P7141,Product,PURCHASED,2025-03-16 20:28:22,ORD100331,Grocery,Active,0.134,<$25,NA,NM,Clearance,False,2,54,P7141,10.22,3,True,True
EDGE301769,C43187,Customer,P6290,Product,VIEWED,2025-01-13 21:50:51,,Beauty,Active,0.592,$50-$100,EU,NC,BackToSchool,False,6,15,P6290,99.42,3,False,False
EDGE301770,C75522,Customer,P3293,Product,ADDED_TO_CART,2024-06-26 06:47:38,,Books,Active,0.626,$50-$100,APAC,UT,SpringSale,False,4,25,P3293,68.62,1,False,False
EDGE301771,C54737,Customer,P6498,Product,RETURNS,2024-11-03 03:33:46,ORD101305,Sports,Active,0.756,$50-$100,APAC,NJ,None,False,4,44,P6498,65.21,1,False,False
EDGE301772,C61370,Customer,P5089,Product,RETURNS,2024-05-07 04:17:05,ORD102392,Pets,Active,0.123,$25-$50,LATAM,PA,BackToSchool,False,2,30,P5089,48.63,1,False,False
EDGE301773,C40903,Customer,C22835,Customer,REFERRED_FRIEND,2024-06-15 12:37:49,,Home,Loyal,0.358,>$250,NA,WI,BackToSchool,True,1,57,P8738,603.88,2,False,False
EDGE301774,C63951,Customer,P1836,Product,VIEWED,2025-06-10 08:58:12,,Automotive,Active,0.285,<$25,APAC,GA,NewArrivals,False,1,85,P1836,16.91,1,False,False
EDGE301775,C83043,Customer,P6709,Product,PURCHASED,2025-03-29 04:00:21,ORD101977,Electronics,Loyal,0.795,$25-$50,EU,GA,Loyalty,False,3,5,P6709,46.49,1,True,True
EDGE301776,C37010,Customer,P2904,Product,VIEWED,2024-04-01 11:51:09,,Sports,New,0.685,$50-$100,NA,AR,Clearance,False,3,55,P2904,75.99,2,False,False
EDGE301777,C40418,Customer,C65169,Customer,REFERRED_FRIEND,2024-08-19 18:28:53,,Pets,Loyal,0.115,<$25,APAC,IN,Loyalty,False,3,58,P5219,10.74,1,False,False
EDGE301778,C67769,Customer,P5756,Product,VIEWED,2024-12-27 00:00:10,,Grocery,Loyal,0.996,$50-$100,NA,NY,NewArrivals,False,2,18,P5756,76.06,1,False,False
EDGE301779,C29756,Customer,P2549,Product,PURCHASED,2024-11-28 07:32:28,ORD100511,Home,Dormant,0.789,>$250,APAC,NH,Clearance,False,3,88,P2549,311.41,1,True,True
EDGE301780,C81650,Customer,P5169,Product,ADDED_TO_CART,2025-01-26 20:45:36,,Pets,Dormant,0.409,$100-$250,LATAM,VT,Loyalty,False,1,71,P5169,160.82,1,False,False
EDGE301781,C15543,Customer,C50526,Customer,REFERRED_FRIEND,2024-07-08 17:57:44,,Home,Active,0.623,$50-$100,NA,AZ,NewArrivals,False,6,79,P4280,55.05,1,False,False
EDGE301782,C89325,Customer,P6063,Product,ADDED_TO_CART,2025-01-03 22:18:11,,Electronics,Active,0.25,>$250,NA,WV,Loyalty,False,3,14,P6063,900.34,2,False,False
EDGE301783,C80974,Customer,P1136,Product,ADDED_TO_CART,2024-05-28 05:18:43,,Toys,Loyal,0.146,$25-$50,EU,DC,None,False,3,5,P1136,46.61,2,False,False
EDGE301784,P3996,Product,P8468,Product,ALSO_BOUGHT_WITH,2024-08-20 23:56:02,ORD102082,Electronics,Active,0.664,<$25,EU,OR,SpringSale,False,4,40,P3996,24.2,1,False,False
EDGE301785,C73888,Customer,P2291,Product,VIEWED,2024-11-14 07:11:52,,Grocery,Loyal,0.888,$100-$250,LATAM,NV,Loyalty,False,2,45,P2291,115.18,1,False,False
EDGE301786,C30144,Customer,P6557,Product,RETURNS,2024-01-20 10:41:50,ORD101511,Apparel,Loyal,0.243,$100-$250,EU,DE,NewArrivals,False,5,43,P6557,246.98,1,False,False
EDGE301787,C59372,Customer,C99873,Customer,REFERRED_FRIEND,2025-03-09 22:31:33,,Automotive,New,0.154,$50-$100,APAC,GA,None,False,6,49,P7390,68.25,1,False,False
EDGE301788,C33940,Customer,P4651,Product,VIEWED,2024-06-13 15:10:50,,Electronics,Active,0.977,$50-$100,NA,IA,Loyalty,False,7,88,P4651,54.16,1,False,False
EDGE301789,C90136,Customer,P5623,Product,VIEWED,2024-07-04 20:35:16,,Home,AtRisk,0.521,>$250,EU,MT,Loyalty,False,4,17,P5623,369.91,1,False,False
EDGE301790,C83927,Customer,P1361,Product,VIEWED,2024-06-13 09:18:42,,Grocery,Active,0.322,$50-$100,NA,TX,Holiday,False,2,31,P1361,59.04,1,False,False
EDGE301791,C88396,Customer,P1403,Product,VIEWED,2024-07-18 20:38:27,,Sports,Active,0.304,>$250,LATAM,ID,NewArrivals,False,3,40,P1403,353.17,2,False,False
EDGE301792,C57996,Customer,P3655,Product,VIEWED,2024-08-28 02:21:28,,Apparel,Active,0.937,$25-$50,NA,KY,NewArrivals,False,2,53,P3655,36.11,1,False,False
EDGE301793,P8467,Product,P1479,Product,ALSO_BOUGHT_WITH,2024-06-20 13:01:50,ORD101497,Home,New,0.908,$100-$250,NA,KS,Loyalty,False,3,34,P8467,209.56,1,False,False
EDGE301794,C85822,Customer,P3557,Product,ADDED_TO_CART,2024-10-30 09:03:44,,Automotive,Active,0.418,>$250,NA,WI,Holiday,False,4,61,P3557,370.8,1,False,False
EDGE301795,C70448,Customer,P7003,Product,ADDED_TO_CART,2024-05-13 17:19:24,,Electronics,AtRisk,0.68,$50-$100,NA,ID,Clearance,False,2,33,P7003,60.17,1,False,False
EDGE301796,C87455,Customer,P9553,Product,VIEWED,2024-02-12 05:23:45,,Home,Active,0.655,$50-$100,LATAM,CA,Holiday,False,4,33,P9553,57.41,1,False,False
EDGE301797,C52020,Customer,P7367,Product,VIEWED,2024-03-15 21:05:19,,Apparel,Active,0.194,$50-$100,NA,MI,SpringSale,False,4,56,P7367,94.11,1,False,False
EDGE301798,P4275,Product,P4975,Product,ALSO_BOUGHT_WITH,2025-06-13 14:49:24,ORD101273,Books,New,0.179,$50-$100,NA,WY,NewArrivals,False,7,22,P4275,58.93,1,False,False
EDGE301799,C23328,Customer,P5153,Product,VIEWED,2024-01-03 09:37:12,,Pets,AtRisk,0.336,$25-$50,APAC,RI,Loyalty,False,0,35,P5153,40.14,1,False,False
EDGE301800,C59921,Customer,P7146,Product,VIEWED,2025-06-07 20:43:12,,Toys,Loyal,0.262,>$250,NA,ND,Clearance,False,2,28,P7146,808.59,3,False,False
EDGE301801,C54695,Customer,P7424,Product,VIEWED,2024-09-21 00:40:07,,Beauty,Active,0.528,<$25,LATAM,KY,Clearance,False,4,18,P7424,17.54,3,False,False
EDGE301802,C29509,Customer,C53675,Customer,REFERRED_FRIEND,2025-05-04 14:33:04,,Home,Active,0.522,>$250,LATAM,IL,SpringSale,False,3,8,P1709,355.5,1,False,False
EDGE301803,C58484,Customer,P9266,Product,PURCHASED,2024-07-04 22:21:15,ORD100936,Home,New,0.74,$50-$100,APAC,LA,Loyalty,False,3,84,P9266,77.62,1,True,True
EDGE301804,P5099,Product,P7523,Product,ALSO_BOUGHT_WITH,2024-01-30 21:48:58,ORD100548,Beauty,New,0.373,$50-$100,EU,MO,NewArrivals,False,2,22,P5099,88.35,1,False,False
EDGE301805,C32236,Customer,P7556,Product,RETURNS,2025-04-07 16:32:38,ORD100334,Toys,Active,0.816,$50-$100,LATAM,MI,Loyalty,False,3,59,P7556,94.99,3,False,False
EDGE301806,C49559,Customer,P9089,Product,ADDED_TO_CART,2024-10-06 17:35:31,,Apparel,Loyal,0.745,$50-$100,APAC,NH,Loyalty,False,7,94,P9089,78.96,1,False,False
EDGE301807,C15034,Customer,P5888,Product,VIEWED,2024-08-19 20:54:40,,Grocery,Dormant,0.268,$25-$50,NA,MD,BackToSchool,False,2,30,P5888,43.52,1,False,False
EDGE301808,C39883,Customer,P9759,Product,VIEWED,2024-09-03 09:20:28,,Apparel,Loyal,0.746,>$250,NA,CO,Holiday,False,3,74,P9759,348.07,1,False,False
EDGE301809,C12034,Customer,C43167,Customer,REFERRED_FRIEND,2024-05-02 17:42:53,,Beauty,New,0.158,>$250,APAC,KS,SpringSale,False,9,57,P2302,273.33,1,False,False
EDGE301810,C84762,Customer,P3794,Product,ADDED_TO_CART,2024-07-25 14:09:40,,Grocery,AtRisk,0.55,$50-$100,EU,ND,Loyalty,False,0,87,P3794,53.68,2,False,False
EDGE301811,C83522,Customer,P8762,Product,PURCHASED,2024-04-10 16:27:55,ORD102478,Books,Active,0.559,$25-$50,NA,WI,Loyalty,False,3,16,P8762,38.31,1,False,True
EDGE301812,P8930,Product,P5132,Product,ALSO_BOUGHT_WITH,2025-03-30 12:46:53,ORD100123,Automotive,New,0.125,$25-$50,NA,CT,SpringSale,False,3,30,P8930,37.19,1,False,False
EDGE301813,C14786,Customer,P7526,Product,ADDED_TO_CART,2024-04-23 11:37:20,,Sports,New,0.128,$100-$250,APAC,DC,BackToSchool,False,1,29,P7526,200.68,3,False,False
EDGE301814,P9144,Product,P5017,Product,ALSO_BOUGHT_WITH,2025-01-22 02:36:47,ORD100167,Apparel,Active,0.348,$50-$100,APAC,AR,NewArrivals,False,3,73,P9144,93.7,2,False,False
EDGE301815,C73213,Customer,P2770,Product,VIEWED,2024-12-17 17:15:37,,Grocery,AtRisk,0.759,$100-$250,LATAM,DE,Holiday,False,3,51,P2770,165.98,2,False,False
EDGE301816,P3891,Product,P6197,Product,ALSO_BOUGHT_WITH,2024-09-12 22:12:14,ORD101902,Home,New,0.837,$50-$100,EU,NC,BackToSchool,False,2,27,P3891,74.14,1,False,False
EDGE301817,C83597,Customer,P4222,Product,VIEWED,2025-05-17 06:42:32,,Pets,New,0.472,$25-$50,EU,GA,NewArrivals,False,4,31,P4222,32.31,1,False,False
EDGE301818,C20404,Customer,P3930,Product,VIEWED,2024-01-01 01:49:16,,Beauty,New,0.708,$25-$50,LATAM,WA,None,False,4,21,P3930,32.51,2,False,False
EDGE301819,P1499,Product,P5314,Product,ALSO_BOUGHT_WITH,2024-07-30 21:24:47,ORD101956,Electronics,AtRisk,0.101,$50-$100,APAC,NH,Holiday,False,3,18,P1499,54.13,2,False,False
EDGE301820,C16794,Customer,P9973,Product,RETURNS,2024-07-25 13:21:41,ORD101286,Grocery,Active,0.976,$50-$100,LATAM,MI,BackToSchool,False,1,81,P9973,56.54,2,False,False
EDGE301821,P2817,Product,P3367,Product,ALSO_BOUGHT_WITH,2024-01-03 05:01:59,ORD100548,Home,Active,0.92,>$250,EU,MS,BackToSchool,False,4,25,P2817,330.17,1,False,False
EDGE301822,C90257,Customer,P6591,Product,RETURNS,2024-06-07 17:48:33,ORD101544,Toys,AtRisk,0.158,$50-$100,NA,AR,Clearance,False,1,43,P6591,66.75,3,False,False
EDGE301823,C88984,Customer,C33996,Customer,REFERRED_FRIEND,2024-07-03 06:51:40,,Home,AtRisk,0.443,$100-$250,NA,SD,BackToSchool,True,0,9,P5885,239.18,1,False,False
EDGE301824,C29778,Customer,P9382,Product,VIEWED,2024-08-17 07:56:54,,Apparel,New,0.914,<$25,EU,AZ,Loyalty,False,6,43,P9382,13.28,1,False,False
EDGE301825,C40738,Customer,C29808,Customer,REFERRED_FRIEND,2024-05-28 20:37:27,,Pets,New,0.967,$50-$100,LATAM,SD,Clearance,False,0,63,P3914,63.63,1,False,False
EDGE301826,C45711,Customer,P7485,Product,VIEWED,2024-12-02 22:16:11,,Apparel,New,0.29,$100-$250,NA,KY,NewArrivals,False,1,28,P7485,189.23,1,False,False
EDGE301827,C36998,Customer,P5480,Product,ADDED_TO_CART,2025-04-02 10:40:59,,Books,AtRisk,0.723,<$25,NA,ND,SpringSale,False,4,13,P5480,22.84,1,False,False
EDGE301828,P4603,Product,P6795,Product,ALSO_BOUGHT_WITH,2024-03-04 09:38:17,ORD101662,Pets,New,0.869,>$250,NA,DE,Loyalty,False,1,47,P4603,302.81,1,False,False
EDGE301829,C96340,Customer,P1729,Product,VIEWED,2024-09-28 06:30:06,,Books,Active,0.486,$25-$50,LATAM,MT,Holiday,False,4,80,P1729,41.78,2,False,False
EDGE301830,C64758,Customer,P7633,Product,ADDED_TO_CART,2025-06-25 00:15:02,,Pets,Loyal,0.388,>$250,LATAM,VT,Clearance,False,5,64,P7633,386.09,1,False,False
EDGE301831,C15897,Customer,P8552,Product,VIEWED,2024-06-09 09:33:02,,Toys,AtRisk,0.511,$50-$100,LATAM,HI,None,False,7,78,P8552,72.51,3,False,False
EDGE301832,C59413,Customer,P7825,Product,PURCHASED,2024-03-28 12:04:45,ORD102030,Automotive,New,0.35,<$25,EU,PA,SpringSale,False,4,45,P7825,11.93,4,False,True
EDGE301833,C75696,Customer,P8585,Product,ADDED_TO_CART,2025-02-18 11:24:41,,Grocery,Loyal,0.678,$50-$100,APAC,TX,None,False,2,21,P8585,52.69,1,False,False
EDGE301834,P3803,Product,P5927,Product,ALSO_BOUGHT_WITH,2024-11-30 23:28:03,ORD101722,Toys,New,0.643,$50-$100,NA,IN,None,False,3,40,P3803,76.83,1,False,False
EDGE301835,C31937,Customer,P8941,Product,PURCHASED,2024-08-07 03:13:45,ORD102194,Grocery,Active,0.921,$25-$50,EU,VT,None,False,4,47,P8941,34.02,1,False,True
EDGE301836,C35604,Customer,P3036,Product,ADDED_TO_CART,2025-02-28 15:17:34,,Automotive,Loyal,0.334,>$250,APAC,MD,Clearance,False,6,5,P3036,781.09,1,False,False
EDGE301837,P4240,Product,P5248,Product,ALSO_BOUGHT_WITH,2024-10-06 11:23:34,ORD102385,Grocery,Dormant,0.854,>$250,LATAM,IL,Clearance,False,5,63,P4240,319.61,1,False,False
EDGE301838,C81573,Customer,P1782,Product,ADDED_TO_CART,2025-03-28 08:30:39,,Apparel,AtRisk,0.923,>$250,LATAM,WA,SpringSale,False,3,89,P1782,353.85,2,False,False
EDGE301839,C50637,Customer,P7740,Product,VIEWED,2025-04-04 13:29:02,,Electronics,New,0.945,>$250,LATAM,ND,NewArrivals,False,2,47,P7740,379.26,1,False,False
EDGE301840,C72914,Customer,P5002,Product,ADDED_TO_CART,2024-10-02 01:54:16,,Automotive,AtRisk,0.46,$25-$50,LATAM,IN,None,False,1,46,P5002,49.08,1,False,False
EDGE301841,C95353,Customer,P1179,Product,VIEWED,2024-06-28 10:54:23,,Automotive,Active,0.356,$100-$250,APAC,IL,Loyalty,False,3,63,P1179,221.57,1,False,False
EDGE301842,P7112,Product,P3722,Product,ALSO_BOUGHT_WITH,2024-06-10 16:20:03,ORD102208,Sports,Loyal,0.121,>$250,LATAM,ND,NewArrivals,False,3,26,P7112,354.34,1,False,False
EDGE301843,C91494,Customer,P7335,Product,VIEWED,2024-07-29 14:26:57,,Beauty,AtRisk,0.537,$25-$50,NA,CT,Holiday,False,1,39,P7335,33.65,1,False,False
EDGE301844,P9605,Product,P1032,Product,ALSO_BOUGHT_WITH,2025-02-01 03:45:51,ORD101080,Pets,New,0.43,$100-$250,LATAM,DC,Holiday,False,1,49,P9605,222.07,1,False,False
EDGE301845,C60501,Customer,P7233,Product,VIEWED,2024-04-14 03:51:05,,Grocery,Loyal,0.924,$25-$50,NA,VA,Holiday,False,2,34,P7233,35.09,1,False,False
EDGE301846,C52033,Customer,P7721,Product,PURCHASED,2025-05-03 19:35:46,ORD102294,Apparel,Active,0.705,$25-$50,EU,SD,None,False,5,21,P7721,48.16,1,False,True
EDGE301847,C14377,Customer,P1718,Product,VIEWED,2024-09-07 13:33:08,,Beauty,Active,0.259,>$250,LATAM,AK,Clearance,False,2,8,P1718,689.17,2,False,False
EDGE301848,C16070,Customer,P2804,Product,VIEWED,2024-10-13 20:02:33,,Home,Active,0.507,$25-$50,NA,WV,NewArrivals,False,6,31,P2804,32.64,2,False,False
EDGE301849,C50961,Customer,P8192,Product,VIEWED,2024-11-19 09:41:44,,Beauty,Active,0.969,>$250,APAC,KS,NewArrivals,False,1,77,P8192,344.69,1,False,False
EDGE301850,C96086,Customer,C92896,Customer,REFERRED_FRIEND,2025-06-15 20:40:36,,Beauty,Active,0.421,>$250,NA,KS,BackToSchool,False,4,86,P4416,366.96,1,False,False
EDGE301851,C55908,Customer,P5547,Product,VIEWED,2025-06-27 10:01:42,,Sports,Loyal,0.113,>$250,LATAM,MD,None,False,2,61,P5547,398.53,1,False,False
EDGE301852,P8276,Product,P6342,Product,ALSO_BOUGHT_WITH,2024-05-09 03:09:03,ORD101189,Home,AtRisk,0.741,$25-$50,EU,WV,BackToSchool,False,2,28,P8276,26.85,2,False,False
EDGE301853,C48905,Customer,P2309,Product,VIEWED,2025-05-14 15:24:49,,Pets,Loyal,0.193,$25-$50,NA,GA,NewArrivals,False,4,5,P2309,26.95,1,False,False
EDGE301854,P9890,Product,P2779,Product,ALSO_BOUGHT_WITH,2025-06-24 16:33:09,ORD101685,Electronics,Active,0.155,$50-$100,EU,ME,SpringSale,False,1,56,P9890,63.65,2,False,False
EDGE301855,C64085,Customer,P3919,Product,VIEWED,2025-05-24 08:38:05,,Automotive,AtRisk,0.972,$25-$50,NA,IN,Clearance,False,6,86,P3919,38.72,3,False,False
EDGE301856,C10082,Customer,P3074,Product,ADDED_TO_CART,2024-05-25 09:33:15,,Beauty,New,0.854,$50-$100,EU,NC,Loyalty,False,5,12,P3074,75.97,1,False,False
EDGE301857,C97831,Customer,P7565,Product,VIEWED,2024-10-09 12:52:18,,Books,Active,0.449,<$25,EU,WA,SpringSale,False,3,27,P7565,12.19,2,False,False
EDGE301858,C99221,Customer,P3158,Product,PURCHASED,2025-06-24 03:53:52,ORD101218,Apparel,Loyal,0.95,>$250,APAC,MD,Clearance,False,6,38,P3158,336.9,2,False,True
EDGE301859,P3303,Product,P5813,Product,ALSO_BOUGHT_WITH,2024-06-29 13:21:30,ORD102065,Books,Active,0.324,>$250,NA,NM,NewArrivals,False,0,30,P3303,283.78,1,False,False
EDGE301860,C12029,Customer,P7030,Product,VIEWED,2025-03-02 18:46:54,,Sports,New,0.953,<$25,APAC,MT,None,False,2,13,P7030,18.42,2,False,False
EDGE301861,C77660,Customer,P3426,Product,PURCHASED,2024-03-14 00:57:57,ORD100413,Apparel,Active,0.173,$50-$100,NA,AR,Loyalty,False,4,27,P3426,51.4,2,False,True
EDGE301862,C26651,Customer,P7825,Product,VIEWED,2025-03-23 12:36:28,,Home,Loyal,0.438,$25-$50,NA,ME,None,False,4,52,P7825,33.67,3,False,False
EDGE301863,C45577,Customer,P5106,Product,VIEWED,2024-08-23 13:54:33,,Pets,Active,0.907,$100-$250,LATAM,CA,NewArrivals,False,1,40,P5106,176.71,1,False,False
EDGE301864,C39297,Customer,P2651,Product,VIEWED,2025-03-09 15:39:17,,Grocery,New,0.302,<$25,APAC,ID,None,False,3,112,P2651,15.44,2,False,False
EDGE301865,C47755,Customer,P8187,Product,PURCHASED,2024-04-04 17:32:12,ORD100146,Automotive,New,0.429,$100-$250,APAC,NV,None,False,2,39,P8187,169.41,1,True,True
EDGE301866,C15143,Customer,P8646,Product,ADDED_TO_CART,2024-01-11 01:41:48,,Apparel,Loyal,0.748,$100-$250,APAC,OK,Loyalty,False,6,22,P8646,109.52,1,False,False
EDGE301867,C77357,Customer,P6911,Product,VIEWED,2024-03-14 14:16:38,,Automotive,New,0.252,$50-$100,NA,NH,None,False,2,45,P6911,51.96,1,False,False
EDGE301868,C17912,Customer,P3621,Product,VIEWED,2024-08-23 23:18:29,,Pets,Loyal,0.82,$100-$250,EU,OK,None,False,3,56,P3621,174.65,3,False,False
EDGE301869,C78985,Customer,P6903,Product,VIEWED,2024-12-21 13:29:17,,Sports,Active,0.863,$100-$250,NA,WV,NewArrivals,False,5,46,P6903,199.43,1,False,False
EDGE301870,C97469,Customer,P4644,Product,VIEWED,2024-09-20 03:14:44,,Books,Loyal,0.198,$50-$100,NA,HI,NewArrivals,False,2,51,P4644,56.55,1,False,False
EDGE301871,C62700,Customer,P9653,Product,PURCHASED,2024-04-28 21:40:13,ORD102239,Books,Dormant,0.752,>$250,APAC,CA,Loyalty,False,4,30,P9653,325.68,1,False,True
EDGE301872,C10025,Customer,P9231,Product,PURCHASED,2024-12-07 02:20:45,ORD100845,Grocery,New,0.539,>$250,APAC,MS,Loyalty,False,4,55,P9231,254.51,2,False,False
EDGE301873,C80153,Customer,P6187,Product,ADDED_TO_CART,2024-11-18 01:59:41,,Apparel,Active,0.289,$50-$100,NA,WV,SpringSale,False,4,5,P6187,60.09,1,False,False
EDGE301874,P2647,Product,P6685,Product,ALSO_BOUGHT_WITH,2024-05-21 03:39:55,ORD101843,Toys,Active,0.32,$25-$50,LATAM,MS,NewArrivals,False,8,70,P2647,39.48,1,False,False
EDGE301875,C78406,Customer,P8920,Product,VIEWED,2024-08-16 15:55:13,,Beauty,AtRisk,0.734,<$25,NA,RI,None,False,6,70,P8920,21.9,1,False,False
EDGE301876,C59596,Customer,P6143,Product,RETURNS,2025-01-11 10:31:07,ORD100581,Toys,Active,0.8,$25-$50,NA,OR,BackToSchool,False,0,24,P6143,47.79,1,False,False
EDGE301877,C72155,Customer,P6751,Product,VIEWED,2025-04-17 18:29:21,,Toys,Active,0.123,$50-$100,EU,MA,Holiday,False,4,32,P6751,77.84,1,False,False
EDGE301878,C82298,Customer,P4774,Product,ADDED_TO_CART,2025-06-23 07:41:11,,Grocery,Loyal,0.422,$25-$50,APAC,GA,NewArrivals,False,3,45,P4774,35.28,2,False,False
EDGE301879,C98910,Customer,P6966,Product,VIEWED,2024-01-05 09:23:00,,Toys,Active,0.995,$25-$50,APAC,DE,Holiday,False,4,5,P6966,30.53,1,False,False
EDGE301880,P6544,Product,P3320,Product,ALSO_BOUGHT_WITH,2024-02-17 22:11:12,ORD102040,Toys,New,0.57,$25-$50,LATAM,OH,None,False,3,50,P6544,49.61,1,False,False
EDGE301881,P4192,Product,P2034,Product,ALSO_BOUGHT_WITH,2024-05-12 00:01:55,ORD100615,Toys,New,0.214,$25-$50,EU,MI,BackToSchool,False,0,27,P4192,46.11,2,False,False
EDGE301882,C18313,Customer,P4317,Product,ADDED_TO_CART,2024-02-11 01:41:32,,Beauty,New,0.923,$50-$100,APAC,NJ,NewArrivals,False,3,66,P4317,69.35,1,False,False
EDGE301883,C56500,Customer,P2121,Product,VIEWED,2025-05-26 22:47:45,,Sports,New,0.62,$50-$100,EU,MO,SpringSale,False,1,57,P2121,77.16,3,False,False
EDGE301884,C37951,Customer,P9118,Product,VIEWED,2025-04-05 17:11:39,,Beauty,New,0.46,$50-$100,APAC,PA,Clearance,False,2,52,P9118,64.72,2,False,False
EDGE301885,P5079,Product,P5291,Product,ALSO_BOUGHT_WITH,2025-05-10 02:36:26,ORD100094,Automotive,Active,0.853,$25-$50,NA,VA,None,False,4,5,P5079,33.75,1,False,False
EDGE301886,C67170,Customer,P1364,Product,PURCHASED,2024-12-28 06:54:32,ORD100155,Pets,Active,0.719,$25-$50,APAC,NM,Clearance,False,2,67,P1364,41.31,1,False,True
EDGE301887,C92046,Customer,P9273,Product,PURCHASED,2024-10-13 16:26:10,ORD100788,Beauty,Active,0.638,$50-$100,LATAM,IL,Loyalty,False,4,53,P9273,61.39,1,False,True
EDGE301888,C37410,Customer,P5846,Product,ADDED_TO_CART,2024-06-10 21:21:54,,Toys,New,0.375,>$250,APAC,CO,BackToSchool,False,0,83,P5846,372.62,1,False,False
EDGE301889,C69244,Customer,P4230,Product,ADDED_TO_CART,2024-11-26 03:49:25,,Apparel,Active,0.56,$25-$50,EU,ND,None,False,2,44,P4230,41.61,1,False,False
EDGE301890,C45839,Customer,P6944,Product,PURCHASED,2025-05-17 13:28:48,ORD101459,Home,New,0.521,>$250,NA,MA,SpringSale,False,5,5,P6944,721.58,1,False,True
EDGE301891,C43231,Customer,P7848,Product,PURCHASED,2024-01-18 12:31:13,ORD102170,Grocery,New,0.841,$50-$100,EU,GA,SpringSale,False,1,34,P7848,61.95,1,False,True
EDGE301892,C51921,Customer,P8647,Product,VIEWED,2025-06-09 00:41:34,,Sports,Active,0.403,>$250,LATAM,RI,BackToSchool,False,2,69,P8647,375.63,1,False,False
EDGE301893,P6626,Product,P3652,Product,ALSO_BOUGHT_WITH,2024-01-04 06:09:15,ORD100115,Grocery,Active,0.886,>$250,EU,MS,BackToSchool,False,7,63,P6626,346.52,4,False,False
EDGE301894,C69708,Customer,P2674,Product,ADDED_TO_CART,2024-10-15 17:55:13,,Grocery,New,0.435,<$25,NA,MS,SpringSale,False,3,69,P2674,10.51,1,False,False
EDGE301895,P6988,Product,P1410,Product,ALSO_BOUGHT_WITH,2024-05-28 22:01:53,ORD101841,Sports,Active,0.535,$50-$100,APAC,MA,BackToSchool,False,4,83,P6988,52.18,1,False,False
EDGE301896,C73450,Customer,P2291,Product,VIEWED,2024-10-15 05:57:40,,Sports,AtRisk,0.579,$50-$100,EU,AL,BackToSchool,False,2,27,P2291,68.6,2,False,False
EDGE301897,C48113,Customer,P7411,Product,ADDED_TO_CART,2024-08-27 21:15:48,,Pets,Loyal,0.7,$100-$250,APAC,OK,None,False,5,83,P7411,186.74,2,False,False
EDGE301898,C48936,Customer,P5337,Product,VIEWED,2024-09-26 22:02:41,,Automotive,Active,0.265,$25-$50,EU,MI,BackToSchool,False,6,23,P5337,26.56,1,False,False
EDGE301899,C30018,Customer,P2576,Product,VIEWED,2024-09-23 20:43:02,,Home,Active,0.693,$100-$250,NA,DE,Holiday,False,2,41,P2576,152.47,2,False,False
EDGE301900,C71407,Customer,P3480,Product,PURCHASED,2025-03-24 13:43:47,ORD102111,Electronics,Loyal,0.996,$50-$100,NA,DC,Clearance,False,3,51,P3480,56.3,1,False,True
EDGE301901,C11812,Customer,P6770,Product,VIEWED,2024-09-11 03:35:57,,Sports,New,0.148,<$25,EU,CT,Clearance,False,3,80,P6770,17.29,1,False,False
EDGE301902,C49612,Customer,P5389,Product,PURCHASED,2024-09-26 06:21:47,ORD102211,Sports,New,0.551,$50-$100,APAC,NV,NewArrivals,False,4,70,P5389,75.34,1,True,True
EDGE301903,C43185,Customer,P2114,Product,RETURNS,2024-05-08 11:42:43,ORD100827,Beauty,AtRisk,0.928,>$250,APAC,OR,Clearance,False,2,66,P2114,871.01,1,False,False
EDGE301904,C72756,Customer,P1387,Product,VIEWED,2024-12-30 15:30:00,,Sports,Active,0.378,$100-$250,LATAM,NY,NewArrivals,False,4,66,P1387,192.3,2,False,False
EDGE301905,P9031,Product,P9730,Product,ALSO_BOUGHT_WITH,2025-06-12 08:48:43,ORD101208,Books,AtRisk,0.471,$25-$50,NA,MI,Clearance,False,1,33,P9031,37.92,1,False,False
EDGE301906,C71951,Customer,C88056,Customer,REFERRED_FRIEND,2025-05-18 17:10:17,,Electronics,AtRisk,0.932,<$25,NA,OR,None,False,1,76,P2647,22.9,4,False,False
EDGE301907,C99279,Customer,P4344,Product,VIEWED,2025-04-11 21:11:53,,Grocery,New,0.892,$100-$250,NA,OH,Clearance,False,3,11,P4344,135.42,1,False,False
EDGE301908,C40770,Customer,C35940,Customer,REFERRED_FRIEND,2025-06-28 14:44:24,,Toys,New,0.941,<$25,APAC,AZ,Clearance,False,5,28,P9840,11.31,1,False,False
EDGE301909,C21725,Customer,P4903,Product,ADDED_TO_CART,2025-06-15 10:33:44,,Pets,New,0.326,$50-$100,LATAM,IN,SpringSale,False,1,48,P4903,62.81,2,False,False
EDGE301910,C48992,Customer,P1568,Product,PURCHASED,2024-10-11 11:15:31,ORD102337,Electronics,Loyal,0.79,<$25,EU,IL,NewArrivals,False,4,110,P1568,19.88,1,False,False
EDGE301911,C99711,Customer,P5683,Product,VIEWED,2025-02-09 01:19:02,,Beauty,New,0.202,$100-$250,NA,MN,Loyalty,False,4,53,P5683,135.73,1,False,False
EDGE301912,P2042,Product,P1088,Product,ALSO_BOUGHT_WITH,2024-03-20 09:25:42,ORD101492,Pets,AtRisk,0.481,>$250,EU,NH,Holiday,False,0,87,P2042,296.17,1,False,False
EDGE301913,C46619,Customer,P2911,Product,VIEWED,2024-07-19 12:59:14,,Toys,Loyal,0.175,$25-$50,NA,DE,Loyalty,False,5,70,P2911,49.35,2,False,False
EDGE301914,C52650,Customer,C73337,Customer,REFERRED_FRIEND,2025-06-29 01:40:59,,Beauty,New,0.23,$25-$50,LATAM,OR,BackToSchool,False,0,34,P8072,42.59,4,False,False
EDGE301915,C96655,Customer,P8943,Product,PURCHASED,2024-08-30 10:33:47,ORD101678,Sports,Loyal,0.672,$50-$100,NA,AR,SpringSale,False,4,48,P8943,55.11,1,False,True
EDGE301916,C58749,Customer,P1236,Product,ADDED_TO_CART,2025-03-17 15:19:41,,Beauty,AtRisk,0.494,$50-$100,NA,TN,None,False,0,44,P1236,72.34,1,False,False
EDGE301917,C79428,Customer,P7547,Product,PURCHASED,2025-04-11 15:03:45,ORD102123,Automotive,New,0.973,$50-$100,EU,ID,BackToSchool,False,6,39,P7547,70.53,1,False,True
EDGE301918,C18899,Customer,P2588,Product,ADDED_TO_CART,2024-05-23 14:52:05,,Pets,Active,0.362,$50-$100,LATAM,HI,Holiday,False,2,11,P2588,72.26,1,False,False
EDGE301919,C13384,Customer,P5730,Product,ADDED_TO_CART,2024-04-02 05:02:00,,Home,Active,0.715,$50-$100,LATAM,NH,Loyalty,False,6,36,P5730,51.73,1,False,False
EDGE301920,P7044,Product,P8979,Product,ALSO_BOUGHT_WITH,2024-12-19 14:21:56,ORD100337,Home,Active,0.108,$100-$250,LATAM,NE,None,False,5,53,P7044,191.67,3,False,False
EDGE301921,C30014,Customer,P5282,Product,ADDED_TO_CART,2024-09-08 11:19:15,,Apparel,Active,0.514,>$250,APAC,RI,Holiday,False,3,29,P5282,337.77,2,False,False
EDGE301922,C14238,Customer,C86581,Customer,REFERRED_FRIEND,2024-05-18 23:45:44,,Home,Active,0.807,<$25,NA,WA,Clearance,False,3,103,P6361,13.34,1,False,False
EDGE301923,C68794,Customer,P6741,Product,VIEWED,2024-09-10 17:57:37,,Apparel,New,0.284,>$250,LATAM,DC,Loyalty,False,3,51,P6741,312.05,2,False,False
EDGE301924,C36178,Customer,P8931,Product,VIEWED,2024-11-12 04:13:59,,Apparel,Active,0.384,$50-$100,NA,ND,NewArrivals,False,1,39,P8931,79.58,1,False,False
EDGE301925,C55317,Customer,P5723,Product,PURCHASED,2025-01-21 22:30:57,ORD100720,Grocery,AtRisk,0.3,$25-$50,NA,IA,Clearance,False,2,18,P5723,36.95,1,False,True
EDGE301926,C65448,Customer,P6117,Product,ADDED_TO_CART,2025-02-22 04:20:22,,Home,New,0.99,$25-$50,NA,NE,None,False,3,7,P6117,43.4,1,False,False
EDGE301927,C50516,Customer,P3345,Product,VIEWED,2025-03-06 15:11:47,,Apparel,New,0.365,$50-$100,APAC,MO,BackToSchool,False,3,25,P3345,61.56,3,False,False
EDGE301928,C49159,Customer,P4925,Product,VIEWED,2024-05-04 09:42:43,,Home,Loyal,0.356,$50-$100,EU,VA,None,False,0,51,P4925,76.75,1,False,False
EDGE301929,P1885,Product,P9199,Product,ALSO_BOUGHT_WITH,2024-10-02 19:50:17,ORD102292,Toys,Active,0.572,$50-$100,LATAM,MI,BackToSchool,False,3,68,P1885,64.54,1,False,False
EDGE301930,C69874,Customer,P4851,Product,ADDED_TO_CART,2024-04-25 06:19:19,,Home,Active,0.591,$50-$100,NA,KS,SpringSale,False,4,30,P4851,75.19,1,False,False
EDGE301931,C61021,Customer,P2113,Product,PURCHASED,2024-11-29 17:38:12,ORD102049,Electronics,New,0.674,$50-$100,LATAM,MO,SpringSale,False,4,87,P2113,58.23,1,False,True
EDGE301932,C61502,Customer,C72719,Customer,REFERRED_FRIEND,2025-01-26 18:44:12,,Automotive,Loyal,0.517,>$250,EU,KS,Loyalty,False,2,59,P1741,266.53,2,False,False
EDGE301933,C31323,Customer,P2453,Product,VIEWED,2024-11-01 01:55:08,,Beauty,Active,0.524,>$250,APAC,OK,BackToSchool,False,2,36,P2453,622.03,1,False,False
EDGE301934,P1305,Product,P4480,Product,ALSO_BOUGHT_WITH,2025-01-28 09:56:04,ORD100605,Electronics,New,0.686,<$25,LATAM,NM,SpringSale,False,3,28,P1305,19.38,1,False,False
EDGE301935,C99181,Customer,P7449,Product,VIEWED,2025-03-26 02:09:22,,Electronics,Active,0.706,$25-$50,EU,WA,SpringSale,False,2,62,P7449,41.53,1,False,False
EDGE301936,C85480,Customer,P3819,Product,VIEWED,2024-02-28 20:40:27,,Grocery,New,0.58,$50-$100,EU,NV,Clearance,False,2,109,P3819,57.4,2,False,False
EDGE301937,C13712,Customer,P8033,Product,VIEWED,2024-02-27 22:59:50,,Grocery,Loyal,0.406,$50-$100,LATAM,MI,None,False,2,11,P8033,50.5,1,False,False
EDGE301938,P7813,Product,P3736,Product,ALSO_BOUGHT_WITH,2024-10-15 13:11:03,ORD100507,Toys,Loyal,0.448,<$25,EU,WY,Clearance,False,4,68,P7813,15.23,3,False,False
EDGE301939,C90763,Customer,P9304,Product,PURCHASED,2024-12-09 07:21:31,ORD100354,Pets,New,0.624,<$25,APAC,AZ,Loyalty,False,2,10,P9304,12.72,1,True,True
EDGE301940,C16791,Customer,P2307,Product,ADDED_TO_CART,2024-07-08 01:15:12,,Electronics,Active,0.712,$100-$250,EU,AL,NewArrivals,False,4,33,P2307,187.88,3,False,False
EDGE301941,C66549,Customer,P5326,Product,PURCHASED,2024-02-19 20:42:14,ORD101513,Electronics,Loyal,0.61,$100-$250,APAC,VT,Clearance,False,1,57,P5326,217.47,1,False,True
EDGE301942,C12174,Customer,P6986,Product,PURCHASED,2024-12-26 06:49:45,ORD100211,Apparel,AtRisk,0.158,>$250,LATAM,WV,Loyalty,False,1,27,P6986,494.88,1,True,True
EDGE301943,C36937,Customer,P2029,Product,RETURNS,2024-07-30 19:28:01,ORD102067,Beauty,Active,0.859,$50-$100,APAC,DE,Holiday,False,4,41,P2029,77.78,1,False,False
EDGE301944,C39021,Customer,P6063,Product,PURCHASED,2025-05-20 01:07:38,ORD101311,Automotive,Loyal,0.79,$25-$50,LATAM,MS,None,False,0,48,P6063,40.39,1,False,True
EDGE301945,C15291,Customer,P7434,Product,VIEWED,2024-01-29 21:05:12,,Sports,AtRisk,0.189,$50-$100,NA,DE,BackToSchool,False,5,30,P7434,58.32,1,False,False
EDGE301946,C52203,Customer,C72374,Customer,REFERRED_FRIEND,2025-01-30 05:46:11,,Apparel,New,0.916,$25-$50,EU,MN,BackToSchool,False,4,87,P3807,49.3,1,False,False
EDGE301947,C89867,Customer,P1345,Product,VIEWED,2024-04-08 13:30:15,,Sports,New,0.438,$25-$50,LATAM,SD,Clearance,False,5,23,P1345,33.0,1,False,False
EDGE301948,C29062,Customer,P5130,Product,VIEWED,2025-01-21 03:47:02,,Beauty,Loyal,0.666,$50-$100,EU,NV,Clearance,False,2,35,P5130,51.47,2,False,False
EDGE301949,C66032,Customer,P1161,Product,VIEWED,2024-12-24 16:07:44,,Sports,Loyal,0.933,$25-$50,APAC,OR,None,False,5,32,P1161,29.58,1,False,False
EDGE301950,C58799,Customer,P2978,Product,ADDED_TO_CART,2024-02-03 04:06:16,,Pets,AtRisk,0.847,$50-$100,EU,AL,BackToSchool,False,4,52,P2978,63.02,1,False,False
EDGE301951,C74216,Customer,P4601,Product,VIEWED,2024-09-14 17:43:46,,Sports,Loyal,0.971,$50-$100,APAC,ME,Holiday,False,2,58,P4601,74.78,1,False,False
EDGE301952,C44259,Customer,P3361,Product,VIEWED,2025-03-19 18:48:38,,Toys,Active,0.833,$100-$250,NA,SD,Loyalty,False,2,28,P3361,206.47,2,False,False
EDGE301953,C12623,Customer,P9480,Product,PURCHASED,2025-02-03 18:29:58,ORD102300,Beauty,AtRisk,0.892,$25-$50,NA,AR,Clearance,False,2,22,P9480,44.07,1,False,True
EDGE301954,C41676,Customer,P6952,Product,PURCHASED,2024-04-12 01:58:45,ORD102021,Books,Active,0.817,$50-$100,NA,NH,NewArrivals,False,4,22,P6952,72.97,1,False,True
EDGE301955,P9264,Product,P5471,Product,ALSO_BOUGHT_WITH,2024-04-24 10:41:52,ORD100015,Electronics,AtRisk,0.209,>$250,LATAM,KS,None,False,3,22,P9264,328.66,2,False,False
EDGE301956,P1193,Product,P2874,Product,ALSO_BOUGHT_WITH,2024-06-28 11:20:09,ORD100086,Sports,AtRisk,0.94,$100-$250,EU,PA,None,False,5,19,P1193,165.5,1,False,False
EDGE301957,C57658,Customer,P6976,Product,PURCHASED,2025-02-27 09:26:45,ORD102076,Home,Active,0.482,$50-$100,EU,NY,SpringSale,False,3,30,P6976,64.04,1,False,True
EDGE301958,C23148,Customer,P1952,Product,ADDED_TO_CART,2025-01-09 11:20:27,,Home,AtRisk,0.373,>$250,NA,FL,Holiday,False,1,31,P1952,362.48,1,False,False
EDGE301959,C97944,Customer,P5665,Product,VIEWED,2025-06-08 21:40:48,,Beauty,Active,0.866,$25-$50,NA,MA,BackToSchool,False,1,53,P5665,28.58,1,False,False
EDGE301960,P5686,Product,P5196,Product,ALSO_BOUGHT_WITH,2024-04-22 23:50:00,ORD101753,Electronics,Active,0.665,$25-$50,APAC,OR,Clearance,False,5,57,P5686,34.29,1,False,False
EDGE301961,C35032,Customer,P4421,Product,VIEWED,2024-10-20 11:00:36,,Sports,Active,0.823,<$25,NA,OH,SpringSale,False,3,11,P4421,20.54,1,False,False
EDGE301962,C30596,Customer,P8624,Product,ADDED_TO_CART,2025-02-17 01:39:08,,Apparel,New,0.455,$25-$50,NA,WI,SpringSale,False,1,32,P8624,47.49,1,False,False
EDGE301963,C48575,Customer,P7133,Product,VIEWED,2025-06-26 23:32:40,,Automotive,New,0.992,$25-$50,LATAM,WI,NewArrivals,False,1,63,P7133,38.08,1,False,False
EDGE301964,P7183,Product,P3247,Product,ALSO_BOUGHT_WITH,2024-11-10 18:13:52,ORD101508,Electronics,Loyal,0.42,$50-$100,LATAM,IL,Holiday,False,4,93,P7183,50.88,1,False,False
EDGE301965,P8554,Product,P5738,Product,ALSO_BOUGHT_WITH,2025-01-25 18:00:54,ORD100673,Electronics,AtRisk,0.726,$50-$100,EU,SC,NewArrivals,False,4,44,P8554,58.02,1,False,False
EDGE301966,C56754,Customer,P8454,Product,PURCHASED,2025-06-03 20:27:29,ORD101580,Automotive,Loyal,0.86,<$25,EU,NM,SpringSale,False,4,30,P8454,19.8,1,False,True
EDGE301967,C54153,Customer,P5867,Product,VIEWED,2024-09-12 01:56:02,,Pets,Loyal,0.91,<$25,EU,MN,SpringSale,False,3,40,P5867,11.08,1,False,False
EDGE301968,C55024,Customer,P1868,Product,VIEWED,2025-05-31 12:12:29,,Toys,Loyal,0.528,$100-$250,NA,NE,None,False,3,49,P1868,212.95,1,False,False
EDGE301969,C36646,Customer,P9849,Product,VIEWED,2024-01-27 06:42:09,,Home,New,0.117,$50-$100,EU,AK,SpringSale,False,5,49,P9849,65.16,2,False,False
EDGE301970,C68252,Customer,P7823,Product,VIEWED,2024-07-05 23:55:04,,Beauty,Active,0.157,$25-$50,NA,KY,Clearance,False,3,27,P7823,45.77,1,False,False
EDGE301971,C60831,Customer,P5609,Product,VIEWED,2025-06-08 17:50:12,,Books,Loyal,0.512,$25-$50,APAC,HI,Holiday,False,2,21,P5609,38.01,2,False,False
EDGE301972,C51135,Customer,P7270,Product,VIEWED,2025-01-12 11:37:52,,Sports,Active,0.857,$25-$50,NA,IL,SpringSale,False,8,49,P7270,48.44,1,False,False
EDGE301973,C52199,Customer,P9606,Product,ADDED_TO_CART,2025-05-22 03:55:28,,Books,New,0.448,$25-$50,NA,SD,None,False,2,79,P9606,49.34,1,False,False
EDGE301974,C10893,Customer,P4935,Product,PURCHASED,2024-06-25 09:18:23,ORD102427,Toys,Loyal,0.264,$50-$100,EU,KS,NewArrivals,False,5,120,P4935,60.82,1,True,True
EDGE301975,P7626,Product,P1337,Product,ALSO_BOUGHT_WITH,2024-12-23 05:31:52,ORD102237,Pets,Active,0.553,$25-$50,EU,MS,BackToSchool,False,0,65,P7626,35.68,1,False,False
EDGE301976,C64473,Customer,P4026,Product,VIEWED,2025-03-24 06:03:35,,Electronics,Active,0.221,$50-$100,EU,AZ,None,False,2,7,P4026,65.97,1,False,False
EDGE301977,C51530,Customer,P4305,Product,VIEWED,2024-02-12 20:33:13,,Beauty,AtRisk,0.774,>$250,APAC,RI,Clearance,False,2,17,P4305,345.23,1,False,False
EDGE301978,C97481,Customer,P7318,Product,ADDED_TO_CART,2024-02-10 00:14:02,,Grocery,Loyal,0.318,>$250,LATAM,GA,None,False,4,35,P7318,344.74,1,False,False
EDGE301979,P6444,Product,P9395,Product,ALSO_BOUGHT_WITH,2024-07-07 23:24:03,ORD102401,Beauty,Active,0.256,$100-$250,NA,WI,SpringSale,False,1,5,P6444,134.36,1,False,False
EDGE301980,C70698,Customer,C77583,Customer,REFERRED_FRIEND,2024-02-29 14:13:44,,Home,Loyal,0.434,>$250,EU,CO,Clearance,False,6,63,P8512,292.53,1,False,False
EDGE301981,C78537,Customer,P1325,Product,VIEWED,2024-12-03 06:05:36,,Grocery,New,0.468,>$250,EU,DE,Clearance,False,2,58,P1325,267.53,1,False,False
EDGE301982,C85547,Customer,P9470,Product,VIEWED,2024-08-25 16:16:44,,Toys,New,0.767,$25-$50,LATAM,RI,SpringSale,False,3,34,P9470,33.09,1,False,False
EDGE301983,C39526,Customer,P3836,Product,VIEWED,2025-04-23 07:59:58,,Apparel,AtRisk,0.331,<$25,LATAM,OR,Loyalty,False,4,96,P3836,21.67,1,False,False
EDGE301984,C95317,Customer,C75645,Customer,REFERRED_FRIEND,2024-06-01 15:18:08,,Pets,New,0.432,$25-$50,LATAM,MT,None,True,3,48,P6297,32.09,1,False,False
EDGE301985,C78983,Customer,P3712,Product,PURCHASED,2024-02-13 14:21:36,ORD101454,Apparel,Active,0.119,$50-$100,NA,DC,Loyalty,False,2,44,P3712,71.59,2,False,True
EDGE301986,C46292,Customer,P4151,Product,VIEWED,2024-02-17 09:28:42,,Home,Active,0.499,<$25,LATAM,NV,Loyalty,False,3,70,P4151,12.74,1,False,False
EDGE301987,C62505,Customer,P7928,Product,ADDED_TO_CART,2025-04-22 13:12:26,,Grocery,New,0.591,$25-$50,APAC,IA,Holiday,False,3,62,P7928,25.01,1,False,False
EDGE301988,C87878,Customer,P6186,Product,VIEWED,2024-07-10 09:06:38,,Pets,New,0.821,$100-$250,EU,MT,Loyalty,False,1,28,P6186,208.96,1,False,False
EDGE301989,C50400,Customer,P2652,Product,PURCHASED,2025-05-10 00:01:49,ORD101547,Beauty,Loyal,0.593,$50-$100,LATAM,WI,BackToSchool,False,2,5,P2652,88.25,3,False,True
EDGE301990,C47795,Customer,P9357,Product,PURCHASED,2024-05-24 17:09:37,ORD102193,Beauty,Active,0.332,$50-$100,APAC,NY,Holiday,False,6,46,P9357,93.07,1,True,False
EDGE301991,P4565,Product,P1122,Product,ALSO_BOUGHT_WITH,2024-04-05 21:53:44,ORD102299,Electronics,Active,0.119,<$25,APAC,AR,SpringSale,False,2,32,P4565,16.94,1,False,False
EDGE301992,C72078,Customer,P9594,Product,ADDED_TO_CART,2025-05-30 02:20:57,,Sports,Loyal,0.761,<$25,LATAM,GA,Holiday,False,0,44,P9594,23.76,1,False,False
EDGE301993,C23735,Customer,C88793,Customer,REFERRED_FRIEND,2024-12-22 09:35:35,,Electronics,Active,0.977,$100-$250,LATAM,MN,NewArrivals,False,0,11,P1329,218.87,2,False,False
EDGE301994,C15904,Customer,C33944,Customer,REFERRED_FRIEND,2025-01-12 23:44:46,,Home,Dormant,0.414,<$25,NA,NH,None,False,0,5,P7949,10.26,1,False,False
EDGE301995,C52432,Customer,P5794,Product,VIEWED,2025-03-17 12:18:11,,Sports,AtRisk,0.425,>$250,EU,AL,NewArrivals,False,1,34,P5794,287.75,1,False,False
EDGE301996,C44001,Customer,P5554,Product,VIEWED,2025-01-10 03:52:57,,Beauty,Dormant,0.771,$50-$100,APAC,MA,SpringSale,False,3,60,P5554,70.7,1,False,False
EDGE301997,P7559,Product,P2975,Product,ALSO_BOUGHT_WITH,2024-06-03 16:08:36,ORD100101,Beauty,Loyal,0.955,>$250,NA,KS,Clearance,False,2,5,P7559,379.18,2,False,False
EDGE301998,P9341,Product,P5444,Product,ALSO_BOUGHT_WITH,2024-11-07 19:50:43,ORD100986,Sports,AtRisk,0.296,>$250,NA,ME,Holiday,False,5,54,P9341,330.85,1,False,False
EDGE301999,C91950,Customer,P6604,Product,VIEWED,2024-04-26 16:23:05,,Books,AtRisk,0.937,$100-$250,EU,PA,BackToSchool,False,5,50,P6604,219.57,1,False,False
EDGE302000,C29674,Customer,P6016,Product,PURCHASED,2025-04-18 11:00:12,ORD101023,Toys,AtRisk,0.243,$50-$100,NA,MA,Clearance,False,4,33,P6016,63.9,1,False,True
EDGE302001,C39393,Customer,P7063,Product,VIEWED,2025-01-20 12:09:10,,Sports,Active,0.486,<$25,LATAM,ME,Clearance,False,1,6,P7063,16.87,1,False,False
EDGE302002,C73475,Customer,C53838,Customer,REFERRED_FRIEND,2025-06-11 00:32:31,,Home,New,0.151,<$25,APAC,WV,None,False,4,71,P7778,10.24,3,False,False
EDGE302003,C98906,Customer,P4151,Product,RETURNS,2025-02-07 09:03:43,ORD102456,Sports,New,0.224,$50-$100,LATAM,SC,Loyalty,False,4,52,P4151,59.02,1,False,False
EDGE302004,C83391,Customer,P4218,Product,VIEWED,2025-06-10 08:05:20,,Electronics,Dormant,0.82,$25-$50,APAC,ID,NewArrivals,False,1,80,P4218,40.34,2,False,False
EDGE302005,C13006,Customer,P7971,Product,PURCHASED,2024-08-26 09:53:56,ORD100019,Toys,AtRisk,0.899,$25-$50,NA,TN,NewArrivals,False,7,61,P7971,46.42,1,False,True
EDGE302006,C15428,Customer,C42750,Customer,REFERRED_FRIEND,2024-06-27 13:36:53,,Sports,Loyal,0.264,>$250,EU,NC,NewArrivals,False,1,77,P4520,362.9,1,False,False
EDGE302007,C38271,Customer,P1305,Product,PURCHASED,2024-07-11 18:21:38,ORD101819,Home,Active,0.74,$25-$50,LATAM,CA,SpringSale,False,2,53,P1305,34.96,1,True,True
EDGE302008,C73808,Customer,P1680,Product,ADDED_TO_CART,2024-01-24 13:19:55,,Beauty,Active,0.576,<$25,LATAM,SD,NewArrivals,False,2,76,P1680,23.76,2,False,False
EDGE302009,C24162,Customer,C53837,Customer,REFERRED_FRIEND,2024-01-28 20:56:17,,Beauty,Loyal,0.302,$100-$250,APAC,AZ,Loyalty,False,3,32,P9248,152.35,1,False,False
EDGE302010,C25721,Customer,P2639,Product,VIEWED,2025-05-26 16:31:23,,Apparel,Active,0.253,<$25,APAC,MS,Clearance,False,2,31,P2639,21.22,1,False,False
EDGE302011,C79114,Customer,P6941,Product,RETURNS,2025-05-05 08:46:08,ORD101765,Electronics,Loyal,0.144,>$250,APAC,WA,Loyalty,False,2,11,P6941,452.27,1,False,False
EDGE302012,C90093,Customer,P5744,Product,VIEWED,2025-05-01 23:54:32,,Grocery,Loyal,0.738,$50-$100,NA,IN,Holiday,False,4,73,P5744,56.74,1,False,False
EDGE302013,C16617,Customer,P5019,Product,ADDED_TO_CART,2024-11-20 12:45:51,,Automotive,Active,0.858,$25-$50,EU,VA,Clearance,False,5,5,P5019,35.6,1,False,False
EDGE302014,P2297,Product,P7050,Product,ALSO_BOUGHT_WITH,2025-01-18 22:10:28,ORD102121,Beauty,New,0.427,$50-$100,NA,AK,None,False,3,102,P2297,74.69,2,False,False
EDGE302015,C56297,Customer,P5793,Product,PURCHASED,2024-06-06 21:25:31,ORD100390,Beauty,Active,0.602,$100-$250,NA,MS,BackToSchool,False,1,75,P5793,153.7,1,False,True
EDGE302016,P5157,Product,P9521,Product,ALSO_BOUGHT_WITH,2024-05-25 11:04:08,ORD100176,Pets,AtRisk,0.188,>$250,APAC,NV,Clearance,False,1,58,P5157,713.05,1,False,False
EDGE302017,C28152,Customer,P5883,Product,RETURNS,2025-02-17 01:07:59,ORD101464,Toys,New,0.671,$100-$250,NA,NE,NewArrivals,False,3,88,P5883,107.5,2,False,False
EDGE302018,C35386,Customer,C46204,Customer,REFERRED_FRIEND,2024-02-18 19:45:38,,Home,New,0.593,$100-$250,EU,SD,BackToSchool,False,1,17,P4675,189.11,1,False,False
EDGE302019,C18434,Customer,P2981,Product,VIEWED,2025-03-27 04:16:00,,Books,AtRisk,0.164,$50-$100,APAC,VA,SpringSale,False,2,33,P2981,69.28,1,False,False
EDGE302020,C56659,Customer,P1100,Product,PURCHASED,2024-02-26 00:25:46,ORD100245,Pets,Active,0.898,$50-$100,EU,CT,SpringSale,False,3,27,P1100,62.16,3,False,True
EDGE302021,C56129,Customer,P3776,Product,ADDED_TO_CART,2025-05-29 17:27:53,,Books,New,0.198,$50-$100,APAC,DC,NewArrivals,False,2,57,P3776,50.82,1,False,False
EDGE302022,C97207,Customer,P1643,Product,ADDED_TO_CART,2024-01-12 23:28:04,,Sports,Active,0.55,>$250,NA,VT,None,False,0,41,P1643,362.33,1,False,False
EDGE302023,C95822,Customer,P3745,Product,ADDED_TO_CART,2025-06-28 12:30:11,,Apparel,Active,0.193,$50-$100,NA,WA,SpringSale,False,4,39,P3745,91.47,1,False,False
EDGE302024,C41590,Customer,P1428,Product,ADDED_TO_CART,2024-12-10 08:16:44,,Grocery,Active,0.283,$25-$50,LATAM,ND,BackToSchool,False,2,19,P1428,36.99,1,False,False
EDGE302025,C50959,Customer,P8089,Product,VIEWED,2024-03-14 02:04:04,,Grocery,Active,0.911,$25-$50,LATAM,WY,Holiday,False,2,52,P8089,32.05,1,False,False
EDGE302026,C77168,Customer,P3266,Product,VIEWED,2024-11-14 21:47:23,,Grocery,Active,0.986,$50-$100,NA,ME,BackToSchool,False,3,62,P3266,70.88,3,False,False
EDGE302027,C65676,Customer,P7953,Product,VIEWED,2024-05-27 15:55:48,,Pets,New,0.945,>$250,APAC,NE,Clearance,False,5,34,P7953,692.07,1,False,False
EDGE302028,C53180,Customer,P4862,Product,ADDED_TO_CART,2025-01-31 00:58:59,,Grocery,Active,0.53,$25-$50,EU,WA,None,False,2,34,P4862,43.03,2,False,False
EDGE302029,P8100,Product,P4111,Product,ALSO_BOUGHT_WITH,2024-01-17 11:53:25,ORD100817,Grocery,Active,0.315,$25-$50,APAC,NV,BackToSchool,False,1,38,P8100,32.08,2,False,False
EDGE302030,C34481,Customer,P4434,Product,VIEWED,2024-03-14 23:32:27,,Toys,Active,0.879,$50-$100,APAC,OH,BackToSchool,False,6,93,P4434,74.69,2,False,False
EDGE302031,C72645,Customer,P1456,Product,RETURNS,2024-12-12 12:37:44,ORD101884,Home,Dormant,0.749,>$250,EU,FL,Clearance,False,2,33,P1456,266.51,1,False,False
EDGE302032,C44688,Customer,P5980,Product,ADDED_TO_CART,2024-09-25 07:36:18,,Toys,AtRisk,0.173,$25-$50,NA,ND,Holiday,False,4,11,P5980,44.6,1,False,False
EDGE302033,C80649,Customer,P1621,Product,ADDED_TO_CART,2025-06-26 21:12:34,,Books,Loyal,0.36,$100-$250,NA,NH,BackToSchool,False,2,73,P1621,152.86,1,False,False
EDGE302034,C44751,Customer,P4089,Product,PURCHASED,2024-01-03 23:43:16,ORD102388,Sports,AtRisk,0.202,>$250,NA,VT,None,False,2,52,P4089,286.12,1,False,True
EDGE302035,C89433,Customer,P1643,Product,PURCHASED,2024-08-18 15:39:57,ORD100373,Apparel,Loyal,0.777,$50-$100,APAC,CA,SpringSale,False,2,90,P1643,80.74,1,False,True
EDGE302036,C61276,Customer,P6112,Product,RETURNS,2024-09-01 04:19:29,ORD100739,Electronics,New,0.365,<$25,LATAM,MS,Loyalty,False,6,29,P6112,10.75,1,False,False
EDGE302037,C31864,Customer,P2371,Product,VIEWED,2025-01-10 19:17:57,,Sports,Loyal,0.84,$100-$250,EU,ND,Loyalty,False,3,23,P2371,103.7,1,False,False
EDGE302038,C28436,Customer,P2895,Product,PURCHASED,2024-06-30 01:46:41,ORD102262,Apparel,Loyal,0.434,$50-$100,LATAM,WI,SpringSale,False,4,5,P2895,51.02,2,False,True
EDGE302039,C35297,Customer,P9397,Product,VIEWED,2024-12-21 01:12:01,,Electronics,Dormant,0.278,<$25,APAC,NM,None,False,3,50,P9397,21.93,1,False,False
EDGE302040,C59847,Customer,P8930,Product,PURCHASED,2024-03-24 15:03:38,ORD100017,Sports,Active,0.79,$25-$50,EU,GA,BackToSchool,False,4,40,P8930,41.55,3,False,True
EDGE302041,C61991,Customer,P2020,Product,VIEWED,2024-01-18 00:16:42,,Apparel,Active,0.826,<$25,EU,AR,Loyalty,False,1,35,P2020,24.5,1,False,False
EDGE302042,C20556,Customer,P8308,Product,ADDED_TO_CART,2024-10-05 01:56:47,,Grocery,New,0.45,$50-$100,EU,AL,None,False,0,45,P8308,96.42,1,False,False
EDGE302043,C12864,Customer,P9226,Product,PURCHASED,2024-12-21 03:41:52,ORD100547,Electronics,AtRisk,0.565,$25-$50,LATAM,CO,NewArrivals,False,2,5,P9226,34.88,1,False,True
EDGE302044,P8395,Product,P4880,Product,ALSO_BOUGHT_WITH,2024-05-17 01:19:53,ORD101008,Beauty,Active,0.845,>$250,APAC,MA,Holiday,False,2,67,P8395,337.02,2,False,False
EDGE302045,C16935,Customer,P8364,Product,PURCHASED,2024-03-07 11:04:13,ORD100835,Sports,New,0.377,>$250,EU,NH,SpringSale,False,3,77,P8364,708.34,1,False,True
EDGE302046,P2275,Product,P8905,Product,ALSO_BOUGHT_WITH,2025-04-01 22:24:01,ORD101817,Electronics,New,0.606,>$250,EU,OH,None,False,1,57,P2275,778.82,1,False,False
EDGE302047,C33941,Customer,C39701,Customer,REFERRED_FRIEND,2024-05-25 06:22:55,,Books,Dormant,0.153,$50-$100,APAC,AZ,NewArrivals,False,5,14,P2355,68.09,1,False,False
EDGE302048,C34353,Customer,P7684,Product,VIEWED,2024-07-14 16:39:39,,Automotive,Active,0.48,<$25,EU,MT,Holiday,False,5,50,P7684,23.4,1,False,False
EDGE302049,P1622,Product,P6291,Product,ALSO_BOUGHT_WITH,2024-11-29 21:57:31,ORD101590,Apparel,Dormant,0.752,>$250,NA,AR,BackToSchool,False,4,76,P1622,301.62,1,False,False
EDGE302050,C56519,Customer,C20321,Customer,REFERRED_FRIEND,2024-12-05 06:58:46,,Sports,Loyal,0.281,$25-$50,APAC,VA,SpringSale,False,8,56,P2088,48.96,1,False,False
EDGE302051,P5417,Product,P2844,Product,ALSO_BOUGHT_WITH,2024-09-21 08:11:55,ORD101765,Toys,Loyal,0.624,$50-$100,NA,IA,None,False,5,67,P5417,67.97,1,False,False
EDGE302052,P2528,Product,P2841,Product,ALSO_BOUGHT_WITH,2024-03-02 09:29:14,ORD100146,Grocery,Loyal,0.975,$50-$100,APAC,VA,Loyalty,False,3,73,P2528,71.43,4,False,False
EDGE302053,P5581,Product,P5614,Product,ALSO_BOUGHT_WITH,2025-06-17 22:27:56,ORD100353,Home,Active,0.392,>$250,NA,OH,SpringSale,False,1,25,P5581,366.7,2,False,False
EDGE302054,C48106,Customer,P3664,Product,ADDED_TO_CART,2024-09-18 19:31:11,,Home,New,0.137,>$250,APAC,GA,NewArrivals,False,5,63,P3664,364.81,1,False,False
EDGE302055,C56823,Customer,P6792,Product,VIEWED,2025-04-21 18:45:30,,Sports,Loyal,0.461,$100-$250,APAC,TX,Clearance,False,3,40,P6792,126.65,1,False,False
EDGE302056,C17083,Customer,C17675,Customer,REFERRED_FRIEND,2024-12-15 19:56:47,,Grocery,Active,0.645,$25-$50,LATAM,RI,Holiday,False,1,58,P1824,37.7,2,False,False
EDGE302057,C58159,Customer,C29053,Customer,REFERRED_FRIEND,2025-01-20 22:02:21,,Electronics,Active,0.484,$25-$50,LATAM,AZ,Loyalty,False,4,25,P6619,34.67,1,False,False
EDGE302058,C32318,Customer,P7347,Product,RETURNS,2024-01-06 18:39:49,ORD100965,Apparel,Active,0.726,<$25,LATAM,ME,SpringSale,False,3,38,P7347,10.42,1,False,False
EDGE302059,C21734,Customer,P4041,Product,VIEWED,2024-02-12 21:11:11,,Sports,Active,0.979,$25-$50,APAC,ID,NewArrivals,False,2,35,P4041,31.11,1,False,False
EDGE302060,C80596,Customer,P5586,Product,PURCHASED,2025-03-26 13:52:29,ORD101367,Electronics,Loyal,0.785,$100-$250,APAC,SD,SpringSale,False,3,28,P5586,147.06,2,False,False
EDGE302061,C25927,Customer,C12167,Customer,REFERRED_FRIEND,2024-04-04 06:21:40,,Grocery,Active,0.23,<$25,EU,WA,Loyalty,False,2,50,P3137,23.6,4,False,False
EDGE302062,C62663,Customer,C52695,Customer,REFERRED_FRIEND,2024-05-13 16:14:37,,Books,Active,0.922,>$250,APAC,HI,BackToSchool,False,5,54,P4957,301.56,1,False,False
EDGE302063,C12186,Customer,P3552,Product,VIEWED,2025-05-11 16:40:22,,Books,New,0.707,$25-$50,NA,CO,SpringSale,False,2,60,P3552,46.08,1,False,False
EDGE302064,C14141,Customer,P5731,Product,VIEWED,2024-04-24 05:35:50,,Sports,AtRisk,0.871,>$250,LATAM,OH,SpringSale,False,6,60,P5731,374.35,2,False,False
EDGE302065,C68375,Customer,C69528,Customer,REFERRED_FRIEND,2024-08-30 21:46:53,,Toys,Loyal,0.566,<$25,LATAM,CT,Loyalty,False,3,25,P6214,19.56,1,False,False
EDGE302066,C13794,Customer,P5403,Product,PURCHASED,2025-02-08 21:13:38,ORD100667,Grocery,Active,0.277,$100-$250,LATAM,MN,SpringSale,False,2,58,P5403,200.11,1,True,True
EDGE302067,C48755,Customer,C92499,Customer,REFERRED_FRIEND,2025-05-03 14:18:01,,Pets,AtRisk,0.392,$50-$100,LATAM,KS,BackToSchool,False,2,60,P3957,54.54,1,False,False
EDGE302068,C30617,Customer,P7187,Product,VIEWED,2025-05-17 19:04:12,,Home,AtRisk,0.776,>$250,NA,AL,NewArrivals,False,4,94,P7187,374.48,1,False,False
EDGE302069,C94214,Customer,P4450,Product,PURCHASED,2024-03-02 07:42:24,ORD100961,Grocery,Active,0.595,$50-$100,APAC,IN,BackToSchool,False,4,5,P4450,58.51,2,False,True
EDGE302070,C95331,Customer,P4690,Product,VIEWED,2025-04-09 06:29:31,,Apparel,New,0.42,$100-$250,EU,FL,Clearance,False,2,14,P4690,106.37,1,False,False
EDGE302071,C28702,Customer,P2130,Product,VIEWED,2024-10-05 06:03:18,,Toys,Loyal,0.547,$50-$100,NA,NV,Holiday,False,3,27,P2130,64.07,1,False,False
EDGE302072,C61313,Customer,P3236,Product,ADDED_TO_CART,2024-08-03 18:44:06,,Apparel,Loyal,0.844,<$25,NA,ID,Holiday,False,3,57,P3236,16.45,2,False,False
EDGE302073,P7887,Product,P4396,Product,ALSO_BOUGHT_WITH,2025-06-28 17:22:09,ORD101417,Automotive,Loyal,0.621,>$250,EU,AK,SpringSale,False,6,96,P7887,375.96,1,False,False
EDGE302074,C43811,Customer,P1662,Product,ADDED_TO_CART,2025-04-17 03:13:42,,Apparel,Active,0.696,>$250,APAC,NE,Holiday,False,2,18,P1662,309.99,1,False,False
EDGE302075,C97285,Customer,P5496,Product,RETURNS,2025-04-14 08:20:42,ORD101163,Electronics,Active,0.149,$25-$50,NA,NC,None,False,9,57,P5496,42.63,1,False,False
EDGE302076,C55198,Customer,P4370,Product,VIEWED,2024-09-05 14:33:44,,Toys,Dormant,0.733,$50-$100,NA,ID,SpringSale,False,0,57,P4370,75.39,1,False,False
EDGE302077,C61210,Customer,P2787,Product,VIEWED,2025-06-23 18:41:25,,Beauty,Loyal,0.461,$50-$100,LATAM,RI,Holiday,False,1,24,P2787,63.22,1,False,False
EDGE302078,C58035,Customer,P9628,Product,ADDED_TO_CART,2024-06-09 11:28:27,,Pets,New,0.344,$50-$100,NA,HI,Clearance,False,1,42,P9628,74.28,1,False,False
EDGE302079,C65614,Customer,P2481,Product,VIEWED,2024-11-20 15:22:37,,Automotive,New,0.855,<$25,NA,DE,NewArrivals,False,0,53,P2481,13.11,1,False,False
EDGE302080,C24339,Customer,P6340,Product,PURCHASED,2024-04-07 09:00:33,ORD100492,Pets,New,0.763,>$250,APAC,MO,Holiday,False,5,14,P6340,315.66,1,False,True
EDGE302081,C62283,Customer,P9719,Product,PURCHASED,2024-01-21 15:46:46,ORD100101,Home,Active,0.562,$50-$100,NA,NM,NewArrivals,False,4,51,P9719,72.89,1,True,True
EDGE302082,P2862,Product,P8448,Product,ALSO_BOUGHT_WITH,2025-01-09 18:55:30,ORD100065,Grocery,Loyal,0.706,<$25,LATAM,WI,Clearance,False,2,28,P2862,13.44,1,False,False
EDGE302083,P3128,Product,P5771,Product,ALSO_BOUGHT_WITH,2024-04-25 11:00:58,ORD100913,Grocery,Dormant,0.493,$50-$100,EU,SC,Loyalty,False,2,5,P3128,57.6,1,False,False
EDGE302084,C23700,Customer,P1706,Product,VIEWED,2024-02-22 10:03:42,,Beauty,New,0.667,$100-$250,LATAM,IL,Clearance,False,2,41,P1706,215.27,1,False,False
EDGE302085,P8365,Product,P7616,Product,ALSO_BOUGHT_WITH,2024-07-06 19:05:59,ORD101057,Automotive,Active,0.847,$50-$100,NA,IA,None,False,3,89,P8365,83.31,2,False,False
EDGE302086,P5116,Product,P8229,Product,ALSO_BOUGHT_WITH,2025-02-26 22:17:24,ORD102286,Beauty,Active,0.223,$25-$50,EU,SD,SpringSale,False,2,32,P5116,42.63,2,False,False
EDGE302087,P5311,Product,P6378,Product,ALSO_BOUGHT_WITH,2025-02-15 15:53:03,ORD100149,Apparel,Loyal,0.475,$25-$50,LATAM,ID,BackToSchool,False,2,85,P5311,36.91,2,False,False
EDGE302088,C89319,Customer,P4483,Product,RETURNS,2024-09-22 22:26:09,ORD101347,Apparel,Active,0.98,$50-$100,NA,SC,Loyalty,False,3,33,P4483,67.71,2,False,False
EDGE302089,C34988,Customer,P7970,Product,PURCHASED,2024-10-04 18:10:23,ORD101041,Toys,Active,0.188,$50-$100,NA,VT,BackToSchool,False,2,47,P7970,65.25,1,False,True
EDGE302090,C12740,Customer,P8144,Product,VIEWED,2024-06-23 01:30:46,,Electronics,Active,0.154,$100-$250,APAC,VA,BackToSchool,False,3,10,P8144,157.33,1,False,False
EDGE302091,C45091,Customer,P2839,Product,VIEWED,2024-12-11 14:50:25,,Electronics,New,0.568,>$250,NA,KY,Clearance,False,4,30,P2839,352.45,2,False,False
EDGE302092,P4788,Product,P5646,Product,ALSO_BOUGHT_WITH,2024-05-17 02:39:35,ORD100306,Beauty,New,0.618,$50-$100,APAC,IA,Loyalty,False,3,78,P4788,53.33,3,False,False
EDGE302093,P7367,Product,P9015,Product,ALSO_BOUGHT_WITH,2024-06-17 15:21:02,ORD101600,Automotive,AtRisk,0.295,>$250,LATAM,MS,Clearance,False,3,65,P7367,364.65,2,False,False
EDGE302094,C69251,Customer,P7851,Product,VIEWED,2025-02-27 05:35:50,,Sports,Active,0.737,$50-$100,EU,MT,None,False,1,56,P7851,75.23,1,False,False
EDGE302095,C44326,Customer,P7540,Product,ADDED_TO_CART,2024-04-21 06:06:31,,Grocery,Active,0.782,$50-$100,LATAM,KS,SpringSale,False,3,64,P7540,59.88,1,False,False
EDGE302096,C11211,Customer,P8747,Product,ADDED_TO_CART,2024-03-28 09:07:39,,Books,New,0.259,>$250,EU,SC,Holiday,False,4,60,P8747,327.65,3,False,False
EDGE302097,P9890,Product,P4069,Product,ALSO_BOUGHT_WITH,2024-05-18 11:54:44,ORD100153,Pets,New,0.121,$25-$50,NA,DE,NewArrivals,False,5,50,P9890,40.37,2,False,False
EDGE302098,C13320,Customer,P9419,Product,PURCHASED,2025-02-23 22:24:23,ORD101001,Home,New,0.535,$50-$100,NA,NV,Clearance,False,6,5,P9419,63.93,1,False,True
EDGE302099,C74477,Customer,P6301,Product,ADDED_TO_CART,2024-07-29 21:58:50,,Books,Active,0.595,$100-$250,APAC,CA,None,False,3,48,P6301,113.8,2,False,False
EDGE302100,C89829,Customer,C13905,Customer,REFERRED_FRIEND,2024-12-20 14:36:16,,Toys,Loyal,0.393,$25-$50,APAC,OK,NewArrivals,False,1,39,P3679,26.94,1,False,False
EDGE302101,C81468,Customer,P2778,Product,VIEWED,2024-06-20 17:04:54,,Pets,New,0.654,$25-$50,NA,WI,Holiday,False,5,69,P2778,43.92,1,False,False
EDGE302102,C12556,Customer,P8879,Product,ADDED_TO_CART,2024-01-12 16:51:43,,Apparel,New,0.719,$100-$250,LATAM,AR,None,False,6,53,P8879,231.11,1,False,False
EDGE302103,C87096,Customer,P4623,Product,VIEWED,2024-12-23 18:28:09,,Beauty,Loyal,0.516,$25-$50,LATAM,IL,Holiday,False,2,60,P4623,26.79,1,False,False
EDGE302104,C75293,Customer,P6973,Product,RETURNS,2024-02-29 10:42:06,ORD102466,Pets,Dormant,0.216,$25-$50,APAC,MO,BackToSchool,False,5,73,P6973,40.49,2,True,False
EDGE302105,C42771,Customer,P5207,Product,RETURNS,2024-04-26 16:43:30,ORD100413,Automotive,Active,0.16,>$250,APAC,GA,Holiday,False,1,33,P5207,267.7,2,True,False
EDGE302106,P3436,Product,P4899,Product,ALSO_BOUGHT_WITH,2024-08-02 15:54:44,ORD100181,Electronics,New,0.887,$50-$100,LATAM,MD,BackToSchool,False,2,54,P3436,77.91,1,False,False
EDGE302107,C30708,Customer,P8356,Product,VIEWED,2024-02-10 18:00:43,,Home,AtRisk,0.255,$25-$50,LATAM,NJ,NewArrivals,False,3,38,P8356,43.84,1,False,False
EDGE302108,C39908,Customer,P5577,Product,RETURNS,2024-01-02 22:30:45,ORD101418,Grocery,New,0.282,>$250,APAC,MI,SpringSale,False,3,46,P5577,389.53,1,True,False
EDGE302109,C58831,Customer,P1506,Product,PURCHASED,2024-03-31 07:07:36,ORD102093,Grocery,Loyal,0.639,$25-$50,NA,AZ,NewArrivals,False,2,80,P1506,30.85,1,False,True
EDGE302110,C10070,Customer,P8468,Product,ADDED_TO_CART,2024-10-04 11:46:14,,Books,Active,0.435,$25-$50,EU,ID,Holiday,False,1,63,P8468,25.27,2,False,False
EDGE302111,P4735,Product,P7653,Product,ALSO_BOUGHT_WITH,2024-03-08 08:03:16,ORD100725,Electronics,Dormant,0.388,$25-$50,APAC,UT,None,False,3,90,P4735,48.4,1,False,False
EDGE302112,C83792,Customer,P1052,Product,VIEWED,2024-04-09 15:41:16,,Sports,Active,0.504,$50-$100,NA,ND,Loyalty,False,2,71,P1052,76.71,1,False,False
EDGE302113,P9547,Product,P1513,Product,ALSO_BOUGHT_WITH,2024-07-18 04:33:20,ORD101282,Beauty,Loyal,0.772,$50-$100,LATAM,MO,Holiday,False,4,22,P9547,65.74,2,False,False
EDGE302114,C54472,Customer,P1258,Product,VIEWED,2025-05-22 00:30:59,,Toys,Dormant,0.146,>$250,NA,TX,None,False,3,34,P1258,296.85,1,False,False
EDGE302115,C19029,Customer,C57420,Customer,REFERRED_FRIEND,2025-06-28 10:52:19,,Books,Active,0.319,$25-$50,LATAM,ID,Clearance,False,3,22,P6834,31.15,2,False,False
EDGE302116,C74227,Customer,C25068,Customer,REFERRED_FRIEND,2025-03-05 12:45:13,,Pets,Loyal,0.974,>$250,NA,IA,Clearance,False,0,52,P7191,338.7,1,False,False
EDGE302117,C19852,Customer,P5149,Product,ADDED_TO_CART,2025-05-18 23:26:10,,Books,Loyal,0.146,>$250,LATAM,DC,NewArrivals,False,1,44,P5149,396.05,1,False,False
EDGE302118,C44017,Customer,P6592,Product,ADDED_TO_CART,2025-06-16 08:30:59,,Automotive,Active,0.544,$50-$100,NA,OR,Loyalty,False,4,9,P6592,57.95,2,False,False
EDGE302119,P6212,Product,P6714,Product,ALSO_BOUGHT_WITH,2024-06-12 06:21:27,ORD101779,Toys,Loyal,0.404,$25-$50,EU,NM,None,False,4,50,P6212,39.45,2,False,False
EDGE302120,C43571,Customer,P8287,Product,ADDED_TO_CART,2025-02-12 10:31:45,,Electronics,Active,0.807,<$25,LATAM,OR,Clearance,False,6,55,P8287,17.07,1,False,False
EDGE302121,C93691,Customer,P9128,Product,VIEWED,2024-10-20 23:13:31,,Grocery,Active,0.982,$50-$100,APAC,DE,Holiday,False,5,41,P9128,78.01,1,False,False
EDGE302122,C43077,Customer,P4004,Product,RETURNS,2024-07-18 10:08:49,ORD101112,Automotive,Loyal,0.966,<$25,NA,AZ,Loyalty,False,2,39,P4004,20.14,1,False,False
EDGE302123,C66182,Customer,P3419,Product,VIEWED,2024-06-03 21:00:32,,Home,Loyal,0.86,$50-$100,LATAM,OR,NewArrivals,False,3,81,P3419,73.52,1,False,False
EDGE302124,C67000,Customer,P6504,Product,VIEWED,2024-01-30 18:21:19,,Automotive,Active,0.664,<$25,EU,KS,NewArrivals,False,1,45,P6504,19.84,1,False,False
EDGE302125,C42842,Customer,P8849,Product,PURCHASED,2024-03-10 20:53:33,ORD101997,Home,New,0.261,<$25,APAC,ID,Clearance,False,2,5,P8849,16.29,1,False,True
EDGE302126,C60968,Customer,P2080,Product,VIEWED,2025-04-21 14:11:23,,Pets,Loyal,0.797,<$25,LATAM,UT,SpringSale,False,2,5,P2080,22.26,1,False,False
EDGE302127,C95187,Customer,P8843,Product,ADDED_TO_CART,2024-10-04 01:15:28,,Apparel,AtRisk,0.814,>$250,LATAM,NJ,NewArrivals,False,2,80,P8843,382.14,1,False,False
EDGE302128,C30713,Customer,C86483,Customer,REFERRED_FRIEND,2024-07-15 01:37:04,,Home,AtRisk,0.126,$50-$100,NA,MT,Loyalty,False,1,33,P2907,75.72,1,False,False
EDGE302129,P5245,Product,P3596,Product,ALSO_BOUGHT_WITH,2024-11-06 11:30:56,ORD100118,Automotive,AtRisk,0.734,$50-$100,APAC,SC,Holiday,False,4,41,P5245,59.83,2,False,False
EDGE302130,C39902,Customer,P1115,Product,VIEWED,2024-03-26 22:28:08,,Electronics,AtRisk,0.335,$100-$250,LATAM,IL,NewArrivals,False,6,83,P1115,205.97,1,False,False
EDGE302131,C25059,Customer,P9918,Product,VIEWED,2025-01-05 12:41:34,,Pets,AtRisk,0.635,>$250,EU,NE,BackToSchool,False,2,58,P9918,339.94,2,False,False
EDGE302132,C65762,Customer,P1710,Product,VIEWED,2024-07-01 10:05:58,,Sports,AtRisk,0.109,>$250,LATAM,FL,Holiday,False,5,61,P1710,308.93,2,False,False
EDGE302133,C90436,Customer,P2799,Product,VIEWED,2024-04-21 03:46:12,,Grocery,Active,0.957,>$250,EU,MT,NewArrivals,False,3,70,P2799,293.75,1,False,False
EDGE302134,C73599,Customer,P3604,Product,VIEWED,2024-06-23 03:57:17,,Grocery,Active,0.283,>$250,NA,PA,Clearance,False,4,59,P3604,251.86,1,False,False
EDGE302135,C60161,Customer,P7710,Product,ADDED_TO_CART,2024-11-02 02:33:43,,Apparel,Active,0.67,$100-$250,NA,PA,NewArrivals,False,0,5,P7710,158.6,1,False,False
EDGE302136,C91599,Customer,P7506,Product,VIEWED,2025-06-25 15:58:32,,Home,Active,0.806,$50-$100,LATAM,IL,None,False,6,68,P7506,51.4,1,False,False
EDGE302137,C29996,Customer,P5528,Product,PURCHASED,2025-02-02 02:54:05,ORD101882,Pets,Dormant,0.195,>$250,EU,TN,None,False,7,83,P5528,515.61,1,False,True
EDGE302138,C86206,Customer,P4927,Product,ADDED_TO_CART,2024-02-23 04:05:47,,Home,Active,0.589,$50-$100,APAC,AZ,Clearance,False,5,73,P4927,74.45,1,False,False
EDGE302139,C58939,Customer,P8575,Product,VIEWED,2024-08-02 19:36:14,,Toys,AtRisk,0.744,$50-$100,EU,AR,Clearance,False,3,105,P8575,89.06,2,False,False
EDGE302140,C50801,Customer,P9088,Product,VIEWED,2024-03-04 11:36:43,,Electronics,AtRisk,0.983,$25-$50,LATAM,MT,None,False,3,30,P9088,34.27,2,False,False
EDGE302141,C90129,Customer,P3478,Product,VIEWED,2024-05-08 10:48:37,,Toys,Active,0.431,<$25,LATAM,CT,NewArrivals,False,3,55,P3478,22.52,2,False,False
EDGE302142,P5596,Product,P8934,Product,ALSO_BOUGHT_WITH,2024-01-05 05:25:55,ORD102266,Beauty,AtRisk,0.296,>$250,LATAM,IA,Loyalty,False,1,7,P5596,366.62,1,False,False
EDGE302143,C85985,Customer,P4143,Product,VIEWED,2025-02-18 22:17:03,,Sports,AtRisk,0.583,$50-$100,APAC,HI,Holiday,False,3,40,P4143,54.57,1,False,False
EDGE302144,C80684,Customer,C26914,Customer,REFERRED_FRIEND,2024-07-01 02:17:46,,Apparel,Loyal,0.171,$100-$250,NA,DC,Loyalty,False,4,59,P5102,129.27,1,False,False
EDGE302145,C28223,Customer,P2346,Product,ADDED_TO_CART,2024-08-29 01:52:48,,Electronics,Dormant,0.981,$25-$50,LATAM,ME,Holiday,False,5,10,P2346,49.12,1,False,False
EDGE302146,C15429,Customer,C67781,Customer,REFERRED_FRIEND,2024-03-18 23:25:25,,Automotive,New,0.676,$50-$100,EU,AZ,Loyalty,False,0,16,P3109,75.53,2,False,False
EDGE302147,P3098,Product,P7464,Product,ALSO_BOUGHT_WITH,2024-04-21 00:20:26,ORD102350,Toys,Loyal,0.55,>$250,APAC,IN,Loyalty,False,1,43,P3098,279.3,1,False,False
EDGE302148,C28568,Customer,P5631,Product,ADDED_TO_CART,2024-05-02 19:54:02,,Grocery,Active,0.527,$50-$100,NA,AL,Clearance,False,4,64,P5631,74.9,1,False,False
EDGE302149,C45936,Customer,P9149,Product,VIEWED,2024-06-08 16:57:00,,Apparel,Dormant,0.718,$50-$100,NA,AZ,Holiday,False,6,57,P9149,64.54,1,False,False
EDGE302150,C58478,Customer,C40528,Customer,REFERRED_FRIEND,2024-04-20 17:46:02,,Apparel,AtRisk,0.779,<$25,APAC,LA,Clearance,False,2,33,P7827,23.11,1,False,False
EDGE302151,P4429,Product,P8298,Product,ALSO_BOUGHT_WITH,2024-11-03 21:03:11,ORD102113,Beauty,Active,0.874,$100-$250,LATAM,OH,SpringSale,False,4,85,P4429,125.75,1,False,False
EDGE302152,P4530,Product,P2110,Product,ALSO_BOUGHT_WITH,2024-04-05 04:38:56,ORD100436,Pets,Active,0.699,$25-$50,LATAM,CT,None,False,1,66,P4530,43.6,1,False,False
EDGE302153,P7778,Product,P8397,Product,ALSO_BOUGHT_WITH,2024-03-03 13:35:08,ORD101645,Sports,AtRisk,0.833,$25-$50,EU,NH,Loyalty,False,6,20,P7778,44.97,3,False,False
EDGE302154,C12071,Customer,P3027,Product,RETURNS,2025-04-09 03:04:00,ORD100637,Toys,New,0.649,>$250,EU,MS,None,False,3,23,P3027,399.52,3,False,False
EDGE302155,P1578,Product,P9932,Product,ALSO_BOUGHT_WITH,2024-01-15 09:12:17,ORD102395,Automotive,New,0.167,$100-$250,EU,MA,Holiday,False,7,38,P1578,238.1,1,False,False
EDGE302156,C70848,Customer,P2115,Product,RETURNS,2025-06-22 22:23:42,ORD102243,Electronics,AtRisk,0.421,>$250,LATAM,NE,NewArrivals,False,3,29,P2115,329.23,2,False,False
EDGE302157,P3161,Product,P1012,Product,ALSO_BOUGHT_WITH,2024-04-01 13:19:40,ORD101076,Apparel,New,0.103,$100-$250,APAC,MA,Loyalty,False,2,17,P3161,177.17,1,False,False
EDGE302158,C20583,Customer,P2938,Product,PURCHASED,2024-06-07 05:33:02,ORD101243,Sports,AtRisk,0.516,$25-$50,NA,AR,NewArrivals,False,1,68,P2938,46.53,1,False,True
EDGE302159,C33277,Customer,P1077,Product,ADDED_TO_CART,2024-12-05 16:04:26,,Pets,AtRisk,0.675,>$250,NA,ME,Holiday,False,3,35,P1077,321.88,1,False,False
EDGE302160,C13225,Customer,C26311,Customer,REFERRED_FRIEND,2025-05-07 04:00:17,,Grocery,Loyal,0.762,>$250,APAC,SC,NewArrivals,False,1,60,P3595,298.22,1,False,False
EDGE302161,P7342,Product,P5651,Product,ALSO_BOUGHT_WITH,2024-11-27 04:28:01,ORD101543,Toys,Active,0.351,$25-$50,APAC,OR,SpringSale,False,5,85,P7342,36.04,1,False,False
EDGE302162,P4554,Product,P7383,Product,ALSO_BOUGHT_WITH,2025-03-20 21:04:35,ORD100396,Grocery,New,0.79,$50-$100,APAC,AZ,NewArrivals,False,3,82,P4554,55.99,1,False,False
EDGE302163,C14828,Customer,P3507,Product,VIEWED,2024-08-16 23:30:38,,Home,Dormant,0.243,$25-$50,APAC,CA,Clearance,False,2,21,P3507,40.29,1,False,False
EDGE302164,C45171,Customer,P2146,Product,VIEWED,2024-07-12 16:14:34,,Apparel,New,0.288,$50-$100,APAC,KY,Clearance,False,1,5,P2146,79.64,1,False,False
EDGE302165,P4484,Product,P8034,Product,ALSO_BOUGHT_WITH,2024-02-08 15:29:53,ORD100718,Books,AtRisk,0.502,<$25,EU,FL,Loyalty,False,0,35,P4484,22.41,3,False,False
EDGE302166,C76690,Customer,P9250,Product,PURCHASED,2024-08-26 15:17:37,ORD100121,Automotive,Active,0.822,$25-$50,EU,NY,Loyalty,False,2,75,P9250,28.66,1,True,True
EDGE302167,C37704,Customer,P3794,Product,PURCHASED,2025-03-12 15:51:08,ORD101319,Automotive,Active,0.609,>$250,LATAM,CO,SpringSale,False,1,35,P3794,395.47,1,False,True
EDGE302168,C41482,Customer,P8617,Product,VIEWED,2024-05-02 21:12:25,,Grocery,Active,0.494,$100-$250,NA,OH,SpringSale,False,5,49,P8617,222.97,1,False,False
EDGE302169,P7962,Product,P2733,Product,ALSO_BOUGHT_WITH,2024-11-10 15:04:17,ORD100440,Pets,New,0.456,>$250,LATAM,DC,BackToSchool,False,1,5,P7962,440.77,2,False,False
EDGE302170,C74180,Customer,P5701,Product,ADDED_TO_CART,2025-04-04 13:40:38,,Sports,Dormant,0.729,>$250,LATAM,TN,SpringSale,False,9,44,P5701,509.49,1,False,False
EDGE302171,C81155,Customer,P8542,Product,PURCHASED,2025-06-22 12:09:46,ORD102089,Pets,AtRisk,0.97,$25-$50,APAC,IN,Clearance,False,4,49,P8542,39.57,2,False,True
EDGE302172,C75729,Customer,P2908,Product,RETURNS,2024-07-08 19:03:55,ORD102087,Electronics,Active,0.67,$25-$50,APAC,MI,Loyalty,False,2,51,P2908,46.77,2,False,False
EDGE302173,C48575,Customer,P1764,Product,PURCHASED,2024-10-13 22:10:19,ORD100296,Apparel,AtRisk,0.355,<$25,LATAM,NJ,Holiday,False,5,5,P1764,22.97,1,True,True
EDGE302174,C95413,Customer,P1462,Product,ADDED_TO_CART,2025-01-09 18:34:25,,Sports,Loyal,0.869,>$250,EU,MT,SpringSale,False,1,11,P1462,281.18,3,False,False
EDGE302175,C41373,Customer,P6629,Product,RETURNS,2025-03-28 22:41:59,ORD102489,Toys,Loyal,0.788,$50-$100,NA,VT,NewArrivals,False,3,75,P6629,74.92,1,False,False
EDGE302176,P8981,Product,P2138,Product,ALSO_BOUGHT_WITH,2025-04-18 04:32:25,ORD101673,Beauty,Active,0.102,$50-$100,LATAM,OR,BackToSchool,False,3,56,P8981,58.79,1,False,False
EDGE302177,C78346,Customer,P7590,Product,VIEWED,2024-03-20 17:29:47,,Electronics,New,0.443,$25-$50,NA,UT,SpringSale,False,2,29,P7590,48.96,1,False,False
EDGE302178,C33267,Customer,P4382,Product,RETURNS,2024-10-28 12:36:34,ORD101284,Books,New,0.377,$50-$100,EU,WV,SpringSale,False,1,34,P4382,73.99,1,False,False
EDGE302179,C91068,Customer,P5187,Product,PURCHASED,2024-04-12 00:49:15,ORD102224,Beauty,New,0.686,<$25,EU,FL,None,False,4,39,P5187,20.22,1,False,True
EDGE302180,C16438,Customer,P9319,Product,VIEWED,2025-01-21 16:12:16,,Pets,Active,0.406,$100-$250,NA,GA,None,False,4,50,P9319,236.57,1,False,False
EDGE302181,C56253,Customer,P8782,Product,RETURNS,2025-02-20 16:05:29,ORD102267,Electronics,Active,0.593,$50-$100,NA,FL,NewArrivals,False,9,78,P8782,63.49,3,False,False
EDGE302182,C11734,Customer,C38926,Customer,REFERRED_FRIEND,2024-02-02 21:58:42,,Pets,New,0.373,$25-$50,NA,AL,Holiday,False,4,32,P2248,25.76,1,False,False
EDGE302183,C22102,Customer,P3236,Product,VIEWED,2024-07-17 03:33:04,,Grocery,New,0.31,<$25,LATAM,MA,Holiday,False,6,56,P3236,11.34,1,False,False
EDGE302184,C50888,Customer,P6723,Product,VIEWED,2025-03-24 09:57:41,,Books,Loyal,0.707,>$250,LATAM,IL,SpringSale,False,2,44,P6723,326.84,1,False,False
EDGE302185,C19842,Customer,P2978,Product,ADDED_TO_CART,2024-01-11 08:08:58,,Electronics,Dormant,0.653,>$250,APAC,MO,Loyalty,False,2,38,P2978,326.74,1,False,False
EDGE302186,C68863,Customer,P5566,Product,VIEWED,2024-06-10 20:51:39,,Beauty,Active,0.6,$25-$50,EU,OR,NewArrivals,False,4,16,P5566,28.47,1,False,False
EDGE302187,C29244,Customer,P4424,Product,ADDED_TO_CART,2024-10-12 05:29:29,,Electronics,Loyal,0.346,$50-$100,EU,AZ,NewArrivals,False,5,31,P4424,77.59,2,False,False
EDGE302188,C95357,Customer,P2175,Product,VIEWED,2024-07-25 22:33:12,,Toys,Dormant,0.893,$100-$250,EU,CO,SpringSale,False,0,77,P2175,196.99,1,False,False
EDGE302189,C32793,Customer,P4655,Product,VIEWED,2025-02-03 20:22:26,,Beauty,Loyal,0.629,$25-$50,NA,WI,Holiday,False,5,37,P4655,42.96,1,False,False
EDGE302190,C12908,Customer,P3702,Product,PURCHASED,2024-01-02 12:24:07,ORD101837,Pets,Loyal,0.813,>$250,EU,MO,BackToSchool,False,3,12,P3702,344.14,1,False,True
EDGE302191,P4758,Product,P7516,Product,ALSO_BOUGHT_WITH,2024-04-22 11:34:15,ORD100828,Grocery,New,0.271,$25-$50,NA,NC,NewArrivals,False,1,48,P4758,44.94,1,False,False
EDGE302192,P2160,Product,P9901,Product,ALSO_BOUGHT_WITH,2024-07-31 20:51:11,ORD102248,Grocery,New,0.294,<$25,EU,OK,BackToSchool,False,0,44,P2160,19.26,3,False,False
EDGE302193,C77053,Customer,P2786,Product,VIEWED,2024-12-26 03:06:26,,Sports,AtRisk,0.794,$50-$100,APAC,UT,SpringSale,False,8,21,P2786,69.63,2,False,False
EDGE302194,C95594,Customer,P8001,Product,PURCHASED,2024-05-01 17:27:00,ORD102168,Toys,Loyal,0.897,<$25,EU,TX,BackToSchool,False,1,70,P8001,20.38,3,True,True
EDGE302195,C50082,Customer,P5484,Product,VIEWED,2024-12-20 20:04:33,,Automotive,Active,0.383,>$250,NA,NJ,Loyalty,False,3,47,P5484,279.85,1,False,False
EDGE302196,C26866,Customer,P8768,Product,VIEWED,2024-09-14 17:13:05,,Apparel,Loyal,0.21,$50-$100,NA,OR,Clearance,False,4,33,P8768,54.09,1,False,False
EDGE302197,C89178,Customer,C46109,Customer,REFERRED_FRIEND,2024-02-10 02:21:25,,Automotive,New,0.311,$100-$250,NA,SC,SpringSale,False,3,21,P2679,168.16,1,False,False
EDGE302198,C21990,Customer,P1311,Product,PURCHASED,2025-02-06 04:26:09,ORD102407,Sports,New,0.627,>$250,EU,SD,Holiday,False,2,19,P1311,322.18,1,False,True
EDGE302199,C56721,Customer,P9009,Product,PURCHASED,2025-02-01 22:06:19,ORD102089,Sports,New,0.561,$50-$100,LATAM,MS,SpringSale,False,3,63,P9009,81.1,2,False,True
EDGE302200,C22432,Customer,C54543,Customer,REFERRED_FRIEND,2025-03-23 05:55:12,,Beauty,AtRisk,0.848,<$25,LATAM,OK,Holiday,False,1,11,P4584,16.4,2,False,False
EDGE302201,P9928,Product,P2536,Product,ALSO_BOUGHT_WITH,2025-06-08 01:30:55,ORD101042,Books,Loyal,0.871,$25-$50,EU,PA,Loyalty,False,4,28,P9928,45.81,3,False,False
EDGE302202,C80708,Customer,P8595,Product,RETURNS,2025-01-07 06:37:45,ORD100514,Apparel,AtRisk,0.798,$25-$50,LATAM,MS,Clearance,False,2,88,P8595,47.89,1,False,False
EDGE302203,C61317,Customer,P1823,Product,VIEWED,2024-01-23 17:16:08,,Beauty,Active,0.333,$50-$100,NA,TN,Loyalty,False,5,58,P1823,77.81,1,False,False
EDGE302204,C27668,Customer,P2944,Product,PURCHASED,2025-04-30 16:06:00,ORD101597,Grocery,AtRisk,0.399,<$25,LATAM,IN,Loyalty,False,6,61,P2944,15.73,1,False,True
EDGE302205,C50450,Customer,P4031,Product,PURCHASED,2024-04-21 05:28:17,ORD100590,Toys,AtRisk,0.546,$100-$250,APAC,MA,Holiday,False,2,59,P4031,162.12,1,False,True
EDGE302206,C55778,Customer,P3997,Product,VIEWED,2025-01-13 15:31:50,,Pets,Loyal,0.665,$25-$50,EU,CT,Holiday,False,3,49,P3997,31.19,1,False,False
EDGE302207,C83731,Customer,P8279,Product,ADDED_TO_CART,2024-10-02 00:46:04,,Grocery,Active,0.7,$25-$50,NA,TX,Clearance,False,5,95,P8279,37.09,2,False,False
EDGE302208,C50245,Customer,P8710,Product,VIEWED,2025-06-29 22:30:45,,Grocery,Active,0.751,$50-$100,LATAM,IL,Holiday,False,4,11,P8710,56.7,1,False,False
EDGE302209,C13188,Customer,P9415,Product,ADDED_TO_CART,2024-09-29 23:40:10,,Electronics,AtRisk,0.364,$100-$250,EU,RI,SpringSale,False,5,70,P9415,200.9,1,False,False
EDGE302210,C32770,Customer,P5026,Product,ADDED_TO_CART,2025-04-25 13:44:33,,Pets,Active,0.855,>$250,APAC,OH,NewArrivals,False,4,58,P5026,364.89,2,False,False
EDGE302211,C35568,Customer,C75087,Customer,REFERRED_FRIEND,2024-05-10 08:41:41,,Home,AtRisk,0.393,$50-$100,APAC,DC,SpringSale,False,3,53,P9102,53.95,1,False,False
EDGE302212,C74719,Customer,P7272,Product,VIEWED,2024-01-16 22:58:34,,Books,AtRisk,0.326,$100-$250,NA,OR,Loyalty,False,3,62,P7272,144.41,4,False,False
EDGE302213,C67250,Customer,P8810,Product,VIEWED,2025-06-26 15:36:05,,Home,Loyal,0.837,$25-$50,EU,RI,None,False,2,52,P8810,36.92,1,False,False
EDGE302214,C96131,Customer,C95847,Customer,REFERRED_FRIEND,2024-04-02 07:09:30,,Sports,New,0.157,>$250,LATAM,DE,NewArrivals,False,4,14,P3974,325.15,1,False,False
EDGE302215,C12915,Customer,P1366,Product,VIEWED,2024-01-06 05:13:29,,Home,AtRisk,0.821,$50-$100,LATAM,KS,Clearance,False,3,76,P1366,64.22,1,False,False
EDGE302216,C42225,Customer,P6406,Product,VIEWED,2025-04-04 08:45:12,,Electronics,AtRisk,0.883,$50-$100,EU,IL,Loyalty,False,5,97,P6406,96.15,1,False,False
EDGE302217,C64509,Customer,P7012,Product,VIEWED,2024-07-13 09:31:15,,Beauty,AtRisk,0.687,$25-$50,LATAM,LA,Holiday,False,4,76,P7012,37.35,1,False,False
EDGE302218,C16751,Customer,P6952,Product,VIEWED,2025-03-08 20:35:14,,Apparel,Active,0.442,$25-$50,NA,WA,None,False,2,93,P6952,26.32,2,False,False
EDGE302219,C28116,Customer,P3936,Product,ADDED_TO_CART,2024-01-13 10:50:41,,Home,AtRisk,0.39,$100-$250,LATAM,FL,None,False,3,44,P3936,153.84,2,False,False
EDGE302220,C26897,Customer,P5356,Product,PURCHASED,2025-01-25 15:16:00,ORD100027,Pets,Loyal,0.354,<$25,LATAM,MD,Clearance,False,1,68,P5356,24.08,1,True,True
EDGE302221,C22957,Customer,P6045,Product,VIEWED,2024-12-07 07:28:01,,Beauty,New,0.42,>$250,NA,MO,Clearance,False,3,67,P6045,907.58,1,False,False
EDGE302222,C56629,Customer,P2383,Product,PURCHASED,2025-04-16 22:38:23,ORD101258,Pets,Loyal,0.908,$25-$50,EU,OK,Loyalty,False,2,66,P2383,47.17,3,False,True
EDGE302223,C17600,Customer,P8966,Product,RETURNS,2025-03-18 01:24:23,ORD100550,Electronics,AtRisk,0.914,$25-$50,NA,ND,Holiday,False,0,117,P8966,32.01,2,False,False
EDGE302224,P1058,Product,P3055,Product,ALSO_BOUGHT_WITH,2024-10-10 00:37:09,ORD101845,Beauty,AtRisk,0.442,$50-$100,EU,WA,NewArrivals,False,1,62,P1058,98.37,1,False,False
EDGE302225,C17379,Customer,P2552,Product,VIEWED,2024-06-28 21:03:44,,Pets,Active,0.219,$100-$250,APAC,DE,Clearance,False,3,37,P2552,161.57,1,False,False
EDGE302226,C76632,Customer,P3488,Product,VIEWED,2025-05-02 19:35:21,,Beauty,New,0.157,>$250,NA,WA,Loyalty,False,2,33,P3488,315.4,1,False,False
EDGE302227,P8938,Product,P2753,Product,ALSO_BOUGHT_WITH,2024-06-03 04:37:00,ORD101691,Grocery,Active,0.965,$100-$250,NA,VA,Holiday,False,3,67,P8938,241.83,2,False,False
EDGE302228,C44514,Customer,P4402,Product,PURCHASED,2024-05-31 13:58:15,ORD100800,Pets,AtRisk,0.37,$50-$100,EU,UT,Clearance,False,3,79,P4402,85.64,2,False,True
EDGE302229,C72653,Customer,P5954,Product,VIEWED,2024-09-30 16:55:23,,Sports,Loyal,0.825,$100-$250,APAC,PA,Loyalty,False,1,33,P5954,102.73,1,False,False
EDGE302230,C76968,Customer,P9082,Product,VIEWED,2024-12-18 19:51:43,,Pets,AtRisk,0.161,$25-$50,EU,AZ,Loyalty,False,3,39,P9082,30.37,2,False,False
EDGE302231,C87345,Customer,P3807,Product,PURCHASED,2025-04-21 12:06:22,ORD100183,Toys,Active,0.881,<$25,LATAM,MO,SpringSale,False,3,95,P3807,11.61,1,False,True
EDGE302232,C88395,Customer,P2019,Product,ADDED_TO_CART,2024-11-10 01:48:21,,Home,Active,0.401,$100-$250,APAC,NC,Clearance,False,4,62,P2019,185.29,2,False,False
EDGE302233,C13716,Customer,P7980,Product,VIEWED,2024-12-16 04:36:23,,Pets,New,0.734,$50-$100,EU,WV,BackToSchool,False,2,37,P7980,61.52,2,False,False
EDGE302234,C80351,Customer,P4185,Product,PURCHASED,2024-02-07 23:59:55,ORD100715,Grocery,AtRisk,0.235,>$250,NA,DE,NewArrivals,False,3,30,P4185,353.76,1,False,True
EDGE302235,C61577,Customer,P3561,Product,RETURNS,2024-11-08 19:55:11,ORD101512,Sports,AtRisk,0.671,$25-$50,APAC,MT,Holiday,False,4,52,P3561,44.07,1,False,False
EDGE302236,C39360,Customer,P2405,Product,PURCHASED,2024-01-07 01:02:04,ORD102039,Books,AtRisk,0.867,$25-$50,EU,ME,SpringSale,False,2,33,P2405,27.59,1,False,True
EDGE302237,C39243,Customer,P4227,Product,VIEWED,2025-03-21 19:31:26,,Sports,AtRisk,0.847,$100-$250,EU,UT,BackToSchool,False,3,92,P4227,248.31,1,False,False
EDGE302238,C17886,Customer,P4589,Product,ADDED_TO_CART,2024-09-17 08:51:50,,Sports,AtRisk,0.143,$25-$50,LATAM,ME,NewArrivals,False,3,26,P4589,38.66,1,False,False
EDGE302239,C22300,Customer,C70331,Customer,REFERRED_FRIEND,2025-05-06 08:04:43,,Beauty,New,0.444,>$250,EU,WV,Holiday,True,1,30,P2720,261.19,1,False,False
EDGE302240,C23142,Customer,P3904,Product,PURCHASED,2025-03-17 19:47:13,ORD101188,Beauty,Loyal,0.121,$25-$50,LATAM,GA,Clearance,False,3,53,P3904,29.04,1,False,True
EDGE302241,P9510,Product,P6541,Product,ALSO_BOUGHT_WITH,2024-11-22 00:32:46,ORD101946,Sports,Loyal,0.431,$50-$100,LATAM,AR,SpringSale,False,2,5,P9510,59.0,1,False,False
EDGE302242,P8403,Product,P3233,Product,ALSO_BOUGHT_WITH,2024-09-06 02:33:55,ORD102161,Apparel,New,0.363,$25-$50,NA,KY,Clearance,False,1,57,P8403,33.79,2,False,False
EDGE302243,C98974,Customer,P2908,Product,PURCHASED,2024-12-24 13:01:30,ORD101372,Sports,Loyal,0.961,>$250,EU,IA,None,False,4,125,P2908,320.68,1,False,True
EDGE302244,C91329,Customer,C70869,Customer,REFERRED_FRIEND,2024-06-13 20:43:49,,Apparel,AtRisk,0.825,$25-$50,APAC,KY,Clearance,False,3,64,P6928,46.63,1,False,False
EDGE302245,P1481,Product,P5721,Product,ALSO_BOUGHT_WITH,2024-12-26 16:27:17,ORD102499,Apparel,Active,0.879,$50-$100,EU,MO,NewArrivals,False,0,14,P1481,59.23,1,False,False
EDGE302246,C17674,Customer,P5016,Product,VIEWED,2024-03-03 07:22:40,,Books,Active,0.868,$25-$50,NA,ND,Loyalty,False,0,5,P5016,42.23,1,False,False
EDGE302247,C53005,Customer,P8980,Product,ADDED_TO_CART,2025-01-16 06:38:24,,Automotive,New,0.619,$100-$250,EU,NE,Loyalty,False,3,5,P8980,166.29,1,False,False
EDGE302248,C23544,Customer,C53589,Customer,REFERRED_FRIEND,2025-04-27 08:03:01,,Apparel,Active,0.98,<$25,APAC,IL,SpringSale,False,3,59,P6070,15.5,1,False,False
EDGE302249,C38776,Customer,C27877,Customer,REFERRED_FRIEND,2025-03-10 14:43:46,,Sports,New,0.351,$25-$50,LATAM,AR,Clearance,False,4,20,P1144,27.09,1,False,False
EDGE302250,P9974,Product,P9271,Product,ALSO_BOUGHT_WITH,2025-06-27 08:38:11,ORD101929,Beauty,Dormant,0.237,$100-$250,EU,TX,Loyalty,False,5,23,P9974,137.81,2,False,False
EDGE302251,C52717,Customer,P5762,Product,ADDED_TO_CART,2024-03-01 23:32:46,,Electronics,Active,0.676,$100-$250,EU,KY,Holiday,False,1,90,P5762,163.5,1,False,False
EDGE302252,C75302,Customer,P9710,Product,ADDED_TO_CART,2024-06-09 02:21:20,,Sports,New,0.557,<$25,APAC,VA,SpringSale,False,4,26,P9710,11.19,1,False,False
EDGE302253,P4958,Product,P1291,Product,ALSO_BOUGHT_WITH,2024-07-12 10:01:17,ORD102409,Automotive,Active,0.311,>$250,LATAM,AL,None,False,2,53,P4958,309.23,3,False,False
EDGE302254,P6450,Product,P8811,Product,ALSO_BOUGHT_WITH,2024-07-08 09:28:33,ORD100022,Pets,Active,0.999,$25-$50,NA,MA,None,False,3,23,P6450,35.25,1,False,False
EDGE302255,P2447,Product,P4690,Product,ALSO_BOUGHT_WITH,2024-04-22 15:13:30,ORD101953,Apparel,Active,0.974,<$25,LATAM,IN,NewArrivals,False,2,46,P2447,23.02,1,False,False
EDGE302256,C53094,Customer,P7376,Product,VIEWED,2024-02-26 10:37:38,,Grocery,Active,0.276,>$250,NA,GA,Holiday,False,1,35,P7376,287.4,1,False,False
EDGE302257,C31408,Customer,P9920,Product,PURCHASED,2024-03-22 14:12:21,ORD100763,Apparel,Loyal,0.832,<$25,NA,VT,NewArrivals,False,5,50,P9920,13.26,1,False,False
EDGE302258,C55138,Customer,P4043,Product,VIEWED,2024-09-25 18:59:51,,Automotive,New,0.71,$50-$100,NA,ME,Holiday,False,1,17,P4043,66.78,1,False,False
EDGE302259,C33653,Customer,P7015,Product,VIEWED,2024-06-04 21:18:17,,Toys,Loyal,0.435,$25-$50,NA,NM,BackToSchool,False,2,71,P7015,44.72,2,False,False
EDGE302260,C77444,Customer,P1003,Product,VIEWED,2024-08-08 08:05:40,,Books,New,0.296,$50-$100,NA,WA,BackToSchool,False,4,53,P1003,61.37,1,False,False
EDGE302261,P2927,Product,P9346,Product,ALSO_BOUGHT_WITH,2025-01-06 20:31:14,ORD102017,Books,AtRisk,0.198,<$25,LATAM,NV,SpringSale,False,5,84,P2927,12.63,1,False,False
EDGE302262,C56047,Customer,P6744,Product,ADDED_TO_CART,2024-02-24 19:02:17,,Grocery,AtRisk,0.193,$25-$50,NA,MT,Holiday,False,3,5,P6744,32.99,1,False,False
EDGE302263,C66836,Customer,P7900,Product,PURCHASED,2024-06-20 02:42:37,ORD100998,Pets,Active,0.939,<$25,EU,CO,Loyalty,False,2,67,P7900,24.07,1,False,True
EDGE302264,C20554,Customer,P4552,Product,VIEWED,2025-02-10 21:57:57,,Electronics,Loyal,0.227,<$25,LATAM,HI,BackToSchool,False,3,46,P4552,10.79,2,False,False
EDGE302265,C51354,Customer,P8198,Product,VIEWED,2025-06-22 19:41:28,,Apparel,New,0.437,$25-$50,NA,IA,Loyalty,False,6,53,P8198,41.24,1,False,False
EDGE302266,C83132,Customer,P8615,Product,ADDED_TO_CART,2024-11-14 06:36:43,,Grocery,Loyal,0.754,$25-$50,NA,UT,Loyalty,False,4,34,P8615,47.21,1,False,False
EDGE302267,C29326,Customer,P5631,Product,PURCHASED,2024-02-09 22:27:06,ORD100839,Pets,Loyal,0.929,>$250,EU,WI,Holiday,False,3,28,P5631,358.12,1,False,True
EDGE302268,C93456,Customer,P3395,Product,VIEWED,2025-06-12 18:06:40,,Beauty,Loyal,0.62,$25-$50,LATAM,HI,BackToSchool,False,0,39,P3395,40.41,1,False,False
EDGE302269,C11503,Customer,P2250,Product,VIEWED,2024-01-15 06:38:41,,Pets,Loyal,0.172,$50-$100,APAC,AZ,SpringSale,False,2,66,P2250,78.22,1,False,False
EDGE302270,C60656,Customer,P3523,Product,ADDED_TO_CART,2024-12-13 16:07:51,,Pets,Active,0.111,$25-$50,NA,MD,Holiday,False,6,100,P3523,34.97,1,False,False
EDGE302271,C46415,Customer,P2926,Product,VIEWED,2024-07-08 22:32:32,,Pets,AtRisk,0.949,>$250,NA,ME,Clearance,False,6,51,P2926,271.92,1,False,False
EDGE302272,C21127,Customer,P3176,Product,VIEWED,2025-04-17 06:15:29,,Sports,Active,0.547,$50-$100,APAC,ND,BackToSchool,False,4,19,P3176,98.48,1,False,False
EDGE302273,C29589,Customer,P2594,Product,VIEWED,2024-11-15 20:00:16,,Sports,Active,0.833,$25-$50,NA,NJ,SpringSale,False,5,53,P2594,30.88,1,False,False
EDGE302274,P3075,Product,P8037,Product,ALSO_BOUGHT_WITH,2024-08-09 14:45:30,ORD101087,Automotive,Active,0.495,$50-$100,EU,TX,Clearance,False,3,67,P3075,58.4,1,False,False
EDGE302275,C61910,Customer,P8182,Product,ADDED_TO_CART,2025-06-02 04:08:09,,Books,Dormant,0.887,$50-$100,APAC,SC,Holiday,False,3,68,P8182,74.66,1,False,False
EDGE302276,P2979,Product,P6364,Product,ALSO_BOUGHT_WITH,2024-02-02 06:27:22,ORD101223,Home,AtRisk,0.302,>$250,LATAM,UT,Clearance,False,5,65,P2979,367.86,1,False,False
EDGE302277,P9485,Product,P7458,Product,ALSO_BOUGHT_WITH,2025-02-08 19:49:48,ORD100003,Pets,Active,0.667,$100-$250,LATAM,GA,SpringSale,False,2,72,P9485,235.77,2,False,False
EDGE302278,C22376,Customer,P8307,Product,PURCHASED,2024-06-23 08:59:04,ORD100197,Home,Loyal,0.204,$25-$50,NA,PA,Holiday,False,3,52,P8307,39.88,2,False,True
EDGE302279,C65937,Customer,P1702,Product,VIEWED,2024-05-20 00:41:40,,Beauty,New,0.232,$100-$250,APAC,SD,SpringSale,False,4,77,P1702,139.05,1,False,False
EDGE302280,C25090,Customer,P3688,Product,VIEWED,2024-05-03 00:54:24,,Automotive,New,0.77,<$25,NA,IN,Loyalty,False,4,31,P3688,22.75,3,False,False
EDGE302281,C34227,Customer,P2259,Product,ADDED_TO_CART,2024-08-16 01:13:16,,Toys,Active,0.688,$25-$50,LATAM,AZ,BackToSchool,False,8,9,P2259,28.31,1,False,False
EDGE302282,C76001,Customer,P1139,Product,ADDED_TO_CART,2024-02-04 00:50:22,,Grocery,Loyal,0.135,$50-$100,NA,CO,SpringSale,False,2,57,P1139,50.31,2,False,False
EDGE302283,P9332,Product,P9036,Product,ALSO_BOUGHT_WITH,2025-03-22 03:46:01,ORD101369,Beauty,New,0.629,$25-$50,APAC,AK,Clearance,False,3,38,P9332,37.08,1,False,False
EDGE302284,C76753,Customer,P2062,Product,ADDED_TO_CART,2024-01-12 04:36:40,,Beauty,New,0.511,$100-$250,APAC,DC,Clearance,False,9,70,P2062,192.92,1,False,False
EDGE302285,P4386,Product,P1308,Product,ALSO_BOUGHT_WITH,2024-04-06 20:48:26,ORD100983,Sports,Active,0.788,>$250,EU,NY,SpringSale,False,2,62,P4386,250.17,2,False,False
EDGE302286,C19653,Customer,P6401,Product,VIEWED,2024-12-03 02:29:42,,Grocery,Active,0.332,>$250,LATAM,LA,Clearance,False,4,35,P6401,292.77,1,False,False
EDGE302287,C74318,Customer,P1493,Product,VIEWED,2024-01-13 10:16:43,,Home,Active,0.141,$50-$100,EU,VA,None,False,2,35,P1493,53.67,2,False,False
EDGE302288,P7196,Product,P6008,Product,ALSO_BOUGHT_WITH,2025-03-02 19:58:00,ORD100005,Toys,Loyal,0.717,$50-$100,NA,WY,BackToSchool,False,1,40,P7196,74.02,2,False,False
EDGE302289,C83255,Customer,P7385,Product,VIEWED,2025-06-27 18:08:27,,Pets,Dormant,0.423,<$25,NA,VA,Clearance,False,1,24,P7385,11.43,1,False,False
EDGE302290,C54718,Customer,P6925,Product,ADDED_TO_CART,2024-11-19 20:18:19,,Beauty,AtRisk,0.106,$25-$50,LATAM,HI,NewArrivals,False,4,57,P6925,28.94,1,False,False
EDGE302291,C99888,Customer,P4591,Product,ADDED_TO_CART,2024-05-10 10:16:55,,Automotive,Active,0.391,$25-$50,APAC,OR,None,False,5,5,P4591,32.79,1,False,False
EDGE302292,C49749,Customer,P4333,Product,PURCHASED,2025-05-02 07:20:16,ORD102044,Electronics,Loyal,0.192,$50-$100,NA,NC,Holiday,False,2,27,P4333,66.94,2,False,True
EDGE302293,C72451,Customer,P6710,Product,VIEWED,2024-01-01 06:00:11,,Toys,AtRisk,0.586,>$250,NA,LA,Loyalty,False,4,23,P6710,332.41,2,False,False
EDGE302294,C53084,Customer,P5671,Product,ADDED_TO_CART,2024-06-08 02:06:39,,Apparel,Active,0.406,$100-$250,LATAM,OH,None,False,4,22,P5671,232.82,1,False,False
EDGE302295,P7339,Product,P4407,Product,ALSO_BOUGHT_WITH,2024-11-09 09:13:39,ORD101219,Beauty,Dormant,0.127,$100-$250,NA,NM,Holiday,False,0,60,P7339,166.11,2,False,False
EDGE302296,C55305,Customer,P1838,Product,PURCHASED,2024-11-29 08:10:46,ORD100793,Grocery,Dormant,0.521,$50-$100,NA,AZ,Loyalty,False,5,5,P1838,72.95,2,False,True
EDGE302297,C86743,Customer,P5106,Product,ADDED_TO_CART,2025-02-20 17:47:36,,Pets,Loyal,0.152,>$250,APAC,VT,Clearance,False,2,33,P5106,299.08,1,False,False
EDGE302298,P5970,Product,P8119,Product,ALSO_BOUGHT_WITH,2025-03-18 05:12:59,ORD102165,Pets,Active,0.642,$25-$50,APAC,AR,Holiday,False,3,60,P5970,45.89,1,False,False
EDGE302299,C78685,Customer,P1141,Product,VIEWED,2024-10-05 23:18:24,,Automotive,Active,0.933,$100-$250,LATAM,DE,None,False,4,80,P1141,172.74,2,False,False
EDGE302300,C69925,Customer,P9761,Product,VIEWED,2024-03-22 16:44:54,,Toys,Loyal,0.595,>$250,NA,UT,Holiday,False,3,61,P9761,390.76,1,False,False
EDGE302301,C64214,Customer,P5988,Product,PURCHASED,2025-06-03 03:51:13,ORD100516,Sports,New,0.776,$50-$100,EU,ND,None,False,0,36,P5988,54.46,1,False,True
EDGE302302,C11571,Customer,P2539,Product,ADDED_TO_CART,2024-10-01 15:36:15,,Sports,Loyal,0.195,$100-$250,LATAM,NH,BackToSchool,False,5,56,P2539,246.96,1,False,False
EDGE302303,P8941,Product,P9781,Product,ALSO_BOUGHT_WITH,2024-05-02 06:23:52,ORD101600,Beauty,Active,0.994,$25-$50,NA,TN,Loyalty,False,6,5,P8941,49.98,2,False,False
EDGE302304,P3911,Product,P5389,Product,ALSO_BOUGHT_WITH,2024-03-07 19:15:19,ORD100675,Apparel,Active,0.97,$100-$250,LATAM,PA,Holiday,False,7,54,P3911,242.28,1,False,False
EDGE302305,C51933,Customer,P4615,Product,PURCHASED,2024-03-19 21:07:13,ORD101928,Home,New,0.383,>$250,EU,KY,Clearance,False,2,20,P4615,339.93,1,False,True
EDGE302306,C88890,Customer,P8563,Product,VIEWED,2024-04-30 17:00:34,,Toys,New,0.953,$50-$100,EU,CA,BackToSchool,False,2,98,P8563,50.31,2,False,False
EDGE302307,C83999,Customer,P2386,Product,VIEWED,2025-01-07 21:45:16,,Books,Loyal,0.777,>$250,LATAM,DC,NewArrivals,False,2,95,P2386,391.63,3,False,False
EDGE302308,C81428,Customer,P9054,Product,PURCHASED,2024-12-16 07:27:49,ORD101755,Sports,Active,0.136,<$25,APAC,AL,Holiday,False,3,46,P9054,22.23,2,True,True
EDGE302309,C89563,Customer,P8139,Product,RETURNS,2024-12-28 21:32:51,ORD102347,Toys,Active,0.677,<$25,LATAM,IA,None,False,8,58,P8139,10.96,1,False,False
EDGE302310,C37774,Customer,P5748,Product,PURCHASED,2025-05-18 16:37:02,ORD100520,Home,Active,0.61,$50-$100,APAC,NH,SpringSale,False,3,16,P5748,71.31,1,False,False
EDGE302311,C57490,Customer,P5894,Product,VIEWED,2024-07-17 12:58:28,,Home,Dormant,0.42,$50-$100,EU,IA,None,False,2,50,P5894,50.09,2,False,False
EDGE302312,C76444,Customer,P5031,Product,PURCHASED,2024-11-14 05:44:58,ORD102005,Sports,Active,0.677,$25-$50,NA,OR,SpringSale,False,5,79,P5031,31.56,1,False,True
EDGE302313,C46960,Customer,P1692,Product,ADDED_TO_CART,2024-06-22 18:13:52,,Grocery,AtRisk,0.441,>$250,EU,GA,SpringSale,False,3,14,P1692,329.9,1,False,False
EDGE302314,P8271,Product,P5479,Product,ALSO_BOUGHT_WITH,2024-09-25 09:01:37,ORD101342,Sports,Loyal,0.756,$25-$50,APAC,OK,NewArrivals,False,6,44,P8271,48.01,1,False,False
EDGE302315,C95280,Customer,C53768,Customer,REFERRED_FRIEND,2025-05-10 04:27:56,,Electronics,AtRisk,0.842,>$250,EU,WI,SpringSale,False,3,24,P2310,313.53,3,False,False
EDGE302316,C25243,Customer,P6230,Product,RETURNS,2025-02-09 03:34:04,ORD101047,Sports,Loyal,0.167,$100-$250,APAC,MT,Loyalty,False,3,69,P6230,175.77,1,False,False
EDGE302317,C11516,Customer,P5889,Product,VIEWED,2025-06-06 11:24:08,,Apparel,New,0.956,$25-$50,APAC,KY,Holiday,False,3,45,P5889,27.15,1,False,False
EDGE302318,C80490,Customer,P2587,Product,VIEWED,2025-04-14 15:16:14,,Pets,New,0.519,$25-$50,NA,MD,Loyalty,False,2,60,P2587,34.28,1,False,False
EDGE302319,C79760,Customer,P4158,Product,PURCHASED,2024-01-29 20:20:28,ORD100891,Apparel,Loyal,0.727,$25-$50,LATAM,DE,None,False,1,61,P4158,40.83,2,False,True
EDGE302320,C61882,Customer,P9378,Product,PURCHASED,2025-06-26 15:55:24,ORD100378,Toys,Active,0.408,$50-$100,LATAM,LA,Holiday,False,3,30,P9378,61.37,1,True,True
EDGE302321,P9805,Product,P9734,Product,ALSO_BOUGHT_WITH,2024-02-11 16:12:44,ORD100783,Beauty,New,0.64,$25-$50,APAC,AL,BackToSchool,False,2,17,P9805,43.84,2,False,False
EDGE302322,C31672,Customer,P1176,Product,VIEWED,2024-07-22 07:42:53,,Home,New,0.805,$50-$100,APAC,MO,NewArrivals,False,2,21,P1176,75.28,1,False,False
EDGE302323,C14164,Customer,P3500,Product,VIEWED,2025-03-20 21:15:02,,Sports,Active,0.589,<$25,EU,FL,BackToSchool,False,1,96,P3500,20.33,1,False,False
EDGE302324,C15882,Customer,P2156,Product,VIEWED,2024-09-08 23:23:24,,Apparel,Active,0.502,$100-$250,APAC,TX,Clearance,False,4,5,P2156,142.58,1,False,False
EDGE302325,C85168,Customer,P8661,Product,VIEWED,2024-01-16 10:51:10,,Pets,Loyal,0.629,<$25,NA,DC,None,False,1,44,P8661,21.57,2,False,False
EDGE302326,C41106,Customer,C55419,Customer,REFERRED_FRIEND,2025-02-17 20:01:34,,Home,Active,0.839,$50-$100,NA,HI,BackToSchool,False,1,58,P6864,93.97,1,False,False
EDGE302327,C28885,Customer,P3571,Product,PURCHASED,2025-03-12 09:23:39,ORD100434,Books,New,0.905,$25-$50,LATAM,AK,None,False,4,82,P3571,33.06,1,False,True
EDGE302328,C36715,Customer,P3495,Product,ADDED_TO_CART,2024-11-18 07:17:45,,Beauty,AtRisk,0.543,$50-$100,APAC,GA,Clearance,False,5,41,P3495,98.64,2,False,False
EDGE302329,C59928,Customer,P3988,Product,ADDED_TO_CART,2025-05-18 04:17:32,,Books,New,0.967,$100-$250,LATAM,KY,BackToSchool,False,1,60,P3988,225.94,3,False,False
EDGE302330,C86164,Customer,P9056,Product,VIEWED,2025-01-12 12:13:29,,Sports,AtRisk,0.25,$25-$50,NA,MD,Holiday,False,4,58,P9056,26.69,1,False,False
EDGE302331,C57351,Customer,C31585,Customer,REFERRED_FRIEND,2025-03-09 09:20:05,,Sports,Active,0.81,<$25,EU,MS,Clearance,False,3,52,P6893,20.69,1,False,False
EDGE302332,C37150,Customer,P4185,Product,VIEWED,2024-10-18 02:07:04,,Electronics,Loyal,0.656,$25-$50,EU,OH,Holiday,False,4,38,P4185,49.3,3,False,False
EDGE302333,C66290,Customer,P8307,Product,VIEWED,2024-08-21 12:17:09,,Sports,Active,0.571,>$250,APAC,WY,None,False,3,33,P8307,291.65,1,False,False
EDGE302334,P9314,Product,P1836,Product,ALSO_BOUGHT_WITH,2024-07-22 21:57:14,ORD102266,Sports,Active,0.672,$100-$250,APAC,ME,SpringSale,False,3,5,P9314,200.95,1,False,False
EDGE302335,C31035,Customer,C66906,Customer,REFERRED_FRIEND,2024-01-27 08:53:11,,Pets,New,0.372,>$250,NA,MI,Clearance,False,4,63,P8715,269.69,1,False,False
EDGE302336,C47245,Customer,P5783,Product,ADDED_TO_CART,2024-01-26 09:04:00,,Books,Active,0.379,$25-$50,APAC,KS,Loyalty,False,5,85,P5783,37.05,2,False,False
EDGE302337,C26970,Customer,P6859,Product,VIEWED,2024-08-13 04:24:56,,Automotive,Active,0.375,<$25,LATAM,CA,Clearance,False,2,77,P6859,11.86,1,False,False
EDGE302338,C78797,Customer,P8326,Product,PURCHASED,2025-03-21 07:53:31,ORD102136,Sports,AtRisk,0.623,$50-$100,EU,VA,Loyalty,False,0,29,P8326,72.67,1,True,True
EDGE302339,C48962,Customer,P1416,Product,PURCHASED,2025-01-05 06:25:03,ORD102075,Home,Dormant,0.8,$25-$50,LATAM,CT,Holiday,False,7,39,P1416,42.84,1,False,False
EDGE302340,C73304,Customer,P5509,Product,VIEWED,2024-06-03 13:35:16,,Beauty,Active,0.903,$100-$250,NA,DC,Clearance,False,4,88,P5509,197.82,1,False,False
EDGE302341,C81806,Customer,P4203,Product,VIEWED,2025-05-19 16:27:32,,Sports,Active,0.845,>$250,EU,CO,None,False,1,43,P4203,281.59,1,False,False
EDGE302342,C86360,Customer,P1791,Product,VIEWED,2024-02-26 04:54:04,,Grocery,AtRisk,0.432,$50-$100,NA,MD,NewArrivals,False,6,61,P1791,65.11,3,False,False
EDGE302343,C88920,Customer,P1410,Product,ADDED_TO_CART,2024-07-07 04:59:17,,Beauty,Active,0.945,$50-$100,NA,OH,NewArrivals,False,0,20,P1410,61.03,1,False,False
EDGE302344,C27324,Customer,P8431,Product,VIEWED,2024-02-09 20:55:30,,Sports,Active,0.733,$50-$100,NA,CA,None,False,2,27,P8431,68.96,1,False,False
EDGE302345,C64708,Customer,P4315,Product,VIEWED,2024-11-06 18:00:00,,Home,Active,0.51,$25-$50,NA,DE,NewArrivals,False,3,46,P4315,28.97,1,False,False
EDGE302346,C95394,Customer,P4119,Product,RETURNS,2024-03-01 05:46:59,ORD100824,Automotive,New,0.22,$100-$250,LATAM,ME,Holiday,False,2,40,P4119,175.73,1,False,False
EDGE302347,C68131,Customer,P7642,Product,VIEWED,2025-03-10 21:19:42,,Electronics,Loyal,0.132,$100-$250,APAC,MN,Clearance,False,3,80,P7642,157.63,1,False,False
EDGE302348,P9254,Product,P3493,Product,ALSO_BOUGHT_WITH,2025-02-15 18:46:05,ORD101831,Toys,New,0.107,<$25,EU,ME,BackToSchool,False,1,35,P9254,13.09,1,False,False
EDGE302349,C77715,Customer,P7206,Product,VIEWED,2024-09-19 21:56:29,,Toys,New,0.734,$50-$100,NA,LA,None,False,7,28,P7206,52.22,1,False,False
EDGE302350,C66999,Customer,P5851,Product,PURCHASED,2024-03-04 14:59:08,ORD100415,Beauty,New,0.151,$100-$250,LATAM,GA,SpringSale,False,5,16,P5851,137.54,1,False,True
EDGE302351,C94127,Customer,P9487,Product,VIEWED,2025-06-10 11:54:11,,Books,Loyal,0.831,$100-$250,EU,MT,BackToSchool,False,5,37,P9487,246.87,1,False,False
EDGE302352,C22421,Customer,C95574,Customer,REFERRED_FRIEND,2024-04-30 21:23:31,,Home,Dormant,0.489,$50-$100,LATAM,VA,Holiday,False,3,27,P4377,73.01,1,False,False
EDGE302353,C58531,Customer,P3470,Product,VIEWED,2025-03-05 04:58:05,,Grocery,Active,0.18,$25-$50,NA,RI,BackToSchool,False,5,69,P3470,31.71,1,False,False
EDGE302354,C84455,Customer,P4864,Product,VIEWED,2024-10-15 14:14:24,,Home,Active,0.938,$100-$250,EU,AR,Holiday,False,3,54,P4864,139.22,1,False,False
EDGE302355,C40703,Customer,P1675,Product,PURCHASED,2024-07-20 01:00:28,ORD101819,Sports,AtRisk,0.298,$50-$100,NA,SD,Clearance,False,2,40,P1675,58.32,1,False,True
EDGE302356,P5931,Product,P2710,Product,ALSO_BOUGHT_WITH,2024-01-26 01:53:08,ORD101494,Grocery,New,0.775,$50-$100,LATAM,PA,Loyalty,False,3,43,P5931,50.93,2,False,False
EDGE302357,P1702,Product,P1826,Product,ALSO_BOUGHT_WITH,2024-08-22 06:35:00,ORD102315,Toys,Active,0.578,$25-$50,APAC,LA,NewArrivals,False,2,20,P1702,32.14,2,False,False
EDGE302358,C29187,Customer,P8256,Product,ADDED_TO_CART,2025-06-11 12:25:49,,Automotive,New,0.747,$50-$100,LATAM,UT,None,False,3,63,P8256,60.78,1,False,False
EDGE302359,C11160,Customer,C73744,Customer,REFERRED_FRIEND,2024-05-07 23:26:59,,Automotive,Active,0.338,$50-$100,APAC,KY,BackToSchool,True,6,54,P8233,71.19,1,False,False
EDGE302360,C27520,Customer,P5321,Product,ADDED_TO_CART,2024-07-13 12:25:29,,Automotive,New,0.122,$100-$250,APAC,OH,Loyalty,False,2,47,P5321,144.89,4,False,False
EDGE302361,C46144,Customer,P3875,Product,ADDED_TO_CART,2025-05-05 23:53:02,,Electronics,New,0.131,$25-$50,LATAM,MT,Holiday,False,3,18,P3875,33.48,2,False,False
EDGE302362,C28171,Customer,P6635,Product,RETURNS,2024-03-29 16:57:51,ORD101000,Pets,AtRisk,0.259,>$250,LATAM,MN,Loyalty,False,5,5,P6635,791.51,1,True,False
EDGE302363,C30329,Customer,P7505,Product,VIEWED,2025-03-30 06:18:23,,Electronics,Active,0.846,$100-$250,EU,CO,Holiday,False,4,71,P7505,199.53,1,False,False
EDGE302364,C44359,Customer,P3119,Product,ADDED_TO_CART,2024-09-07 06:24:22,,Automotive,Active,0.793,$25-$50,LATAM,NV,Loyalty,False,3,33,P3119,29.79,1,False,False
EDGE302365,C57541,Customer,P4549,Product,PURCHASED,2025-06-22 13:25:17,ORD101747,Apparel,Loyal,0.871,$100-$250,EU,HI,BackToSchool,False,1,89,P4549,233.72,1,False,True
EDGE302366,C32598,Customer,P4656,Product,RETURNS,2024-11-29 04:23:09,ORD100913,Automotive,Loyal,0.975,$25-$50,LATAM,SD,None,False,1,50,P4656,43.76,1,False,False
EDGE302367,C61098,Customer,P2060,Product,VIEWED,2024-02-01 08:36:52,,Books,Active,0.87,$100-$250,EU,IL,SpringSale,False,4,55,P2060,107.68,1,False,False
EDGE302368,C99908,Customer,P4325,Product,ADDED_TO_CART,2024-05-27 04:45:55,,Electronics,Active,0.666,$25-$50,LATAM,TN,None,False,1,48,P4325,40.07,1,False,False
EDGE302369,C33623,Customer,P3374,Product,ADDED_TO_CART,2025-03-01 18:55:05,,Beauty,New,0.285,>$250,APAC,TN,SpringSale,False,4,51,P3374,309.62,1,False,False
EDGE302370,P7974,Product,P8353,Product,ALSO_BOUGHT_WITH,2025-01-20 22:37:13,ORD102414,Toys,Loyal,0.129,$50-$100,NA,NV,BackToSchool,False,3,10,P7974,99.23,1,False,False
EDGE302371,C61177,Customer,P1536,Product,VIEWED,2025-02-07 00:46:47,,Beauty,New,0.727,$25-$50,NA,ME,SpringSale,False,2,67,P1536,34.16,1,False,False
EDGE302372,P5894,Product,P6441,Product,ALSO_BOUGHT_WITH,2024-05-20 12:05:49,ORD100447,Apparel,New,0.75,$25-$50,APAC,MO,NewArrivals,False,2,5,P5894,30.23,2,False,False
EDGE302373,P8656,Product,P6006,Product,ALSO_BOUGHT_WITH,2025-01-17 16:53:32,ORD101004,Sports,Active,0.607,<$25,LATAM,NH,Clearance,False,1,79,P8656,18.28,3,False,False
EDGE302374,C49866,Customer,P2382,Product,RETURNS,2024-05-08 02:29:17,ORD100746,Apparel,New,0.471,>$250,EU,NC,BackToSchool,False,6,80,P2382,358.19,1,False,False
EDGE302375,C56056,Customer,P7199,Product,VIEWED,2025-05-28 02:45:53,,Home,Active,0.316,$25-$50,APAC,TN,Clearance,False,4,20,P7199,29.16,2,False,False
EDGE302376,C71137,Customer,P6699,Product,ADDED_TO_CART,2024-07-04 14:33:20,,Toys,Active,0.732,$100-$250,APAC,NM,Clearance,False,6,10,P6699,111.85,3,False,False
EDGE302377,C16972,Customer,P4577,Product,ADDED_TO_CART,2025-03-07 03:33:30,,Grocery,New,0.522,>$250,NA,WY,None,False,4,52,P4577,643.75,2,False,False
EDGE302378,C73262,Customer,P9177,Product,ADDED_TO_CART,2025-01-20 03:34:15,,Grocery,Active,0.876,$25-$50,EU,ME,Loyalty,False,3,15,P9177,32.57,1,False,False
EDGE302379,C92240,Customer,C12544,Customer,REFERRED_FRIEND,2024-09-08 04:17:30,,Pets,AtRisk,0.325,<$25,LATAM,ND,Holiday,False,4,51,P3159,21.22,1,False,False
EDGE302380,C11679,Customer,C22043,Customer,REFERRED_FRIEND,2024-09-23 10:54:50,,Toys,AtRisk,0.83,$100-$250,APAC,CO,NewArrivals,False,4,27,P8404,161.78,4,False,False
EDGE302381,C72593,Customer,C75358,Customer,REFERRED_FRIEND,2024-07-25 23:59:28,,Electronics,Active,0.74,$25-$50,NA,WI,Clearance,False,4,74,P7640,43.98,3,False,False
EDGE302382,C84754,Customer,P9566,Product,VIEWED,2024-07-18 16:52:59,,Toys,New,0.787,$100-$250,LATAM,IN,Clearance,False,3,5,P9566,155.69,1,False,False
EDGE302383,C54430,Customer,P6407,Product,RETURNS,2025-02-16 21:25:06,ORD100508,Automotive,Loyal,0.141,$100-$250,LATAM,CT,Clearance,False,3,89,P6407,220.31,1,False,False
EDGE302384,C38052,Customer,P6113,Product,ADDED_TO_CART,2024-09-22 18:21:19,,Automotive,New,0.322,$25-$50,NA,GA,BackToSchool,False,4,58,P6113,25.79,1,False,False
EDGE302385,C35584,Customer,P8855,Product,RETURNS,2024-02-24 10:00:49,ORD100758,Books,New,0.815,$25-$50,EU,DC,Holiday,False,2,42,P8855,46.63,1,False,False
EDGE302386,P9046,Product,P4698,Product,ALSO_BOUGHT_WITH,2025-01-16 21:53:37,ORD101142,Apparel,AtRisk,0.236,$100-$250,EU,WA,Clearance,False,4,77,P9046,116.64,1,False,False
EDGE302387,C53382,Customer,C61494,Customer,REFERRED_FRIEND,2024-04-20 15:02:09,,Beauty,Loyal,0.442,<$25,EU,ND,BackToSchool,False,1,70,P9947,13.1,1,False,False
EDGE302388,C54253,Customer,P1387,Product,PURCHASED,2025-01-09 09:38:30,ORD101819,Toys,Loyal,0.368,$50-$100,APAC,IN,NewArrivals,False,6,78,P1387,76.29,1,False,True
EDGE302389,C79872,Customer,P7829,Product,VIEWED,2024-04-26 05:55:19,,Apparel,Active,0.111,<$25,NA,AZ,None,False,5,88,P7829,13.58,1,False,False
EDGE302390,C87414,Customer,C48407,Customer,REFERRED_FRIEND,2024-11-14 05:38:01,,Apparel,New,0.311,$50-$100,LATAM,KY,BackToSchool,True,3,62,P6744,67.88,1,False,False
EDGE302391,C94914,Customer,P2094,Product,ADDED_TO_CART,2024-05-29 15:43:42,,Electronics,Active,0.656,$100-$250,LATAM,CT,None,False,5,72,P2094,102.05,1,False,False
EDGE302392,C43286,Customer,P1986,Product,PURCHASED,2024-09-25 19:29:45,ORD100113,Home,Loyal,0.484,$100-$250,APAC,CA,NewArrivals,False,4,34,P1986,127.22,1,True,False
EDGE302393,P8884,Product,P2479,Product,ALSO_BOUGHT_WITH,2024-04-16 18:07:24,ORD100981,Beauty,Loyal,0.914,$100-$250,LATAM,MS,Loyalty,False,0,46,P8884,106.82,2,False,False
EDGE302394,P7040,Product,P2238,Product,ALSO_BOUGHT_WITH,2024-10-26 03:31:22,ORD101508,Beauty,Loyal,0.316,$25-$50,NA,MO,SpringSale,False,2,41,P7040,43.52,1,False,False
EDGE302395,C79965,Customer,C74987,Customer,REFERRED_FRIEND,2024-02-29 04:39:39,,Beauty,Active,0.168,$50-$100,EU,CA,Clearance,False,5,70,P9292,93.17,1,False,False
EDGE302396,C62544,Customer,C64344,Customer,REFERRED_FRIEND,2024-11-12 05:48:22,,Pets,Active,0.71,$25-$50,EU,DE,BackToSchool,False,1,47,P1398,26.48,1,False,False
EDGE302397,C19609,Customer,P2249,Product,ADDED_TO_CART,2025-01-23 13:36:55,,Sports,Loyal,0.932,$100-$250,APAC,HI,BackToSchool,False,1,85,P2249,202.64,1,False,False
EDGE302398,C83285,Customer,P1221,Product,PURCHASED,2024-01-05 03:52:11,ORD100300,Home,New,0.577,$50-$100,LATAM,DE,BackToSchool,False,1,91,P1221,78.03,2,False,True
EDGE302399,C71318,Customer,C48450,Customer,REFERRED_FRIEND,2025-02-14 19:20:58,,Toys,AtRisk,0.997,$50-$100,LATAM,AR,Loyalty,False,5,45,P7896,78.85,2,False,False
EDGE302400,C43422,Customer,P6945,Product,VIEWED,2025-04-30 02:46:13,,Electronics,New,0.304,$25-$50,APAC,ND,SpringSale,False,2,34,P6945,47.64,1,False,False
EDGE302401,C91187,Customer,P4716,Product,PURCHASED,2024-10-09 19:34:37,ORD100894,Automotive,Active,0.901,$25-$50,LATAM,CA,BackToSchool,False,4,40,P4716,49.95,1,False,True
EDGE302402,C97171,Customer,P5178,Product,VIEWED,2024-09-10 10:54:11,,Apparel,Loyal,0.907,$100-$250,NA,AK,Clearance,False,1,27,P5178,153.54,1,False,False
EDGE302403,C40232,Customer,P2053,Product,VIEWED,2024-04-27 14:23:54,,Electronics,Active,0.102,>$250,LATAM,GA,BackToSchool,False,7,58,P2053,504.22,1,False,False
EDGE302404,C93207,Customer,P4602,Product,RETURNS,2024-11-01 08:55:01,ORD100745,Apparel,Loyal,0.168,$50-$100,APAC,SD,NewArrivals,False,3,62,P4602,96.4,1,False,False
EDGE302405,C47234,Customer,P7322,Product,VIEWED,2024-01-03 08:24:02,,Toys,New,0.393,$100-$250,LATAM,DE,Loyalty,False,2,5,P7322,175.52,1,False,False
EDGE302406,C69554,Customer,P6960,Product,RETURNS,2024-03-08 19:28:48,ORD100311,Apparel,Active,0.896,>$250,EU,WI,BackToSchool,False,4,92,P6960,391.3,3,True,False
EDGE302407,C91091,Customer,C16230,Customer,REFERRED_FRIEND,2024-11-20 22:19:38,,Automotive,Active,0.478,>$250,NA,RI,Clearance,False,3,27,P4627,256.16,1,False,False
EDGE302408,C83059,Customer,P7256,Product,VIEWED,2024-12-17 09:43:23,,Automotive,AtRisk,0.997,$100-$250,LATAM,WY,Loyalty,False,6,44,P7256,126.92,2,False,False
EDGE302409,C55702,Customer,P4587,Product,VIEWED,2024-04-20 17:22:00,,Books,Active,0.398,$25-$50,APAC,MO,SpringSale,False,2,38,P4587,42.48,1,False,False
EDGE302410,C75650,Customer,P9514,Product,PURCHASED,2025-04-25 22:49:54,ORD102136,Toys,AtRisk,0.149,$25-$50,EU,IA,NewArrivals,False,3,68,P9514,47.61,1,False,True
EDGE302411,C44157,Customer,P9569,Product,VIEWED,2024-02-11 18:05:23,,Apparel,AtRisk,0.564,>$250,APAC,NM,None,False,4,56,P9569,283.26,1,False,False
EDGE302412,C67314,Customer,P9104,Product,PURCHASED,2024-09-23 03:45:32,ORD100042,Sports,Active,0.522,>$250,NA,MA,Holiday,False,4,121,P9104,371.8,4,False,False
EDGE302413,C92024,Customer,P4976,Product,PURCHASED,2024-07-16 12:59:06,ORD101849,Toys,AtRisk,0.475,>$250,NA,AZ,None,False,3,55,P4976,311.09,1,True,True
EDGE302414,C52221,Customer,P3053,Product,VIEWED,2024-09-14 07:08:16,,Sports,New,0.444,$50-$100,LATAM,SD,NewArrivals,False,4,42,P3053,58.37,1,False,False
EDGE302415,C83925,Customer,P5385,Product,VIEWED,2024-02-11 14:42:26,,Toys,AtRisk,0.739,$25-$50,NA,MI,SpringSale,False,3,61,P5385,42.28,2,False,False
EDGE302416,C67411,Customer,P7738,Product,PURCHASED,2024-02-12 20:44:25,ORD101402,Pets,Active,0.511,>$250,NA,TX,None,False,1,50,P7738,253.84,1,False,True
EDGE302417,C49075,Customer,P1624,Product,VIEWED,2024-12-25 15:21:56,,Grocery,Dormant,0.357,<$25,LATAM,WV,NewArrivals,False,4,89,P1624,23.9,1,False,False
EDGE302418,C85656,Customer,P9935,Product,ADDED_TO_CART,2025-05-09 21:27:48,,Automotive,New,0.679,$50-$100,LATAM,IL,Holiday,False,4,33,P9935,57.57,1,False,False
EDGE302419,C82463,Customer,P7734,Product,PURCHASED,2025-04-12 09:35:18,ORD100033,Home,New,0.993,$50-$100,EU,UT,Loyalty,False,2,81,P7734,71.27,1,False,True
EDGE302420,C26844,Customer,P1860,Product,VIEWED,2024-06-10 00:19:54,,Home,AtRisk,0.285,$50-$100,NA,FL,BackToSchool,False,2,31,P1860,90.27,1,False,False
EDGE302421,C28513,Customer,P8054,Product,ADDED_TO_CART,2024-08-22 15:57:28,,Toys,AtRisk,0.727,$50-$100,APAC,WI,NewArrivals,False,4,70,P8054,56.34,2,False,False
EDGE302422,C27532,Customer,P3087,Product,VIEWED,2024-06-19 03:28:53,,Sports,AtRisk,0.455,$50-$100,NA,TN,Loyalty,False,4,5,P3087,65.95,1,False,False
EDGE302423,C64367,Customer,P8783,Product,VIEWED,2025-02-11 11:08:21,,Beauty,AtRisk,0.41,$25-$50,APAC,AK,None,False,2,44,P8783,25.24,1,False,False
EDGE302424,P2699,Product,P8375,Product,ALSO_BOUGHT_WITH,2025-04-16 11:41:41,ORD101310,Beauty,Active,0.673,$50-$100,NA,MA,NewArrivals,False,2,61,P2699,79.13,1,False,False
EDGE302425,C87637,Customer,P4298,Product,PURCHASED,2024-01-10 00:27:30,ORD102294,Grocery,Loyal,0.45,<$25,LATAM,RI,Loyalty,False,4,5,P4298,11.63,1,False,True
EDGE302426,C81906,Customer,P7130,Product,PURCHASED,2025-01-12 00:56:14,ORD100500,Books,Active,0.892,<$25,LATAM,VT,BackToSchool,False,4,14,P7130,23.88,2,False,False
EDGE302427,C29733,Customer,P1417,Product,ADDED_TO_CART,2024-05-29 09:35:38,,Automotive,New,0.272,$25-$50,LATAM,IL,BackToSchool,False,5,52,P1417,48.04,3,False,False
EDGE302428,C78050,Customer,P8338,Product,ADDED_TO_CART,2024-10-19 09:45:48,,Books,New,0.864,$25-$50,NA,WY,None,False,3,72,P8338,28.67,1,False,False
EDGE302429,C87211,Customer,P2260,Product,PURCHASED,2024-04-20 08:22:26,ORD100659,Books,New,0.922,$50-$100,LATAM,CO,Holiday,False,3,32,P2260,61.37,1,False,True
EDGE302430,C77683,Customer,P1198,Product,VIEWED,2024-02-21 13:30:03,,Sports,Loyal,0.652,$100-$250,EU,KS,NewArrivals,False,6,34,P1198,186.39,2,False,False
EDGE302431,C43050,Customer,C67002,Customer,REFERRED_FRIEND,2024-04-17 21:20:25,,Apparel,Active,0.637,$50-$100,APAC,IN,Holiday,False,3,55,P5416,78.35,1,False,False
EDGE302432,C27603,Customer,P3047,Product,VIEWED,2024-09-11 01:38:39,,Automotive,AtRisk,0.74,$50-$100,NA,WV,BackToSchool,False,2,122,P3047,70.05,1,False,False
EDGE302433,C73702,Customer,P4607,Product,ADDED_TO_CART,2025-04-22 10:22:44,,Grocery,Loyal,0.394,$25-$50,NA,DC,Holiday,False,4,6,P4607,41.76,1,False,False
EDGE302434,P3205,Product,P3036,Product,ALSO_BOUGHT_WITH,2024-12-09 05:00:54,ORD101608,Books,Active,0.939,$50-$100,EU,KY,Clearance,False,3,29,P3205,94.19,2,False,False
EDGE302435,C88441,Customer,P5490,Product,RETURNS,2024-07-27 22:24:56,ORD100857,Pets,New,0.928,>$250,EU,IL,NewArrivals,False,4,28,P5490,381.02,1,True,False
EDGE302436,C38517,Customer,P6631,Product,VIEWED,2025-06-21 19:45:07,,Sports,New,0.329,>$250,NA,CO,Loyalty,False,2,56,P6631,930.93,1,False,False
EDGE302437,P9075,Product,P1379,Product,ALSO_BOUGHT_WITH,2024-08-30 23:46:43,ORD102083,Pets,Active,0.962,$25-$50,LATAM,DC,NewArrivals,False,3,49,P9075,33.56,1,False,False
EDGE302438,P7064,Product,P1161,Product,ALSO_BOUGHT_WITH,2024-10-16 08:55:32,ORD102409,Apparel,Loyal,0.645,>$250,APAC,DC,Clearance,False,1,43,P7064,398.09,1,False,False
EDGE302439,C44065,Customer,P1740,Product,PURCHASED,2024-09-03 17:38:26,ORD102462,Sports,Loyal,0.444,>$250,APAC,AL,BackToSchool,False,6,50,P1740,260.64,1,True,True
EDGE302440,C70631,Customer,P9575,Product,VIEWED,2025-04-26 14:20:58,,Automotive,Loyal,0.166,>$250,APAC,LA,Holiday,False,3,26,P9575,375.6,1,False,False
EDGE302441,C35628,Customer,P2322,Product,PURCHASED,2024-04-12 05:46:01,ORD101741,Pets,Active,0.516,<$25,LATAM,WY,Loyalty,False,2,92,P2322,10.74,1,False,False
EDGE302442,C64262,Customer,P1060,Product,PURCHASED,2025-05-10 11:49:07,ORD100376,Pets,Loyal,0.291,>$250,APAC,MD,None,False,3,51,P1060,252.96,3,False,True
EDGE302443,C35927,Customer,P1656,Product,VIEWED,2024-11-24 03:07:12,,Books,Active,0.715,$100-$250,LATAM,SC,None,False,2,40,P1656,176.03,1,False,False
EDGE302444,C27309,Customer,P5594,Product,PURCHASED,2025-01-03 20:30:08,ORD101434,Toys,AtRisk,0.38,$50-$100,EU,MA,Clearance,False,0,5,P5594,56.51,1,False,True
EDGE302445,C90079,Customer,P9797,Product,VIEWED,2024-03-03 22:51:02,,Beauty,Active,0.386,$25-$50,LATAM,WY,None,False,3,40,P9797,29.67,1,False,False
EDGE302446,C23233,Customer,P6565,Product,PURCHASED,2025-06-14 19:48:45,ORD102324,Pets,New,0.369,$25-$50,NA,ND,Holiday,False,2,80,P6565,46.36,1,False,True
EDGE302447,C68358,Customer,P4714,Product,ADDED_TO_CART,2024-07-04 20:17:45,,Automotive,Active,0.601,<$25,APAC,NV,None,False,0,48,P4714,12.61,2,False,False
EDGE302448,C20069,Customer,P6115,Product,PURCHASED,2024-12-18 15:35:49,ORD101261,Books,Active,0.863,$100-$250,LATAM,IN,BackToSchool,False,1,28,P6115,168.91,1,False,True
EDGE302449,C93407,Customer,P2738,Product,ADDED_TO_CART,2024-08-10 06:31:42,,Home,Active,0.722,>$250,EU,HI,None,False,3,33,P2738,978.01,1,False,False
EDGE302450,C93962,Customer,C97789,Customer,REFERRED_FRIEND,2025-06-13 17:27:33,,Sports,New,0.289,$100-$250,EU,OK,Clearance,False,9,58,P5297,119.97,1,False,False
EDGE302451,C33662,Customer,C97014,Customer,REFERRED_FRIEND,2024-11-30 01:48:18,,Automotive,New,0.465,>$250,NA,IL,NewArrivals,False,2,44,P4944,848.89,1,False,False
EDGE302452,C37062,Customer,P2318,Product,RETURNS,2024-11-24 17:04:55,ORD101118,Toys,AtRisk,0.468,$50-$100,EU,VA,BackToSchool,False,3,106,P2318,78.4,2,True,False
EDGE302453,C82569,Customer,P8188,Product,VIEWED,2024-08-10 02:37:18,,Books,New,0.661,>$250,APAC,PA,Clearance,False,1,92,P8188,389.85,2,False,False
EDGE302454,P4613,Product,P8214,Product,ALSO_BOUGHT_WITH,2025-03-19 07:08:21,ORD100773,Electronics,Active,0.143,$100-$250,LATAM,TN,Holiday,False,3,64,P4613,226.21,3,False,False
EDGE302455,C52959,Customer,P4068,Product,ADDED_TO_CART,2025-02-02 23:18:17,,Books,Loyal,0.713,>$250,EU,AZ,NewArrivals,False,0,40,P4068,287.84,1,False,False
EDGE302456,C82466,Customer,P3358,Product,RETURNS,2024-12-25 23:38:39,ORD100253,Home,New,0.757,$50-$100,LATAM,AL,NewArrivals,False,2,33,P3358,65.91,2,True,False
EDGE302457,C50827,Customer,P9796,Product,VIEWED,2024-09-27 18:35:39,,Apparel,New,0.338,$25-$50,LATAM,IN,BackToSchool,False,3,35,P9796,37.35,1,False,False
EDGE302458,C88765,Customer,P9697,Product,PURCHASED,2024-10-23 21:04:10,ORD102106,Apparel,Active,0.734,<$25,NA,MO,BackToSchool,False,4,31,P9697,12.49,1,True,True
EDGE302459,C68628,Customer,P7174,Product,VIEWED,2025-06-20 08:01:42,,Electronics,Active,0.577,$25-$50,EU,NV,Holiday,False,3,52,P7174,32.97,1,False,False
EDGE302460,P3665,Product,P9642,Product,ALSO_BOUGHT_WITH,2024-04-21 12:44:15,ORD101251,Pets,New,0.253,$25-$50,APAC,NJ,Holiday,False,6,31,P3665,34.44,1,False,False
EDGE302461,C88658,Customer,P7307,Product,VIEWED,2025-04-30 22:34:01,,Automotive,AtRisk,0.463,$25-$50,EU,AR,NewArrivals,False,2,55,P7307,33.92,3,False,False
EDGE302462,C17553,Customer,P4087,Product,VIEWED,2025-05-15 17:52:33,,Grocery,New,0.135,$50-$100,EU,NJ,None,False,2,39,P4087,55.61,2,False,False
EDGE302463,C45427,Customer,P8416,Product,VIEWED,2024-01-10 08:56:28,,Home,AtRisk,0.375,$50-$100,APAC,OK,NewArrivals,False,2,49,P8416,59.36,1,False,False
EDGE302464,C32803,Customer,P3731,Product,VIEWED,2025-05-06 07:19:16,,Electronics,Active,0.33,$25-$50,LATAM,AK,BackToSchool,False,4,21,P3731,47.22,1,False,False
EDGE302465,C18316,Customer,P2626,Product,ADDED_TO_CART,2024-08-20 08:42:02,,Home,New,0.48,$25-$50,NA,NV,SpringSale,False,1,53,P2626,45.23,1,False,False
EDGE302466,P9495,Product,P8140,Product,ALSO_BOUGHT_WITH,2024-07-20 03:40:58,ORD100921,Beauty,Active,0.786,$100-$250,EU,TN,Clearance,False,3,39,P9495,222.44,1,False,False
EDGE302467,C31496,Customer,P2864,Product,VIEWED,2025-03-25 11:16:50,,Sports,Loyal,0.621,>$250,EU,VT,None,False,5,86,P2864,363.06,1,False,False
EDGE302468,C64200,Customer,C29143,Customer,REFERRED_FRIEND,2024-09-10 12:20:54,,Toys,Active,0.237,<$25,NA,AK,BackToSchool,False,1,49,P7306,18.14,3,False,False
EDGE302469,P6743,Product,P8763,Product,ALSO_BOUGHT_WITH,2024-01-01 12:31:32,ORD101704,Toys,Active,0.907,$25-$50,NA,DE,BackToSchool,False,3,41,P6743,48.08,1,False,False
EDGE302470,C28106,Customer,P2247,Product,VIEWED,2024-09-12 23:07:39,,Beauty,Active,0.586,$50-$100,NA,WV,Loyalty,False,4,13,P2247,75.37,1,False,False
EDGE302471,C33372,Customer,P9246,Product,VIEWED,2025-01-24 08:29:09,,Apparel,Loyal,0.737,<$25,APAC,VA,BackToSchool,False,1,58,P9246,18.99,2,False,False
EDGE302472,C82454,Customer,P6159,Product,VIEWED,2024-06-04 17:23:59,,Grocery,Loyal,0.249,$50-$100,APAC,ND,SpringSale,False,4,50,P6159,74.21,3,False,False
EDGE302473,C92415,Customer,P6430,Product,VIEWED,2024-11-20 14:50:23,,Grocery,New,0.275,<$25,APAC,VT,None,False,1,31,P6430,17.86,1,False,False
EDGE302474,C49777,Customer,P9832,Product,ADDED_TO_CART,2025-04-17 22:43:25,,Pets,AtRisk,0.864,>$250,NA,UT,None,False,1,5,P9832,292.8,1,False,False
EDGE302475,P1609,Product,P6326,Product,ALSO_BOUGHT_WITH,2025-06-24 12:55:30,ORD102325,Automotive,Loyal,0.262,$50-$100,EU,NH,Clearance,False,1,70,P1609,76.16,1,False,False
EDGE302476,C37170,Customer,P9621,Product,RETURNS,2024-12-22 04:03:11,ORD100306,Books,Active,0.407,<$25,EU,MS,Clearance,False,2,60,P9621,16.57,2,False,False
EDGE302477,C31736,Customer,P7170,Product,ADDED_TO_CART,2024-08-24 20:00:50,,Sports,Loyal,0.443,$50-$100,NA,IN,Holiday,False,1,56,P7170,55.18,3,False,False
EDGE302478,C73088,Customer,P2363,Product,VIEWED,2024-02-25 22:30:42,,Sports,Loyal,0.221,$50-$100,NA,IL,None,False,2,18,P2363,67.02,1,False,False
EDGE302479,P9589,Product,P5573,Product,ALSO_BOUGHT_WITH,2024-05-26 13:57:01,ORD101206,Beauty,Active,0.399,$50-$100,LATAM,SC,Holiday,False,2,86,P9589,64.19,1,False,False
EDGE302480,C15442,Customer,P5032,Product,PURCHASED,2024-10-05 01:35:02,ORD100247,Toys,Loyal,0.74,$25-$50,APAC,LA,Clearance,False,2,42,P5032,39.32,1,False,True
EDGE302481,C44173,Customer,P6225,Product,PURCHASED,2024-05-22 02:32:04,ORD102314,Electronics,Active,0.257,$100-$250,LATAM,WV,Loyalty,False,3,51,P6225,233.21,2,True,True
EDGE302482,C18783,Customer,P1416,Product,VIEWED,2024-07-19 02:24:05,,Electronics,Loyal,0.345,<$25,NA,NJ,BackToSchool,False,6,26,P1416,23.62,1,False,False
EDGE302483,P2797,Product,P6987,Product,ALSO_BOUGHT_WITH,2025-04-09 20:36:08,ORD100558,Electronics,Loyal,0.697,$50-$100,NA,LA,SpringSale,False,3,38,P2797,68.94,1,False,False
EDGE302484,C32137,Customer,P2205,Product,ADDED_TO_CART,2024-09-24 18:11:51,,Sports,Active,0.417,$100-$250,EU,NC,Loyalty,False,3,13,P2205,167.56,1,False,False
EDGE302485,C18727,Customer,P2299,Product,ADDED_TO_CART,2024-07-22 09:06:02,,Home,New,0.961,$25-$50,APAC,CT,SpringSale,False,2,56,P2299,28.15,2,False,False
EDGE302486,C41966,Customer,P2480,Product,PURCHASED,2024-09-15 23:34:07,ORD100019,Home,Active,0.1,>$250,NA,GA,SpringSale,False,3,76,P2480,586.27,2,True,True
EDGE302487,C63861,Customer,P8745,Product,PURCHASED,2024-05-13 11:50:10,ORD100454,Grocery,Active,0.555,<$25,APAC,FL,Loyalty,False,2,26,P8745,15.24,2,False,True
EDGE302488,P4898,Product,P7297,Product,ALSO_BOUGHT_WITH,2024-02-26 23:29:36,ORD101720,Toys,Active,0.758,$25-$50,EU,ID,NewArrivals,False,1,49,P4898,48.39,1,False,False
EDGE302489,C97102,Customer,P9372,Product,VIEWED,2024-08-04 19:34:01,,Sports,Loyal,0.646,>$250,NA,IA,SpringSale,False,3,5,P9372,320.47,3,False,False
EDGE302490,C71797,Customer,P5045,Product,VIEWED,2024-06-05 06:39:28,,Home,Dormant,0.794,$50-$100,APAC,DE,Holiday,False,5,21,P5045,57.91,1,False,False
EDGE302491,C29273,Customer,C31017,Customer,REFERRED_FRIEND,2024-09-30 00:57:38,,Beauty,Active,0.845,$50-$100,LATAM,RI,Loyalty,False,7,47,P2452,79.52,3,False,False
EDGE302492,C15856,Customer,P2133,Product,VIEWED,2025-03-06 02:15:10,,Sports,New,0.34,$50-$100,LATAM,UT,Loyalty,False,6,32,P2133,73.85,3,False,False
EDGE302493,C26362,Customer,P1358,Product,ADDED_TO_CART,2024-05-11 02:09:22,,Beauty,Active,0.589,$25-$50,EU,AZ,BackToSchool,False,5,77,P1358,48.14,1,False,False
EDGE302494,C44543,Customer,P8383,Product,VIEWED,2024-03-06 18:44:00,,Sports,AtRisk,0.609,>$250,LATAM,MA,Clearance,False,3,56,P8383,275.79,1,False,False
EDGE302495,P2953,Product,P8836,Product,ALSO_BOUGHT_WITH,2024-03-24 04:55:46,ORD100697,Apparel,New,0.212,$50-$100,NA,OH,Loyalty,False,1,42,P2953,99.93,1,False,False
EDGE302496,C36318,Customer,P7882,Product,VIEWED,2024-09-12 06:55:43,,Toys,Active,0.858,>$250,APAC,WI,Loyalty,False,3,59,P7882,630.61,2,False,False
EDGE302497,C54023,Customer,P6254,Product,PURCHASED,2025-03-22 14:19:23,ORD100873,Grocery,Active,0.677,$25-$50,LATAM,NV,SpringSale,False,4,27,P6254,36.77,1,False,True
EDGE302498,C11986,Customer,P8946,Product,RETURNS,2025-04-15 10:45:09,ORD101864,Sports,AtRisk,0.184,$50-$100,LATAM,VA,NewArrivals,False,3,31,P8946,64.26,2,False,False
EDGE302499,C43672,Customer,P3637,Product,VIEWED,2025-06-28 01:23:37,,Home,New,0.828,$50-$100,EU,WI,Loyalty,False,2,37,P3637,54.37,1,False,False
